url,precio,precio_valor,precio_moneda,mantenimiento_valor,caracteristicas,m2_totales,m2_construidos,recamaras,banos,estacionamientos,antiguedad,direccion,ubicacion,descripcion,amenidades,lat,lng,scraped_created_at,scraped_updated_at
https://propiedades.com/inmuebles/casa-en-venta-lomas-600-dos-lomas-veracruz-31263179,"MXN 905,500",905500.0,MXN,0.0,62 m² const. | 2 rec. | 11 baños,67.0,62.0,2,11,1,A estrenar,Lomas #600,"Dos Lomas, Veracruz, Veracruz de Ignacio de la Llave","Lomas #600, Col. Dos Lomas C.P. 91697, Veracruz",,19.1462309,-96.2389221,2026-06-15T19:50:34.041963,2026-06-27T14:42:48.434014
https://propiedades.com/inmuebles/casa-en-venta-palma-real-600-palma-real-veracruz-31346615,"MXN 665,000",665000.0,MXN,0.0,40 m² const. | 1 rec. | 2 baños | 1 estac.,67.0,40.0,1,2,1,A estrenar,Palma Real #600,"Palma Real, Veracruz, Veracruz de Ignacio de la Llave","Palma Real #600, Col. Palma Real C.P. 91826, Veracruz",,19.1957054,-96.1847084,2026-06-15T19:50:34.044471,2026-06-27T14:42:48.434018
https://propiedades.com/inmuebles/casa-en-venta-valente-diaz-2-lomas-numero-100-fracc-la-querencia-residencial-91697-veracruz-ver-libertad-veracruz-29709048,"MXN 1,172,000",1172000.0,MXN,0.0,75 m² const. | 2 rec. | 1 baños | 1 estac.,75.0,75.0,2,1,1,1 años,Valente Díaz - 2 Lomas número 100,"Libertad, Veracruz, Veracruz de Ignacio de la Llave","Valente Díaz - 2 Lomas número 100, Fracc. La Querencia Residencial, 91697 Veracruz, Ver., Col. Libertad C.P. 91697, Veracruz",Alberca | Seguridad privada,19.1897483,-96.1524232,2026-06-15T19:50:34.046873,2026-06-27T14:42:48.433977
https://propiedades.com/inmuebles/casa-en-venta-eje-sur-2no-149-articulo-123-91947-veracruz-ver-2-articulo-123-veracruz-30961995,"MXN 2,500,000",2500000.0,MXN,0.0,350 m² const. | 3 rec. | 3 baños,380.0,350.0,3,3,2,1 años,Eje Sur 2-no. 149,"Articulo 123, Veracruz, Veracruz de Ignacio de la Llave","Eje Sur 2-no. 149, Artículo 123, 91947 Veracruz, Ver. #2, Col. Articulo 123 C.P. 91947, Veracruz",,19.1478666,-96.1412471,2026-06-15T19:50:34.048510,2026-06-27T14:45:18.920157
https://propiedades.com/inmuebles/casa-en-venta-av-cristobal-de-olid-527-reforma-veracruz-29481197,"MXN 4,800,000",4800000.0,MXN,0.0,309 m² const. | 4 rec. | 4 baños,187.0,309.0,4,4,2,46 años,Av. Cristóbal de Olid  #527,"Reforma, Veracruz, Veracruz de Ignacio de la Llave","Av. Cristóbal de Olid  #527, Col. Reforma C.P. 91919, Veracruz",Cisterna | Gimnasio,19.1707806,-96.1248675,2026-06-15T19:50:34.050034,2026-06-27T14:42:48.434010
https://propiedades.com/inmuebles/casa-en-venta-juan-barragan-634-ricardo-flores-magon-veracruz-30153289,"MXN 2,499,000",2499000.0,MXN,0.0,188 m² const. | 5 rec. | 2 baños,81.0,188.0,5,2,0,1 año en Propiedades.com,Juan Barragan  #634,"Ricardo Flores Magón, Veracruz, Veracruz de Ignacio de la Llave","Juan Barragan  #634, Col. Ricardo Flores Magón C.P. 91900, Veracruz",Seguridad privada | Aire acondicionado | Terraza,19.1914151,-96.1275175,2026-06-15T19:50:34.050953,2026-07-29T21:25:02.111577
https://propiedades.com/inmuebles/casa-en-venta-valente-diaz-2-lomas-numero-100-fracc-la-querencia-residencial-91697-veracruz-ver-libertad-veracruz-29709049,"MXN 1,509,600",1509600.0,MXN,0.0,90 m² const. | 3 rec. | 3 baños | 1 estac.,90.0,90.0,3,3,1,1 años,Valente Díaz - 2 Lomas número 100,"Libertad, Veracruz, Veracruz de Ignacio de la Llave","Valente Díaz - 2 Lomas número 100, Fracc. La Querencia Residencial, 91697 Veracruz, Ver., Col. Libertad C.P. 91697, Veracruz",Alberca | Seguridad privada,19.1897483,-96.1524232,2026-06-15T19:50:34.051794,2026-06-27T14:42:48.433995
https://propiedades.com/inmuebles/casa-en-venta-av-puerta-paraiso-sn-91775-veracruz-ver-banaterra-veracruz-29708268,"MXN 1,500,000",1500000.0,MXN,0.0,71 m² const. | 3 rec. | 1 baños | 1 estac.,71.0,71.0,3,1,1,1 años,Av. Puerta Paraiso s/n,"Banaterra, Veracruz, Veracruz de Ignacio de la Llave","Av. Puerta Paraiso s/n, 91775 Veracruz, Ver., Col. Banaterra C.P. 91775, Veracruz",,19.1902778,-96.1533333,2026-06-15T19:50:34.052771,2026-06-27T14:42:48.434007
https://propiedades.com/inmuebles/casa-en-venta-calle-barandillas-mzn-1-lt1-fracc-privanzas-carretera-a-2-lomas-col-tejeria-veracruz-tejeria-veracruz-30334080,"MXN 830,000",830000.0,MXN,0.0,59 m² const. | 2 rec. | 1 baños | 1 estac.,59.0,59.0,2,1,1,1 años,Calle Barandillas,"Tejería, Veracruz, Veracruz de Ignacio de la Llave","Calle Barandillas, Mzn. 1 Lt.1, Fracc. Privanzas, Carretera A 2 Lomas, Col. Tejería, Veracruz, Col. Tejería C.P. 91697, Veracruz",Alberca | Seguridad privada,20.441184,-97.3269982,2026-06-15T19:50:34.054223,2026-06-27T14:42:48.434032
https://propiedades.com/inmuebles/casa-en-venta-calle-barandillas-mzn-1-lt1-fracc-privanzas-carretera-a-2-lomas-col-tejeria-veracruz-tejeria-veracruz-30334081,"MXN 890,000",890000.0,MXN,0.0,59 m² const. | 2 rec. | 1 baños | 1 estac.,59.0,59.0,2,1,1,1 años,Calle Barandillas,"Tejería, Veracruz, Veracruz de Ignacio de la Llave","Calle Barandillas, Mzn. 1 Lt.1, Fracc. Privanzas, Carretera A 2 Lomas, Col. Tejería, Veracruz, Col. Tejería C.P. 91697, Veracruz",Alberca,20.441184,-97.3269982,2026-06-15T19:50:34.055778,2026-06-27T14:42:48.434021
https://www.propiedades.com/inmuebles/casa-en-venta-sin-nombre-de-calle-tejeria-veracruz-30938988,"MXN 1,200,000",1200000.0,MXN,0.0,91 m² const. | 2 rec. | 3 baños | 1 estac.,67.0,91.0,2,3,1,A estrenar,Sin nombre de calle,"Tejería, Veracruz, Veracruz de Ignacio de la Llave","Sin nombre de calle, Col. Tejería C.P. 91697, Veracruz",Seguridad privada,20.441184,-97.3269982,2026-06-15T19:50:34.056971,2026-07-29T21:25:02.111587
https://propiedades.com/inmuebles/casa-en-venta-16-de-septiembre-45-tarimoya-91855-veracruz-ver-ejido-tarimoya-veracruz-31084940,"MXN 395,000",395000.0,MXN,0.0,60 m² const. | 1 rec. | 1 baños,70.0,60.0,1,1,0,2 meses en Propiedades.com,16 de Septiembre 45,"Ejido Tarimoya, Veracruz, Veracruz de Ignacio de la Llave","16 de Septiembre 45, Tarimoya, 91855 Veracruz, Ver., Col. Ejido Tarimoya C.P. 91855, Veracruz",,19.1954867,-96.1784926,2026-06-15T19:50:34.058100,2026-06-27T14:42:48.434036
https://propiedades.com/inmuebles/casa-en-venta-av-constituyentes-ortiz-rubio-veracruz-ver-pascual-ortiz-rubio-veracruz-31386653,"MXN 2,300,000",2300000.0,MXN,0.0,250 m² const. | 3 rec. | 2 baños,200.0,250.0,3,2,1,18 años,Av Constituyentes,"Pascual Ortiz Rubio, Veracruz, Veracruz de Ignacio de la Llave","Av Constituyentes, Ortiz Rubio, Veracruz, Ver., Col. Pascual Ortiz Rubio C.P. 91750, Veracruz",Aire acondicionado | Cisterna,19.1761871,-96.1404072,2026-06-15T19:50:34.059314,2026-06-27T14:42:48.434038
https://www.propiedades.com/inmuebles/casa-en-venta-sin-nombre-de-calle-quinta-maria-veracruz-31400098,"MXN 1,230,000",1230000.0,MXN,0.0,121 m² const. | 2 rec. | 3 baños | 1 estac.,108.0,121.0,2,3,1,A estrenar,Sin nombre de calle,"Quinta María, Veracruz, Veracruz de Ignacio de la Llave","Sin nombre de calle, Col. Quinta María C.P. 91859, Veracruz",Seguridad privada | Aire acondicionado | Cisterna,19.1970351,-96.158664,2026-06-15T19:50:34.060539,2026-06-27T14:42:48.434114
https://propiedades.com/inmuebles/casa-en-venta-chalahuite-321-floresta-veracruz-30850816,"MXN 2,400,000",2400000.0,MXN,0.0,220 m² const. | 3 rec. | 3 baños,156.0,220.0,3,3,1,30 años,Chalahuite #321,"Floresta, Veracruz, Veracruz de Ignacio de la Llave","Chalahuite #321, Col. Floresta C.P. 91940, Veracruz",,19.1470961,-96.1360756,2026-06-15T19:50:34.061716,2026-06-27T14:42:48.434081
https://propiedades.com/inmuebles/casa-en-venta-amistad-820-xana-veracruz-30106973,"MN 1,600,000",1600000.0,MN,0.0,110 m² lote | 3 rec. | 2 baños,110.0,110.0,3,2,0,15 años,amistad #820,"Xana, Veracruz, Veracruz de Ignacio de la Llave","amistad #820, Col. Xana C.P. 91726, Veracruz",,19.159864,-96.18178,2026-06-15T19:50:34.063993,2026-06-15T19:50:34.063993
https://propiedades.com/inmuebles/casa-en-venta-bahamas-floresta-veracruz-31258273,"MXN 761,000",761000.0,MXN,0.0,185 m² const. | 4 rec. | 2 baños,220.0,185.0,4,2,2,10 años,Bahamas #0Int. 0,"Floresta, Veracruz, Veracruz de Ignacio de la Llave","Bahamas #0Int. 0, Col. Floresta C.P. 91940, Veracruz",,19.1556264,-96.1354683,2026-06-15T19:50:34.065855,2026-06-27T14:42:48.434062
https://propiedades.com/inmuebles/casa-en-venta-argentita-malibran-de-las-brujas-veracruz-30775583,"MXN 1,080,000",1080000.0,MXN,0.0,114 m² const. | 2 rec. | 1 baños,150.0,114.0,2,1,1,10 años,Argentita,"Malibran de las Brujas, Veracruz, Veracruz de Ignacio de la Llave","Argentita, Col. Malibran de las Brujas C.P. 91698, Veracruz",,19.14646,-96.200775,2026-06-15T19:50:34.067670,2026-06-27T14:42:48.434100
https://propiedades.com/inmuebles/casa-en-venta-carretera-a-2-lomas-valente-diaz-veracruz-30268273,"MXN 905,500",905500.0,MXN,0.0,44 m² const. | 2 rec. | 1 baños,72.0,44.0,2,1,1,A estrenar,carretera a 2 lomas,"Valente Diaz, Veracruz, Veracruz de Ignacio de la Llave","carretera a 2 lomas, Col. Valente Diaz C.P. 91725, Veracruz",,19.1509174,-96.224534,2026-06-15T19:50:34.069334,2026-06-27T14:42:48.434068
https://propiedades.com/inmuebles/casa-en-venta-palma-kentia-191-paseo-de-las-palmas-ii-veracruz-30622839,"MXN 1,279,000",1279000.0,MXN,0.0,83 m² const. | 3 rec. | 2 baños,90.0,83.0,3,2,2,6 años,Palma Kentia #191,"Paseo de las Palmas II, Veracruz, Veracruz de Ignacio de la Llave","Palma Kentia #191, Col. Paseo de las Palmas II C.P. 91697, Veracruz",,19.173773,-96.1342241,2026-06-15T19:50:34.073250,2026-06-27T14:42:48.434055
https://propiedades.com/inmuebles/casa-en-venta-veracruz-centro-veracruz-30609550,"MXN 2,200,000",2200000.0,MXN,0.0,110 m² const. | 3 rec. | 1 baños,132.0,110.0,3,1,2,45 años,,"Veracruz Centro, Veracruz, Veracruz de Ignacio de la Llave"," , Col. Veracruz Centro C.P. 91700, Veracruz",,19.2053583,-96.1607022,2026-06-15T19:50:34.076188,2026-06-27T14:42:48.434130
https://propiedades.com/inmuebles/casa-en-venta-dos-lomas-204-paseo-de-las-palmas-casas-ruba-veracruz-29465424,"MXN 1,045,000",1045000.0,MXN,0.0,72 m² const. | 3 rec. | 1 baños,67.0,72.0,3,1,1,A estrenar,DOS LOMAS #204,"Paseo de las Palmas (Casas Ruba), Veracruz, Veracruz de Ignacio de la Llave","DOS LOMAS #204, Col. Paseo de las Palmas (Casas Ruba) C.P. 91697, Veracruz",,19.1462309,-96.2389221,2026-06-15T19:50:34.077490,2026-06-27T14:42:48.434108
https://propiedades.com/inmuebles/casa-en-venta-los-halcones-117-laguna-real-veracruz-30953531,"MXN 1,300,000",1300000.0,MXN,0.0,90 m² const. | 2 rec. | 1 baños,115.0,90.0,2,1,1,19 años,LOS HALCONES #117,"Laguna Real, Veracruz, Veracruz de Ignacio de la Llave","LOS HALCONES #117, Col. Laguna Real C.P. 91790, Veracruz",,19.150307,-96.15599,2026-06-15T19:50:34.079017,2026-06-27T14:42:48.434088
https://propiedades.com/inmuebles/casa-en-venta-gonzalez-pages-460-veracruz-veracruz-30619506,"MXN 895,000",895000.0,MXN,0.0,86 m² const. | 2 rec. | 2 baños,43.0,86.0,2,2,1,30 años,GONZALEZ PAGES #460,"Veracruz, Veracruz, Veracruz de Ignacio de la Llave","GONZALEZ PAGES #460, Col. Veracruz C.P. 91709, Veracruz",,19.1902145,-96.13624039999999,2026-06-15T19:50:34.080861,2026-06-27T14:42:48.434103
https://propiedades.com/inmuebles/casa-en-venta-dos-lomas-209-paseo-de-las-palmas-casas-ruba-veracruz-29465466,"MXN 1,195,000",1195000.0,MXN,0.0,82 m² const. | 3 rec. | 3 baños,67.0,82.0,3,3,0,A estrenar,DOS LOMAS #209,"Paseo de las Palmas (Casas Ruba), Veracruz, Veracruz de Ignacio de la Llave","DOS LOMAS #209, Col. Paseo de las Palmas (Casas Ruba) C.P. 91697, Veracruz",,19.1462309,-96.2389221,2026-06-15T19:50:34.082295,2026-06-27T14:42:48.434059
https://propiedades.com/inmuebles/casa-en-venta-veracruz-veracruz-20297929,"MXN 1,200,000",1200000.0,MXN,0.0,118 m² const. | 3 rec. | 2 baños,100.0,118.0,3,2,1,10 años,,"Veracruz, Veracruz, Veracruz de Ignacio de la Llave"," , Col. Veracruz C.P. 91709, Veracruz",,19.2001197,-96.1328179,2026-06-15T19:50:34.083417,2026-06-27T14:42:48.434124
https://propiedades.com/inmuebles/casa-en-venta-playa-regatas-988-playa-linda-veracruz-31112886,"MXN 1,660,000",1660000.0,MXN,0.0,135 m² const. | 3 rec. | 2 baños,83.0,135.0,3,2,1,18 años,Playa Regatas #988,"Playa Linda, Veracruz, Veracruz de Ignacio de la Llave","Playa Regatas #988, Col. Playa Linda C.P. 91810, Veracruz",,19.21011,-96.17772,2026-06-15T19:50:34.084975,2026-06-27T14:42:48.434071
https://propiedades.com/inmuebles/casa-en-venta-valente-diaz-180-la-querencia-residencial-veracruz-31136404,"MXN 1,329,000",1329000.0,MXN,0.0,75 m² const. | 3 rec. | 1 baños,75.0,75.0,3,1,1,3 años,VALENTE DIAZ #180,"La Querencia Residencial, Veracruz, Veracruz de Ignacio de la Llave","VALENTE DIAZ #180, Col. La Querencia Residencial C.P. 91697, Veracruz",,19.1506699,-96.21541289999999,2026-06-15T19:50:34.087713,2026-06-27T14:42:48.434135
https://propiedades.com/inmuebles/casa-en-venta-reynosa-59-rio-medio-veracruz-30948833,"MXN 1,650,000",1650000.0,MXN,0.0,101 m² const. | 2 rec. | 2 baños,68.0,101.0,2,2,1,A estrenar,Reynosa #59,"Río Medio, Veracruz, Veracruz de Ignacio de la Llave","Reynosa #59, Col. Río Medio C.P. 91809, Veracruz",,19.2142421,-96.1942998,2026-06-15T19:50:34.090902,2026-06-27T14:42:48.434074
https://propiedades.com/inmuebles/casa-en-venta-carretera-mata-de-pita-935-xana-plus-veracruz-28875868,"MXN 1,733,000",1733000.0,MXN,0.0,95 m² const. | 3 rec. | 2 baños,80.0,95.0,3,2,2,A estrenar,Carretera Mata de Pita #935,"Xana Plus, Veracruz, Veracruz de Ignacio de la Llave","Carretera Mata de Pita #935, Col. Xana Plus C.P. 91699, Veracruz",,19.1441796,-96.1761492,2026-06-15T19:50:34.092789,2026-06-27T14:42:48.434121
https://propiedades.com/inmuebles/casa-en-venta-cortijo-121-paseo-de-las-palmas-casas-ruba-veracruz-29743894,"MXN 999,500",999500.0,MXN,0.0,62 m² const. | 2 rec. | 1 baños,67.0,62.0,2,1,1,A estrenar,cortijo #121,"Paseo de las Palmas (Casas Ruba), Veracruz, Veracruz de Ignacio de la Llave","cortijo #121, Col. Paseo de las Palmas (Casas Ruba) C.P. 91697, Veracruz",,19.1469552,-96.1367882,2026-06-15T19:50:34.094463,2026-06-27T14:42:48.434127
https://propiedades.com/inmuebles/casa-en-venta-agustin-de-iturbide-ricardo-flores-magon-veracruz-27334480,"MXN 1,865,990",1865990.0,MXN,0.0,280 m² const. | 4 rec. | 3 baños,245.0,280.0,4,3,2,1 años,Agustín de Iturbide,"Ricardo Flores Magón, Veracruz, Veracruz de Ignacio de la Llave","Agustín de Iturbide, Col. Ricardo Flores Magón C.P. 91900, Veracruz",Aire acondicionado,19.1914151,-96.1275175,2026-06-15T19:50:34.096001,2026-06-27T14:42:48.434138
https://propiedades.com/inmuebles/casa-en-venta-valente-diaz-186-la-querencia-residencial-veracruz-29376588,"MXN 1,580,000",1580000.0,MXN,0.0,95 m² const. | 3 rec. | 3 baños,90.0,95.0,3,3,1,A estrenar,VALENTE DIAZ #186,"La Querencia Residencial, Veracruz, Veracruz de Ignacio de la Llave","VALENTE DIAZ #186, Col. La Querencia Residencial C.P. 91697, Veracruz",,19.1488552,-96.21497029999999,2026-06-15T19:50:34.097571,2026-06-27T14:42:48.434141
https://propiedades.com/inmuebles/casa-en-venta-calao-137-residencial-del-bosque-veracruz-30790319,"MXN 1,100,000",1100000.0,MXN,0.0,79 m² const. | 2 rec. | 1 baños,68.0,79.0,2,1,2,A estrenar,CALAO #137,"Residencial del Bosque, Veracruz, Veracruz de Ignacio de la Llave","CALAO #137, Col. Residencial del Bosque C.P. 91697, Veracruz",,19.144114,-96.221504,2026-06-15T19:50:34.099189,2026-06-27T14:42:48.434132
https://propiedades.com/inmuebles/casa-en-venta-laguna-de-tamos-184-coyol-bolivar-i-veracruz-30997782,"MN 1,679,000",1679000.0,MN,0.0,130 m² lote | 3 rec. | 2 baños,130.0,130.0,3,2,0,29 años,Laguna de tamos #184,"Coyol Bolívar I, Veracruz, Veracruz de Ignacio de la Llave","Laguna de tamos #184, Col. Coyol Bolívar I C.P. 91729, Veracruz",,19.1638182,-96.1566319,2026-06-15T19:50:34.100824,2026-06-15T19:50:34.100824
https://propiedades.com/inmuebles/casa-en-venta-paseo-floresta-oriente-253-floresta-veracruz-28722009,"MXN 2,200,000",2200000.0,MXN,0.0,249 m² const. | 4 rec. | 4 baños,160.0,249.0,4,4,2,18 años,Paseo Floresta Oriente #253,"Floresta, Veracruz, Veracruz de Ignacio de la Llave","Paseo Floresta Oriente #253, Col. Floresta C.P. 91940, Veracruz",,19.161934,-96.13566,2026-06-15T19:50:34.102651,2026-06-27T14:42:48.434052
https://propiedades.com/inmuebles/casa-en-venta-21-de-febrero-828-ricardo-flores-magon-veracruz-29435801,"MXN 4,650,000",4650000.0,MXN,0.0,263 m² const. | 5 rec. | 4 baños,296.0,263.0,5,4,3,25 años,21 de febrero #828,"Ricardo Flores Magón, Veracruz, Veracruz de Ignacio de la Llave","21 de febrero #828, Col. Ricardo Flores Magón C.P. 91900, Veracruz",,19.188862,-96.12965,2026-06-15T19:50:34.105561,2026-06-27T14:42:48.434106
https://propiedades.com/inmuebles/casa-en-venta-veracruz-centro-veracruz-23539625,"MXN 6,500,000",6500000.0,MXN,0.0,350 m² const. | 4 rec. | 3 baños,240.0,350.0,4,3,2,A estrenar,,"Veracruz Centro, Veracruz, Veracruz de Ignacio de la Llave"," , Col. Veracruz Centro C.P. 91700, Veracruz",,19.1969823,-96.13811880000002,2026-06-15T19:50:34.109289,2026-06-27T14:42:48.434048
https://propiedades.com/inmuebles/casa-en-venta-nicolas-bravo-483-centro-91700-veracruz-ver-483-veracruz-centro-veracruz-31108200,"MXN 2,312,000",2312000.0,MXN,0.0,280 m² const. | 3 rec. | 2 baños,220.0,280.0,3,2,1,1 años,Nicolás Bravo 483,"Veracruz Centro, Veracruz, Veracruz de Ignacio de la Llave","Nicolás Bravo 483, Centro, 91700 Veracruz, Ver. #483, Col. Veracruz Centro C.P. 91700, Veracruz",Seguridad privada | Aire acondicionado | Cisterna,19.1971056,-96.1420437,2026-06-15T19:50:34.113213,2026-06-27T14:42:48.434065
https://propiedades.com/inmuebles/casa-en-venta-privada-gorrioncito-153-hacienda-sotavento-veracruz-28720904,"MXN 630,000",630000.0,MXN,0.0,59 m² const. | 2 rec. | 1 baños,66.0,59.0,2,1,1,13 años,Privada Gorrioncito #153,"Hacienda Sotavento, Veracruz, Veracruz de Ignacio de la Llave","Privada Gorrioncito #153, Col. Hacienda Sotavento C.P. 91698, Veracruz",,19.1260233,-96.1830315,2026-06-15T19:50:34.115249,2026-06-27T14:42:48.434095
https://propiedades.com/inmuebles/casa-en-venta-c-paseo-de-los-ebanos-536-floresta-80-veracruz-31080940,"MN 3,098,000",3098000.0,MN,0.0,219 m² lote | 4 rec. | 3 baños,219.0,219.0,4,3,0,25 años,C. Paseo de Los Ebanos #536,"Floresta 80, Veracruz, Veracruz de Ignacio de la Llave","C. Paseo de Los Ebanos #536, Col. Floresta 80 C.P. 91948, Veracruz",,19.149473,-96.13832,2026-06-15T19:50:34.117204,2026-06-15T19:50:34.117204
https://propiedades.com/inmuebles/casa-en-venta-valente-diaz-165-la-querencia-residencial-veracruz-29915739,"MXN 1,195,000",1195000.0,MXN,0.0,61 m² const. | 2 rec. | 1 baños,75.0,61.0,2,1,1,A estrenar,VALENTE DIAZ #165,"La Querencia Residencial, Veracruz, Veracruz de Ignacio de la Llave","VALENTE DIAZ #165, Col. La Querencia Residencial C.P. 91697, Veracruz",,19.1488552,-96.21497029999999,2026-06-15T19:50:34.119639,2026-06-27T14:42:48.434118
https://propiedades.com/inmuebles/casa-en-venta-valente-diaz-2-lomas-161-valente-diaz-veracruz-28721588,"MXN 1,650,000",1650000.0,MXN,0.0,95 m² const. | 3 rec. | 3 baños,90.0,95.0,3,3,1,A estrenar,Valente Diaz - 2 lomas #161,"Valente Diaz, Veracruz, Veracruz de Ignacio de la Llave","Valente Diaz - 2 lomas #161, Col. Valente Diaz C.P. 91725, Veracruz",,20.6986099,-97.64000000000001,2026-06-15T19:50:34.123066,2026-06-27T14:42:48.434143
https://propiedades.com/inmuebles/casa-en-venta-c-bahamas-floresta-veracruz-ver-floresta-veracruz-31104921,"MXN 761,000",761000.0,MXN,0.0,185 m² const. | 4 rec. | 2 baños,220.0,185.0,4,2,1,20 años,C. Bahamas,"Floresta, Veracruz, Veracruz de Ignacio de la Llave","C. Bahamas, Floresta, Veracruz, Ver., Col. Floresta C.P. 91940, Veracruz",,19.1479777,-96.1335828,2026-06-15T19:50:34.125303,2026-06-27T14:42:48.434092
https://propiedades.com/inmuebles/casa-en-venta-atonalisco-165-los-torrentes-veracruz-31134039,"MXN 1,120,000",1120000.0,MXN,0.0,75 m² const. | 2 rec. | 1 baños,67.0,75.0,2,1,0,10 años,ATONALISCO #165,"Los Torrentes, Veracruz, Veracruz de Ignacio de la Llave","ATONALISCO #165, Col. Los Torrentes C.P. 91808, Veracruz",,19.203522,-96.208244,2026-06-15T19:50:34.127034,2026-06-27T14:42:48.434098
https://propiedades.com/inmuebles/casa-en-venta-martin-pescador-210-residencial-del-bosque-segunda-seccion-veracruz-30653199,"MXN 1,500,000",1500000.0,MXN,0.0,99 m² const. | 3 rec. | 2 baños,90.0,99.0,3,2,1,13 años,MARTIN PESCADOR #210,"Residencial del Bosque Segunda Sección, Veracruz, Veracruz de Ignacio de la Llave","MARTIN PESCADOR #210, Col. Residencial del Bosque Segunda Sección C.P. 91697, Veracruz",,19.1436955,-96.2237327,2026-06-15T19:50:34.128918,2026-06-27T14:42:48.434041
https://propiedades.com/inmuebles/casa-en-venta-heriberto-jara-88-reforma-veracruz-30703587,"MXN 5,800,000",5800000.0,MXN,0.0,325 m² const. | 3 rec. | 4 baños,122.0,325.0,3,4,2,A estrenar,Heriberto Jara #88,"Reforma, Veracruz, Veracruz de Ignacio de la Llave","Heriberto Jara #88, Col. Reforma C.P. 91919, Veracruz",,19.169846,-96.12434,2026-06-15T19:50:34.130929,2026-06-27T14:42:48.434044
https://propiedades.com/inmuebles/casa-en-venta-avenida-seis-423-valente-diaz-veracruz-30291524,"MXN 2,100,000",2100000.0,MXN,0.0,130 m² const. | 2 rec. | 2 baños,130.0,130.0,2,2,0,18 años,AVENIDA SEIS #423,"Valente Diaz, Veracruz, Veracruz de Ignacio de la Llave","AVENIDA SEIS #423, Col. Valente Diaz C.P. 91725, Veracruz",,19.161053,-96.21673,2026-06-15T19:51:03.163123,2026-06-27T14:42:48.434111
https://propiedades.com/inmuebles/casa-en-venta-arboledas-142-los-torrentes-veracruz-30460770,"MXN 998,000",998000.0,MXN,0.0,120 m² const. | 3 rec. | 2 baños,109.0,120.0,3,2,0,15 años,ARBOLEDAS #142,"Los Torrentes, Veracruz, Veracruz de Ignacio de la Llave","ARBOLEDAS #142, Col. Los Torrentes C.P. 91808, Veracruz",,19.205925,-96.21337,2026-06-15T19:51:03.166316,2026-06-27T14:42:48.434147
https://propiedades.com/inmuebles/casa-en-venta-7-junio-343-pascual-ortiz-rubio-veracruz-28725626,"MXN 2,800,000",2800000.0,MXN,0.0,360 m² const. | 8 rec. | 4 baños,360.0,360.0,8,4,0,30 años,7 Junio #343,"Pascual Ortiz Rubio, Veracruz, Veracruz de Ignacio de la Llave","7 Junio #343, Col. Pascual Ortiz Rubio C.P. 91750, Veracruz",,19.179417,-96.13984,2026-06-15T19:51:03.169041,2026-06-27T14:43:12.614829
https://propiedades.com/inmuebles/casa-en-venta-calle-profesores-lote-5-moderno-veracruz-31032544,"MXN 1,600,000",1600000.0,MXN,0.0,170 m² const. | 2 rec. | 2 baños,170.0,170.0,2,2,0,18 años,CALLE PROFESORES  #LOTE 5Int. MANZANA 1 C,"Moderno, Veracruz, Veracruz de Ignacio de la Llave","CALLE PROFESORES  #LOTE 5Int. MANZANA 1 C, Col. Moderno C.P. 91918, Veracruz",Aire acondicionado | Cisterna,19.173773,-96.1342241,2026-06-15T19:51:03.173269,2026-06-27T14:44:52.733436
https://propiedades.com/inmuebles/casa-en-venta-lomas-de-rio-medio-91809-veracruz-ver-sn-lomas-de-rio-medio-ii-veracruz-31102107,"MXN 1,180,000",1180000.0,MXN,0.0,2 rec. | 1 baños,,,2,1,0,2 meses en Propiedades.com,Lomas de Río Medio,"Lomas de Rio Medio II, Veracruz, Veracruz de Ignacio de la Llave","Lomas de Río Medio, 91809 Veracruz, Ver. #s/n, Col. Lomas de Rio Medio II C.P. 91809, Veracruz",,19.206058499999997,-96.19844839999999,2026-06-15T19:51:03.175829,2026-06-27T14:44:52.733331
https://propiedades.com/inmuebles/casa-en-venta-cto-10-23-geovillas-los-pinos-veracruz-31086971,"MXN 294,700",294700.0,MXN,0.0,70 m² const. | 2 rec. | 1 baños,70.0,70.0,2,1,0,A estrenar,Cto. 10 #23,"Geovillas los Pinos, Veracruz, Veracruz de Ignacio de la Llave","Cto. 10 #23, Col. Geovillas los Pinos C.P. 91808, Veracruz",,19.2147592,-96.2256491,2026-06-15T19:51:03.177665,2026-06-27T14:47:24.859969
https://propiedades.com/inmuebles/casa-en-venta-92917-ricardo-flores-magon-ver-ricardo-flores-magon-veracruz-30216814,"MXN 1,900,000",1900000.0,MXN,0.0,148 m² const. | 3 rec. | 2 baños,148.0,148.0,3,2,0,10 meses en Propiedades.com,92917 Ricardo Flores Magón,"Ricardo Flores Magón, Veracruz, Veracruz de Ignacio de la Llave","92917 Ricardo Flores Magón, Ver., Col. Ricardo Flores Magón C.P. 91900, Veracruz",Aire acondicionado | Cisterna | Terraza,19.1914151,-96.1275175,2026-06-15T19:51:03.180140,2026-06-27T14:43:36.382608
https://propiedades.com/inmuebles/casa-en-venta-c-del-indio-candido-aguilar-91789-veracruz-ver-sn-candido-aguilar-veracruz-30769139,"MXN 3,000,000",3000000.0,MXN,0.0,148 m² const. | 3 rec. | 4 baños,148.0,148.0,3,4,0,5 meses en Propiedades.com,C del Indio,"Candido Aguilar, Veracruz, Veracruz de Ignacio de la Llave","C del Indio, Cándido Aguilar, 91789 Veracruz, Ver. #s/n, Col. Candido Aguilar C.P. 91789, Veracruz",Aire acondicionado | Cisterna | Terraza,19.169011054458778,-96.13671980290997,2026-06-15T19:51:03.182317,2026-06-27T14:43:36.382575
https://propiedades.com/inmuebles/casa-en-venta-santa-fe-91690-delfino-victoria-ver-sn-delfino-victoria-santa-fe-veracruz-30639572,"MXN 2,000,000",2000000.0,MXN,0.0,262 m² const. | 1 rec. | 6 baños,262.0,262.0,1,6,0,12 años,Santa Fe,"Delfino Victoria (Santa Fe), Veracruz, Veracruz de Ignacio de la Llave","Santa Fe, 91690 Delfino Victoria, Ver. #s/n, Col. Delfino Victoria (Santa Fe) C.P. 91690, Veracruz",,19.203534434815037,-96.27098100132751,2026-06-15T19:51:03.184797,2026-06-27T14:43:12.615047
https://propiedades.com/inmuebles/casa-en-venta-arizmendi-52-miguel-aleman-91898-veracruz-ver-52-miguel-aleman-veracruz-30445054,"MXN 4,000,000",4000000.0,MXN,0.0,385 m² const. | 6 rec. | 4 baños,233.0,385.0,6,4,2,20 años,Arizmendi 52,"Miguel Alemán, Veracruz, Veracruz de Ignacio de la Llave","Arizmendi 52, Miguel Alemán, 91898 Veracruz, Ver. #52, Col. Miguel Alemán C.P. 91898, Veracruz",Alberca | Aire acondicionado | Cisterna,19.207339599999997,-96.1533359,2026-06-15T19:51:03.189614,2026-06-27T14:43:36.382424
https://propiedades.com/inmuebles/casa-en-venta-blvd-crystal-lagoons-720-crystal-lagoons-veracruz-91699-veracruz-ver-sn-dream-lagoons-veracruz-30505488,"MXN 1,500,000",1500000.0,MXN,0.0,85 m² const. | 3 rec. | 2 baños,85.0,85.0,3,2,0,5 años,Blvd. Crystal Lagoons 720,"Dream Lagoons, Veracruz, Veracruz de Ignacio de la Llave","Blvd. Crystal Lagoons 720, Crystal Lagoons Veracruz, 91699 Veracruz, Ver. #s/n, Col. Dream Lagoons C.P. 91699, Veracruz",Alberca | Seguridad privada | Aire acondicionado,19.13268109728034,-96.17241268067322,2026-06-15T19:51:03.192618,2026-06-27T14:44:01.983183
https://propiedades.com/inmuebles/casa-en-venta-c-tapacamino-20-fraccionamiento-residencial-del-bosque-91697-residencial-del-bosque-ver-20-valle-alto-veracruz-30235792,"MXN 1,290,000",1290000.0,MXN,0.0,130 m² const. | 4 rec. | 2 baños,130.0,130.0,4,2,0,15 años,C. Tapacamino 20,"Valle Alto, Veracruz, Veracruz de Ignacio de la Llave","C. Tapacamino 20, Fraccionamiento Residencial del Bosque, 91697 Residencial del Bosque, Ver. #20, Col. Valle Alto C.P. 91697, Veracruz",Terraza,19.147385600000003,-96.221533,2026-06-15T19:51:03.197325,2026-06-27T14:46:07.423606
https://propiedades.com/inmuebles/casa-en-venta-s-sn-la-querencia-residencial-veracruz-30291547,"MXN 970,000",970000.0,MXN,0.0,49 m² const. | 2 rec. | 1 baños,49.0,49.0,2,1,0,12 años,s #s/n,"La Querencia Residencial, Veracruz, Veracruz de Ignacio de la Llave","s #s/n, Col. La Querencia Residencial C.P. 91697, Veracruz",,19.1518175,-96.2162163,2026-06-15T19:51:03.201281,2026-06-27T14:45:18.920199
https://propiedades.com/inmuebles/casa-en-venta-paseo-de-tepetl-25-palma-real-ii-veracruz-30106161,"MXN 700,000",700000.0,MXN,0.0,67 m² const. | 2 rec. | 1 baños,67.0,67.0,2,1,0,11 meses en Propiedades.com,Paseo de Tepetl #25,"Palma Real II, Veracruz, Veracruz de Ignacio de la Llave","Paseo de Tepetl #25, Col. Palma Real II C.P. 91826, Veracruz",,19.1957565,-96.1832889,2026-06-15T19:51:03.204400,2026-06-27T14:44:01.983285
https://propiedades.com/inmuebles/casa-en-venta-c-francisco-canal-centro-veracruz-ver-veracruz-centro-veracruz-30328918,"MXN 3,300,000",3300000.0,MXN,0.0,206 m² const. | 2 rec. | 1 baños,206.0,206.0,2,1,0,20 años,C. Francisco Canal,"Veracruz Centro, Veracruz, Veracruz de Ignacio de la Llave","C. Francisco Canal, Centro, Veracruz, Ver., Col. Veracruz Centro C.P. 91700, Veracruz",,19.1958917,-96.1374575,2026-06-15T19:51:03.208615,2026-06-27T14:43:12.615003
https://propiedades.com/inmuebles/casa-en-venta-guadalupe-victoria-532-los-pinos-veracruz-30774874,"MXN 700,000",700000.0,MXN,0.0,60 m² const. | 2 rec. | 1 baños,60.0,60.0,2,1,0,30 años,Guadalupe Victoria #532,"Los Pinos, Veracruz, Veracruz de Ignacio de la Llave","Guadalupe Victoria #532, Col. Los Pinos C.P. 91870, Veracruz",,19.208019837888028,-96.16027677672119,2026-06-15T19:51:03.212335,2026-06-27T14:44:27.981123
https://propiedades.com/inmuebles/casa-en-venta-tlatilco-77-siglo-xxi-91777-veracruz-ver-77-siglo-xxi-veracruz-31044688,"MXN 1,590,000",1590000.0,MXN,0.0,110 m² const. | 4 rec. | 2 baños,110.0,110.0,4,2,0,18 años,Tlatilco 77,"Siglo XXI, Veracruz, Veracruz de Ignacio de la Llave","Tlatilco 77, Siglo XXI, 91777 Veracruz, Ver. #77, Col. Siglo XXI C.P. 91777, Veracruz",Seguridad privada,19.157497499999998,-96.1607898,2026-06-15T19:51:03.215699,2026-06-27T14:44:27.981047
https://propiedades.com/inmuebles/casa-en-venta-hacienda-campanario-19veracruz-91699-hacienda-paraiso-ver-sn-hacienda-paraiso-veracruz-31168261,"MXN 1,000,000",1000000.0,MXN,0.0,2 rec. | 1 baños,,,2,1,0,1 años,hacienda campanario 19Veracruz,"Hacienda Paraíso, Veracruz, Veracruz de Ignacio de la Llave","hacienda campanario 19Veracruz, 91699 Hacienda Paraíso, Ver. #s/n, Col. Hacienda Paraíso C.P. 91775, Veracruz",Aire acondicionado,19.132982860387067,-96.1758692201431,2026-06-15T19:51:03.218867,2026-06-27T14:44:01.983228
https://propiedades.com/inmuebles/casa-en-venta-campestre-valente-diaz-infonavit-veracruz-27072870,"MXN 5,995,000",5995000.0,MXN,0.0,250 m² const. | 4 rec. | 4 baños,250.0,250.0,4,4,0,10 años,CAMPESTRE,"Valente Díaz INFONAVIT, Veracruz, Veracruz de Ignacio de la Llave","CAMPESTRE, Col. Valente Díaz INFONAVIT C.P. 91917, Veracruz",Alberca | Terraza,19.145728225228382,-96.17928364072266,2026-06-15T19:51:03.222865,2026-06-27T14:43:36.382507
https://propiedades.com/inmuebles/casa-en-venta-lomas-de-rio-medio-iii-91809-veracruz-ver-sn-lomas-de-rio-medio-iii-veracruz-31102057,"MXN 950,000",950000.0,MXN,0.0,84 m² const. | 2 rec. | 1 baños,84.0,84.0,2,1,0,2 meses en Propiedades.com,Lomas de Río Medio III,"Lomas de Rio Medio III, Veracruz, Veracruz de Ignacio de la Llave","Lomas de Río Medio III, 91809 Veracruz, Ver. #s/n, Col. Lomas de Rio Medio III C.P. 91809, Veracruz",,19.2058793,-96.20375489999999,2026-06-15T19:51:03.225777,2026-06-27T14:46:57.610335
https://propiedades.com/inmuebles/casa-en-venta-floresta-91940-veracruz-ver-sn-floresta-veracruz-30945712,"MXN 1,750,000",1750000.0,MXN,0.0,170 m² const. | 3 rec. | 2 baños,216.0,170.0,3,2,2,29 años,Floresta,"Floresta, Veracruz, Veracruz de Ignacio de la Llave","Floresta, 91940 Veracruz, Ver. #s/n, Col. Floresta C.P. 91940, Veracruz",Cisterna,19.1526662,-96.1354683,2026-06-15T19:51:03.228948,2026-06-27T14:44:27.981004
https://propiedades.com/inmuebles/casa-en-venta-geovillas-del-puerto-91777-veracruz-ver-predio-4-veracruz-30577322,"MXN 515,000",515000.0,MXN,0.0,3 rec. | 1 baños,,,3,1,0,7 meses en Propiedades.com,Geovillas del Puerto,"Predio 4, Veracruz, Veracruz de Ignacio de la Llave","Geovillas del Puerto, 91777 Veracruz, Ver., Col. Predio 4 C.P. 91777, Veracruz",,19.151692399999998,-96.16463,2026-06-15T19:51:03.231493,2026-06-27T14:46:57.610326
https://propiedades.com/inmuebles/casa-en-venta-hacienda-la-parroquia-91697-valente-diaz-ver-sn-hacienda-la-parroquia-veracruz-30560500,"MXN 1,050,000",1050000.0,MXN,0.0,80 m² const. | 3 rec. | 1 baños,80.0,80.0,3,1,0,7 meses en Propiedades.com,Hacienda La Parroquia,"Hacienda la Parroquia, Veracruz, Veracruz de Ignacio de la Llave","Hacienda La Parroquia, 91697 Valente Díaz, Ver. #s/n, Col. Hacienda la Parroquia C.P. 91725, Veracruz",,19.190516,-96.1875051,2026-06-15T19:51:03.233976,2026-06-27T14:43:12.615215
https://propiedades.com/inmuebles/casa-en-venta-c-juan-soto-zona-centro-veracruz-ver-veracruz-centro-veracruz-30514006,"MXN 1,900,000",1900000.0,MXN,0.0,125 m² const. | 2 rec. | 1 baños,125.0,125.0,2,1,0,15 años,C. Juan Soto,"Veracruz Centro, Veracruz, Veracruz de Ignacio de la Llave","C. Juan Soto, Zona Centro, Veracruz, Ver., Col. Veracruz Centro C.P. 91700, Veracruz",Cisterna,19.18928517298251,-96.14205431335299,2026-06-15T19:51:03.236724,2026-06-27T14:43:36.382537
https://propiedades.com/inmuebles/casa-en-venta-puerta-paraiso-sn-amapolas-ii-veracruz-30036824,"MXN 1,700,000",1700000.0,MXN,0.0,73 m² const. | 3 rec. | 1 baños,73.0,73.0,3,1,1,1 años,Puerta Paraiso #s/n,"Amapolas II, Veracruz, Veracruz de Ignacio de la Llave","Puerta Paraiso #s/n, Col. Amapolas II C.P. 91775, Veracruz",,19.122258250591,-96.16961625889,2026-06-15T19:51:03.240849,2026-06-27T14:45:43.449146
https://propiedades.com/inmuebles/casa-en-venta-calle-tuero-molina-139-139-ignacio-zaragoza-veracruz-30091342,"MXN 3,700,000",3700000.0,MXN,0.0,378 m² const. | 4 rec. | 3 baños,378.0,378.0,4,3,0,30 años,Calle Tuero Molina 139 #139,"Ignacio Zaragoza, Veracruz, Veracruz de Ignacio de la Llave","Calle Tuero Molina 139 #139, Col. Ignacio Zaragoza C.P. 91910, Veracruz",Aire acondicionado | Cisterna | Terraza,19.1818831,-96.1269171,2026-06-15T19:51:03.243695,2026-06-27T14:43:36.382448
https://propiedades.com/inmuebles/casa-en-venta-emiliano-zapata-ricardo-flores-magon-91900-veracruz-ver-ricardo-flores-magon-veracruz-30505426,"MXN 4,300,000",4300000.0,MXN,0.0,454 m² const. | 1 rec. | 1 baños,454.0,454.0,1,1,0,15 años,Emiliano Zapata,"Ricardo Flores Magón, Veracruz, Veracruz de Ignacio de la Llave","Emiliano Zapata, Ricardo Flores Magón, 91900 Veracruz, Ver., Col. Ricardo Flores Magón C.P. 91900, Veracruz",,19.1952343,-96.1316649,2026-06-15T19:51:03.246379,2026-06-27T14:43:12.615192
https://propiedades.com/inmuebles/casa-en-venta-desconocida-xana-veracruz-29948466,"MXN 1,250,000",1250000.0,MXN,0.0,90 m² const. | 3 rec. | 2 baños,90.0,90.0,3,2,0,A estrenar,desconocida,"Xana, Veracruz, Veracruz de Ignacio de la Llave","desconocida, Col. Xana C.P. 91726, Veracruz",Aire acondicionado,19.1617397,-96.18146650000001,2026-06-15T19:51:03.250868,2026-06-27T14:46:34.101048
https://propiedades.com/inmuebles/casa-en-venta-av-potrero-geo-villas-del-puerto-geovillas-del-puerto-veracruz-30400320,"MXN 935,000",935000.0,MXN,0.0,2 rec. | 1 baños,,,2,1,0,9 meses en Propiedades.com,Av potrero Geo villas del puerto,"Geovillas Del Puerto, Veracruz, Veracruz de Ignacio de la Llave","Av potrero Geo villas del puerto, Col. Geovillas Del Puerto C.P. 91777, Veracruz",,19.148767333376558,-96.16636256643848,2026-06-15T19:51:03.255758,2026-06-27T14:44:27.981113
https://propiedades.com/inmuebles/casa-en-venta-cam-actopan-geovillas-del-puerto-91777-veracruz-ver-geovillas-del-puerto-veracruz-30420986,"MXN 850,000",850000.0,MXN,0.0,58 m² const. | 2 rec. | 1 baños,70.0,58.0,2,1,1,9 meses en Propiedades.com,Cam. Actopan,"Geovillas Del Puerto, Veracruz, Veracruz de Ignacio de la Llave","Cam. Actopan, Geovillas del Puerto, 91777 Veracruz, Ver., Col. Geovillas Del Puerto C.P. 91777, Veracruz",,19.1516924,-96.16463,2026-06-15T19:51:03.259519,2026-06-27T14:44:27.981031
https://propiedades.com/inmuebles/casa-en-venta-calle-circuito-3-109-geovillas-los-pinos-veracruz-30639586,"MXN 1,250,000",1250000.0,MXN,0.0,149 m² const. | 2 rec. | 2 baños,68.0,149.0,2,2,1,18 años,Calle Circuito 3  #109,"Geovillas los Pinos, Veracruz, Veracruz de Ignacio de la Llave","Calle Circuito 3  #109, Col. Geovillas los Pinos C.P. 91808, Veracruz",,19.2147592,-96.2256491,2026-06-15T19:51:03.262586,2026-06-27T14:43:12.614891
https://propiedades.com/inmuebles/casa-en-venta-cto-las-palmas-fraccionamiento-geovillas-los-pinos-geovillas-los-pinos-91808-veracruz-ver-geovillas-los-pinos-ii-veracruz-30460596,"MXN 850,000",850000.0,MXN,0.0,3 rec. | 2 baños,,,3,2,0,8 meses en Propiedades.com,Cto las Palmas,"Geovillas los Pinos II, Veracruz, Veracruz de Ignacio de la Llave","Cto las Palmas, Fraccionamiento Geovillas los Pinos, GeoVillas Los Pinos, 91808 Veracruz, Ver.Int. sn, Col. Geovillas los Pinos II C.P. 91808, Veracruz",Aire acondicionado,19.210280661502818,-96.23041946282348,2026-06-15T19:51:03.266351,2026-06-27T14:43:36.382442
https://propiedades.com/inmuebles/casa-en-venta-av-ricardo-flores-magon-ignacio-zaragoza-veracruz-ver-ignacio-zaragoza-veracruz-30328985,"MXN 6,800,000",6800000.0,MXN,0.0,215 m² const. | 3 rec. | 3 baños,215.0,215.0,3,3,0,30 años,Av. Ricardo Flores Magón,"Ignacio Zaragoza, Veracruz, Veracruz de Ignacio de la Llave","Av. Ricardo Flores Magón, Ignacio Zaragoza, Veracruz, Ver., Col. Ignacio Zaragoza C.P. 91910, Veracruz",Cisterna | Terraza,19.176265712934047,-96.12232694362488,2026-06-15T19:51:03.270621,2026-06-27T14:43:12.614995
https://propiedades.com/inmuebles/casa-en-venta-c-bahamas-las-antillas-veracruz-ver-las-antillas-veracruz-30459844,"MXN 1,800,000",1800000.0,MXN,0.0,150 m² const. | 2 rec. | 2 baños,150.0,150.0,2,2,0,10 años,C. Bahamas,"Las Antillas, Veracruz, Veracruz de Ignacio de la Llave","C. Bahamas, Las Antillas, Veracruz, Ver., Col. Las Antillas C.P. 91936, Veracruz",Aire acondicionado | Cisterna,19.14826050633841,-96.13009336713301,2026-06-15T19:51:03.273788,2026-06-27T14:44:01.983354
https://propiedades.com/inmuebles/casa-en-venta-hacienda-paraiso-sn-puerta-paraiso-veracruz-30149330,"MXN 1,180,000",1180000.0,MXN,0.0,84 m² const. | 2 rec. | 1 baños,135.0,84.0,2,1,1,15 años,Hacienda Paraiso  #s/n,"Puerta Paraíso, Veracruz, Veracruz de Ignacio de la Llave","Hacienda Paraiso  #s/n, Col. Puerta Paraíso C.P. 91699, Veracruz",Aire acondicionado,19.130795199999998,-96.1699336,2026-06-15T19:51:03.277203,2026-06-27T14:43:36.382415
https://propiedades.com/inmuebles/casa-en-venta-c-miguel-lerdo-de-tejada-1316-zona-centro-91700-veracruz-ver-1316-veracruz-centro-veracruz-31341733,"MXN 2,500,000",2500000.0,MXN,0.0,254 m² const. | 4 rec. | 2 baños,254.0,254.0,4,2,0,10 años,C. Miguel Lerdo de Tejada 1316,"Veracruz Centro, Veracruz, Veracruz de Ignacio de la Llave","C. Miguel Lerdo de Tejada 1316, Zona Centro, 91700 Veracruz, Ver. #1316, Col. Veracruz Centro C.P. 91700, Veracruz",Aire acondicionado | Cisterna | Terraza,19.1945732,-96.1478018,2026-06-15T19:51:03.281193,2026-06-27T14:45:18.920178
https://propiedades.com/inmuebles/casa-en-venta-general-miguel-negrete-673-ignacio-zaragoza-veracruz-31422522,"MXN 6,500,000",6500000.0,MXN,0.0,436 m² const. | 4 rec. | 3 baños,436.0,436.0,4,3,0,26 años,General Miguel Negrete #673Int. 1,"Ignacio Zaragoza, Veracruz, Veracruz de Ignacio de la Llave","General Miguel Negrete #673Int. 1, Col. Ignacio Zaragoza C.P. 91910, Veracruz",,19.1780491,-96.1288426,2026-06-15T19:51:03.284345,2026-06-27T14:45:18.920144
https://propiedades.com/inmuebles/casa-en-venta-veracruz-moderno-veracruz-30757756,"MXN 1,990,000",1990000.0,MXN,0.0,3 rec. | 2 baños,,,3,2,0,5 meses en Propiedades.com,Veracruz,"Moderno, Veracruz, Veracruz de Ignacio de la Llave","Veracruz, Col. Moderno C.P. 91918, Veracruz",Alberca | Seguridad privada | Aire acondicionado,19.173773,-96.1342241,2026-06-15T19:51:03.288173,2026-06-27T14:43:36.382562
https://propiedades.com/inmuebles/casa-en-venta-carr-a-mata-de-pita-sn-91698-veracruz-ver-sn-bonaterra-veracruz-31402150,"MXN 1,390,000",1390000.0,MXN,0.0,110 m² const. | 3 rec. | 2 baños,110.0,110.0,3,2,0,8 años,Carr. a Mata de Pita s/n,"Bonaterra, Veracruz, Veracruz de Ignacio de la Llave","Carr. a Mata de Pita s/n, 91698 Veracruz, Ver. #s/n, Col. Bonaterra C.P. 91698, Veracruz",Cisterna,19.1437503,-96.1749372,2026-06-15T19:51:03.291997,2026-06-27T14:44:27.981062
https://propiedades.com/inmuebles/casa-en-venta-centro-veracruz-ver-sn-veracruz-centro-veracruz-30519080,"MXN 1,450,000",1450000.0,MXN,0.0,106 m² const. | 3 rec. | 2 baños,106.0,106.0,3,2,0,15 años,Centro,"Veracruz Centro, Veracruz, Veracruz de Ignacio de la Llave","Centro, Veracruz, Ver. #s/n, Col. Veracruz Centro C.P. 91700, Veracruz",,19.1969823,-96.13811880000002,2026-06-15T19:51:03.296820,2026-06-27T14:44:01.983261
https://propiedades.com/inmuebles/casa-en-venta-avenida-constituyentes-4892-pascual-ortiz-rubio-veracruz-30092226,"MXN 2,400,000",2400000.0,MXN,0.0,250 m² const. | 3 rec. | 2 baños,250.0,250.0,3,2,0,33 años,Avenida Constituyentes  #4892,"Pascual Ortiz Rubio, Veracruz, Veracruz de Ignacio de la Llave","Avenida Constituyentes  #4892, Col. Pascual Ortiz Rubio C.P. 91750, Veracruz",Terraza,19.17489099339188,-96.14032049366017,2026-06-15T19:51:03.299913,2026-06-27T14:43:36.382570
https://propiedades.com/inmuebles/casa-en-venta-veracruz-208-valle-alto-veracruz-30063426,"MXN 1,200,000",1200000.0,MXN,0.0,107 m² const. | 4 rec. | 2 baños,107.0,107.0,4,2,0,11 años,Veracruz #208,"Valle Alto, Veracruz, Veracruz de Ignacio de la Llave","Veracruz #208, Col. Valle Alto C.P. 91697, Veracruz",,19.144781060426,-96.222168295329,2026-06-15T19:51:03.303940,2026-06-27T14:44:52.733527
https://propiedades.com/inmuebles/casa-en-venta-rio-blanco-60-rio-medio-veracruz-30106785,"MXN 1,100,000",1100000.0,MXN,0.0,93 m² const. | 2 rec. | 1 baños,93.0,93.0,2,1,0,11 meses en Propiedades.com,Río Blanco #60,"Río Medio, Veracruz, Veracruz de Ignacio de la Llave","Río Blanco #60, Col. Río Medio C.P. 91809, Veracruz",,19.20183731941825,-96.19190669366762,2026-06-15T19:51:03.307753,2026-06-27T14:44:01.983311
https://propiedades.com/inmuebles/casa-en-venta-blvd-manuel-avila-camacho-ricardo-flores-magon-veracruz-ver-ricardo-flores-magon-veracruz-30329018,"MXN 9,900,000",9900000.0,MXN,0.0,230 m² const. | 4 rec. | 3 baños,230.0,230.0,4,3,0,9 meses en Propiedades.com,Blvd. Manuel Ávila Camacho,"Ricardo Flores Magón, Veracruz, Veracruz de Ignacio de la Llave","Blvd. Manuel Ávila Camacho, Ricardo Flores Magón, Veracruz, Ver., Col. Ricardo Flores Magón C.P. 91900, Veracruz",Cisterna | Terraza,19.190021034674007,-96.12435305700838,2026-06-15T19:51:03.310963,2026-06-27T14:43:36.382467
https://propiedades.com/inmuebles/casa-en-venta-calle-emiliano-zapata-veracruz-ver-sn-ricardo-flores-magon-veracruz-30502881,"MXN 4,300,000",4300000.0,MXN,0.0,220 m² const. | 1 rec. | 1 baños,220.0,220.0,1,1,0,15 años,Calle Emiliano Zapata,"Ricardo Flores Magón, Veracruz, Veracruz de Ignacio de la Llave","Calle Emiliano Zapata, Veracruz, Ver. #s/n, Col. Ricardo Flores Magón C.P. 91900, Veracruz",,19.1914151,-96.1275175,2026-06-15T19:51:03.314058,2026-06-27T14:43:12.615203
https://propiedades.com/inmuebles/casa-en-venta-francisco-broissin-abdala-pocitos-y-rivera-91729-veracruz-ver-pocitos-y-rivera-veracruz-30600918,"MXN 2,950,000",2950000.0,MXN,0.0,361 m² const. | 4 rec. | 5 baños,361.0,361.0,4,5,0,10 años,Francisco Broissin Abdala,"Pocitos y Rivera, Veracruz, Veracruz de Ignacio de la Llave","Francisco Broissin Abdala, Pocitos y Rivera, 91729 Veracruz, Ver., Col. Pocitos y Rivera C.P. 91729, Veracruz",Terraza,19.1752546,-96.1531244,2026-06-15T19:51:03.316984,2026-06-27T14:43:12.615094
https://propiedades.com/inmuebles/casa-en-venta-lomas-de-rio-medio-iii-91809-veracruz-ver-sn-lomas-de-rio-medio-iii-veracruz-31102245,"MXN 950,000",950000.0,MXN,0.0,2 rec. | 1 baños,,,2,1,0,2 meses en Propiedades.com,Lomas de Río Medio III,"Lomas de Rio Medio III, Veracruz, Veracruz de Ignacio de la Llave","Lomas de Río Medio III, 91809 Veracruz, Ver. #s/n, Col. Lomas de Rio Medio III C.P. 91809, Veracruz",,19.2058793,-96.20375489999999,2026-06-15T19:51:03.320157,2026-06-27T14:46:07.423646
https://propiedades.com/inmuebles/casa-en-venta-faros-veracruz-ver-faros-veracruz-30996105,"MXN 10,000,000",10000000.0,MXN,0.0,343 m² const. | 1 rec. | 1 baños,343.0,343.0,1,1,0,50 años,Faros,"Faros, Veracruz, Veracruz de Ignacio de la Llave","Faros, Veracruz, Ver., Col. Faros C.P. 91709, Veracruz",Terraza,19.2001197,-96.1328179,2026-06-15T19:51:31.869023,2026-06-27T14:49:06.212495
https://propiedades.com/inmuebles/casa-en-venta-rio-zanapa-00-lomas-de-rio-medio-iii-veracruz-31102813,"MXN 660,000",660000.0,MXN,0.0,120 m² const. | 3 rec. | 2 baños,120.0,120.0,3,2,0,A estrenar,RIO ZANAPA #00,"Lomas de Rio Medio III, Veracruz, Veracruz de Ignacio de la Llave","RIO ZANAPA #00, Col. Lomas de Rio Medio III C.P. 91809, Veracruz",Cisterna,19.2058793,-96.2037549,2026-06-15T19:51:31.879439,2026-06-27T14:52:27.931289
https://propiedades.com/inmuebles/casa-en-venta-ardenal-2442-veracruz-centro-veracruz-31452877,"MN 500,000",500000.0,MN,0.0,60 m² lote | 2 rec. | 2 baños | 1 estac.,60.0,60.0,2,2,1,2025 años,ARDENAL #2442,"Veracruz Centro, Veracruz, Veracruz de Ignacio de la Llave","ARDENAL #2442, Col. Veracruz Centro C.P. 91700, Veracruz",,19.189537,-96.1394441,2026-06-15T19:51:31.885827,2026-06-15T19:51:31.885827
https://propiedades.com/inmuebles/casa-en-venta-av-del-fuerte-32-puerto-de-veracruz-veracruz-31429986,"MN 800,000",800000.0,MN,0.0,90 m² lote | 3 rec. | 2 baños | 1 estac.,90.0,90.0,3,2,1,26 años,AV DEL FUERTE #32,"Puerto de Veracruz, Veracruz, Veracruz de Ignacio de la Llave","AV DEL FUERTE #32, Col. Puerto de Veracruz C.P. 91709, Veracruz",,19.1954273,-96.1932226,2026-06-15T19:51:31.892366,2026-06-15T19:51:31.892366
https://propiedades.com/inmuebles/casa-en-venta-maruca-del-puerto-rementeria-325-villa-rica-2-veracruz-31430006,"MN 600,000",600000.0,MN,0.0,68 m² lote | 2 rec. | 2 baños | 1 estac.,68.0,68.0,2,2,1,8 años,MARUCA DEL PUERTO REMENTERIA #325,"Villa Rica 2, Veracruz, Veracruz de Ignacio de la Llave","MARUCA DEL PUERTO REMENTERIA #325, Col. Villa Rica 2 C.P. 91800, Veracruz",,19.2113359,-96.1661554,2026-06-15T19:51:31.897089,2026-06-15T19:51:31.897089
https://propiedades.com/inmuebles/casa-en-venta-paso-y-troncoso-1035-veracruz-centro-veracruz-5813861,"MXN 2,500,000",2500000.0,MXN,0.0,180 m² const. | 2 rec. | 1 baños,180.0,180.0,2,1,0,A estrenar,Paso y troncoso #1035,"Veracruz Centro, Veracruz, Veracruz de Ignacio de la Llave","Paso y troncoso #1035, Col. Veracruz Centro C.P. 91700, Veracruz",,19.189537,-96.1394441,2026-06-15T19:51:31.901113,2026-06-27T14:51:09.762849
https://propiedades.com/inmuebles/casa-en-venta-coral-258-dorado-real-veracruz-30975563,"MXN 1,180,000",1180000.0,MXN,0.0,95 m² const. | 3 rec. | 1 baños,95.0,95.0,3,1,1,3 meses en Propiedades.com,Coral #258,"Dorado Real, Veracruz, Veracruz de Ignacio de la Llave","Coral #258, Col. Dorado Real C.P. 91698, Veracruz",,19.1628672,-96.2235114,2026-06-15T19:51:31.905176,2026-06-27T14:47:24.859940
https://propiedades.com/inmuebles/casa-en-venta-av-constituyentes-ortiz-rubio-veracruz-ver-pascual-ortiz-rubio-veracruz-30347518,"MXN 5,250,000",5250000.0,MXN,0.0,370 m² const. | 3 rec. | 4 baños,370.0,370.0,3,4,0,9 meses en Propiedades.com,Av Constituyentes,"Pascual Ortiz Rubio, Veracruz, Veracruz de Ignacio de la Llave","Av Constituyentes, Ortiz Rubio, Veracruz, Ver., Col. Pascual Ortiz Rubio C.P. 91750, Veracruz",Alberca | Aire acondicionado,19.1761871,-96.1404072,2026-06-15T19:51:31.909496,2026-06-27T14:47:51.248625
https://propiedades.com/inmuebles/casa-en-venta-negrete-00-ignacio-zaragoza-veracruz-31440318,"MXN 6,500,000",6500000.0,MXN,0.0,436 m² const. | 5 rec. | 4 baños | 5 estac.,436.0,436.0,5,4,5,21 años,Negrete #00,"Ignacio Zaragoza, Veracruz, Veracruz de Ignacio de la Llave","Negrete #00, Col. Ignacio Zaragoza C.P. 91910, Veracruz",,19.1780491,-96.1288426,2026-06-15T19:51:31.913065,2026-06-27T14:46:34.101006
https://propiedades.com/inmuebles/casa-en-venta-fresno-33-floresta-veracruz-31086930,"MXN 1,250,000",1250000.0,MXN,0.0,300 m² const. | 4 rec. | 3 baños,300.0,300.0,4,3,0,A estrenar,Fresno #33,"Floresta, Veracruz, Veracruz de Ignacio de la Llave","Fresno #33, Col. Floresta C.P. 91940, Veracruz",,19.1556264,-96.1354683,2026-06-15T19:51:31.916934,2026-06-27T14:49:06.212523
https://propiedades.com/inmuebles/casa-en-venta-columna-residencial-campanario-91808-veracruz-ver-residencial-el-campanario-veracruz-30887812,"MXN 950,000",950000.0,MXN,0.0,200 m² const. | 3 rec. | 2 baños,200.0,200.0,3,2,0,10 años,Columna,"Residencial El Campanario, Veracruz, Veracruz de Ignacio de la Llave","Columna, Residencial Campanario, 91808 Veracruz, Ver., Col. Residencial El Campanario C.P. 91808, Veracruz",Aire acondicionado | Terraza,19.2092371,-96.219701,2026-06-15T19:51:31.921505,2026-06-27T14:48:42.960498
https://propiedades.com/inmuebles/casa-en-venta-sin-nombre-de-calle-colinas-de-santa-fe-veracruz-30497494,"MXN 870,000",870000.0,MXN,0.0,85 m² const. | 3 rec. | 2 baños | 2 estac.,85.0,85.0,3,2,2,A estrenar,Sin nombre de calle,"Colinas de Santa Fe, Veracruz, Veracruz de Ignacio de la Llave","Sin nombre de calle, Col. Colinas de Santa Fe C.P. 91808, Veracruz",Aire acondicionado,19.1796098,-96.2501104,2026-06-15T19:51:31.925971,2026-06-27T14:51:09.762969
https://propiedades.com/inmuebles/casa-en-venta-venustiano-carranza-175-tejeria-veracruz-29463845,"MXN 2,450,000",2450000.0,MXN,0.0,188 m² const. | 4 rec.,188.0,188.0,4,0,0,A estrenar,Venustiano Carranza 175,"Tejería, Veracruz, Veracruz de Ignacio de la Llave","Venustiano Carranza 175, Col. Tejería C.P. 91697, Veracruz",,19.1706,-96.2245,2026-06-15T19:51:31.930490,2026-06-27T14:53:17.600193
https://propiedades.com/inmuebles/casa-en-venta-sin-nombre-de-calle-no-ricardo-flores-magon-veracruz-25675555,"MXN 4,400,000",4400000.0,MXN,0.0,300 m² const. | 4 rec. | 4 baños,300.0,300.0,4,4,0,26 años,Sin nombre de calle #noInt. no,"Ricardo Flores Magón, Veracruz, Veracruz de Ignacio de la Llave","Sin nombre de calle #noInt. no, Col. Ricardo Flores Magón C.P. 91900, Veracruz",Alberca,19.1914151,-96.1275175,2026-06-15T19:51:31.933956,2026-06-27T14:49:31.042725
https://propiedades.com/inmuebles/casa-en-venta-cardenal-2442-veracruz-centro-veracruz-31430004,"MN 500,000",500000.0,MN,0.0,60 m² lote | 2 rec. | 1 baños | 1 estac.,60.0,60.0,2,1,1,13 años,CARDENAL #2442,"Veracruz Centro, Veracruz, Veracruz de Ignacio de la Llave","CARDENAL #2442, Col. Veracruz Centro C.P. 91700, Veracruz",,19.189537,-96.1394441,2026-06-15T19:51:31.937557,2026-06-15T19:51:31.937557
https://propiedades.com/inmuebles/casa-en-venta-c-bugambiliasresid-del-bosque-cond-verdillo-veracruzver-sn-residencial-del-bosque-segunda-seccion-veracruz-31085346,"MXN 959,000",959000.0,MXN,0.0,68 m² const. | 2 rec. | 2 baños,68.0,68.0,2,2,0,5 años,C. Bugambilias-Resid del Bosque,"Residencial del Bosque Segunda Sección, Veracruz, Veracruz de Ignacio de la Llave","C. Bugambilias-Resid del Bosque, Cond Verdillo, Veracruz,Ver #s/n, Col. Residencial del Bosque Segunda Sección C.P. 91697, Veracruz",Alberca | Seguridad privada | Aire acondicionado,19.13977003846812,-96.21508007128907,2026-06-15T19:51:31.941324,2026-06-27T14:44:27.981095
https://propiedades.com/inmuebles/casa-en-venta-av-santa-fe-paseo-de-las-palmas-veracruz-31022840,"MXN 1,250,000",1250000.0,MXN,0.0,60 m² const. | 2 rec.,60.0,60.0,2,0,0,A estrenar,Av Santa Fe,"Paseo de las Palmas, Veracruz, Veracruz de Ignacio de la Llave","Av Santa Fe, Col. Paseo de las Palmas C.P. 91697, Veracruz",Seguridad privada,19.1505364,-96.2319534,2026-06-15T19:51:31.944923,2026-06-27T14:53:17.600169
https://propiedades.com/inmuebles/casa-en-venta-sin-nombre-de-calle-no-reforma-veracruz-25043627,"MXN 7,490,000",7490000.0,MXN,0.0,358 m² const. | 3 rec. | 3 baños,358.0,358.0,3,3,0,A estrenar,Sin nombre de calle #noInt. no,"Reforma, Veracruz, Veracruz de Ignacio de la Llave","Sin nombre de calle #noInt. no, Col. Reforma C.P. 91919, Veracruz",,19.1707806,-96.1248675,2026-06-15T19:51:31.949486,2026-06-27T14:47:51.248607
https://propiedades.com/inmuebles/casa-en-venta-fraccionamiento-laureles-laureles-veracruz-28178237,"MXN 1,150,000",1150000.0,MXN,0.0,103 m² const. | 3 rec.,103.0,103.0,3,0,0,A estrenar,Fraccionamiento Laureles,"Laureles, Veracruz, Veracruz de Ignacio de la Llave","Fraccionamiento Laureles, Col. Laureles C.P. 91777, Veracruz",,19.1462825,-96.1614075,2026-06-15T19:51:31.954934,2026-06-27T14:53:17.600183
https://propiedades.com/inmuebles/casa-en-venta-sin-nombre-de-calle-no-tecnologico-veracruz-23646950,"MXN 3,350,000",3350000.0,MXN,0.0,200 m² const. | 3 rec. | 2 baños,200.0,200.0,3,2,0,9 años,Sin nombre de calle #no,"Tecnológico, Veracruz, Veracruz de Ignacio de la Llave","Sin nombre de calle #no, Col. Tecnológico C.P. 91870, Veracruz",,19.2141049,-96.1682762,2026-06-15T19:51:31.960001,2026-06-27T14:48:17.092664
https://propiedades.com/inmuebles/casa-en-venta-quetzal-sn-residencial-del-bosque-veracruz-31064429,"MXN 1,978,000",1978000.0,MXN,0.0,145 m² const. | 4 rec. | 3 baños,145.0,145.0,4,3,0,2 meses en Propiedades.com,QUETZAL  #s/n,"Residencial del Bosque, Veracruz, Veracruz de Ignacio de la Llave","QUETZAL  #s/n, Col. Residencial del Bosque C.P. 91697, Veracruz",Aire acondicionado | Terraza,19.1715915,-96.2205632,2026-06-15T19:51:31.964562,2026-06-27T14:50:45.531629
https://propiedades.com/inmuebles/casa-en-venta-central-sn-las-amapolas-veracruz-30372561,"MXN 1,290,000",1290000.0,MXN,0.0,90 m² const. | 3 rec. | 1 baños,90.0,90.0,3,1,0,20 años,CENTRAL #SN,"Las Amapolas, Veracruz, Veracruz de Ignacio de la Llave","CENTRAL #SN, Col. Las Amapolas C.P. 91698, Veracruz",,19.153673299999998,-96.1938055,2026-06-15T19:51:31.968818,2026-06-27T14:50:45.531435
https://www.propiedades.com/inmuebles/casa-en-venta-sin-nombre-de-calle-pueblos-magicos-veracruz-27136768,"MXN 850,000",850000.0,MXN,0.0,82 m² const. | 3 rec. | 2 baños | 2 estac.,82.0,82.0,3,2,2,A estrenar,Sin nombre de calle,"Pueblos Mágicos, Veracruz, Veracruz de Ignacio de la Llave","Sin nombre de calle, Col. Pueblos Mágicos C.P. 91726, Veracruz",Alberca | Seguridad privada | Cisterna,19.1607982,-96.1939275,2026-06-15T19:51:31.979391,2026-06-27T14:51:09.762879
https://propiedades.com/inmuebles/casa-en-venta-av-cabo-romain-91809-veracruz-ver-sn-lomas-de-rio-medio-iii-veracruz-30289227,"MXN 1,300,000",1300000.0,MXN,0.0,144 m² const. | 3 rec. | 3 baños,144.0,144.0,3,3,0,10 meses en Propiedades.com,Av Cabo Romain,"Lomas de Rio Medio III, Veracruz, Veracruz de Ignacio de la Llave","Av Cabo Romain, 91809 Veracruz, Ver. #s/n, Col. Lomas de Rio Medio III C.P. 91809, Veracruz",Aire acondicionado | Cisterna | Terraza,19.200014,-96.2027263,2026-06-15T19:51:31.986675,2026-06-27T14:50:18.870520
https://propiedades.com/inmuebles/casa-en-venta-las-aguilas-laguna-real-veracruz-30106862,"MXN 1,100,000",1100000.0,MXN,0.0,68 m² const. | 2 rec. | 1 baños,68.0,68.0,2,1,1,11 meses en Propiedades.com,las aguilas,"Laguna Real, Veracruz, Veracruz de Ignacio de la Llave","las aguilas, Col. Laguna Real C.P. 91790, Veracruz",Aire acondicionado | Cisterna,19.149087,-96.1540241,2026-06-15T19:51:31.993692,2026-06-27T14:49:54.439827
https://www.propiedades.com/inmuebles/casa-en-venta-circuito-zaria-1-alika-veracruz-30620034,"MXN 850,000",850000.0,MXN,0.0,70 m² const. | 2 rec. | 1 baños | 1 estac.,70.0,70.0,2,1,1,26 años,Circuito Zaria #1,"Álika, Veracruz, Veracruz de Ignacio de la Llave","Circuito Zaria #1, Col. Álika C.P. 91808, Veracruz",Seguridad privada | Cisterna | Terraza,19.2177975,-96.2313242,2026-06-15T19:51:32.000013,2026-06-27T14:49:54.439888
https://propiedades.com/inmuebles/casa-en-venta-siglo-xxi-veracruz-31012290,"MXN 1,300,000",1300000.0,MXN,0.0,110 m² const. | 4 rec. | 2 baños,110.0,110.0,4,2,0,A estrenar,,"Siglo XXI, Veracruz, Veracruz de Ignacio de la Llave"," , Col. Siglo XXI C.P. 91777, Veracruz",,19.1547294,-96.1680674,2026-06-15T19:51:32.007220,2026-06-27T14:48:42.960508
https://propiedades.com/inmuebles/casa-en-venta-tetlelpa-442-palma-real-veracruz-31430009,"MN 550,000",550000.0,MN,0.0,67 m² lote | 2 rec. | 2 baños | 1 estac.,67.0,67.0,2,2,1,13 años,TETLELPA #442,"Palma Real, Veracruz, Veracruz de Ignacio de la Llave","TETLELPA #442, Col. Palma Real C.P. 91826, Veracruz",,19.1957054,-96.1847084,2026-06-15T19:51:32.011843,2026-06-15T19:51:32.011843
https://propiedades.com/inmuebles/casa-en-venta-condominio-popular-21-de-abril-veracruz-30965611,"MXN 1,050,000",1050000.0,MXN,0.0,51 m² const. | 1 rec.,51.0,51.0,1,0,0,A estrenar,CONDOMINIO POPULAR,"21 de Abril, Veracruz, Veracruz de Ignacio de la Llave","CONDOMINIO POPULAR, Col. 21 de Abril C.P. 91720, Veracruz",,19.1871,-96.1482,2026-06-15T19:51:32.019261,2026-06-27T14:53:17.600206
https://propiedades.com/inmuebles/casa-en-venta-av-el-fuerte-32-puerto-de-veracruz-veracruz-31452890,"MN 800,000",800000.0,MN,0.0,90 m² lote | 3 rec. | 1 baños | 1 estac.,90.0,90.0,3,1,1,2025 años,AV EL FUERTE #32,"Puerto de Veracruz, Veracruz, Veracruz de Ignacio de la Llave","AV EL FUERTE #32, Col. Puerto de Veracruz C.P. 91709, Veracruz",,19.1954273,-96.1932226,2026-06-15T19:51:32.025066,2026-06-15T19:51:32.025066
https://propiedades.com/inmuebles/casa-en-venta-tetlalpa-422-palma-real-veracruz-31452818,"MN 550,000",550000.0,MN,0.0,67 m² lote | 2 rec. | 1 baños | 1 estac.,67.0,67.0,2,1,1,2025 años,TETLALPA #422,"Palma Real, Veracruz, Veracruz de Ignacio de la Llave","TETLALPA #422, Col. Palma Real C.P. 91826, Veracruz",,19.1957054,-96.1847084,2026-06-15T19:51:32.030544,2026-06-15T19:51:32.030544
https://propiedades.com/inmuebles/casa-en-venta-sin-nombre-de-calle-coyol-zona-c-veracruz-29280317,"MXN 2,500,000",2500000.0,MXN,0.0,250 m² const. | 3 rec. | 4 baños | 1 estac.,250.0,250.0,3,4,1,A estrenar,Sin nombre de calle,"Coyol Zona C, Veracruz, Veracruz de Ignacio de la Llave","Sin nombre de calle, Col. Coyol Zona C C.P. 91779, Veracruz",,19.1688682,-96.1599897,2026-06-15T19:51:32.038994,2026-06-27T14:49:31.042701
https://propiedades.com/inmuebles/casa-en-venta-maruca-del-puerto-325-villa-rica-2-veracruz-31452815,"MN 600,000",600000.0,MN,0.0,68 m² lote | 2 rec. | 1 baños | 2 estac.,68.0,68.0,2,1,2,2025 años,maruca del puerto #325,"Villa Rica 2, Veracruz, Veracruz de Ignacio de la Llave","maruca del puerto #325 , Col. Villa Rica 2 C.P. 91800, Veracruz",,19.2113359,-96.1661554,2026-06-15T19:51:32.043409,2026-06-15T19:51:32.043409
https://propiedades.com/inmuebles/casa-en-venta-floresta-veracruz-30808090,"MXN 3,100,000",3100000.0,MXN,0.0,200 m² const. | 4 rec. | 2 baños,200.0,200.0,4,2,0,A estrenar,,"Floresta, Veracruz, Veracruz de Ignacio de la Llave"," , Col. Floresta C.P. 91940, Veracruz",,19.1525884,-96.1403375,2026-06-15T19:51:32.047864,2026-06-27T14:49:31.042744
https://propiedades.com/inmuebles/casa-en-venta-av-sta-catalina-91808-colinas-de-santa-fe-ver-sn-colinas-de-santa-fe-veracruz-30890309,"MXN 700,000",700000.0,MXN,0.0,38 m² const. | 1 rec. | 1 baños,38.0,38.0,1,1,0,13 años,Av Sta Catalina,"Colinas de Santa Fe, Veracruz, Veracruz de Ignacio de la Llave","Av Sta Catalina, 91808 Colinas de Santa Fe, Ver. #S/N, Col. Colinas de Santa Fe C.P. 91808, Veracruz",,19.1796098,-96.2501104,2026-06-15T19:51:32.052384,2026-06-27T14:50:18.870552
https://propiedades.com/inmuebles/casa-en-venta-gaviotas-geovillas-los-pinos-veracruz-30106849,"MXN 990,000",990000.0,MXN,0.0,68 m² const. | 2 rec. | 2 baños,68.0,68.0,2,2,0,11 meses en Propiedades.com,gaviotas,"Geovillas los Pinos, Veracruz, Veracruz de Ignacio de la Llave","gaviotas, Col. Geovillas los Pinos C.P. 91808, Veracruz",Cisterna,19.2147592,-96.2256491,2026-06-15T19:51:32.057184,2026-06-27T14:50:45.531792
https://propiedades.com/inmuebles/casa-en-venta-av-5-3704-nuevo-veracruz-veracruz-31452891,"MN 1,280,000",1280000.0,MN,0.0,180 m² lote | 3 rec. | 2 baños | 3 estac.,180.0,180.0,3,2,3,2025 años,AV 5 #3704,"Nuevo Veracruz, Veracruz, Veracruz de Ignacio de la Llave","AV 5 #3704, Col. Nuevo Veracruz C.P. 91726, Veracruz",,19.2183897,-96.1729171,2026-06-15T19:51:32.062305,2026-06-15T19:51:32.062305
https://propiedades.com/inmuebles/casa-en-venta-uxmal-y-tikal-casas-diaz-91777-veracruz-ver-siglo-xxi-veracruz-31019609,"MXN 1,650,000",1650000.0,MXN,0.0,200 m² const. | 3 rec. | 2 baños,109.0,200.0,3,2,2,15 años,Uxmal y tikal,"Siglo XXI, Veracruz, Veracruz de Ignacio de la Llave","Uxmal y tikal, casas diaz, 91777 Veracruz, Ver., Col. Siglo XXI C.P. 91777, Veracruz",,19.1555033,-96.1613155,2026-06-15T19:51:32.066297,2026-06-27T14:49:54.439849
https://propiedades.com/inmuebles/casa-en-venta-rio-ricabo-sn-lomas-de-rio-medio-cuatro-veracruz-30879630,"MXN 980,000",980000.0,MXN,0.0,90 m² const. | 2 rec. | 1 baños,90.0,90.0,2,1,0,1 años,Río Ricabo #s/n,"Lomas de Río Medio Cuatro, Veracruz, Veracruz de Ignacio de la Llave","Río Ricabo #s/n, Col. Lomas de Río Medio Cuatro C.P. 91808, Veracruz",Aire acondicionado,19.18555407358697,-96.2096543339881,2026-06-15T19:51:32.071585,2026-06-27T14:50:45.531760
https://propiedades.com/inmuebles/casa-en-venta-berriozabal-formando-hogar-veracruz-30106869,"MXN 2,000,000",2000000.0,MXN,0.0,197 m² const. | 4 rec. | 2 baños,197.0,197.0,4,2,0,11 meses en Propiedades.com,BERRIOZABAL,"Formando Hogar, Veracruz, Veracruz de Ignacio de la Llave","BERRIOZABAL, Col. Formando Hogar C.P. 91897, Veracruz",Cisterna,19.202282399999998,-96.1566754,2026-06-15T19:51:32.075893,2026-06-27T14:50:18.870503
https://propiedades.com/inmuebles/casa-en-venta-playa-nizuc-580-playa-linda-veracruz-30318999,"MXN 850,000",850000.0,MXN,0.0,96 m² const. | 2 rec. | 2 baños,96.0,96.0,2,2,0,25 años,Playa Nizúc #580,"Playa Linda, Veracruz, Veracruz de Ignacio de la Llave","Playa Nizúc #580, Col. Playa Linda C.P. 91810, Veracruz",Aire acondicionado | Cisterna,19.213501,-96.1752377,2026-06-15T19:51:32.080480,2026-06-27T14:48:42.960533
https://propiedades.com/inmuebles/casa-en-venta-privada-gitana-hacienda-sotavento-veracruz-29912534,"MXN 850,000",850000.0,MXN,0.0,78 m² const. | 3 rec.,78.0,78.0,3,0,0,A estrenar,Privada Gitana,"Hacienda Sotavento, Veracruz, Veracruz de Ignacio de la Llave","Privada Gitana, Col. Hacienda Sotavento C.P. 91698, Veracruz",,19.1250902,-96.184084,2026-06-15T19:51:32.084704,2026-06-27T14:53:17.600176
https://propiedades.com/inmuebles/casa-en-venta-sin-nombre-de-calle-no-reforma-veracruz-29774362,"MXN 5,990,000",5990000.0,MXN,0.0,280 m² const. | 3 rec. | 4 baños,280.0,280.0,3,4,0,26 años,Sin nombre de calle #No,"Reforma, Veracruz, Veracruz de Ignacio de la Llave","Sin nombre de calle #No, Col. Reforma C.P. 91919, Veracruz",,19.1707806,-96.1248675,2026-06-15T19:51:32.090031,2026-06-27T14:47:24.859922
https://propiedades.com/inmuebles/casa-en-venta-pinguino-101-siglo-xxi-veracruz-30277705,"MXN 1,299,000",1299000.0,MXN,0.0,80 m² const. | 3 rec. | 1 baños,80.0,80.0,3,1,0,20 años,PINGUINO #101,"Siglo XXI, Veracruz, Veracruz de Ignacio de la Llave","PINGUINO #101, Col. Siglo XXI C.P. 91777, Veracruz",,19.1555033,-96.1613155,2026-06-15T19:51:32.095269,2026-06-27T14:50:18.870559
https://propiedades.com/inmuebles/casa-en-venta-calle-23-de-noviembre-312-ignacio-zaragoza-veracruz-29121416,"MXN 8,500,000",8500000.0,MXN,0.0,330 m² const. | 3 rec. | 4 baños | 2 estac.,330.0,330.0,3,4,2,A estrenar,calle 23 de noviembre #312Int. 16,"Ignacio Zaragoza, Veracruz, Veracruz de Ignacio de la Llave","calle 23 de noviembre #312Int. 16, Col. Ignacio Zaragoza C.P. 91910, Veracruz",,19.1780491,-96.1288426,2026-06-15T19:51:32.100370,2026-06-27T14:51:34.579529
https://propiedades.com/inmuebles/casa-en-venta-reforma-veracruz-30610053,"MXN 5,800,000",5800000.0,MXN,0.0,325 m² const. | 3 rec. | 4 baños,325.0,325.0,3,4,0,A estrenar,,"Reforma, Veracruz, Veracruz de Ignacio de la Llave"," , Col. Reforma C.P. 91919, Veracruz",,19.1725615,-96.1262546,2026-06-15T19:51:32.104954,2026-06-27T14:48:42.960472
https://propiedades.com/inmuebles/casa-en-venta-sin-nombre-de-calle-siglo-xxi-veracruz-30447832,"MXN 1,394,000",1394000.0,MXN,0.0,115 m² const. | 4 rec. | 3 baños | 1 estac.,115.0,115.0,4,3,1,2006 años,Sin nombre de calle,"Siglo XXI, Veracruz, Veracruz de Ignacio de la Llave","Sin nombre de calle, Col. Siglo XXI C.P. 91777, Veracruz",,19.1555033,-96.1613155,2026-06-15T19:51:32.109838,2026-06-27T14:48:17.092427
https://propiedades.com/inmuebles/casa-en-venta-sin-nombre-de-calle-geovillas-del-puerto-veracruz-30532819,"MXN 1,750,000",1750000.0,MXN,0.0,90 m² const. | 3 rec. | 2 baños,90.0,90.0,3,2,0,2016 años,Sin nombre de calle,"Geovillas Del Puerto, Veracruz, Veracruz de Ignacio de la Llave","Sin nombre de calle, Col. Geovillas Del Puerto C.P. 91777, Veracruz",,19.1516924,-96.16463,2026-06-15T19:52:11.783486,2026-06-27T14:53:17.600095
https://propiedades.com/inmuebles/casa-en-venta-paricutin-32-los-volcanes-veracruz-30319001,"MXN 550,000",550000.0,MXN,0.0,67 m² const. | 3 rec. | 3 baños,67.0,67.0,3,3,0,25 años,Paricutín #32,"Los Volcanes, Veracruz, Veracruz de Ignacio de la Llave","Paricutín #32, Col. Los Volcanes C.P. 91727, Veracruz",,19.1755508,-96.1593269,2026-06-15T19:52:11.790710,2026-06-27T14:52:27.931242
https://propiedades.com/inmuebles/casa-en-venta-sin-nombre-de-calle-reforma-veracruz-29899871,"MXN 6,100,000",6100000.0,MXN,0.0,250 m² const. | 4 rec. | 2 baños,250.0,250.0,4,2,0,A estrenar,Sin nombre de calle,"Reforma, Veracruz, Veracruz de Ignacio de la Llave","Sin nombre de calle, Col. Reforma C.P. 91919, Veracruz",Seguridad privada,19.1707806,-96.1248675,2026-06-15T19:52:11.800325,2026-06-27T14:52:52.410039
https://propiedades.com/inmuebles/casa-en-venta-sin-nombre-de-calle-infonavit-las-brisas-veracruz-30532821,"MXN 870,000",870000.0,MXN,0.0,60 m² const. | 2 rec. | 1 baños,60.0,60.0,2,1,0,A estrenar,Sin nombre de calle,"INFONAVIT las Brisas, Veracruz, Veracruz de Ignacio de la Llave","Sin nombre de calle, Col. INFONAVIT las Brisas C.P. 91809, Veracruz",Seguridad privada,19.2053346,-96.1816748,2026-06-15T19:52:11.807375,2026-06-27T14:52:01.230602
https://propiedades.com/inmuebles/casa-en-venta-gobi-83-oasis-veracruz-30532820,"MXN 690,000",690000.0,MXN,0.0,60 m² const. | 2 rec. | 1 baños,60.0,60.0,2,1,0,A estrenar,Gobi #83,"Oasis, Veracruz, Veracruz de Ignacio de la Llave","Gobi #83, Col. Oasis C.P. 91808, Veracruz",,19.202902776,-96.217789263,2026-06-15T19:52:11.812830,2026-06-27T14:53:17.600066
https://propiedades.com/inmuebles/casa-en-venta-calle-isabel-la-catolica-892-reforma-veracruz-30884222,"MN 2,000,000",2000000.0,MN,0.0,250 m² lote | 3 rec. | 1 baños,250.0,250.0,3,1,0,30 años,Calle Isabel La Católica #892,"Reforma, Veracruz, Veracruz de Ignacio de la Llave","Calle Isabel La Católica #892, Col. Reforma C.P. 91919, Veracruz",Terraza,19.1669406676881,-96.12701208742571,2026-06-15T19:52:11.819268,2026-06-15T19:52:11.819268
https://propiedades.com/inmuebles/casa-en-venta-cto-11-fraccionamiento-geovillas-los-pinos-geovillas-los-pinos-91808-veracruz-ver-geovillas-los-pinos-veracruz-30890303,"MXN 680,000",680000.0,MXN,0.0,36 m² const. | 1 rec. | 1 baños,36.0,36.0,1,1,0,18 años,Cto. 11,"Geovillas los Pinos, Veracruz, Veracruz de Ignacio de la Llave","Cto. 11, Fraccionamiento Geovillas los Pinos, GeoVillas Los Pinos, 91808 Veracruz, Ver., Col. Geovillas los Pinos C.P. 91808, Veracruz",,19.2141159,-96.2277558,2026-06-15T19:52:11.824721,2026-06-27T14:53:17.600077
https://propiedades.com/inmuebles/casa-en-venta-av-pino-suarez-formando-hogar-veracruz-ver-321-formando-hogar-veracruz-31034873,"MXN 1,600,000",1600000.0,MXN,0.0,96 m² const. | 3 rec. | 2 baños,109.0,96.0,3,2,1,10 años,Av Pino Suárez,"Formando Hogar, Veracruz, Veracruz de Ignacio de la Llave","Av Pino Suárez, Formando Hogar, Veracruz, Ver. #321, Col. Formando Hogar C.P. 91897, Veracruz",,19.2022824,-96.1566754,2026-06-15T19:52:11.829507,2026-06-27T14:52:27.931219
https://propiedades.com/inmuebles/casa-en-venta-sin-nombre-de-calle-los-pinos-veracruz-28871819,"MXN 2,200,000",2200000.0,MXN,0.0,171 m² const. | 4 rec. | 2 baños | 3 estac.,171.0,171.0,4,2,3,A estrenar,Sin nombre de calle,"Los Pinos, Veracruz, Veracruz de Ignacio de la Llave","Sin nombre de calle, Col. Los Pinos C.P. 91870, Veracruz",,19.2080254,-96.1619784,2026-06-15T19:52:11.834279,2026-06-27T14:52:52.410069
https://propiedades.com/inmuebles/casa-en-venta-veracruz-bosques-de-tarimoya-veracruz-31125945,"MXN 747,000",747000.0,MXN,0.0,83 m² const. | 2 rec. | 1 baños,83.0,83.0,2,1,0,15 años,Veracruz,"Bosques de Tarimoya, Veracruz, Veracruz de Ignacio de la Llave","Veracruz, Col. Bosques de Tarimoya C.P. 91855, Veracruz",,19.1893859,-96.18239760000002,2026-06-15T19:52:11.840265,2026-06-27T14:43:36.382552
https://propiedades.com/inmuebles/casa-en-venta-c-6-loma-de-tarimoya-tarimoya-91717-veracruz-ver-sn-ejido-tarimoya-veracruz-30624038,"MXN 1,750,000",1750000.0,MXN,0.0,95 m² const. | 3 rec. | 2 baños,95.0,95.0,3,2,0,5 años,C. 6,"Ejido Tarimoya, Veracruz, Veracruz de Ignacio de la Llave","C. 6, Loma de Tarimoya, Tarimoya, 91717 Veracruz, Ver. #SN, Col. Ejido Tarimoya C.P. 91855, Veracruz",,19.196409124405655,-96.18110218731077,2026-06-15T19:52:11.845012,2026-06-27T14:43:12.614980
https://propiedades.com/inmuebles/casa-en-venta-av-juan-de-dios-peza-106-ignacio-zaragoza-91910-veracruz-ver-106-ignacio-zaragoza-veracruz-30361546,"MXN 4,600,000",4600000.0,MXN,0.0,274 m² const. | 5 rec. | 3 baños,274.0,274.0,5,3,0,40 años,Av Juan de Dios Peza 106,"Ignacio Zaragoza, Veracruz, Veracruz de Ignacio de la Llave","Av Juan de Dios Peza 106, Ignacio Zaragoza, 91910 Veracruz, Ver. #106, Col. Ignacio Zaragoza C.P. 91910, Veracruz",,19.1799192,-96.12748309999999,2026-06-15T19:52:11.852103,2026-06-27T14:43:12.615078
https://propiedades.com/inmuebles/casa-en-venta-soberania-12-miguel-hidalgo-veracruz-30624056,"MXN 1,750,000",1750000.0,MXN,0.0,95 m² const. | 3 rec. | 2 baños,95.0,95.0,3,2,0,10 años,Soberanía #12,"Miguel Hidalgo, Veracruz, Veracruz de Ignacio de la Llave","Soberanía #12, Col. Miguel Hidalgo C.P. 91712, Veracruz",Cisterna,19.1968409,-96.1402584,2026-06-15T19:52:11.858198,2026-06-27T14:43:12.615224
https://propiedades.com/inmuebles/casa-en-venta-veracruz-lomas-del-rio-medio-veracruz-31080462,"MXN 1,500,000",1500000.0,MXN,0.0,125 m² const. | 3 rec. | 3 baños,125.0,125.0,3,3,0,1 años,Veracruz,"Lomas Del Rio Medio, Veracruz, Veracruz de Ignacio de la Llave","Veracruz, Col. Lomas Del Rio Medio C.P. 91809, Veracruz",,19.2053408,-96.1977851,2026-06-15T19:52:11.863321,2026-06-27T14:43:12.615161
https://propiedades.com/inmuebles/casa-en-venta-valente-diaz-veracruz-28902776,"MXN 1,501,500",1501500.0,MXN,0.0,95 m² const. | 3 rec. | 2 baños,95.0,95.0,3,2,0,A estrenar,,"Valente Diaz, Veracruz, Veracruz de Ignacio de la Llave"," , Col. Valente Diaz C.P. 91725, Veracruz",,19.1503499257,-96.2148906062,2026-06-15T19:52:11.868536,2026-06-27T14:43:12.615127
https://propiedades.com/inmuebles/casa-en-venta-av-arenas-342-ampliacion-cuauhtemoc-veracruz-28539030,"MXN 750,000",750000.0,MXN,0.0,85 m² const. | 3 rec. | 1 baños,85.0,85.0,3,1,0,16 años,AV ARENAS 342,"Ampliación Cuauhtémoc, Veracruz, Veracruz de Ignacio de la Llave","AV ARENAS 342, Col. Ampliación Cuauhtémoc C.P. 91790, Veracruz",Seguridad privada | Terraza,19.194643,-96.1516468,2026-06-15T19:52:11.875438,2026-06-27T14:43:12.615017
https://propiedades.com/inmuebles/casa-en-venta-nautla-161-miguel-aleman-91898-veracruz-ver-161-miguel-aleman-veracruz-30507307,"MXN 630,000",630000.0,MXN,0.0,232 m² const. | 4 rec. | 3 baños,232.0,232.0,4,3,0,15 años,Nautla 161,"Miguel Alemán, Veracruz, Veracruz de Ignacio de la Llave","Nautla 161, Miguel Alemán, 91898 Veracruz, Ver. #161, Col. Miguel Alemán C.P. 91898, Veracruz",Cisterna,19.206732199999998,-96.1537135,2026-06-15T19:52:11.880631,2026-06-27T14:43:12.615174
https://propiedades.com/inmuebles/casa-en-venta-calle-barandillas-mzn-1-lt1-fracc-privanzas-carretera-a-2-lomas-col-tejeria-veracruz-tejeria-veracruz-30758835,"MXN 720,000",720000.0,MXN,0.0,49 m² const. | 2 rec. | 1 baños | 1 estac.,49.0,49.0,2,1,1,1 años,Calle Barandillas,"Tejería, Veracruz, Veracruz de Ignacio de la Llave","Calle Barandillas, Mzn. 1 Lt.1, Fracc. Privanzas, Carretera A 2 Lomas, Col. Tejería, Veracruz, Col. Tejería C.P. 91697, Veracruz",,20.441184,-97.3269982,2026-06-15T19:52:11.886426,2026-06-27T14:42:48.434028
https://propiedades.com/inmuebles/casa-en-venta-retorno-mayorazgo-105-105-la-querencia-residencial-veracruz-29894883,"MXN 467,000",467000.0,MXN,0.0,70 m² const. | 2 rec. | 1 baños,70.0,70.0,2,1,0,14 años,Retorno Mayorazgo 105 #105,"La Querencia Residencial, Veracruz, Veracruz de Ignacio de la Llave","Retorno Mayorazgo 105 #105, Col. La Querencia Residencial C.P. 91697, Veracruz",,19.152263899999998,-96.22187799999999,2026-06-15T19:52:11.892132,2026-06-27T14:43:12.615208
https://propiedades.com/inmuebles/casa-en-venta-rio-papagayo-114-lomas-de-rio-medio-ii-veracruz-29008212,"MXN 575,000",575000.0,MXN,0.0,96 m² const. | 3 rec. | 1 baños,96.0,96.0,3,1,0,18 años,Río Papagayo #114,"Lomas de Rio Medio II, Veracruz, Veracruz de Ignacio de la Llave","Río Papagayo #114, Col. Lomas de Rio Medio II C.P. 91809, Veracruz",,19.208803419459517,-96.19843577619628,2026-06-15T19:52:11.897516,2026-06-27T14:43:12.615140
https://propiedades.com/inmuebles/casa-en-venta-crystal-lagoons-veracruz-91699-ver-sn-puerta-paraiso-veracruz-30693898,"MXN 1,590,000",1590000.0,MXN,0.0,3 rec. | 2 baños,,,3,2,0,5 meses en Propiedades.com,Crystal Lagoons Veracruz,"Puerta Paraíso, Veracruz, Veracruz de Ignacio de la Llave","Crystal Lagoons Veracruz, 91699 Ver. #s/n, Col. Puerta Paraíso C.P. 91699, Veracruz",Aire acondicionado | Terraza,19.130795199999998,-96.1699336,2026-06-15T19:52:11.904493,2026-06-27T14:43:12.615179
https://propiedades.com/inmuebles/casa-en-venta-atonalisco-454-los-torrentes-veracruz-30920754,"MN 950,000",950000.0,MN,0.0,90 m² lote | 2 rec. | 2 baños,90.0,90.0,2,2,0,A estrenar,Atonalisco #454,"Los Torrentes, Veracruz, Veracruz de Ignacio de la Llave","Atonalisco #454, Col. Los Torrentes C.P. 91808, Veracruz",,19.2079628,-96.1795397,2026-06-15T19:52:11.911087,2026-06-15T19:52:11.911087
https://propiedades.com/inmuebles/casa-en-venta-veracruz-lomas-de-rio-medio-iii-veracruz-31080347,"MXN 1,290,000",1290000.0,MXN,0.0,47 m² const. | 2 rec. | 2 baños,47.0,47.0,2,2,0,20 años,Veracruz,"Lomas de Rio Medio III, Veracruz, Veracruz de Ignacio de la Llave","Veracruz, Col. Lomas de Rio Medio III C.P. 91809, Veracruz",,19.2058793,-96.2037549,2026-06-15T19:52:11.916203,2026-06-27T14:43:12.614973
https://propiedades.com/inmuebles/casa-en-venta-reynosa-rio-medio-veracruz-31294468,"MXN 1,650,000",1650000.0,MXN,0.0,101 m² const. | 2 rec. | 2 baños | 1 estac.,101.0,101.0,2,2,1,1 años,Reynosa,"Río Medio, Veracruz, Veracruz de Ignacio de la Llave","Reynosa, Col. Río Medio C.P. 91809, Veracruz",,19.1700098,-96.1545167,2026-06-15T19:52:11.921584,2026-06-27T14:43:12.615024
https://propiedades.com/inmuebles/casa-en-venta-veracruz-lomas-de-rio-medio-iv-veracruz-31080241,"MXN 1,100,000",1100000.0,MXN,0.0,74 m² const. | 3 rec. | 1 baños,74.0,74.0,3,1,0,10 años,Veracruz,"Lomas de Río Medio IV, Veracruz, Veracruz de Ignacio de la Llave","Veracruz, Col. Lomas de Río Medio IV C.P. 91809, Veracruz",,19.1699087,-96.1545224,2026-06-15T19:52:11.926646,2026-06-27T14:43:12.614901
https://propiedades.com/inmuebles/casa-en-venta-crystal-lagoons-veracruz-91699-ver-sn-puerta-paraiso-veracruz-30693905,"MXN 1,850,000",1850000.0,MXN,0.0,82 m² const. | 3 rec. | 2 baños,82.0,82.0,3,2,0,5 meses en Propiedades.com,Crystal Lagoons Veracruz,"Puerta Paraíso, Veracruz, Veracruz de Ignacio de la Llave","Crystal Lagoons Veracruz, 91699 Ver. #s/n, Col. Puerta Paraíso C.P. 91699, Veracruz",Alberca | Seguridad privada | Aire acondicionado | Terraza,19.130795199999998,-96.1699336,2026-06-15T19:52:11.931855,2026-06-27T14:43:12.615134
https://propiedades.com/inmuebles/casa-en-venta-veracruz-lomas-de-rio-medio-ii-veracruz-31080313,"MXN 1,650,000",1650000.0,MXN,0.0,101 m² const. | 2 rec. | 2 baños,101.0,101.0,2,2,0,1 años,Veracruz,"Lomas de Rio Medio II, Veracruz, Veracruz de Ignacio de la Llave","Veracruz, Col. Lomas de Rio Medio II C.P. 91809, Veracruz",,19.2053408,-96.1977851,2026-06-15T19:52:11.938396,2026-06-27T14:43:12.615121
https://propiedades.com/inmuebles/casa-en-venta-valente-diaz-veracruz-29541298,"MXN 2,990,000",2990000.0,MXN,0.0,374 m² const. | 5 rec. | 4 baños,190.0,374.0,5,4,0,A estrenar,,"Valente Diaz, Veracruz, Veracruz de Ignacio de la Llave"," , Col. Valente Diaz C.P. 91725, Veracruz",,19.1826094684,-96.1320281737,2026-06-15T19:52:11.944050,2026-06-27T14:43:12.614949
https://propiedades.com/inmuebles/casa-en-venta-sin-nombre-de-calle-1-xana-plus-veracruz-30459388,"MXN 1,733,000",1733000.0,MXN,0.0,95 m² const. | 3 rec. | 3 baños | 1 estac.,95.0,95.0,3,3,1,A estrenar,Sin nombre de calle #1,"Xana Plus, Veracruz, Veracruz de Ignacio de la Llave","Sin nombre de calle #1, Col. Xana Plus C.P. 91699, Veracruz",Alberca | Seguridad privada,19.1437503,-96.1749372,2026-06-15T19:52:11.950779,2026-06-27T14:43:12.615168
https://propiedades.com/inmuebles/casa-en-venta-91696-santa-rita-ver-santa-rita-veracruz-31325865,"MXN 808,000",808000.0,MXN,0.0,80 m² const. | 3 rec. | 2 baños,80.0,80.0,3,2,0,7 años,91696 Santa Rita,"Santa Rita, Veracruz, Veracruz de Ignacio de la Llave","91696 Santa Rita, Ver., Col. Santa Rita C.P. 91696, Veracruz",,19.1722789,-96.1271034,2026-06-15T19:52:11.957280,2026-06-27T14:43:12.614966
https://propiedades.com/inmuebles/casa-en-venta-veracruz-lomas-de-rio-medio-iv-veracruz-31080178,"MXN 1,650,000",1650000.0,MXN,0.0,101 m² const. | 2 rec. | 2 baños,101.0,101.0,2,2,0,1 años,Veracruz,"Lomas de Río Medio IV, Veracruz, Veracruz de Ignacio de la Llave","Veracruz, Col. Lomas de Río Medio IV C.P. 91809, Veracruz",,19.1699087,-96.1545224,2026-06-15T19:52:11.962605,2026-06-27T14:43:12.614987
https://propiedades.com/inmuebles/casa-en-venta-paseo-de-los-lagos-p-del-lago-291-buenavista-91850-veracruz-ver-291-buenavista-veracruz-30789026,"MXN 950,000",950000.0,MXN,0.0,108 m² const. | 2 rec. | 1 baños,102.0,108.0,2,1,0,15 años,Paseo de los lagos,"Buenavista, Veracruz, Veracruz de Ignacio de la Llave","Paseo de los lagos, P.º del Lago 291, Buenavista, 91850 Veracruz, Ver. #291Int. LT 23 MZ C , Col. Buenavista C.P. 91826, Veracruz",,19.198004953607654,-96.16770480982362,2026-06-15T19:52:11.967864,2026-06-27T14:43:12.614915
https://propiedades.com/inmuebles/casa-en-venta-alaminos-reforma-veracruz-28134622,"MXN 5,400,000",5400000.0,MXN,0.0,320 m² const. | 8 rec. | 4 baños,320.0,320.0,8,4,0,1 años,Alaminos,"Reforma, Veracruz, Veracruz de Ignacio de la Llave","Alaminos, Col. Reforma C.P. 91919, Veracruz",,19.1707806,-96.1248675,2026-06-15T19:52:11.974220,2026-06-27T14:43:12.615086
https://propiedades.com/inmuebles/casa-en-venta-mar-negro-91699-hacienda-paraiso-ver-puerta-paraiso-veracruz-31319370,"MXN 1,590,000",1590000.0,MXN,0.0,3 rec. | 2 baños,,,3,2,0,15 años,Mar Negro,"Puerta Paraíso, Veracruz, Veracruz de Ignacio de la Llave","Mar Negro, 91699 Hacienda Paraíso, Ver., Col. Puerta Paraíso C.P. 91699, Veracruz",Seguridad privada | Aire acondicionado,19.1273714,-96.1690817,2026-06-15T19:52:11.980509,2026-06-27T14:43:12.615063
https://propiedades.com/inmuebles/casa-en-venta-veracruz-veracruz-27061061,"MXN 900,000",900000.0,MXN,0.0,77 m² const. | 2 rec. | 1 baños,77.0,77.0,2,1,0,A estrenar,,"Veracruz, Veracruz, Veracruz de Ignacio de la Llave"," , Col. Veracruz C.P. 91709, Veracruz",,19.2001197,-96.1328179,2026-06-15T19:52:11.987812,2026-06-27T14:43:12.614874
https://propiedades.com/inmuebles/casa-en-venta-palma-sola-72-fernando-lopez-arias-veracruz-28325418,"MXN 1,500,000",1500000.0,MXN,0.0,264 m² const. | 5 rec. | 4 baños,264.0,264.0,5,4,0,A estrenar,Palma Sola #72,"Fernando López Arias, Veracruz, Veracruz de Ignacio de la Llave","Palma Sola #72, Col. Fernando López Arias C.P. 91820, Veracruz",,19.2170383,-96.17148000000002,2026-06-15T19:52:11.994889,2026-06-27T14:43:12.615010
https://propiedades.com/inmuebles/casa-en-venta-c-tulum-las-bajadas-91777-veracruz-ver-siglo-xxi-veracruz-30602326,"MXN 1,600,000",1600000.0,MXN,0.0,117 m² const. | 4 rec. | 2 baños,117.0,117.0,4,2,0,7 meses en Propiedades.com,C. Tulum,"Siglo XXI, Veracruz, Veracruz de Ignacio de la Llave","C. Tulum, Las Bajadas, 91777 Veracruz, Ver., Col. Siglo XXI C.P. 91777, Veracruz",,19.1570008,-96.164363,2026-06-15T19:52:12.004219,2026-06-27T14:43:12.615229
https://propiedades.com/inmuebles/casa-en-venta-veracruz-lomas-del-rio-medio-veracruz-31080364,"MXN 1,590,000",1590000.0,MXN,0.0,168 m² const. | 2 rec. | 2 baños,168.0,168.0,2,2,0,26 años,Veracruz,"Lomas Del Rio Medio, Veracruz, Veracruz de Ignacio de la Llave","Veracruz, Col. Lomas Del Rio Medio C.P. 91809, Veracruz",,19.2053408,-96.1977851,2026-06-15T19:52:12.010379,2026-06-27T14:43:12.615185
https://propiedades.com/inmuebles/casa-en-venta-veracruz-lomas-del-rio-medio-veracruz-31080486,"MXN 1,499,000",1499000.0,MXN,0.0,130 m² const. | 2 rec. | 2 baños,130.0,130.0,2,2,0,15 años,Veracruz,"Lomas Del Rio Medio, Veracruz, Veracruz de Ignacio de la Llave","Veracruz, Col. Lomas Del Rio Medio C.P. 91809, Veracruz",,19.2053408,-96.1977851,2026-06-15T19:52:12.016294,2026-06-27T14:43:12.615070
https://propiedades.com/inmuebles/casa-en-venta-sin-nombre-de-calle-la-querencia-residencial-veracruz-29150300,"MXN 1,210,000",1210000.0,MXN,0.0,100 m² const. | 3 rec. | 2 baños,100.0,100.0,3,2,0,A estrenar,Sin nombre de calle,"La Querencia Residencial, Veracruz, Veracruz de Ignacio de la Llave","Sin nombre de calle, Col. La Querencia Residencial C.P. 91697, Veracruz",Alberca | Seguridad privada,19.1504544,-96.2151812,2026-06-15T19:52:12.024429,2026-06-27T14:43:12.615039
https://propiedades.com/inmuebles/casa-en-venta-c-virgilio-uribe-91780-veracruz-ver-sn-el-coyol-ivec-veracruz-30517467,"MXN 1,718,200",1718200.0,MXN,0.0,108 m² const. | 2 rec. | 1 baños,108.0,108.0,2,1,0,1 años,C. Virgilio Uribe,"El Coyol Ivec, Veracruz, Veracruz de Ignacio de la Llave","C. Virgilio Uribe, 91780 Veracruz, Ver. #s/n, Col. El Coyol Ivec C.P. 91780, Veracruz",,19.160988,-96.1501849,2026-06-15T19:52:12.029717,2026-06-27T14:43:12.615115
https://propiedades.com/inmuebles/casa-en-venta-veracruz-buenavista-veracruz-31125967,"MXN 890,000",890000.0,MXN,0.0,100 m² const. | 3 rec. | 2 baños,100.0,100.0,3,2,0,12 años,Veracruz,"Buenavista, Veracruz, Veracruz de Ignacio de la Llave","Veracruz, Col. Buenavista C.P. 91826, Veracruz",,19.1833329,-96.2333331,2026-06-15T19:52:12.036073,2026-06-27T14:43:36.382602
https://propiedades.com/inmuebles/casa-en-venta-91696-cabo-verde-ver-cabo-verde-veracruz-31326288,"MXN 922,500",922500.0,MXN,0.0,90 m² const. | 3 rec. | 1 baños,200.0,90.0,3,1,1,6 años,91696 Cabo Verde,"Cabo Verde, Veracruz, Veracruz de Ignacio de la Llave","91696 Cabo Verde, Ver., Col. Cabo Verde C.P. 91696, Veracruz",,19.1729838,-96.3006788,2026-06-15T19:52:12.043007,2026-06-27T14:43:12.614940
https://propiedades.com/inmuebles/casa-en-venta-floresta-norte-197-floresta-veracruz-27660205,"MXN 2,400,000",2400000.0,MXN,0.0,318 m² const. | 5 rec. | 4 baños,318.0,318.0,5,4,0,A estrenar,Floresta Norte #197,"Floresta, Veracruz, Veracruz de Ignacio de la Llave","Floresta Norte #197, Col. Floresta C.P. 91940, Veracruz",Aire acondicionado,19.1556264,-96.1354683,2026-06-15T19:52:12.048681,2026-06-27T14:43:12.615198
https://propiedades.com/inmuebles/casa-en-venta-c-la-malinche-los-volcanes-91727-veracruz-ver-sn-los-volcanes-veracruz-30517417,"MXN 1,100,000",1100000.0,MXN,0.0,67 m² const. | 2 rec. | 1 baños,67.0,67.0,2,1,1,8 meses en Propiedades.com,C. La Malinche,"Los Volcanes, Veracruz, Veracruz de Ignacio de la Llave","C. La Malinche, Los Volcanes, 91727 Veracruz, Ver. #s/n, Col. Los Volcanes C.P. 91727, Veracruz",,19.1770406,-96.1615506,2026-06-15T19:52:12.054592,2026-06-27T14:43:12.614957
https://propiedades.com/inmuebles/casa-en-venta-avenida-20-de-noviembre-1697-1697-ignacio-zaragoza-veracruz-28866688,"MXN 4,500,000",4500000.0,MXN,0.0,373 m² const. | 5 rec. | 3 baños,373.0,373.0,5,3,0,2 años en Propiedades.com,Avenida 20 de Noviembre 1697 #1697,"Ignacio Zaragoza, Veracruz, Veracruz de Ignacio de la Llave","Avenida 20 de Noviembre 1697 #1697, Col. Ignacio Zaragoza C.P. 91910, Veracruz",Cisterna,19.179346799999998,-96.13156479999999,2026-06-15T19:52:12.061086,2026-06-27T14:43:12.615102
https://propiedades.com/inmuebles/casa-en-venta-calz-costa-verde-59-reforma-91919-veracruz-ver-59-reforma-veracruz-31391038,"MXN 2,850,000",2850000.0,MXN,0.0,192 m² const. | 3 rec. | 2 baños,192.0,192.0,3,2,0,20 años,Calz Costa Verde 59,"Reforma, Veracruz, Veracruz de Ignacio de la Llave","Calz Costa Verde 59, Reforma, 91919 Veracruz, Ver. #59, Col. Reforma C.P. 91919, Veracruz",,19.1715833,-96.1188889,2026-06-15T19:52:12.070628,2026-06-27T14:43:12.614860
https://propiedades.com/inmuebles/casa-en-venta-timbal-9-privanzas-veracruz-30499003,"MXN 1,190,000",1190000.0,MXN,0.0,70 m² const. | 2 rec. | 1 baños,70.0,70.0,2,1,0,8 años,TIMBAL #9,"Privanzas, Veracruz, Veracruz de Ignacio de la Llave","TIMBAL #9, Col. Privanzas C.P. 91697, Veracruz",,19.147333,-96.2356912,2026-06-15T21:29:10.820074,2026-06-27T14:44:01.983200
https://propiedades.com/inmuebles/casa-en-venta-ortiz-rubio-nd-pascual-ortiz-rubio-veracruz-29797999,"MXN 2,500,000",2500000.0,MXN,0.0,300 m² const. | 5 rec. | 3 baños,300.0,300.0,5,3,4,15 años,ORTIZ RUBIO #ND,"Pascual Ortiz Rubio, Veracruz, Veracruz de Ignacio de la Llave","ORTIZ RUBIO #ND, Col. Pascual Ortiz Rubio C.P. 91750, Veracruz",Alberca,19.172287312137932,-96.14232450373537,2026-06-15T21:29:10.829217,2026-06-27T14:43:36.382431
https://propiedades.com/inmuebles/casa-en-venta-flores-del-valle-veracruz-ver-flores-del-valle-veracruz-30385556,"MXN 1,970,000",1970000.0,MXN,0.0,206 m² const. | 3 rec. | 2 baños,160.0,206.0,3,2,2,18 años,Flores del Valle,"Flores Del Valle, Veracruz, Veracruz de Ignacio de la Llave","Flores del Valle, Veracruz, Ver., Col. Flores Del Valle C.P. 91948, Veracruz",,19.1443713,-96.1401067,2026-06-15T21:29:10.834289,2026-06-27T14:43:36.382390
https://propiedades.com/inmuebles/casa-en-venta-residencial-del-bosque-nd-residencial-del-bosque-veracruz-30499184,"MXN 1,100,000",1100000.0,MXN,0.0,90 m² const. | 2 rec. | 2 baños,90.0,90.0,2,2,0,2 años,Residencial del Bosque #ND,"Residencial del Bosque, Veracruz, Veracruz de Ignacio de la Llave","Residencial del Bosque #ND, Col. Residencial del Bosque C.P. 91697, Veracruz",Alberca | Seguridad privada,19.14629557617225,-96.22210815239258,2026-06-15T21:29:10.839989,2026-06-27T14:43:36.382459
https://propiedades.com/inmuebles/casa-en-venta-veracruz-lomas-de-rio-medio-ii-veracruz-31080265,"MXN 1,400,000",1400000.0,MXN,0.0,115 m² const. | 2 rec. | 2 baños,115.0,115.0,2,2,0,15 años,Veracruz,"Lomas de Rio Medio II, Veracruz, Veracruz de Ignacio de la Llave","Veracruz, Col. Lomas de Rio Medio II C.P. 91809, Veracruz",,19.2053408,-96.1977851,2026-06-15T21:29:10.845372,2026-06-27T14:43:36.382615
https://propiedades.com/inmuebles/casa-en-venta-av-central-c-bougambilias-91698-campestre-las-bajadas-ver-aeropuerto-veracruz-30789465,"MXN 2,459,000",2459000.0,MXN,0.0,200 m² const. | 3 rec. | 2 baños,200.0,200.0,3,2,0,10 años,Av. Central & C. BOUGAMBILIAS,"Aeropuerto, Veracruz, Veracruz de Ignacio de la Llave","Av. Central & C. BOUGAMBILIAS, 91698 Campestre las Bajadas, Ver., Col. Aeropuerto C.P. 91726, Veracruz",Aire acondicionado | Cisterna,19.1505804,-96.1764241,2026-06-15T21:29:10.850682,2026-06-27T14:43:36.382579
https://propiedades.com/inmuebles/casa-en-venta-benito-juarez-tejeria-valente-diaz-ver-sn-tejeria-veracruz-30623686,"MXN 1,100,000",1100000.0,MXN,0.0,55 m² const. | 3 rec. | 1 baños,55.0,55.0,3,1,0,10 años,Benito Juarez,"Tejería, Veracruz, Veracruz de Ignacio de la Llave","Benito Juarez, Tejería, Valente Díaz, Ver. #SN, Col. Tejería C.P. 91697, Veracruz",,20.441184,-97.3269982,2026-06-15T21:29:10.855980,2026-06-27T14:43:12.615031
https://propiedades.com/inmuebles/casa-en-venta-genaro-rojas-sn-primero-de-mayo-veracruz-29992765,"MXN 1,850,000",1850000.0,MXN,0.0,150 m² const. | 4 rec. | 2 baños,150.0,150.0,4,2,0,15 años,Genaro Rojas #s/n,"Primero de Mayo, Veracruz, Veracruz de Ignacio de la Llave","Genaro Rojas #s/n, Col. Primero de Mayo C.P. 91757, Veracruz",Aire acondicionado | Terraza,19.1751571,-96.1432372,2026-06-15T21:29:10.863193,2026-06-27T14:43:36.382513
https://propiedades.com/inmuebles/casa-en-venta-c-agustin-de-iturbide-220-ricardo-flores-magon-91900-veracruz-ver-220-ricardo-flores-magon-veracruz-30589086,"MXN 3,429,304",3429304.0,MXN,0.0,280 m² const. | 3 rec. | 2 baños,280.0,280.0,3,2,0,13 años,C. Agustín de Iturbide 220,"Ricardo Flores Magón, Veracruz, Veracruz de Ignacio de la Llave","C. Agustín de Iturbide 220, Ricardo Flores Magón, 91900 Veracruz, Ver. #220, Col. Ricardo Flores Magón C.P. 91900, Veracruz",Cisterna,19.1899268,-96.1262357,2026-06-15T21:29:10.869734,2026-06-27T14:44:01.983243
https://propiedades.com/inmuebles/casa-en-venta-paseo-de-los-sauces-floresta-veracruz-29400715,"MXN 5,000,000",5000000.0,MXN,0.0,400 m² const. | 4 rec. | 3 baños,400.0,400.0,4,3,0,A estrenar,Paseo de los Sauces,"Floresta, Veracruz, Veracruz de Ignacio de la Llave","Paseo de los Sauces, Col. Floresta C.P. 91940, Veracruz",Alberca | Aire acondicionado,19.1535052,-96.1377847,2026-06-15T21:29:10.877282,2026-06-27T14:43:36.382548
https://propiedades.com/inmuebles/casa-en-venta-callejon-de-nacozari-entre-arista-y-esteban-morales-sn-veracruz-centro-veracruz-30273054,"MXN 920,000",920000.0,MXN,0.0,120 m² const. | 1 rec. | 1 baños,120.0,120.0,1,1,0,10 meses en Propiedades.com,CALLEJON DE NACOZARI ENTRE ARISTA Y ESTEBAN MORALES  #s/n,"Veracruz Centro, Veracruz, Veracruz de Ignacio de la Llave","CALLEJON DE NACOZARI ENTRE ARISTA Y ESTEBAN MORALES  #s/n, Col. Veracruz Centro C.P. 91700, Veracruz",,19.189537,-96.1394441,2026-06-15T21:29:10.883285,2026-06-27T14:44:01.983269
https://propiedades.com/inmuebles/casa-en-venta-playa-boca-andrea-playa-linda-91810-veracruz-ver-1366-playa-linda-veracruz-30789287,"MXN 790,000",790000.0,MXN,0.0,75 m² const. | 2 rec. | 1 baños,75.0,75.0,2,1,0,15 años,Playa Boca Andrea,"Playa Linda, Veracruz, Veracruz de Ignacio de la Llave","Playa Boca Andrea, Playa Linda, 91810 Veracruz, Ver. #1366Int. LT 50 MZ 95 , Col. Playa Linda C.P. 91810, Veracruz",,19.20770177373908,-96.17451024627991,2026-06-15T21:29:10.889427,2026-06-27T14:44:01.983207
https://propiedades.com/inmuebles/casa-en-venta-boulevard-crystal-lagoons-mata-de-pita-veracruz-29408460,"MXN 1,600,000",1600000.0,MXN,0.0,85 m² const. | 3 rec. | 2 baños,72.0,85.0,3,2,1,1 año en Propiedades.com,Boulevard Crystal Lagoons,"Mata de Pita, Veracruz, Veracruz de Ignacio de la Llave","Boulevard Crystal Lagoons, Col. Mata de Pita C.P. 91698, Veracruz",Alberca | Seguridad privada | Terraza,19.124721,-96.1776148,2026-06-15T21:29:10.895556,2026-06-27T14:43:12.614928
https://propiedades.com/inmuebles/casa-en-venta-91696-santa-rita-ver-16-de-febrero-veracruz-31049975,"MXN 649,000",649000.0,MXN,0.0,110 m² const. | 2 rec. | 1 baños,110.0,110.0,2,1,0,6 años,91696 Santa Rita,"16 de Febrero, Veracruz, Veracruz de Ignacio de la Llave","91696 Santa Rita, Ver., Col. 16 de Febrero C.P. 91725, Veracruz",,19.1759214,-96.1539632,2026-06-15T21:29:10.901107,2026-06-27T14:43:36.382527
https://propiedades.com/inmuebles/casa-en-venta-sin-nombre-de-calle-sn-ampliacion-las-bajadas-veracruz-30639156,"MXN 1,100,000",1100000.0,MXN,0.0,150 m² const. | 3 rec. | 3 baños,150.0,150.0,3,3,0,A estrenar,Sin nombre de calle #snInt. s/n,"Ampliación Las Bajadas, Veracruz, Veracruz de Ignacio de la Llave","Sin nombre de calle #snInt. s/n, Col. Ampliación Las Bajadas C.P. 91726, Veracruz",Terraza,19.1660481,-96.1778899,2026-06-15T21:29:10.910941,2026-06-27T14:43:36.382611
https://propiedades.com/inmuebles/casa-en-venta-avenida-oriente-floresta-sn-floresta-veracruz-30631701,"MXN 2,800,000",2800000.0,MXN,0.0,350 m² const. | 1 rec. | 1 baños,350.0,350.0,1,1,0,15 años,avenida oriente floresta #s/n,"Floresta, Veracruz, Veracruz de Ignacio de la Llave","avenida oriente floresta #s/n, Col. Floresta C.P. 91940, Veracruz",Cisterna,19.1556264,-96.1354683,2026-06-15T21:29:10.920013,2026-06-27T14:43:36.382531
https://propiedades.com/inmuebles/casa-en-venta-paseo-cardel-177-ampliacion-palma-real-ii-veracruz-28412046,"MXN 850,000",850000.0,MXN,0.0,120 m² const. | 3 rec. | 1 baños,120.0,120.0,3,1,0,A estrenar,Paseo Cardel #177,"Ampliación Palma Real II, Veracruz, Veracruz de Ignacio de la Llave","Paseo Cardel #177, Col. Ampliación Palma Real II C.P. 91826, Veracruz",,19.1754194,-96.2154008,2026-06-15T21:29:10.927509,2026-06-27T14:43:36.382523
https://propiedades.com/inmuebles/casa-en-venta-blvd-crystal-lagoons-720-crystal-lagoons-veracruz-91699-veracruz-ver-sn-puerta-paraiso-veracruz-30696912,"MXN 1,850,000",1850000.0,MXN,0.0,82 m² const. | 3 rec. | 2 baños,82.0,82.0,3,2,0,5 meses en Propiedades.com,Blvd. Crystal Lagoons 720,"Puerta Paraíso, Veracruz, Veracruz de Ignacio de la Llave","Blvd. Crystal Lagoons 720, Crystal Lagoons Veracruz, 91699 Veracruz, Ver. #s/n, Col. Puerta Paraíso C.P. 91699, Veracruz",,19.130655,-96.1687682,2026-06-15T21:29:10.934088,2026-06-27T14:44:01.983340
https://propiedades.com/inmuebles/casa-en-venta-laguna-real-sn-laguna-real-veracruz-30024988,"MXN 2,000,000",2000000.0,MXN,0.0,3 rec. | 2 baños,,,3,2,0,1 año en Propiedades.com,laguna real #s/n,"Laguna Real, Veracruz, Veracruz de Ignacio de la Llave","laguna real #s/n, Col. Laguna Real C.P. 91790, Veracruz",Terraza,19.149087,-96.1540241,2026-06-15T21:29:10.940932,2026-06-27T14:43:36.382518
https://propiedades.com/inmuebles/casa-en-venta-hacienda-sotavento-nd-hacienda-sotavento-veracruz-29786502,"MXN 650,000",650000.0,MXN,0.0,55 m² const. | 2 rec. | 1 baños,55.0,55.0,2,1,0,5 años,HACIENDA SOTAVENTO #ND,"Hacienda Sotavento, Veracruz, Veracruz de Ignacio de la Llave","HACIENDA SOTAVENTO #ND, Col. Hacienda Sotavento C.P. 91698, Veracruz",,19.133394293945226,-96.17710046248779,2026-06-15T21:29:10.947201,2026-06-27T14:43:36.382566
https://propiedades.com/inmuebles/casa-en-venta-veracruz-sn-siglo-xxi-veracruz-30622569,"MXN 3,150,000",3150000.0,MXN,0.0,220 m² const. | 3 rec. | 3 baños,220.0,220.0,3,3,0,7 meses en Propiedades.com,Veracruz #s/n,"Siglo XXI, Veracruz, Veracruz de Ignacio de la Llave","Veracruz #s/n, Col. Siglo XXI C.P. 91777, Veracruz",Cisterna,19.1555033,-96.1613155,2026-06-15T21:29:10.952865,2026-06-27T14:43:12.615055
https://propiedades.com/inmuebles/casa-en-venta-91693-vargas-ver-albatros-veracruz-31050003,"MXN 667,000",667000.0,MXN,0.0,108 m² const. | 2 rec. | 1 baños,108.0,108.0,2,1,0,5 años,91693 Vargas,"Albatros, Veracruz, Veracruz de Ignacio de la Llave","91693 Vargas, Ver., Col. Albatros C.P. 91726, Veracruz",,18.1347545,-94.4751124,2026-06-15T21:29:10.958773,2026-06-27T14:43:36.382500
https://propiedades.com/inmuebles/casa-en-venta-calle-paseo-de-tuxtla-6-91826-valente-diaz-ver-6-palma-real-veracruz-30789067,"MXN 435,000",435000.0,MXN,0.0,32 m² const. | 1 rec. | 1 baños,32.0,32.0,1,1,0,15 años,calle Paseo de Tuxtla 6,"Palma Real, Veracruz, Veracruz de Ignacio de la Llave","calle Paseo de Tuxtla 6, 91826 Valente Díaz, Ver. #6Int. 20B, Col. Palma Real C.P. 91826, Veracruz",,19.195756061610677,-96.18451528095093,2026-06-15T21:29:10.964934,2026-06-27T14:43:36.382494
https://propiedades.com/inmuebles/casa-en-venta-sur-2-149-articulo-123-91947-veracruz-ver-149-articulo-123-veracruz-30444590,"MXN 2,700,000",2700000.0,MXN,0.0,380 m² const. | 2 rec. | 1 baños,380.0,380.0,2,1,0,1 años,Sur 2 149,"Articulo 123, Veracruz, Veracruz de Ignacio de la Llave","Sur 2 149, Artículo 123, 91947 Veracruz, Ver. #149, Col. Articulo 123 C.P. 91947, Veracruz",,19.1472688,-96.14113030000001,2026-06-15T21:29:10.970813,2026-06-27T14:44:01.983167
https://propiedades.com/inmuebles/casa-en-venta-geovillas-sn-geovillas-los-pinos-veracruz-30215269,"MXN 650,000",650000.0,MXN,0.0,50 m² const. | 2 rec. | 1 baños,50.0,50.0,2,1,0,10 años,Geovillas #s/n,"Geovillas los Pinos, Veracruz, Veracruz de Ignacio de la Llave","Geovillas #s/n, Col. Geovillas los Pinos C.P. 91808, Veracruz",Seguridad privada | Aire acondicionado | Cisterna,19.2067199359193,-96.22939346378479,2026-06-15T21:29:10.976961,2026-06-27T14:43:36.382624
https://propiedades.com/inmuebles/casa-en-venta-rio-medio-ii-91809-veracruz-ver-lomas-de-rio-medio-iii-veracruz-30283809,"MXN 2,400,000",2400000.0,MXN,0.0,4 rec. | 3 baños,,,4,3,0,10 meses en Propiedades.com,Río Medio II,"Lomas de Rio Medio III, Veracruz, Veracruz de Ignacio de la Llave","Río Medio II, 91809 Veracruz, Ver., Col. Lomas de Rio Medio III C.P. 91809, Veracruz",,19.2125175,-96.20441819999999,2026-06-15T21:29:10.982679,2026-06-27T14:44:01.983216
https://propiedades.com/inmuebles/casa-en-venta-calzada-simon-bolivar-sn-ignacio-zaragoza-veracruz-30018614,"MXN 7,490,000",7490000.0,MXN,0.0,400 m² const. | 5 rec. | 5 baños,400.0,400.0,5,5,0,27 años,Calzada Simón Bolívar #s/n,"Ignacio Zaragoza, Veracruz, Veracruz de Ignacio de la Llave","Calzada Simón Bolívar #s/n, Col. Ignacio Zaragoza C.P. 91910, Veracruz",,19.175053901578373,-96.12404419594803,2026-06-15T21:29:10.988454,2026-06-27T14:43:36.382454
https://propiedades.com/inmuebles/casa-en-venta-calle-paseo-de-perote-53-palma-real-veracruz-30789204,"MXN 435,000",435000.0,MXN,0.0,32 m² const. | 1 rec. | 1 baños,32.0,32.0,1,1,0,15 años,Calle Paseo de Perote  #53Int. LT 16A  MZ 23,"Palma Real, Veracruz, Veracruz de Ignacio de la Llave","Calle Paseo de Perote  #53Int. LT 16A  MZ 23, Col. Palma Real C.P. 91826, Veracruz",,19.168082368691223,-96.21456675075379,2026-06-15T21:29:10.994295,2026-06-27T14:43:36.382591
https://propiedades.com/inmuebles/casa-en-venta-ricardo-flores-magon-veracruz-30081316,"MXN 4,650,000",4650000.0,MXN,0.0,263 m² const. | 5 rec. | 4 baños,263.0,263.0,5,4,0,A estrenar,,"Ricardo Flores Magón, Veracruz, Veracruz de Ignacio de la Llave"," , Col. Ricardo Flores Magón C.P. 91900, Veracruz",,19.1855097,-96.1292308,2026-06-15T21:29:11.005109,2026-06-27T14:43:36.382557
https://propiedades.com/inmuebles/casa-en-venta-c-la-malinche-los-volcanes-91727-veracruz-ver-278-b-los-volcanes-veracruz-30789312,"MXN 950,000",950000.0,MXN,0.0,100 m² const. | 2 rec. | 1 baños,100.0,100.0,2,1,0,15 años,C. La Malinche,"Los Volcanes, Veracruz, Veracruz de Ignacio de la Llave","C. La Malinche, Los Volcanes, 91727 Veracruz, Ver. #278 BInt. LT. 23 B  MZ 08 , Col. Los Volcanes C.P. 91727, Veracruz",,19.178307279169537,-96.16175444788513,2026-06-15T21:29:11.012163,2026-06-27T14:44:01.983361
https://propiedades.com/inmuebles/casa-en-venta-c-collado-241-salvador-diaz-miron-91910-veracruz-ver-241-ignacio-zaragoza-veracruz-30789497,"MXN 3,790,000",3790000.0,MXN,0.0,200 m² const. | 5 rec. | 1 baños,200.0,200.0,5,1,0,30 años,C. Collado 241,"Ignacio Zaragoza, Veracruz, Veracruz de Ignacio de la Llave","C. Collado 241, Salvador Díaz Mirón, 91910 Veracruz, Ver. #241, Col. Ignacio Zaragoza C.P. 91910, Veracruz",,19.180817299999998,-96.1311497,2026-06-15T21:29:11.018538,2026-06-27T14:43:36.382478
https://propiedades.com/inmuebles/casa-en-venta-aguila-300-infonavit-las-brisas-veracruz-28493586,"MXN 1,650,000",1650000.0,MXN,0.0,120 m² const. | 3 rec. | 2 baños,120.0,120.0,3,2,0,A estrenar,Aguila #300,"INFONAVIT las Brisas, Veracruz, Veracruz de Ignacio de la Llave","Aguila #300, Col. INFONAVIT las Brisas C.P. 91809, Veracruz",,19.2121995,-96.20048469999999,2026-06-15T21:29:11.026947,2026-06-27T14:44:01.983326
https://propiedades.com/inmuebles/casa-en-venta-c-miguel-lerdo-de-tejada-1424-zona-centro-91700-veracruz-ver-1424-veracruz-centro-veracruz-30589056,"MXN 3,940,010",3940010.0,MXN,0.0,200 m² const. | 3 rec. | 2 baños,200.0,200.0,3,2,0,15 años,C. Miguel Lerdo de Tejada 1424,"Veracruz Centro, Veracruz, Veracruz de Ignacio de la Llave","C. Miguel Lerdo de Tejada 1424, Zona Centro, 91700 Veracruz, Ver. #1424, Col. Veracruz Centro C.P. 91700, Veracruz",Cisterna,19.1939545,-96.14860720000001,2026-06-15T21:29:11.033128,2026-06-27T14:44:01.983278
https://propiedades.com/inmuebles/casa-en-venta-granjas-veracruz-veracruz-30088613,"MXN 3,500,000",3500000.0,MXN,0.0,280 m² const. | 3 rec. | 3 baños,280.0,280.0,3,3,0,A estrenar,,"Granjas Veracruz, Veracruz, Veracruz de Ignacio de la Llave"," , Col. Granjas Veracruz C.P. 91938, Veracruz",,19.1492891,-96.1091317,2026-06-15T21:29:11.040043,2026-06-27T14:43:36.382584
https://propiedades.com/inmuebles/casa-en-venta-avenida-puerta-paraiso-sn-sn-puerta-paraiso-veracruz-29910902,"MXN 1,578,000",1578000.0,MXN,0.0,71 m² const. | 3 rec. | 1 baños,71.0,71.0,3,1,0,1 años,Avenida Puerta Paraiso s/n #s/n,"Puerta Paraíso, Veracruz, Veracruz de Ignacio de la Llave","Avenida Puerta Paraiso s/n #s/n, Col. Puerta Paraíso C.P. 91699, Veracruz",Alberca | Seguridad privada,19.129338,-96.1724279,2026-06-15T21:29:11.046109,2026-06-27T14:43:36.382588
https://propiedades.com/inmuebles/casa-en-venta-c-yaxchilan-las-bajadas-91777-veracruz-ver-223-emiliano-zapata-veracruz-30789256,"MXN 1,100,000",1100000.0,MXN,0.0,110 m² const. | 2 rec. | 1 baños,110.0,110.0,2,1,0,15 años,C. Yaxchilán,"Emiliano Zapata, Veracruz, Veracruz de Ignacio de la Llave","C. Yaxchilán, Las Bajadas, 91777 Veracruz, Ver. #223Int. LT 3 MZ 25, Col. Emiliano Zapata C.P. 91777, Veracruz",,19.154741421225815,-96.16773987471312,2026-06-15T21:29:11.052443,2026-06-27T14:43:36.382436
https://propiedades.com/inmuebles/casa-en-venta-veracruz-lomas-del-rio-medio-veracruz-31080432,"MXN 1,250,000",1250000.0,MXN,0.0,80 m² const. | 2 rec. | 1 baños,80.0,80.0,2,1,1,1 años,Veracruz,"Lomas Del Rio Medio, Veracruz, Veracruz de Ignacio de la Llave","Veracruz, Col. Lomas Del Rio Medio C.P. 91809, Veracruz",,19.2053408,-96.1977851,2026-06-15T21:29:11.059896,2026-06-27T14:43:36.382349
https://propiedades.com/inmuebles/casa-en-venta-veracruz-lomas-de-rio-medio-ii-veracruz-31080288,"MXN 1,510,000",1510000.0,MXN,0.0,123 m² const. | 2 rec. | 2 baños,123.0,123.0,2,2,0,6 años,Veracruz,"Lomas de Rio Medio II, Veracruz, Veracruz de Ignacio de la Llave","Veracruz, Col. Lomas de Rio Medio II C.P. 91809, Veracruz",,19.2053408,-96.1977851,2026-06-15T21:29:11.065551,2026-06-27T14:43:12.615109
https://propiedades.com/inmuebles/casa-en-venta-gaviotas-enrique-c-rebsamen-veracruz-30441578,"MXN 5,000,000",5000000.0,MXN,0.0,300 m² const. | 1 rec. | 1 baños,300.0,300.0,1,1,0,25 años,Gaviotas,"Enrique C Rebsamen, Veracruz, Veracruz de Ignacio de la Llave","Gaviotas, Col. Enrique C Rebsamen C.P. 91968, Veracruz",,19.1457188,-96.1440828,2026-06-15T21:29:11.071087,2026-06-27T14:43:36.382473
https://propiedades.com/inmuebles/casa-en-venta-articulo-123-veracruz-28918246,"MXN 3,100,000",3100000.0,MXN,0.0,130 m² const. | 3 rec. | 3 baños,130.0,130.0,3,3,0,A estrenar,,"Articulo 123, Veracruz, Veracruz de Ignacio de la Llave"," , Col. Articulo 123 C.P. 91947, Veracruz",,19.14836,-96.1429949,2026-06-15T21:29:11.082701,2026-06-27T14:43:36.382619
https://propiedades.com/inmuebles/casa-en-venta-mazatlan-296-fernando-lopez-arias-veracruz-29069758,"MXN 1,860,000",1860000.0,MXN,0.0,175 m² const. | 2 rec. | 4 baños,175.0,175.0,2,4,0,A estrenar,Mazatlán #296,"Fernando López Arias, Veracruz, Veracruz de Ignacio de la Llave","Mazatlán #296, Col. Fernando López Arias C.P. 91820, Veracruz",Aire acondicionado,19.2104187,-96.1692292,2026-06-15T21:29:11.089317,2026-06-27T14:44:01.983137
https://propiedades.com/inmuebles/casa-en-venta-reforma-veracruz-30088585,"MXN 4,300,000",4300000.0,MXN,0.0,300 m² const. | 3 rec. | 3 baños,300.0,300.0,3,3,0,A estrenar,,"Reforma, Veracruz, Veracruz de Ignacio de la Llave"," , Col. Reforma C.P. 91919, Veracruz",,19.1707806,-96.1248675,2026-06-15T21:29:11.096208,2026-06-27T14:43:36.382404
https://propiedades.com/inmuebles/casa-en-venta-av-ignacio-allende-veracruz-centro-veracruz-29400713,"MXN 3,800,000",3800000.0,MXN,0.0,546 m² const. | 4 rec. | 3 baños,546.0,546.0,4,3,0,A estrenar,Av. Ignacio allende,"Veracruz Centro, Veracruz, Veracruz de Ignacio de la Llave","Av. Ignacio allende, Col. Veracruz Centro C.P. 91700, Veracruz",,19.1931208,-96.1414635,2026-06-15T21:29:11.102297,2026-06-27T14:43:36.382599
https://propiedades.com/inmuebles/casa-en-venta-p-de-los-sauces-floresta-80-veracruz-ver-floresta-veracruz-30464477,"MXN 3,750,000",3750000.0,MXN,0.0,577 m² const. | 4 rec. | 2 baños,577.0,577.0,4,2,0,8 meses en Propiedades.com,P.º de Los Sauces,"Floresta, Veracruz, Veracruz de Ignacio de la Llave","P.º de Los Sauces, Floresta 80, Veracruz, Ver., Col. Floresta C.P. 91940, Veracruz",,19.1535894,-96.1379557,2026-06-15T21:29:11.111032,2026-06-27T14:43:36.382398
https://propiedades.com/inmuebles/casa-en-venta-zaragoza-nd-ignacio-zaragoza-veracruz-27174397,"MXN 7,000,000",7000000.0,MXN,0.0,130 m² const. | 3 rec. | 2 baños,130.0,130.0,3,2,0,10 años,ZARAGOZA #ND,"Ignacio Zaragoza, Veracruz, Veracruz de Ignacio de la Llave","ZARAGOZA #ND, Col. Ignacio Zaragoza C.P. 91910, Veracruz",Aire acondicionado | Terraza,19.178496232,-96.12638,2026-06-15T21:29:11.117028,2026-06-27T14:43:36.382595
https://propiedades.com/inmuebles/casa-en-venta-mar-de-aral-dream-lagoons-veracruz-30180769,"MXN 1,599,000",1599000.0,MXN,0.0,72 m² const. | 3 rec. | 2 baños,85.0,72.0,3,2,2,9 años,Mar de Aral,"Dream Lagoons, Veracruz, Veracruz de Ignacio de la Llave","Mar de Aral, Col. Dream Lagoons C.P. 91699, Veracruz",Alberca | Seguridad privada | Aire acondicionado | Terraza | Gimnasio,19.133046,-96.1743546,2026-06-15T21:29:11.124056,2026-06-27T14:43:36.382379
https://propiedades.com/inmuebles/casa-en-venta-veracruz-centro-veracruz-30088546,"MXN 4,900,000",4900000.0,MXN,0.0,300 m² const. | 3 rec. | 3 baños,300.0,300.0,3,3,0,A estrenar,,"Veracruz Centro, Veracruz, Veracruz de Ignacio de la Llave"," , Col. Veracruz Centro C.P. 91700, Veracruz",,19.125205,-96.1124995,2026-06-15T21:29:11.132163,2026-06-27T14:43:36.382544
https://propiedades.com/inmuebles/casa-en-venta-c-paseo-de-los-ebanos-535-floresta-80-veracruz-31080940,"MXN 2,943,000",2943000.0,MXN,0.0,219 m² const. | 4 rec. | 3 baños,200.0,219.0,4,3,2,25 años,C. Paseo de Los Ebanos #535,"Floresta 80, Veracruz, Veracruz de Ignacio de la Llave","C. Paseo de Los Ebanos #535, Col. Floresta 80 C.P. 91948, Veracruz",,19.149473,-96.13832,2026-06-23T13:28:08.335201,2026-06-27T14:42:48.434078
https://propiedades.com/inmuebles/casa-en-venta-c-miguel-lerdo-de-tejada-1424-zona-centro-91700-veracruz-ver-1424-veracruz-centro-veracruz-30648910,"MXN 3,940,010",3940010.0,MXN,0.0,200 m² const. | 3 rec. | 2 baños,,200.0,3,2,0,6 meses en Propiedades.com,C. Miguel Lerdo de Tejada 1424,"Veracruz Centro, Veracruz, Veracruz de Ignacio de la Llave","C. Miguel Lerdo de Tejada 1424, Zona Centro, 91700 Veracruz, Ver. #1424, Col. Veracruz Centro C.P. 91700, Veracruz",Cisterna,19.1939545,-96.14860720000001,2026-06-27T14:43:36.382480,2026-06-27T14:43:36.382480
https://propiedades.com/inmuebles/casa-en-venta-papantla-1949-primero-de-mayo-91757-veracruz-ver-1949-primero-de-mayo-veracruz-30656753,"MXN 2,955,000",2955000.0,MXN,0.0,138 m² const. | 2 rec. | 1 baños,,138.0,2,1,0,6 meses en Propiedades.com,Papantla 1949,"Primero de Mayo, Veracruz, Veracruz de Ignacio de la Llave","Papantla 1949, Primero de Mayo, 91757 Veracruz, Ver. #1949, Col. Primero de Mayo C.P. 91757, Veracruz",Cisterna,19.1728564,-96.1455014,2026-06-27T14:43:36.382620,2026-06-27T14:43:36.382620
https://propiedades.com/inmuebles/casa-en-venta-sin-nombre-de-calle-ricardo-flores-magon-veracruz-29154982,"MXN 4,250,000",4250000.0,MXN,0.0,308 m² const. | 3 rec. | 4 baños,,308.0,3,4,0,1 año en Propiedades.com,Sin nombre de calle,"Ricardo Flores Magón, Veracruz, Veracruz de Ignacio de la Llave","Sin nombre de calle, Col. Ricardo Flores Magón C.P. 91900, Veracruz",,19.1914151,-96.1275175,2026-06-27T14:44:01.983172,2026-06-27T14:44:01.983172
https://propiedades.com/inmuebles/casa-en-venta-avenida-xana-xana-ii-veracruz-29910922,"MXN 2,297,000",2297000.0,MXN,0.0,110 m² const. | 3 rec. | 2 baños,,110.0,3,2,0,1 año en Propiedades.com,Avenida Xana,"Xana II, Veracruz, Veracruz de Ignacio de la Llave","Avenida Xana, Col. Xana II C.P. 91726, Veracruz",Alberca | Seguridad privada,19.1617397,-96.18146650000001,2026-06-27T14:44:01.983188,2026-06-27T14:44:01.983188
https://propiedades.com/inmuebles/casa-en-venta-bahamas-119-119-las-enfermeras-veracruz-28005940,"MXN 615,000",615000.0,MXN,0.0,127 m² const. | 4 rec. | 2 baños,,127.0,4,2,0,2 años en Propiedades.com,Bahamas 119 #119,"Las Enfermeras, Veracruz, Veracruz de Ignacio de la Llave","Bahamas 119 #119, Col. Las Enfermeras C.P. 91928, Veracruz",,19.1481118,-96.1329939,2026-06-27T14:44:01.983192,2026-06-27T14:44:01.983192
https://propiedades.com/inmuebles/casa-en-venta-c-san-luis-col-agricola-ver-sn-agricola-industrial-veracruz-30305075,"MXN 3,800,000",3800000.0,MXN,0.0,226 m² const. | 3 rec. | 2 baños,,226.0,3,2,0,10 meses en Propiedades.com,C. San Luis,"Agrícola Industrial, Veracruz, Veracruz de Ignacio de la Llave","C. San Luis, Col. Agrícola, Ver. #s/n, Col. Agrícola Industrial C.P. 91826, Veracruz",Cisterna | Terraza,18.915684903158198,-96.95532156523437,2026-06-27T14:44:01.983220,2026-06-27T14:44:01.983220
https://propiedades.com/inmuebles/casa-en-venta-paso-y-troncoso-ricardo-flores-magon-veracruz-ver-ricardo-flores-magon-veracruz-30361433,"MXN 1,850,000",1850000.0,MXN,0.0,97 m² const. | 2 rec. | 1 baños,,97.0,2,1,0,9 meses en Propiedades.com,Paso Y Troncoso,"Ricardo Flores Magón, Veracruz, Veracruz de Ignacio de la Llave","Paso Y Troncoso, Ricardo Flores Magón, Veracruz, Ver., Col. Ricardo Flores Magón C.P. 91900, Veracruz",,19.1909811,-96.1281595,2026-06-27T14:44:01.983231,2026-06-27T14:44:01.983231
https://propiedades.com/inmuebles/casa-en-venta-centro-veracruz-ver-nd-veracruz-centro-veracruz-31251419,"MXN 3,000,000",3000000.0,MXN,0.0,200 m² const. | 3 rec. | 2 baños,,200.0,3,2,0,1 mes en Propiedades.com,Centro,"Veracruz Centro, Veracruz, Veracruz de Ignacio de la Llave","Centro, Veracruz, Ver. #nd, Col. Veracruz Centro C.P. 91700, Veracruz",Terraza,19.1969823,-96.13811880000002,2026-06-27T14:44:01.983233,2026-06-27T14:44:01.983233
https://propiedades.com/inmuebles/casa-en-venta-centro-nd-veracruz-centro-veracruz-28155561,"MXN 2,500,000",2500000.0,MXN,0.0,40 m² const. | 1 rec. | 1 baños,,40.0,1,1,0,2 años en Propiedades.com,CENTRO #ND,"Veracruz Centro, Veracruz, Veracruz de Ignacio de la Llave","CENTRO #ND, Col. Veracruz Centro C.P. 91700, Veracruz",,19.19377241553902,-96.13463758144532,2026-06-27T14:44:01.983236,2026-06-27T14:44:01.983236
https://propiedades.com/inmuebles/casa-en-venta-calle-jb-lobos-2397-xana-plus-veracruz-29294440,"MXN 1,469,000",1469000.0,MXN,0.0,77 m² const. | 3 rec. | 1 baños,,77.0,3,1,0,1 año en Propiedades.com,Calle J.B Lobos #2397,"Xana Plus, Veracruz, Veracruz de Ignacio de la Llave","Calle J.B Lobos #2397, Col. Xana Plus C.P. 91699, Veracruz",Alberca | Seguridad privada,19.1437503,-96.1749372,2026-06-27T14:44:01.983247,2026-06-27T14:44:01.983247
https://propiedades.com/inmuebles/casa-en-venta-residencial-tabachines-ii-sn-hacienda-los-portales-seccion-sur-veracruz-30181036,"MXN 3,610,000",3610000.0,MXN,0.0,178 m² const. | 3 rec. | 3 baños,,178.0,3,3,0,11 meses en Propiedades.com,Residencial Tabachines II #SN,"Hacienda los Portales Sección Sur, Veracruz, Veracruz de Ignacio de la Llave","Residencial Tabachines II #SN, Col. Hacienda los Portales Sección Sur C.P. 91726, Veracruz",,19.1902778,-96.1533333,2026-06-27T14:44:01.983249,2026-06-27T14:44:01.983249
https://propiedades.com/inmuebles/casa-en-venta-valente-diaz-veracruz-6-valente-diaz-veracruz-30177251,"MXN 1,780,100",1780100.0,MXN,0.0,297 m² const. | 3 rec. | 2 baños,,297.0,3,2,0,11 meses en Propiedades.com,Valente Diaz Veracruz #6,"Valente Diaz, Veracruz, Veracruz de Ignacio de la Llave","Valente Diaz Veracruz #6, Col. Valente Diaz C.P. 91725, Veracruz",,19.165223721159077,-96.22221975624743,2026-06-27T14:44:01.983251,2026-06-27T14:44:01.983251
https://propiedades.com/inmuebles/casa-en-venta-rio-aculpo-235-lomas-de-rio-medio-iii-veracruz-31511432,"MXN 1,860,000",1860000.0,MXN,0.0,131 m² const. | 3 rec. | 2 baños,,131.0,3,2,0,A estrenar,RIO ACULPO #235,"Lomas de Rio Medio III, Veracruz, Veracruz de Ignacio de la Llave","RIO ACULPO #235, Col. Lomas de Rio Medio III C.P. 91809, Veracruz",,19.2058793,-96.2037549,2026-06-27T14:44:01.983253,2026-06-27T14:44:01.983253
https://propiedades.com/inmuebles/casa-en-venta-reforma-nd-reforma-veracruz-29087412,"MXN 2,900,000",2900000.0,MXN,0.0,150 m² const. | 3 rec. | 2 baños,,150.0,3,2,0,1 año en Propiedades.com,REFORMA #ND,"Reforma, Veracruz, Veracruz de Ignacio de la Llave","REFORMA #ND, Col. Reforma C.P. 91919, Veracruz",,19.171104883114918,-96.12529665344239,2026-06-27T14:44:01.983272,2026-06-27T14:44:01.983272
https://propiedades.com/inmuebles/casa-en-venta-cedro-floresta-veracruz-31451291,"MXN 2,380,000",2380000.0,MXN,0.0,136 m² const. | 3 rec. | 2 baños | 2 estac.,,136.0,3,2,2,17 días en Propiedades.com,cedro,"Floresta, Veracruz, Veracruz de Ignacio de la Llave","cedro, Col. Floresta C.P. 91940, Veracruz",Seguridad privada | Cisterna | Terraza,19.1556264,-96.1354683,2026-06-27T14:44:01.983288,2026-06-27T14:44:01.983288
https://propiedades.com/inmuebles/casa-en-venta-sin-nombre-de-calle-na-floresta-veracruz-29511818,"MXN 2,100,000",2100000.0,MXN,0.0,200 m² const. | 3 rec. | 3 baños | 3 estac.,,200.0,3,3,3,1 año en Propiedades.com,Sin nombre de calle #NA,"Floresta, Veracruz, Veracruz de Ignacio de la Llave","Sin nombre de calle #NA, Col. Floresta C.P. 91940, Veracruz",Aire acondicionado | Cisterna,19.1556264,-96.1354683,2026-06-27T14:44:01.983290,2026-06-27T14:44:01.983290
https://propiedades.com/inmuebles/casa-en-venta-avenida-arenas-342-342-laguna-real-veracruz-28450377,"MXN 750,000",750000.0,MXN,0.0,85 m² const. | 3 rec. | 3 baños,,85.0,3,3,0,2 años en Propiedades.com,Avenida Arenas 342 #342,"Laguna Real, Veracruz, Veracruz de Ignacio de la Llave","Avenida Arenas 342 #342, Col. Laguna Real C.P. 91790, Veracruz",Cisterna,19.148376357648,-96.157294954218,2026-06-27T14:44:01.983292,2026-06-27T14:44:01.983292
https://propiedades.com/inmuebles/casa-en-venta-mavara-9-san-jose-veracruz-30372692,"MXN 950,000",950000.0,MXN,0.0,76 m² const. | 2 rec. | 1 baños,,76.0,2,1,0,9 meses en Propiedades.com,MAVARA  #9,"San José, Veracruz, Veracruz de Ignacio de la Llave","MAVARA  #9, Col. San José C.P. 91698, Veracruz",,19.1219707,-96.1071483,2026-06-27T14:44:01.983295,2026-06-27T14:44:01.983295
https://propiedades.com/inmuebles/casa-en-venta-bv-bicentenario-611b-crystal-lagoons-veracruz-91699-hacienda-paraiso-ver-sn-dream-lagoons-veracruz-30700133,"MXN 1,590,000",1590000.0,MXN,0.0,2 rec. | 2 baños,,,2,2,0,5 meses en Propiedades.com,Bv. Bicentenario 61-1B,"Dream Lagoons, Veracruz, Veracruz de Ignacio de la Llave","Bv. Bicentenario 61-1B, Crystal Lagoons Veracruz, 91699 Hacienda Paraíso, Ver. #s/n, Col. Dream Lagoons C.P. 91699, Veracruz",,19.133531599999998,-96.1738297,2026-06-27T14:44:01.983297,2026-06-27T14:44:01.983297
https://propiedades.com/inmuebles/casa-en-venta-hacienda-sotavento-veracruz-31004731,"MXN 575,000",575000.0,MXN,0.0,34 m² const. | 1 rec. | 1 baños,,34.0,1,1,0,3 meses en Propiedades.com,,"Hacienda Sotavento, Veracruz, Veracruz de Ignacio de la Llave"," , Col. Hacienda Sotavento C.P. 91698, Veracruz",,19.124665,-96.1812242,2026-06-27T14:44:01.983299,2026-06-27T14:44:01.983299
https://propiedades.com/inmuebles/casa-en-venta-enebro-113-riveras-de-rio-medio-veracruz-30052789,"MXN 220,000",220000.0,MXN,0.0,40 m² const.,,40.0,0,0,0,12 meses en Propiedades.com,Enebro #113,"Riveras de Río Medio, Veracruz, Veracruz de Ignacio de la Llave","Enebro #113, Col. Riveras de Río Medio C.P. 91808, Veracruz",,19.208735792800773,-96.23172388487777,2026-06-27T14:44:01.983301,2026-06-27T14:44:01.983301
https://propiedades.com/inmuebles/casa-en-venta-castaneda-26-privanzas-veracruz-30498999,"MXN 1,274,000",1274000.0,MXN,0.0,70 m² const. | 2 rec. | 1 baños,,70.0,2,1,0,8 meses en Propiedades.com,CASTAÑEDA  #26,"Privanzas, Veracruz, Veracruz de Ignacio de la Llave","CASTAÑEDA  #26, Col. Privanzas C.P. 91697, Veracruz",,19.147333,-96.2356912,2026-06-27T14:44:01.983302,2026-06-27T14:44:01.983302
https://propiedades.com/inmuebles/casa-en-venta-la-querencia-residencial-veracruz-31072721,"MXN 1,195,000",1195000.0,MXN,0.0,60 m² const. | 2 rec. | 1 baños,,60.0,2,1,0,2 meses en Propiedades.com,Col. La Querencia Residencial,"La Querencia Residencial, Veracruz, Veracruz de Ignacio de la Llave",", Col. La Querencia Residencial C.P. 91697, Veracruz",,18.7253172,-95.9864296,2026-06-27T14:44:01.983304,2026-06-27T14:44:01.983304
https://propiedades.com/inmuebles/casa-en-venta-c-rio-papaloapan-2020-lomas-de-rio-medio-91809-veracruz-ver-2020-lomas-de-rio-medio-ii-veracruz-30584563,"MXN 1,072,706",1072706.0,MXN,0.0,110 m² const. | 2 rec. | 1 baños,,110.0,2,1,0,7 meses en Propiedades.com,C. Río Papaloapan 2020,"Lomas de Rio Medio II, Veracruz, Veracruz de Ignacio de la Llave","C. Río Papaloapan 2020, Lomas de Río Medio, 91809 Veracruz, Ver. #2020, Col. Lomas de Rio Medio II C.P. 91809, Veracruz",Cisterna,19.2064923,-96.19827219999999,2026-06-27T14:44:01.983313,2026-06-27T14:44:01.983313
https://propiedades.com/inmuebles/casa-en-venta-veracruz-lomas-de-rio-medio-iv-veracruz-31080391,"MXN 960,000",960000.0,MXN,0.0,65 m² const. | 2 rec. | 1 baños,,65.0,2,1,0,2 meses en Propiedades.com,Veracruz,"Lomas de Río Medio IV, Veracruz, Veracruz de Ignacio de la Llave","Veracruz, Col. Lomas de Río Medio IV C.P. 91809, Veracruz",,19.1699087,-96.1545224,2026-06-27T14:44:01.983315,2026-06-27T14:44:01.983315
https://www.propiedades.com/inmuebles/casa-en-venta-calle-galeana-julio-tejeda-veracruz-30670896,"MXN 890,000",890000.0,MXN,0.0,134 m² const.,,134.0,0,0,0,6 meses en Propiedades.com,Calle Galeana,"Julio Tejeda, Veracruz, Veracruz de Ignacio de la Llave","Calle Galeana, Col. Julio Tejeda C.P. 91739, Veracruz",,19.1786814,-96.1254801,2026-06-27T14:44:01.983318,2026-06-27T14:44:01.983318
https://propiedades.com/inmuebles/casa-en-venta-san-nicolas-37-nuevo-veracruz-veracruz-30378639,"MXN 1,368,840",1368840.0,MXN,0.0,88 m² const. | 2 rec. | 1 baños,,88.0,2,1,0,9 meses en Propiedades.com,San Nicolás  #37,"Nuevo Veracruz, Veracruz, Veracruz de Ignacio de la Llave","San Nicolás  #37, Col. Nuevo Veracruz C.P. 91726, Veracruz",,19.2183897,-96.1729171,2026-06-27T14:44:01.983319,2026-06-27T14:44:01.983319
https://propiedades.com/inmuebles/casa-en-venta-veracruz-lomas-del-rio-medio-veracruz-31080477,"MXN 1,300,000",1300000.0,MXN,0.0,75 m² const. | 2 rec. | 2 baños,,75.0,2,2,0,2 meses en Propiedades.com,Veracruz,"Lomas Del Rio Medio, Veracruz, Veracruz de Ignacio de la Llave","Veracruz, Col. Lomas Del Rio Medio C.P. 91809, Veracruz",,19.2053408,-96.1977851,2026-06-27T14:44:01.983329,2026-06-27T14:44:01.983329
https://propiedades.com/inmuebles/casa-en-venta-puerta-verona-80-puerta-paraiso-veracruz-29898864,"MXN 1,650,000",1650000.0,MXN,0.0,95 m² const. | 3 rec. | 2 baños | 1 estac.,,95.0,3,2,1,1 año en Propiedades.com,Puerta Verona #80,"Puerta Paraíso, Veracruz, Veracruz de Ignacio de la Llave","Puerta Verona #80, Col. Puerta Paraíso C.P. 91699, Veracruz",Alberca | Seguridad privada | Aire acondicionado,19.129338,-96.1724279,2026-06-27T14:44:01.983331,2026-06-27T14:44:01.983331
https://propiedades.com/inmuebles/casa-en-venta-av-puerta-paraiso-sn-91775-veracruz-ver-sn-amapolas-ii-veracruz-31000832,"MXN 1,750,000",1750000.0,MXN,0.0,130 m² const. | 3 rec. | 2 baños,,130.0,3,2,0,3 meses en Propiedades.com,Av. Puerta Paraiso s/n,"Amapolas II, Veracruz, Veracruz de Ignacio de la Llave","Av. Puerta Paraiso s/n, 91775 Veracruz, Ver. #s/n, Col. Amapolas II C.P. 91775, Veracruz",Alberca | Seguridad privada | Aire acondicionado | Terraza,19.1253974,-96.1719368,2026-06-27T14:44:01.983333,2026-06-27T14:44:01.983333
https://propiedades.com/inmuebles/casa-en-venta-playa-nizuc-558-558-playa-linda-veracruz-29894821,"MXN 600,000",600000.0,MXN,0.0,90 m² const. | 3 rec. | 2 baños,,90.0,3,2,0,1 año en Propiedades.com,Playa Nizúc 558 #558,"Playa Linda, Veracruz, Veracruz de Ignacio de la Llave","Playa Nizúc 558 #558, Col. Playa Linda C.P. 91810, Veracruz",,19.2075502,-96.17181099999999,2026-06-27T14:44:01.983342,2026-06-27T14:44:01.983342
https://propiedades.com/inmuebles/casa-en-venta-tonala-93-lomas-de-rio-medio-ii-veracruz-31511417,"MXN 1,540,000",1540000.0,MXN,0.0,110 m² const. | 3 rec. | 2 baños,,110.0,3,2,0,A estrenar,TONALA  #93,"Lomas de Rio Medio II, Veracruz, Veracruz de Ignacio de la Llave","TONALA  #93, Col. Lomas de Rio Medio II C.P. 91809, Veracruz",,19.2053408,-96.19778509999999,2026-06-27T14:44:01.983363,2026-06-27T14:44:01.983363
https://propiedades.com/inmuebles/casa-en-venta-priv-reina-fraccionamiento-hacienda-sotavento-91699-hacienda-sotavento-ver-hacienda-sotavento-veracruz-31315293,"MXN 580,000",580000.0,MXN,0.0,31 m² const. | 1 rec. | 1 baños,31.0,31.0,1,1,1,15 años,Priv. Reina,"Hacienda Sotavento, Veracruz, Veracruz de Ignacio de la Llave","Priv. Reina, Fraccionamiento Hacienda Sotavento, 91699 Hacienda Sotavento, Ver., Col. Hacienda Sotavento C.P. 91698, Veracruz",,19.1603948,-96.1699336,2026-06-27T14:44:27.980947,2026-06-27T14:44:27.980947
https://propiedades.com/inmuebles/casa-en-venta-mavara-58-las-bajadas-veracruz-31507582,"MXN 1,237,000",1237000.0,MXN,0.0,99 m² const. | 2 rec. | 1 baños,120.0,99.0,2,1,1,15 años,MAVARA #58,"Las Bajadas, Veracruz, Veracruz de Ignacio de la Llave","MAVARA #58, Col. Las Bajadas C.P. 91726, Veracruz",,19.1751065,-96.1725856,2026-06-27T14:44:27.980972,2026-06-27T14:44:27.980972
https://propiedades.com/inmuebles/casa-en-venta-aragon-000-ricardo-flores-magon-veracruz-31460036,"MXN 5,800,000",5800000.0,MXN,0.0,275 m² const. | 3 rec. | 4 baños | 4 estac.,,275.0,3,4,4,15 días en Propiedades.com,Aragón #000Int. 000,"Ricardo Flores Magón, Veracruz, Veracruz de Ignacio de la Llave","Aragón #000Int. 000, Col. Ricardo Flores Magón C.P. 91900, Veracruz",Aire acondicionado | Cisterna,19.1914151,-96.1275175,2026-06-27T14:44:27.980976,2026-06-27T14:44:27.980976
https://propiedades.com/inmuebles/casa-en-venta-chiveria-infonavit-veracruz-29593907,"MXN 890,000",890000.0,MXN,0.0,120 m² const.,67.0,120.0,0,0,0,A estrenar,,"Chivería INFONAVIT, Veracruz, Veracruz de Ignacio de la Llave"," , Col. Chivería INFONAVIT C.P. 91714, Veracruz",,19.183778,-96.171031,2026-06-27T14:44:27.981012,2026-06-27T14:44:27.981012
https://propiedades.com/inmuebles/casa-en-venta-av-arenas-342-ampliacion-cuauhtemoc-veracruz-28509797,"MXN 750,000",750000.0,MXN,0.0,85 m² const. | 3 rec. | 2 baños,,85.0,3,2,0,2 años en Propiedades.com,AV ARENAS 342,"Ampliación Cuauhtémoc, Veracruz, Veracruz de Ignacio de la Llave","AV ARENAS 342, Col. Ampliación Cuauhtémoc C.P. 91790, Veracruz",Seguridad privada | Cisterna | Terraza,19.194643,-96.1516468,2026-06-27T14:44:27.981015,2026-06-27T14:44:27.981015
https://propiedades.com/inmuebles/casa-en-venta-v-reforma-veracruz-31463485,"MXN 5,800,000",5800000.0,MXN,0.0,325 m² const. | 3 rec. | 3 baños,,325.0,3,3,0,13 días en Propiedades.com,V,"Reforma, Veracruz, Veracruz de Ignacio de la Llave","V, Col. Reforma C.P. 91919, Veracruz",Aire acondicionado | Cisterna | Terraza,19.1707806,-96.1248675,2026-06-27T14:44:27.981018,2026-06-27T14:44:27.981018
https://www.propiedades.com/inmuebles/casa-en-venta-almendro-floresta-veracruz-31424371,"MXN 2,250,000",2250000.0,MXN,0.0,67 m² const. | 1 rec. | 1 baños | 2 estac.,,67.0,1,1,2,24 días en Propiedades.com,ALMENDRO,"Floresta, Veracruz, Veracruz de Ignacio de la Llave","ALMENDRO, Col. Floresta C.P. 91940, Veracruz",Seguridad privada | Aire acondicionado | Cisterna,19.1556264,-96.1354683,2026-06-27T14:44:27.981035,2026-06-27T14:44:27.981035
https://propiedades.com/inmuebles/casa-en-venta-sector-11-buenavista-infonavit-veracruz-31465093,"MXN 936,500",936500.0,MXN,0.0,76 m² const. | 3 rec. | 2 baños,,76.0,3,2,0,12 días en Propiedades.com,SECTOR  #11,"Buenavista INFONAVIT, Veracruz, Veracruz de Ignacio de la Llave","SECTOR  #11, Col. Buenavista INFONAVIT C.P. 91850, Veracruz",,19.200312999999998,-96.1712596,2026-06-27T14:44:27.981037,2026-06-27T14:44:27.981037
https://propiedades.com/inmuebles/casa-en-venta-veracruz-lomas-del-rio-medio-veracruz-31080385,"MXN 575,000",575000.0,MXN,0.0,96 m² const. | 3 rec. | 1 baños,,96.0,3,1,0,2 meses en Propiedades.com,Veracruz,"Lomas Del Rio Medio, Veracruz, Veracruz de Ignacio de la Llave","Veracruz, Col. Lomas Del Rio Medio C.P. 91809, Veracruz",,19.2053408,-96.1977851,2026-06-27T14:44:27.981050,2026-06-27T14:44:27.981050
https://propiedades.com/inmuebles/casa-en-venta-av-veracruz-las-brisas-veracruz-ver-sn-miguel-angel-de-quevedo-veracruz-31068916,"MXN 1,950,000",1950000.0,MXN,0.0,87 m² const. | 2 rec. | 2 baños,,87.0,2,2,0,2 meses en Propiedades.com,Av Veracruz,"Miguel Ángel de Quevedo, Veracruz, Veracruz de Ignacio de la Llave","Av Veracruz, Las Brisas, Veracruz, Ver. #s/n, Col. Miguel Ángel de Quevedo C.P. 91860, Veracruz",,19.2045949,-96.1649615,2026-06-27T14:44:27.981052,2026-06-27T14:44:27.981052
https://propiedades.com/inmuebles/casa-en-venta-ricardo-flores-magon-veracruz-31499774,"MXN 8,500,000",8500000.0,MXN,0.0,306 m² const. | 2 rec. | 2 baños,,306.0,2,2,0,A estrenar,,"Ricardo Flores Magón, Veracruz, Veracruz de Ignacio de la Llave"," , Col. Ricardo Flores Magón C.P. 91900, Veracruz",,19.1891189,-96.1236731,2026-06-27T14:44:27.981065,2026-06-27T14:44:27.981065
https://propiedades.com/inmuebles/casa-en-venta-astilleros-de-veracruz-veracruz-30471874,"MXN 2,900,000",2900000.0,MXN,0.0,160 m² const. | 3 rec. | 2 baños,,160.0,3,2,0,8 meses en Propiedades.com,,"Astilleros de Veracruz, Veracruz, Veracruz de Ignacio de la Llave"," , Col. Astilleros de Veracruz C.P. 91800, Veracruz",,19.2102729,-96.1831947,2026-06-27T14:44:27.981068,2026-06-27T14:44:27.981068
https://propiedades.com/inmuebles/casa-en-venta-tampico-141-fernando-lopez-arias-veracruz-31449139,"MXN 1,500,000",1500000.0,MXN,0.0,237 m² const. | 8 rec. | 7 baños,,237.0,8,7,0,17 días en Propiedades.com,Tampico #141,"Fernando López Arias, Veracruz, Veracruz de Ignacio de la Llave","Tampico #141, Col. Fernando López Arias C.P. 91820, Veracruz",,19.2136594,-96.17078680000002,2026-06-27T14:44:27.981070,2026-06-27T14:44:27.981070
https://propiedades.com/inmuebles/casa-en-venta-granjas-veracruz-veracruz-27533293,"MXN 3,400,000",3400000.0,MXN,0.0,214 m² const. | 3 rec. | 2 baños,,214.0,3,2,0,2 años en Propiedades.com,,"Granjas Veracruz, Veracruz, Veracruz de Ignacio de la Llave"," , Col. Granjas Veracruz C.P. 91938, Veracruz",,19.1357397,-96.1437515,2026-06-27T14:44:27.981072,2026-06-27T14:44:27.981072
https://propiedades.com/inmuebles/casa-en-venta-inca-102-palma-real-ii-veracruz-31508421,"MXN 636,000",636000.0,MXN,0.0,40 m² const. | 1 rec. | 1 baños,,40.0,1,1,0,A estrenar,INCA #102,"Palma Real II, Veracruz, Veracruz de Ignacio de la Llave","INCA #102, Col. Palma Real II C.P. 91826, Veracruz",,19.1957565,-96.1832889,2026-06-27T14:44:27.981074,2026-06-27T14:44:27.981074
https://propiedades.com/inmuebles/casa-en-venta-nautla-161-miguel-aleman-91898-veracruz-ver-161-miguel-aleman-veracruz-30808717,"MXN 630,000",630000.0,MXN,0.0,232 m² const. | 4 rec. | 2 baños,,232.0,4,2,0,5 meses en Propiedades.com,Nautla 161,"Miguel Alemán, Veracruz, Veracruz de Ignacio de la Llave","Nautla 161, Miguel Alemán, 91898 Veracruz, Ver. #161, Col. Miguel Alemán C.P. 91898, Veracruz",Aire acondicionado | Cisterna | Terraza,19.206732199999998,-96.1537135,2026-06-27T14:44:27.981077,2026-06-27T14:44:27.981077
https://propiedades.com/inmuebles/casa-en-venta-mata-de-pita-veracruz-24833397,"MXN 1,891,000",1891000.0,MXN,0.0,77 m² const. | 3 rec. | 1 baños,,77.0,3,1,0,4 años en Propiedades.com,,"Mata de Pita, Veracruz, Veracruz de Ignacio de la Llave"," , Col. Mata de Pita C.P. 91698, Veracruz",,19.1257301,-96.1775584,2026-06-27T14:44:27.981079,2026-06-27T14:44:27.981079
https://www.propiedades.com/inmuebles/casa-en-venta-col-astilleros-astilleros-de-veracruz-veracruz-31487533,"MXN 1,900,000",1900000.0,MXN,0.0,298 m² const. | 4 rec. | 1 baños | 1 estac.,,298.0,4,1,1,A estrenar,Col. Astilleros,"Astilleros de Veracruz, Veracruz, Veracruz de Ignacio de la Llave","Col. Astilleros, Col. Astilleros de Veracruz C.P. 91800, Veracruz",Alberca | Cisterna,19.2131439,-96.1858472,2026-06-27T14:44:27.981081,2026-06-27T14:44:27.981081
https://propiedades.com/inmuebles/casa-en-venta-veracruz-veracruz-29930880,"MXN 30,000,000",30000000.0,MXN,0.0,671 m² const. | 4 rec. | 4 baños,,671.0,4,4,0,1 año en Propiedades.com,,"Veracruz, Veracruz, Veracruz de Ignacio de la Llave"," , Col. Veracruz C.P. 91709, Veracruz",,19.0955162,-96.1010971,2026-06-27T14:44:27.981083,2026-06-27T14:44:27.981083
https://propiedades.com/inmuebles/casa-en-venta-ricardo-flores-magon-veracruz-30488509,"MXN 4,650,000",4650000.0,MXN,0.0,236 m² const. | 4 rec. | 4 baños,,236.0,4,4,0,8 meses en Propiedades.com,,"Ricardo Flores Magón, Veracruz, Veracruz de Ignacio de la Llave"," , Col. Ricardo Flores Magón C.P. 91900, Veracruz",,19.1855097,-96.1292308,2026-06-27T14:44:27.981086,2026-06-27T14:44:27.981086
https://propiedades.com/inmuebles/casa-en-venta-enrique-gonzalez-martinez-predio-i-91777-veracruz-ver-sn-predio-2-veracruz-30624045,"MXN 680,000",680000.0,MXN,0.0,35 m² const. | 2 rec. | 1 baños,,35.0,2,1,0,7 meses en Propiedades.com,Enrique González Martínez,"Predio 2, Veracruz, Veracruz de Ignacio de la Llave","Enrique González Martínez, Predio I, 91777 Veracruz, Ver. #SN, Col. Predio 2 C.P. 91777, Veracruz",,19.1516924,-96.16463,2026-06-27T14:44:27.981098,2026-06-27T14:44:27.981098
https://propiedades.com/inmuebles/casa-en-venta-mata-de-pita-veracruz-24803481,"MXN 2,735,000",2735000.0,MXN,0.0,71 m² const. | 3 rec. | 1 baños,,71.0,3,1,0,4 años en Propiedades.com,,"Mata de Pita, Veracruz, Veracruz de Ignacio de la Llave"," , Col. Mata de Pita C.P. 91698, Veracruz",,19.1257301,-96.1775584,2026-06-27T14:44:27.981101,2026-06-27T14:44:27.981101
https://propiedades.com/inmuebles/casa-en-venta-mexiquillo-83-los-torrentes-veracruz-31442754,"MXN 760,000",760000.0,MXN,0.0,40 m² const. | 1 rec. | 1 baños,,40.0,1,1,0,19 días en Propiedades.com,MEXIQUILLO #83,"Los Torrentes, Veracruz, Veracruz de Ignacio de la Llave","MEXIQUILLO #83, Col. Los Torrentes C.P. 91808, Veracruz",,19.2079628,-96.1795397,2026-06-27T14:44:27.981103,2026-06-27T14:44:27.981103
https://propiedades.com/inmuebles/casa-en-venta-sin-nombre-de-calle-sn-ignacio-zaragoza-veracruz-31462054,"MXN 10,800,000",10800000.0,MXN,0.0,350 m² const. | 3 rec. | 7 baños | 4 estac.,,350.0,3,7,4,14 días en Propiedades.com,Sin nombre de calle #snInt. s/n,"Ignacio Zaragoza, Veracruz, Veracruz de Ignacio de la Llave","Sin nombre de calle #snInt. s/n, Col. Ignacio Zaragoza C.P. 91910, Veracruz",Alberca | Aire acondicionado | Cisterna,19.1780491,-96.1288426,2026-06-27T14:44:27.981105,2026-06-27T14:44:27.981105
https://propiedades.com/inmuebles/casa-en-venta-rio-las-flores-223-lomas-del-rio-medio-veracruz-31511450,"MXN 1,960,000",1960000.0,MXN,0.0,135 m² const. | 3 rec. | 2 baños,,135.0,3,2,0,A estrenar,RIO LAS FLORES #223,"Lomas Del Rio Medio, Veracruz, Veracruz de Ignacio de la Llave","RIO LAS FLORES #223, Col. Lomas Del Rio Medio C.P. 91809, Veracruz",,19.2053408,-96.1977851,2026-06-27T14:44:27.981116,2026-06-27T14:44:27.981116
https://propiedades.com/inmuebles/casa-en-venta-nicolas-bravo-3015-veracruz-centro-veracruz-31331437,"MXN 2,200,000",2200000.0,MXN,0.0,139 m² const. | 3 rec. | 2 baños | 2 estac.,,139.0,3,2,2,1 mes en Propiedades.com,Nicolás Bravo #3015,"Veracruz Centro, Veracruz, Veracruz de Ignacio de la Llave","Nicolás Bravo #3015, Col. Veracruz Centro C.P. 91700, Veracruz",,19.189537,-96.1394441,2026-06-27T14:44:27.981126,2026-06-27T14:44:27.981126
https://propiedades.com/inmuebles/casa-en-venta-paseo-profesor-alicia-moreno-932-932-buenavista-infonavit-veracruz-29894810,"MXN 600,000",600000.0,MXN,0.0,100 m² const. | 3 rec. | 2 baños,,100.0,3,2,0,1 año en Propiedades.com,Paseo Profesor Alicia Moreno 932 #932,"Buenavista INFONAVIT, Veracruz, Veracruz de Ignacio de la Llave","Paseo Profesor Alicia Moreno 932 #932, Col. Buenavista INFONAVIT C.P. 91850, Veracruz",,19.1973505,-96.1683578,2026-06-27T14:44:27.981128,2026-06-27T14:44:27.981128
https://propiedades.com/inmuebles/casa-en-venta-virgilio-uribe-821-el-coyol-veracruz-31136145,"MXN 1,718,200",1718200.0,MXN,0.0,80 m² const. | 2 rec. | 2 baños,,80.0,2,2,0,2 meses en Propiedades.com,Virgilio Uribe #821,"El Coyol, Veracruz, Veracruz de Ignacio de la Llave","Virgilio Uribe #821, Col. El Coyol C.P. 91780, Veracruz",,19.1579389,-96.1497334,2026-06-27T14:44:27.981130,2026-06-27T14:44:27.981130
https://propiedades.com/inmuebles/casa-en-venta-pergola-sn-residencial-el-campanario-veracruz-30018240,"MXN 720,000",720000.0,MXN,0.0,38 m² const. | 1 rec. | 1 baños,,38.0,1,1,0,1 año en Propiedades.com,PERGOLA #s/n,"Residencial El Campanario, Veracruz, Veracruz de Ignacio de la Llave","PERGOLA #s/n, Col. Residencial El Campanario C.P. 91808, Veracruz",,19.2060586,-96.2203407,2026-06-27T14:44:27.981133,2026-06-27T14:44:27.981133
https://propiedades.com/inmuebles/casa-en-venta-emmas-canas-102-villa-rica-1-veracruz-31495266,"MXN 855,000",855000.0,MXN,0.0,51 m² const. | 2 rec. | 1 baños,,51.0,2,1,0,A estrenar,EMMAS CAÑAS #102,"Villa Rica 1, Veracruz, Veracruz de Ignacio de la Llave","EMMAS CAÑAS #102, Col. Villa Rica 1 C.P. 91800, Veracruz",,19.1313143,-96.1121467,2026-06-27T14:44:27.981135,2026-06-27T14:44:27.981135
https://propiedades.com/inmuebles/casa-en-venta-col-formando-hogar-formando-hogar-veracruz-31415178,"MXN 3,900,000",3900000.0,MXN,0.0,372 m² const. | 4 rec. | 4 baños,,372.0,4,4,0,26 días en Propiedades.com,Col. Formando Hogar,"Formando Hogar, Veracruz, Veracruz de Ignacio de la Llave","Col. Formando Hogar, Col. Formando Hogar C.P. 91897, Veracruz",Seguridad privada | Cisterna,19.2022824,-96.1566754,2026-06-27T14:44:27.981137,2026-06-27T14:44:27.981137
https://propiedades.com/inmuebles/casa-en-venta-fracc-flores-del-valle-veracruz-centro-veracruz-31415056,"MXN 2,400,000",2400000.0,MXN,0.0,136 m² const. | 3 rec. | 2 baños,,136.0,3,2,0,26 días en Propiedades.com,Fracc. Flores del Valle,"Veracruz Centro, Veracruz, Veracruz de Ignacio de la Llave","Fracc. Flores del Valle, Col. Veracruz Centro C.P. 91700, Veracruz",Seguridad privada | Cisterna,19.189537,-96.1394441,2026-06-27T14:44:27.981140,2026-06-27T14:44:27.981140
https://propiedades.com/inmuebles/casa-en-venta-col-diaz-serdan-rafael-diaz-serdan-veracruz-31415051,"MXN 1,950,000",1950000.0,MXN,0.0,249 m² const. | 3 rec. | 2 baños,,249.0,3,2,0,26 días en Propiedades.com,Col. Díaz Serdán,"Rafael Díaz Serdan, Veracruz, Veracruz de Ignacio de la Llave","Col. Díaz Serdán, Col. Rafael Díaz Serdan C.P. 91963, Veracruz",Cisterna,19.1451876,-96.1599897,2026-06-27T14:44:27.981142,2026-06-27T14:44:27.981142
https://propiedades.com/inmuebles/casa-en-venta-chiveria-infonavit-veracruz-28918253,"MXN 890,000",890000.0,MXN,0.0,120 m² const.,,120.0,0,0,0,2 años en Propiedades.com,,"Chivería INFONAVIT, Veracruz, Veracruz de Ignacio de la Llave"," , Col. Chivería INFONAVIT C.P. 91714, Veracruz",,19.183778,-96.171031,2026-06-27T14:44:27.981144,2026-06-27T14:44:27.981144
https://propiedades.com/inmuebles/casa-en-venta-ara-crystal-lagoons-veracruz-30773037,"MXN 2,850,000",2850000.0,MXN,0.0,126 m² const. | 3 rec. | 3 baños,,126.0,3,3,0,5 meses en Propiedades.com,,"ARA Crystal Lagoons, Veracruz, Veracruz de Ignacio de la Llave"," , Col. ARA Crystal Lagoons C.P. 91775, Veracruz",,19.1307952,-96.1699336,2026-06-27T14:44:27.981146,2026-06-27T14:44:27.981146
https://propiedades.com/inmuebles/casa-en-venta-santo-isidro-23-hacienda-la-parroquia-veracruz-31368581,"MXN 1,294,000",1294000.0,MXN,0.0,83 m² const. | 3 rec. | 1 baños,,83.0,3,1,0,1 mes en Propiedades.com,SANTO ISIDRO #23,"Hacienda la Parroquia, Veracruz, Veracruz de Ignacio de la Llave","SANTO ISIDRO #23, Col. Hacienda la Parroquia C.P. 91725, Veracruz",,19.190516,-96.1875051,2026-06-27T14:44:27.981149,2026-06-27T14:44:27.981149
https://www.propiedades.com/inmuebles/casa-en-venta-fracc--xana-xana-plus-veracruz-31415241,"MXN 1,959,000",1959000.0,MXN,0.0,95 m² const. | 3 rec. | 2 baños | 2 estac.,,95.0,3,2,2,26 días en Propiedades.com,Fracc.  Xana,"Xana Plus, Veracruz, Veracruz de Ignacio de la Llave","Fracc.  Xana, Col. Xana Plus C.P. 91699, Veracruz",Alberca | Seguridad privada | Cisterna,19.1437503,-96.1749372,2026-06-27T14:44:27.981151,2026-06-27T14:44:27.981151
https://propiedades.com/inmuebles/casa-en-venta-coyol-nd-coyol-zona-c-veracruz-31232017,"MXN 1,600,000",1600000.0,MXN,0.0,130 m² const. | 3 rec. | 2 baños,,130.0,3,2,0,1 mes en Propiedades.com,COYOL #ND,"Coyol Zona C, Veracruz, Veracruz de Ignacio de la Llave","COYOL #ND, Col. Coyol Zona C C.P. 91779, Veracruz",Aire acondicionado | Cisterna,19.1688682,-96.1599897,2026-06-27T14:44:27.981153,2026-06-27T14:44:27.981153
https://propiedades.com/inmuebles/casa-en-venta-astilleros-91800-veracruz-ver-astilleros-de-veracruz-veracruz-31519399,"MXN 2,995,000",2995000.0,MXN,0.0,200 m² const. | 3 rec. | 2 baños,,200.0,3,2,0,A estrenar,Astilleros,"Astilleros de Veracruz, Veracruz, Veracruz de Ignacio de la Llave","Astilleros, 91800 Veracruz, Ver., Col. Astilleros de Veracruz C.P. 91800, Veracruz",Alberca | Aire acondicionado | Cisterna | Terraza,19.2102729,-96.1831947,2026-06-27T14:44:27.981155,2026-06-27T14:44:27.981155
https://propiedades.com/inmuebles/casa-en-venta-sarita-ruiz-93-villa-rica-2-veracruz-31495261,"MXN 790,000",790000.0,MXN,0.0,47 m² const. | 1 rec. | 1 baños,,47.0,1,1,0,A estrenar,SARITA RUIZ #93,"Villa Rica 2, Veracruz, Veracruz de Ignacio de la Llave","SARITA RUIZ #93, Col. Villa Rica 2 C.P. 91800, Veracruz",,19.2113359,-96.1661554,2026-06-27T14:44:27.981190,2026-06-27T14:44:27.981190
https://propiedades.com/inmuebles/casa-en-venta-sandoval-reforma-veracruz-31196030,"MXN 4,350,000",4350000.0,MXN,0.0,323 m² const. | 3 rec. | 2 baños,228.0,323.0,3,2,2,1 años,Sandoval,"Reforma, Veracruz, Veracruz de Ignacio de la Llave","Sandoval, Col. Reforma C.P. 91919, Veracruz",,19.1707806,-96.1248675,2026-06-27T14:44:52.733360,2026-06-27T14:44:52.733360
https://propiedades.com/inmuebles/casa-en-venta-el-coyol-veracruz-30674087,"MXN 1,718,200",1718200.0,MXN,0.0,108 m² const. | 2 rec. | 2 baños,80.0,108.0,2,2,0,A estrenar,,"El Coyol, Veracruz, Veracruz de Ignacio de la Llave"," , Col. El Coyol C.P. 91780, Veracruz",,19.1706527,-96.1559795,2026-06-27T14:44:52.733366,2026-06-27T14:44:52.733366
https://propiedades.com/inmuebles/casa-en-venta-sin-nombre-de-calle-sn-siglo-xxi-veracruz-31509471,"MXN 1,590,000",1590000.0,MXN,0.0,120 m² const. | 3 rec. | 3 baños | 1 estac.,67.0,120.0,3,3,1,A estrenar,Sin nombre de calle #S/N,"Siglo XXI, Veracruz, Veracruz de Ignacio de la Llave","Sin nombre de calle #S/N, Col. Siglo XXI C.P. 91777, Veracruz",Seguridad privada | Aire acondicionado,19.1555033,-96.1613155,2026-06-27T14:44:52.733372,2026-06-27T14:44:52.733372
https://www.propiedades.com/inmuebles/casa-en-venta-sin-nombre-de-calle-bruno-pagliai-veracruz-31173040,"MXN 1,205,000",1205000.0,MXN,0.0,82 m² const. | 3 rec. | 3 baños | 1 estac.,,82.0,3,3,1,1 mes en Propiedades.com,Sin nombre de calle,"Bruno Pagliai, Veracruz, Veracruz de Ignacio de la Llave","Sin nombre de calle, Col. Bruno Pagliai C.P. 91697, Veracruz",,19.1694408,-96.2273383,2026-06-27T14:44:52.733374,2026-06-27T14:44:52.733374
https://propiedades.com/inmuebles/casa-en-venta-sin-nombre-de-calle-sn-reforma-veracruz-31433992,"MXN 5,800,000",5800000.0,MXN,0.0,325 m² const. | 3 rec. | 6 baños | 2 estac.,,325.0,3,6,2,22 días en Propiedades.com,Sin nombre de calle #S/N,"Reforma, Veracruz, Veracruz de Ignacio de la Llave","Sin nombre de calle #S/N, Col. Reforma C.P. 91919, Veracruz",Aire acondicionado,19.1707806,-96.1248675,2026-06-27T14:44:52.733377,2026-06-27T14:44:52.733377
https://propiedades.com/inmuebles/casa-en-venta-av-ricardo-flores-magon-595-ignacio-zaragoza-91910-veracruz-ver-595-ignacio-zaragoza-veracruz-30913690,"MXN 2,880,000",2880000.0,MXN,0.0,245 m² const. | 3 rec. | 3 baños,170.0,245.0,3,3,1,50 años,Av. Ricardo Flores Magón 595,"Ignacio Zaragoza, Veracruz, Veracruz de Ignacio de la Llave","Av. Ricardo Flores Magón 595, Ignacio Zaragoza, 91910 Veracruz, Ver. #595, Col. Ignacio Zaragoza C.P. 91910, Veracruz",Seguridad privada | Aire acondicionado | Cisterna | Terraza,19.1835082,-96.1280072,2026-06-27T14:44:52.733382,2026-06-27T14:44:52.733382
https://www.propiedades.com/inmuebles/casa-en-venta-sin-nombre-de-calle-bruno-pagliai-veracruz-31173006,"MXN 1,275,000",1275000.0,MXN,0.0,60 m² const. | 2 rec. | 2 baños | 1 estac.,,60.0,2,2,1,1 mes en Propiedades.com,Sin nombre de calle,"Bruno Pagliai, Veracruz, Veracruz de Ignacio de la Llave","Sin nombre de calle, Col. Bruno Pagliai C.P. 91697, Veracruz",Alberca | Seguridad privada,19.1694408,-96.2273383,2026-06-27T14:44:52.733384,2026-06-27T14:44:52.733384
https://propiedades.com/inmuebles/casa-en-venta-mishola-103-los-torrentes-veracruz-31442696,"MXN 810,000",810000.0,MXN,0.0,45 m² const. | 1 rec. | 1 baños,72.0,45.0,1,1,0,22 años,MISHOLA #103,"Los Torrentes, Veracruz, Veracruz de Ignacio de la Llave","MISHOLA #103, Col. Los Torrentes C.P. 91808, Veracruz",,19.2079628,-96.1795397,2026-06-27T14:44:52.733389,2026-06-27T14:44:52.733389
https://propiedades.com/inmuebles/casa-en-venta-francisco-i-madero-el-coyol-veracruz-31280748,"MXN 1,718,200",1718200.0,MXN,0.0,108 m² const. | 2 rec. | 2 baños | 1 estac.,80.0,108.0,2,2,1,1 años,Francisco I Madero,"El Coyol, Veracruz, Veracruz de Ignacio de la Llave","Francisco I Madero, Col. El Coyol C.P. 91780, Veracruz",,19.173127,-96.1543556,2026-06-27T14:44:52.733394,2026-06-27T14:44:52.733394
https://propiedades.com/inmuebles/casa-en-venta-sin-nombre-de-calle-costa-dorada-veracruz-31433616,"MXN 519,000",519000.0,MXN,0.0,100 m² const. | 2 rec. | 1 baños | 1 estac.,,100.0,2,1,1,22 días en Propiedades.com,Sin nombre de calle,"Costa Dorada, Veracruz, Veracruz de Ignacio de la Llave","Sin nombre de calle, Col. Costa Dorada C.P. 91808, Veracruz",Cisterna,19.211667,-96.1820373,2026-06-27T14:44:52.733396,2026-06-27T14:44:52.733396
https://propiedades.com/inmuebles/casa-en-venta-veracruzana-sn-unidad-veracruzana-veracruz-30338075,"MXN 1,190,000",1190000.0,MXN,0.0,134 m² const. | 3 rec. | 2 baños,,134.0,3,2,0,9 meses en Propiedades.com,Veracruzana #s/n,"Unidad Veracruzana, Veracruz, Veracruz de Ignacio de la Llave","Veracruzana #s/n, Col. Unidad Veracruzana C.P. 91710, Veracruz",Seguridad privada | Aire acondicionado | Cisterna | Terraza,19.1898562,-96.1520358,2026-06-27T14:44:52.733399,2026-06-27T14:44:52.733399
https://propiedades.com/inmuebles/casa-en-venta-av-nicolas-bravo-483-veracruz-centro-veracruz-31515011,"MXN 1,709,400",1709400.0,MXN,0.0,184 m² const. | 3 rec. | 2 baños | 1 estac.,,184.0,3,2,1,A estrenar,AV. NICOLAS BRAVO #483,"Veracruz Centro, Veracruz, Veracruz de Ignacio de la Llave","AV. NICOLAS BRAVO #483, Col. Veracruz Centro C.P. 91700, Veracruz",,19.189537,-96.1394441,2026-06-27T14:44:52.733404,2026-06-27T14:44:52.733404
https://propiedades.com/inmuebles/casa-en-venta-laguna-real-veracruz-31454460,"MXN 1,050,000",1050000.0,MXN,0.0,75 m² const. | 2 rec. | 1 baños,,75.0,2,1,0,16 días en Propiedades.com,,"Laguna Real, Veracruz, Veracruz de Ignacio de la Llave"," , Col. Laguna Real C.P. 91790, Veracruz",,19.149087,-96.1540241,2026-06-27T14:44:52.733406,2026-06-27T14:44:52.733406
https://propiedades.com/inmuebles/casa-en-venta-progreso-veracruz-29820226,"MXN 2,600,000",2600000.0,MXN,0.0,60 m² const. | 2 rec. | 1 baños,,60.0,2,1,0,1 año en Propiedades.com,,"Progreso, Veracruz, Veracruz de Ignacio de la Llave"," , Col. Progreso C.P. 91697, Veracruz",,19.1642427692,-96.2117199615,2026-06-27T14:44:52.733408,2026-06-27T14:44:52.733408
https://propiedades.com/inmuebles/casa-en-venta-rafael-diaz-serdan-veracruz-31505895,"MXN 3,179,000",3179000.0,MXN,0.0,300 m² const. | 7 rec. | 4 baños,,300.0,7,4,0,A estrenar,,"Rafael Díaz Serdan, Veracruz, Veracruz de Ignacio de la Llave"," , Col. Rafael Díaz Serdan C.P. 91963, Veracruz",,19.1508076003,-96.1609284732,2026-06-27T14:44:52.733410,2026-06-27T14:44:52.733410
https://propiedades.com/inmuebles/casa-en-venta-residencial-del-bosque-veracruz-27786128,"MXN 4,320,000",4320000.0,MXN,0.0,223 m² const. | 3 rec.,,223.0,3,0,0,2 años en Propiedades.com,,"Residencial del Bosque, Veracruz, Veracruz de Ignacio de la Llave"," , Col. Residencial del Bosque C.P. 91697, Veracruz",,19.1438099,-96.2229948,2026-06-27T14:44:52.733413,2026-06-27T14:44:52.733413
https://propiedades.com/inmuebles/casa-en-venta-ignacio-bustamante-302-los-pinos-veracruz-31422311,"MXN 2,200,000",2200000.0,MXN,0.0,160 m² const. | 2 rec. | 2 baños,,160.0,2,2,0,24 días en Propiedades.com,Ignacio Bustamante #302,"Los Pinos, Veracruz, Veracruz de Ignacio de la Llave","Ignacio Bustamante #302, Col. Los Pinos C.P. 91870, Veracruz",,19.210274824,-96.16046892,2026-06-27T14:44:52.733415,2026-06-27T14:44:52.733415
https://propiedades.com/inmuebles/casa-en-venta-bioquimica-tecnologico-veracruz-30503831,"MXN 2,690,000",2690000.0,MXN,0.0,180 m² const. | 3 rec. | 2 baños | 3 estac.,,180.0,3,2,3,8 meses en Propiedades.com,bioquimica,"Tecnológico, Veracruz, Veracruz de Ignacio de la Llave","bioquimica, Col. Tecnológico C.P. 91870, Veracruz",Seguridad privada | Cisterna | Terraza,19.2141049,-96.1682762,2026-06-27T14:44:52.733417,2026-06-27T14:44:52.733417
https://propiedades.com/inmuebles/casa-en-venta-articulo-123-veracruz-31248147,"MXN 900,000",900000.0,MXN,0.0,100 m² const. | 2 rec. | 2 baños,,100.0,2,2,0,1 mes en Propiedades.com,Col. Articulo 123,"Articulo 123, Veracruz, Veracruz de Ignacio de la Llave",", Col. Articulo 123 C.P. 91947, Veracruz",,19.1483467,-96.1442261,2026-06-27T14:44:52.733420,2026-06-27T14:44:52.733420
https://propiedades.com/inmuebles/casa-en-venta-rdal-el-campanario-155-residencial-el-campanario-veracruz-30018170,"MXN 595,000",595000.0,MXN,0.0,33 m² const. | 2 rec. | 1 baños,,33.0,2,1,0,1 año en Propiedades.com,Rdal el campanario #155,"Residencial El Campanario, Veracruz, Veracruz de Ignacio de la Llave","Rdal el campanario #155, Col. Residencial El Campanario C.P. 91808, Veracruz",,19.2060586,-96.2203407,2026-06-27T14:44:52.733423,2026-06-27T14:44:52.733423
https://propiedades.com/inmuebles/casa-en-venta-xana-veracruz-30050075,"MXN 1,590,000",1590000.0,MXN,0.0,118 m² const. | 3 rec. | 2 baños,,118.0,3,2,0,12 meses en Propiedades.com,,"Xana, Veracruz, Veracruz de Ignacio de la Llave"," , Col. Xana C.P. 91726, Veracruz",,19.1576967,-96.1762339,2026-06-27T14:44:52.733425,2026-06-27T14:44:52.733425
https://propiedades.com/inmuebles/casa-en-venta-valente-diaz-veracruz-8041266,"MXN 850,000",850000.0,MXN,0.0,397 m² const.,,397.0,0,0,0,7 años en Propiedades.com,Col. Valente Diaz,"Valente Diaz, Veracruz, Veracruz de Ignacio de la Llave",", Col. Valente Diaz C.P. 91725, Veracruz",Aire acondicionado,19.1587882,-96.2176867,2026-06-27T14:44:52.733440,2026-06-27T14:44:52.733440
https://propiedades.com/inmuebles/casa-en-venta-lomas-de-rio-medio-lomas-del-rio-medio-veracruz-31415118,"MXN 1,290,000",1290000.0,MXN,0.0,152 m² const. | 2 rec. | 2 baños,,152.0,2,2,0,26 días en Propiedades.com,Lomas de Río Medio,"Lomas Del Rio Medio, Veracruz, Veracruz de Ignacio de la Llave","Lomas de Río Medio, Col. Lomas Del Rio Medio C.P. 91809, Veracruz",Cisterna,19.2053408,-96.1977851,2026-06-27T14:44:52.733443,2026-06-27T14:44:52.733443
https://www.propiedades.com/inmuebles/casa-en-venta-sin-nombre-de-calle-colinas-de-santa-fe-veracruz-31173079,"MXN 749,000",749000.0,MXN,0.0,189 m² const. | 2 rec. | 1 baños | 1 estac.,,189.0,2,1,1,1 mes en Propiedades.com,Sin nombre de calle,"Colinas de Santa Fe, Veracruz, Veracruz de Ignacio de la Llave","Sin nombre de calle, Col. Colinas de Santa Fe C.P. 91808, Veracruz",,19.1796098,-96.2501104,2026-06-27T14:44:52.733445,2026-06-27T14:44:52.733445
https://propiedades.com/inmuebles/casa-en-venta-sin-nombre-de-calle-ampliacion-cuauhtemoc-veracruz-31353636,"MXN 4,500,000",4500000.0,MXN,0.0,122 m² const. | 3 rec. | 3 baños,,122.0,3,3,0,1 mes en Propiedades.com,Sin nombre de calle #.,"Ampliación Cuauhtémoc, Veracruz, Veracruz de Ignacio de la Llave","Sin nombre de calle #., Col. Ampliación Cuauhtémoc C.P. 91790, Veracruz",Alberca,19.194643,-96.1516468,2026-06-27T14:44:52.733448,2026-06-27T14:44:52.733448
https://propiedades.com/inmuebles/casa-en-venta-xana-veracruz-30489108,"MXN 2,095,000",2095000.0,MXN,0.0,95 m² const. | 3 rec. | 2 baños,,95.0,3,2,0,8 meses en Propiedades.com,,"Xana, Veracruz, Veracruz de Ignacio de la Llave"," , Col. Xana C.P. 91726, Veracruz",,19.1617397,-96.1814665,2026-06-27T14:44:52.733451,2026-06-27T14:44:52.733451
https://propiedades.com/inmuebles/casa-en-venta-col-playa-linda-playa-linda-veracruz-30096177,"MXN 1,750,000",1750000.0,MXN,0.0,240 m² const. | 5 rec. | 4 baños,,240.0,5,4,0,11 meses en Propiedades.com,Col playa linda,"Playa Linda, Veracruz, Veracruz de Ignacio de la Llave","Col playa linda, Col. Playa Linda C.P. 91810, Veracruz",Terraza,19.213501,-96.1752377,2026-06-27T14:44:52.733453,2026-06-27T14:44:52.733453
https://propiedades.com/inmuebles/casa-en-venta-col-ricardo-flores-magon-ricardo-flores-magon-veracruz-31415190,"MXN 3,800,000",3800000.0,MXN,0.0,189 m² const. | 3 rec. | 4 baños | 2 estac.,,189.0,3,4,2,26 días en Propiedades.com,Col. Ricardo Flores Magón,"Ricardo Flores Magón, Veracruz, Veracruz de Ignacio de la Llave","Col. Ricardo Flores Magón, Col. Ricardo Flores Magón C.P. 91900, Veracruz",Cisterna,19.1914151,-96.1275175,2026-06-27T14:44:52.733456,2026-06-27T14:44:52.733456
https://www.propiedades.com/inmuebles/casa-en-venta-francisco-hernandez-y-hernandez-faros-veracruz-31323443,"MXN 3,640,000",3640000.0,MXN,0.0,230 m² const. | 3 rec. | 4 baños | 2 estac.,,230.0,3,4,2,1 mes en Propiedades.com,Francisco Hernández y Hernández,"Faros, Veracruz, Veracruz de Ignacio de la Llave","Francisco Hernández y Hernández, Col. Faros C.P. 91709, Veracruz",Aire acondicionado,19.2001197,-96.1328179,2026-06-27T14:44:52.733458,2026-06-27T14:44:52.733458
https://propiedades.com/inmuebles/casa-en-venta-reforma-veracruz-31497704,"MXN 3,500,000",3500000.0,MXN,0.0,275 m² const.,,275.0,0,0,0,A estrenar,Col. Reforma,"Reforma, Veracruz, Veracruz de Ignacio de la Llave",", Col. Reforma C.P. 91919, Veracruz",,19.1701489,-96.1300403,2026-06-27T14:44:52.733461,2026-06-27T14:44:52.733461
https://propiedades.com/inmuebles/casa-en-venta-fresnos-155-floresta-veracruz-31419349,"MXN 2,235,500",2235500.0,MXN,0.0,100 m² const. | 2 rec. | 2 baños,,100.0,2,2,0,25 días en Propiedades.com,FRESNOS #155,"Floresta, Veracruz, Veracruz de Ignacio de la Llave","FRESNOS #155, Col. Floresta C.P. 91940, Veracruz",,19.1526662,-96.1354683,2026-06-27T14:44:52.733463,2026-06-27T14:44:52.733463
https://propiedades.com/inmuebles/casa-en-venta-carretera-valente-diaz-a-dos-lomas-100-hacienda-la-parroquia-veracruz-30516829,"MXN 1,195,000",1195000.0,MXN,0.0,60 m² const. | 2 rec. | 1 baños,,60.0,2,1,0,8 meses en Propiedades.com,Carretera Valente Díaz a Dos Lomas #100,"Hacienda la Parroquia, Veracruz, Veracruz de Ignacio de la Llave","Carretera Valente Díaz a Dos Lomas #100, Col. Hacienda la Parroquia C.P. 91725, Veracruz",,19.1508081,-96.2164521,2026-06-27T14:44:52.733466,2026-06-27T14:44:52.733466
https://propiedades.com/inmuebles/casa-en-venta-los-pinos-veracruz-30549426,"MXN 2,985,000",2985000.0,MXN,0.0,170 m² const. | 4 rec. | 3 baños,,170.0,4,3,0,7 meses en Propiedades.com,,"Los Pinos, Veracruz, Veracruz de Ignacio de la Llave"," , Col. Los Pinos C.P. 91870, Veracruz",,19.2109580222,-96.1629352802,2026-06-27T14:44:52.733468,2026-06-27T14:44:52.733468
https://propiedades.com/inmuebles/casa-en-venta-playa-boca-andrea-985-playa-linda-veracruz-31271118,"MXN 1,500,000",1500000.0,MXN,0.0,190 m² const. | 4 rec. | 4 baños,,190.0,4,4,0,1 mes en Propiedades.com,Playa Boca Andrea #985,"Playa Linda, Veracruz, Veracruz de Ignacio de la Llave","Playa Boca Andrea #985, Col. Playa Linda C.P. 91810, Veracruz",,19.211408631,-96.175187093,2026-06-27T14:44:52.733470,2026-06-27T14:44:52.733470
https://propiedades.com/inmuebles/casa-en-venta-fracc-dreams-lagoons-campestre-las-bajadas-veracruz-31446350,"MXN 1,490,000",1490000.0,MXN,0.0,85 m² const. | 2 rec. | 2 baños | 1 estac.,,85.0,2,2,1,18 días en Propiedades.com,Fracc. Dreams Lagoons,"Campestre las Bajadas, Veracruz, Veracruz de Ignacio de la Llave","Fracc. Dreams Lagoons, Col. Campestre las Bajadas C.P. 91698, Veracruz",Alberca | Seguridad privada | Cisterna,19.1513858,-96.1306182,2026-06-27T14:44:52.733505,2026-06-27T14:44:52.733505
https://propiedades.com/inmuebles/casa-en-venta-atenea-155-buenavista-infonavit-veracruz-31465111,"MXN 871,500",871500.0,MXN,0.0,73 m² const. | 3 rec. | 1 baños,,73.0,3,1,0,12 días en Propiedades.com,ATENEA #155,"Buenavista INFONAVIT, Veracruz, Veracruz de Ignacio de la Llave","ATENEA #155, Col. Buenavista INFONAVIT C.P. 91850, Veracruz",,19.200312999999998,-96.1712596,2026-06-27T14:44:52.733508,2026-06-27T14:44:52.733508
https://www.propiedades.com/inmuebles/casa-en-venta-dream-lagoons-puerta-paraiso-veracruz-31488537,"MXN 1,750,000",1750000.0,MXN,0.0,88 m² const. | 2 rec. | 2 baños | 1 estac.,,88.0,2,2,1,A estrenar,Dream Lagoons,"Puerta Paraíso, Veracruz, Veracruz de Ignacio de la Llave","Dream Lagoons, Col. Puerta Paraíso C.P. 91699, Veracruz",Alberca | Seguridad privada | Cisterna,19.129338,-96.1724279,2026-06-27T14:44:52.733511,2026-06-27T14:44:52.733511
https://propiedades.com/inmuebles/casa-en-venta-carretera-a-valente-diaz-a-dos-lomas-100-hacienda-la-parroquia-veracruz-30516828,"MXN 1,415,000",1415000.0,MXN,0.0,85 m² const. | 3 rec. | 1 baños,,85.0,3,1,0,8 meses en Propiedades.com,Carretera a Valente Díaz a Dos Lomas #100,"Hacienda la Parroquia, Veracruz, Veracruz de Ignacio de la Llave","Carretera a Valente Díaz a Dos Lomas #100, Col. Hacienda la Parroquia C.P. 91725, Veracruz",,19.1508081,-96.2164521,2026-06-27T14:44:52.733513,2026-06-27T14:44:52.733513
https://propiedades.com/inmuebles/casa-en-venta-fracc-xana-ver-xana-plus-veracruz-31415183,"MXN 995,000",995000.0,MXN,0.0,71 m² const. | 2 rec. | 1 baños | 1 estac.,,71.0,2,1,1,26 días en Propiedades.com,Fracc. Xana Ver,"Xana Plus, Veracruz, Veracruz de Ignacio de la Llave","Fracc. Xana Ver, Col. Xana Plus C.P. 91699, Veracruz",Cisterna,19.1437503,-96.1749372,2026-06-27T14:44:52.733516,2026-06-27T14:44:52.733516
https://propiedades.com/inmuebles/casa-en-venta-el-coyol-veracruz-30678888,"MXN 2,213,200",2213200.0,MXN,0.0,3 rec.,,,3,0,0,6 meses en Propiedades.com,,"El Coyol, Veracruz, Veracruz de Ignacio de la Llave"," , Col. El Coyol C.P. 91780, Veracruz",,19.1692445,-96.1377056,2026-06-27T14:44:52.733517,2026-06-27T14:44:52.733517
https://propiedades.com/inmuebles/casa-en-venta-adolfo-ruiz-cortines-veracruz-31461060,"MXN 1,890,000",1890000.0,MXN,0.0,250 m² const. | 3 rec. | 2 baños,,250.0,3,2,0,14 días en Propiedades.com,Col. Adolfo Ruiz Cortines,"Adolfo Ruiz Cortines, Veracruz, Veracruz de Ignacio de la Llave",", Col. Adolfo Ruiz Cortines C.P. 91770, Veracruz",,19.167741213,-96.143560947,2026-06-27T14:44:52.733530,2026-06-27T14:44:52.733530
https://propiedades.com/inmuebles/casa-en-venta-dream-lagoons-dream-lagoons-veracruz-31282109,"MXN 1,750,000",1750000.0,MXN,0.0,85 m² const. | 3 rec. | 2 baños | 1 estac.,,85.0,3,2,1,1 mes en Propiedades.com,Dream Lagoons,"Dream Lagoons, Veracruz, Veracruz de Ignacio de la Llave","Dream Lagoons, Col. Dream Lagoons C.P. 91699, Veracruz",Alberca | Seguridad privada | Aire acondicionado,19.133046,-96.1743546,2026-06-27T14:44:52.733532,2026-06-27T14:44:52.733532
https://propiedades.com/inmuebles/casa-en-venta-floresta-veracruz-31454461,"MXN 2,900,000",2900000.0,MXN,0.0,180 m² const. | 6 rec. | 4 baños,,180.0,6,4,0,16 días en Propiedades.com,,"Floresta, Veracruz, Veracruz de Ignacio de la Llave"," , Col. Floresta C.P. 91940, Veracruz",,20.5434124,-97.46364,2026-06-27T14:44:52.733534,2026-06-27T14:44:52.733534
https://propiedades.com/inmuebles/casa-en-venta-cam-real-1242-rio-medio-ii-lomas-de-rio-medio-iii-91809-veracruz-ver-1242-lomas-de-rio-medio-iii-veracruz-30327323,"MXN 1,354,150",1354150.0,MXN,0.0,110 m² const. | 2 rec. | 1 baños,,110.0,2,1,0,10 meses en Propiedades.com,Cam. Real 1242,"Lomas de Rio Medio III, Veracruz, Veracruz de Ignacio de la Llave","Cam. Real 1242, Río Medio II, Lomas de Río Medio III, 91809 Veracruz, Ver. #1242, Col. Lomas de Rio Medio III C.P. 91809, Veracruz",,19.2105139,-96.20445889999999,2026-06-27T14:44:52.733536,2026-06-27T14:44:52.733536
https://propiedades.com/inmuebles/casa-en-venta-calle-playa-aventuras-14-playa-linda-veracruz-31271117,"MXN 1,600,000",1600000.0,MXN,0.0,111 m² const. | 3 rec. | 2 baños,175.0,111.0,3,2,1,16 años,Calle playa aventuras #14,"Playa Linda, Veracruz, Veracruz de Ignacio de la Llave","Calle playa aventuras #14, Col. Playa Linda C.P. 91810, Veracruz",,19.2066639,-96.1719576,2026-06-27T14:45:18.920044,2026-06-27T14:45:18.920044
https://propiedades.com/inmuebles/casa-en-venta-floresta-oriente-floresta-veracruz-31284542,"MXN 2,600,000",2600000.0,MXN,0.0,265 m² const. | 3 rec. | 2 baños,100.0,265.0,3,2,2,1 años,Floresta Oriente,"Floresta, Veracruz, Veracruz de Ignacio de la Llave","Floresta Oriente, Col. Floresta C.P. 91940, Veracruz",,19.1556264,-96.1354683,2026-06-27T14:45:18.920081,2026-06-27T14:45:18.920081
https://propiedades.com/inmuebles/casa-en-venta-colinas-de-santa-fe-veracruz-31457862,"USD 897,300",897300.0,USD,0.0,64 m² const. | 2 rec. | 1 baños,,64.0,2,1,0,15 días en Propiedades.com,,"Colinas de Santa Fe, Veracruz, Veracruz de Ignacio de la Llave"," , Col. Colinas de Santa Fe C.P. 91808, Veracruz",,19.2742423,-103.7129887,2026-06-27T14:45:18.920089,2026-06-27T14:45:18.920089
https://propiedades.com/inmuebles/casa-en-venta-veracruz-veracruz-27061081,"MXN 4,200,000",4200000.0,MXN,0.0,450 m² const. | 3 rec. | 3 baños,,450.0,3,3,0,3 años en Propiedades.com,,"Veracruz, Veracruz, Veracruz de Ignacio de la Llave"," , Col. Veracruz C.P. 91709, Veracruz",,19.2001197,-96.1328179,2026-06-27T14:45:18.920095,2026-06-27T14:45:18.920095
https://www.propiedades.com/inmuebles/casa-en-venta-sin-nombre-de-calle-sn-ricardo-flores-magon-veracruz-31420224,"MXN 3,800,000",3800000.0,MXN,0.0,189 m² const. | 3 rec. | 5 baños | 2 estac.,,189.0,3,5,2,2 meses en Propiedades.com,Sin nombre de calle #S/N,"Ricardo Flores Magón, Veracruz, Veracruz de Ignacio de la Llave","Sin nombre de calle #S/N, Col. Ricardo Flores Magón C.P. 91900, Veracruz",Aire acondicionado | Cisterna,19.1914151,-96.1275175,2026-06-27T14:45:18.920099,2026-07-29T21:25:02.111618
https://propiedades.com/inmuebles/casa-en-venta-fracc-floresta-floresta-veracruz-31415037,"MXN 2,600,000",2600000.0,MXN,0.0,265 m² const. | 3 rec. | 2 baños,100.0,265.0,3,2,2,1 años,Fracc. Floresta,"Floresta, Veracruz, Veracruz de Ignacio de la Llave","Fracc. Floresta, Col. Floresta C.P. 91940, Veracruz",Cisterna,19.1556264,-96.1354683,2026-06-27T14:45:18.920105,2026-06-27T14:45:18.920105
https://propiedades.com/inmuebles/casa-en-venta-paseo-tajin-17-palma-real-ii-veracruz-31508411,"MXN 640,000",640000.0,MXN,0.0,40 m² const. | 1 rec. | 1 baños,68.0,40.0,1,1,1,20 años,PASEO TAJIN #17,"Palma Real II, Veracruz, Veracruz de Ignacio de la Llave","PASEO TAJIN #17, Col. Palma Real II C.P. 91826, Veracruz",,19.1957565,-96.1832889,2026-06-27T14:45:18.920109,2026-06-27T14:45:18.920109
https://propiedades.com/inmuebles/casa-en-venta-tortuga-120-geovillas-los-pinos-veracruz-31433675,"MXN 503,526",503526.0,MXN,0.0,120 m² const. | 3 rec. | 2 baños | 1 estac.,100.0,120.0,3,2,1,A estrenar,TORTUGA #120,"Geovillas los Pinos, Veracruz, Veracruz de Ignacio de la Llave","TORTUGA #120, Col. Geovillas los Pinos C.P. 91808, Veracruz",Cisterna,19.2147592,-96.2256491,2026-06-27T14:45:18.920112,2026-06-27T14:45:18.920112
https://propiedades.com/inmuebles/casa-en-venta-puerta-paraiso-veracruz-30154782,"MXN 1,490,000",1490000.0,MXN,0.0,102 m² const. | 3 rec. | 2 baños,,102.0,3,2,0,11 meses en Propiedades.com,,"Puerta Paraíso, Veracruz, Veracruz de Ignacio de la Llave"," , Col. Puerta Paraíso C.P. 91699, Veracruz",,19.1306429,-96.1774759,2026-06-27T14:45:18.920114,2026-06-27T14:45:18.920114
https://propiedades.com/inmuebles/casa-en-venta-liquidambar-arboledas-91948-veracruz-ver-sn-el-jobo-veracruz-30245758,"MXN 595,000",595000.0,MXN,0.0,177 m² const. | 2 rec. | 1 baños,177.0,177.0,2,1,1,19 años,Liquidambar,"El Jobo, Veracruz, Veracruz de Ignacio de la Llave","Liquidambar, Arboledas, 91948 Veracruz, Ver. #s/n, Col. El Jobo C.P. 91948, Veracruz",,19.1451967,-96.1338962,2026-06-27T14:45:18.920117,2026-06-27T14:45:18.920117
https://propiedades.com/inmuebles/casa-en-venta-sin-nombre-de-calle-sn-residencial-del-bosque-veracruz-31362152,"MXN 1,239,000",1239000.0,MXN,0.0,112 m² const. | 4 rec. | 3 baños | 1 estac.,,112.0,4,3,1,1 mes en Propiedades.com,Sin nombre de calle #SnInt. S/n,"Residencial del Bosque, Veracruz, Veracruz de Ignacio de la Llave","Sin nombre de calle #SnInt. S/n, Col. Residencial del Bosque C.P. 91697, Veracruz",Alberca | Seguridad privada,19.1715915,-96.2205632,2026-06-27T14:45:18.920119,2026-06-27T14:45:18.920119
https://propiedades.com/inmuebles/casa-en-venta-el-coyol-veracruz-30501796,"MXN 1,562,000",1562000.0,MXN,0.0,108 m² const. | 2 rec. | 2 baños,,108.0,2,2,0,8 meses en Propiedades.com,,"El Coyol, Veracruz, Veracruz de Ignacio de la Llave"," , Col. El Coyol C.P. 91780, Veracruz",,19.1769937,-96.1462115,2026-06-27T14:45:18.920120,2026-06-27T14:45:18.920120
https://propiedades.com/inmuebles/casa-en-venta-reforma-veracruz-29219384,"MXN 5,800,000",5800000.0,MXN,0.0,325 m² const. | 3 rec. | 3 baños,,325.0,3,3,0,1 año en Propiedades.com,,"Reforma, Veracruz, Veracruz de Ignacio de la Llave"," , Col. Reforma C.P. 91919, Veracruz",,19.172859,-96.1263817,2026-06-27T14:45:18.920122,2026-06-27T14:45:18.920122
https://www.propiedades.com/inmuebles/casa-en-venta-jm-palacios-los-pinos-veracruz-31291163,"MXN 2,380,000",2380000.0,MXN,0.0,160 m² const. | 3 rec. | 2 baños | 1 estac.,,160.0,3,2,1,1 mes en Propiedades.com,JM Palacios,"Los Pinos, Veracruz, Veracruz de Ignacio de la Llave","JM Palacios, Col. Los Pinos C.P. 91870, Veracruz",Cisterna,19.2080254,-96.1619784,2026-06-27T14:45:18.920124,2026-06-27T14:45:18.920124
https://propiedades.com/inmuebles/casa-en-venta-liquidambar-104-104-el-jobo-veracruz-30197094,"MXN 595,000",595000.0,MXN,0.0,177 m² const. | 2 rec. | 1 baños,,177.0,2,1,0,11 meses en Propiedades.com,Liquidambar 104 #104,"El Jobo, Veracruz, Veracruz de Ignacio de la Llave","Liquidambar 104 #104, Col. El Jobo C.P. 91948, Veracruz",,19.145270699999998,-96.13463809999999,2026-06-27T14:45:18.920126,2026-06-27T14:45:18.920126
https://propiedades.com/inmuebles/casa-en-venta-buenavista-infonavit-veracruz-31254960,"MXN 1,240,000",1240000.0,MXN,0.0,110 m² const. | 2 rec. | 1 baños,,110.0,2,1,0,1 mes en Propiedades.com,,"Buenavista INFONAVIT, Veracruz, Veracruz de Ignacio de la Llave"," , Col. Buenavista INFONAVIT C.P. 91850, Veracruz",,19.2005222,-96.1664242,2026-06-27T14:45:18.920127,2026-06-27T14:45:18.920127
https://www.propiedades.com/inmuebles/casa-en-venta-avenida-central-2-caminos-veracruz-31263058,"MXN 8,000,000",8000000.0,MXN,0.0,700 m² const. | 4 rec. | 4 baños | 4 estac.,,700.0,4,4,4,1 mes en Propiedades.com,Avenida Central,"2 Caminos, Veracruz, Veracruz de Ignacio de la Llave","Avenida Central, Col. 2 Caminos C.P. 91726, Veracruz",Terraza,19.1751065,-96.1725856,2026-06-27T14:45:18.920129,2026-06-27T14:45:18.920129
https://propiedades.com/inmuebles/casa-en-venta-avenida-ricardo-flores-magon-ricardo-flores-magon-veracruz-31119908,"MXN 2,350,000",2350000.0,MXN,0.0,110 m² const. | 3 rec. | 2 baños,,110.0,3,2,0,2 meses en Propiedades.com,Avenida Ricardo Flores Magón,"Ricardo Flores Magón, Veracruz, Veracruz de Ignacio de la Llave","Avenida Ricardo Flores Magón, Col. Ricardo Flores Magón C.P. 91900, Veracruz",Terraza,19.1914151,-96.1275175,2026-06-27T14:45:18.920149,2026-06-27T14:45:18.920149
https://www.propiedades.com/inmuebles/casa-en-venta-sin-nombre-de-calle-valle-alto-veracruz-31172704,"MXN 1,081,500",1081500.0,MXN,0.0,82 m² const. | 3 rec. | 3 baños | 1 estac.,,82.0,3,3,1,1 mes en Propiedades.com,Sin nombre de calle,"Valle Alto, Veracruz, Veracruz de Ignacio de la Llave","Sin nombre de calle, Col. Valle Alto C.P. 91697, Veracruz",,19.1430943,-96.2166095,2026-06-27T14:45:18.920150,2026-06-27T14:45:18.920150
https://propiedades.com/inmuebles/casa-en-venta-floresta-veracruz-30834448,"MXN 2,600,000",2600000.0,MXN,0.0,265 m² const. | 3 rec. | 3 baños,,265.0,3,3,0,5 meses en Propiedades.com,,"Floresta, Veracruz, Veracruz de Ignacio de la Llave"," , Col. Floresta C.P. 91940, Veracruz",,19.1582924,-96.1356967,2026-06-27T14:45:18.920160,2026-06-27T14:45:18.920160
https://propiedades.com/inmuebles/casa-en-venta-reforma-veracruz-30714869,"MXN 5,800,000",5800000.0,MXN,0.0,326 m² const. | 3 rec. | 4 baños,,326.0,3,4,0,5 meses en Propiedades.com,,"Reforma, Veracruz, Veracruz de Ignacio de la Llave"," , Col. Reforma C.P. 91919, Veracruz",,19.172664103,-96.126196445,2026-06-27T14:45:18.920162,2026-06-27T14:45:18.920162
https://propiedades.com/inmuebles/casa-en-venta-veracruz-centro-veracruz-25324093,"MXN 11,990,000",11990000.0,MXN,0.0,450 m² const. | 3 rec. | 4 baños,,450.0,3,4,0,4 años en Propiedades.com,,"Veracruz Centro, Veracruz, Veracruz de Ignacio de la Llave"," , Col. Veracruz Centro C.P. 91700, Veracruz",,19.1877071,-96.1339173,2026-06-27T14:45:18.920163,2026-06-27T14:45:18.920163
https://www.propiedades.com/inmuebles/casa-en-venta-sin-nombre-de-calle-bruno-pagliai-veracruz-31173008,"MXN 1,650,000",1650000.0,MXN,0.0,95 m² const. | 3 rec. | 3 baños | 2 estac.,,95.0,3,3,2,1 mes en Propiedades.com,Sin nombre de calle,"Bruno Pagliai, Veracruz, Veracruz de Ignacio de la Llave","Sin nombre de calle, Col. Bruno Pagliai C.P. 91697, Veracruz",Alberca | Seguridad privada | Terraza,19.1694408,-96.2273383,2026-06-27T14:45:18.920164,2026-06-27T14:45:18.920164
https://www.propiedades.com/inmuebles/casa-en-venta-floresta-ote-floresta-veracruz-31284377,"MXN 2,600,000",2600000.0,MXN,0.0,260 m² const. | 3 rec. | 2 baños | 2 estac.,,260.0,3,2,2,1 mes en Propiedades.com,Floresta Ote,"Floresta, Veracruz, Veracruz de Ignacio de la Llave","Floresta Ote, Col. Floresta C.P. 91940, Veracruz",,19.1556264,-96.1354683,2026-06-27T14:45:18.920166,2026-06-27T14:45:18.920166
https://propiedades.com/inmuebles/casa-en-venta-san-marcos-sn-hacienda-la-parroquia-veracruz-30466751,"MXN 820,000",820000.0,MXN,0.0,50 m² const. | 2 rec. | 1 baños,,50.0,2,1,0,8 meses en Propiedades.com,SAN MARCOS #SN,"Hacienda la Parroquia, Veracruz, Veracruz de Ignacio de la Llave","SAN MARCOS #SN, Col. Hacienda la Parroquia C.P. 91725, Veracruz",,19.190516,-96.1875051,2026-06-27T14:45:18.920168,2026-06-27T14:45:18.920168
https://propiedades.com/inmuebles/casa-en-venta-ignacio-zaragoza-veracruz-31457460,"MXN 10,800,000",10800000.0,MXN,0.0,600 m² const. | 3 rec. | 3 baños,,600.0,3,3,0,15 días en Propiedades.com,Col. Ignacio Zaragoza,"Ignacio Zaragoza, Veracruz, Veracruz de Ignacio de la Llave",", Col. Ignacio Zaragoza C.P. 91910, Veracruz",,19.1780491,-96.1288426,2026-06-27T14:45:18.920169,2026-06-27T14:45:18.920169
https://propiedades.com/inmuebles/casa-en-venta-arbol-de-la-selva-sn-las-bajadas-veracruz-30439772,"MXN 816,000",816000.0,MXN,0.0,48 m² const. | 2 rec. | 1 baños,,48.0,2,1,0,8 meses en Propiedades.com,arbol de la selva #SN,"Las Bajadas, Veracruz, Veracruz de Ignacio de la Llave","arbol de la selva #SN, Col. Las Bajadas C.P. 91726, Veracruz",,19.1751065,-96.1725856,2026-06-27T14:45:18.920171,2026-06-27T14:45:18.920171
https://propiedades.com/inmuebles/casa-en-venta-ricardo-flores-magon-veracruz-27277885,"MXN 4,900,000",4900000.0,MXN,0.0,430 m² const. | 2 rec. | 2 baños,,430.0,2,2,0,3 años en Propiedades.com,,"Ricardo Flores Magón, Veracruz, Veracruz de Ignacio de la Llave"," , Col. Ricardo Flores Magón C.P. 91900, Veracruz",,19.1954149,-96.1312863,2026-06-27T14:45:18.920172,2026-06-27T14:45:18.920172
https://www.propiedades.com/inmuebles/casa-en-venta-sin-nombre-de-calle-bruno-pagliai-veracruz-31173007,"MXN 1,490,000",1490000.0,MXN,0.0,78 m² const. | 3 rec. | 2 baños | 1 estac.,,78.0,3,2,1,1 mes en Propiedades.com,Sin nombre de calle,"Bruno Pagliai, Veracruz, Veracruz de Ignacio de la Llave","Sin nombre de calle, Col. Bruno Pagliai C.P. 91697, Veracruz",Alberca | Seguridad privada | Terraza,19.1694408,-96.2273383,2026-06-27T14:45:18.920180,2026-06-27T14:45:18.920180
https://propiedades.com/inmuebles/casa-en-venta-col-el-coyol-coyol-sur-veracruz-31415218,"MXN 2,213,000",2213000.0,MXN,0.0,145 m² const. | 3 rec. | 2 baños | 1 estac.,,145.0,3,2,1,26 días en Propiedades.com,Col. El Coyol,"Coyol Sur, Veracruz, Veracruz de Ignacio de la Llave","Col. El Coyol, Col. Coyol Sur C.P. 91779, Veracruz",Seguridad privada | Cisterna,20.675904,-97.30588,2026-06-27T14:45:18.920182,2026-06-27T14:45:18.920182
https://propiedades.com/inmuebles/casa-en-venta-geovillas-campestre-veracruz-28118689,"MXN 8,200,000",8200000.0,MXN,0.0,500 m² const. | 3 rec. | 3 baños,,500.0,3,3,0,2 años en Propiedades.com,,"Geovillas Campestre, Veracruz, Veracruz de Ignacio de la Llave"," , Col. Geovillas Campestre C.P. 91826, Veracruz",,19.1513858,-96.1306182,2026-06-27T14:45:18.920184,2026-06-27T14:45:18.920184
https://propiedades.com/inmuebles/casa-en-venta-rafael-diaz-serdan-veracruz-31449695,"MXN 3,800,000",3800000.0,MXN,0.0,400 m² const. | 4 rec. | 6 baños,,400.0,4,6,0,17 días en Propiedades.com,Col. Rafael Díaz Serdan,"Rafael Díaz Serdan, Veracruz, Veracruz de Ignacio de la Llave",", Col. Rafael Díaz Serdan C.P. 91963, Veracruz",,19.1451876,-96.1599897,2026-06-27T14:45:18.920185,2026-06-27T14:45:18.920185
https://propiedades.com/inmuebles/casa-en-venta-xana-veracruz-30549429,"MXN 1,763,000",1763000.0,MXN,0.0,77 m² const. | 3 rec. | 1 baños,,77.0,3,1,0,7 meses en Propiedades.com,,"Xana, Veracruz, Veracruz de Ignacio de la Llave"," , Col. Xana C.P. 91726, Veracruz",,19.1617397,-96.1814665,2026-06-27T14:45:18.920187,2026-06-27T14:45:18.920187
https://propiedades.com/inmuebles/casa-en-venta-arista-faros-veracruz-31213301,"MXN 8,000,000",8000000.0,MXN,0.0,580 m² const. | 7 rec. | 3 baños | 3 estac.,,580.0,7,3,3,1 mes en Propiedades.com,Arista,"Faros, Veracruz, Veracruz de Ignacio de la Llave","Arista, Col. Faros C.P. 91709, Veracruz",,19.2001197,-96.1328179,2026-06-27T14:45:18.920188,2026-06-27T14:45:18.920188
https://www.propiedades.com/inmuebles/casa-en-venta-sin-nombre-de-calle-bruno-pagliai-veracruz-31173037,"MXN 999,500",999500.0,MXN,0.0,62 m² const. | 2 rec. | 2 baños | 1 estac.,,62.0,2,2,1,1 mes en Propiedades.com,Sin nombre de calle,"Bruno Pagliai, Veracruz, Veracruz de Ignacio de la Llave","Sin nombre de calle, Col. Bruno Pagliai C.P. 91697, Veracruz",,19.1694408,-96.2273383,2026-06-27T14:45:18.920190,2026-06-27T14:45:18.920190
https://propiedades.com/inmuebles/casa-en-venta-sin-nombre-de-calle-nantli-residencial-del-bosque-veracruz-31362162,"MXN 1,250,000",1250000.0,MXN,0.0,96 m² const. | 3 rec. | 2 baños | 1 estac.,,96.0,3,2,1,1 mes en Propiedades.com,Sin nombre de calle #NantliInt. Sn,"Residencial del Bosque, Veracruz, Veracruz de Ignacio de la Llave","Sin nombre de calle #NantliInt. Sn, Col. Residencial del Bosque C.P. 91697, Veracruz",Alberca | Seguridad privada,19.1715915,-96.2205632,2026-06-27T14:45:18.920191,2026-06-27T14:45:18.920191
https://propiedades.com/inmuebles/casa-en-venta-ignacio-zaragoza-veracruz-31485841,"MXN 10,800,000",10800000.0,MXN,0.0,510 m² const. | 3 rec. | 5 baños,,510.0,3,5,0,A estrenar,,"Ignacio Zaragoza, Veracruz, Veracruz de Ignacio de la Llave"," , Col. Ignacio Zaragoza C.P. 91910, Veracruz",,19.1778373582,-96.1280794025,2026-06-27T14:45:18.920193,2026-06-27T14:45:18.920193
https://propiedades.com/inmuebles/casa-en-venta-valente-diaz-veracruz-24989267,"MXN 1,172,000",1172000.0,MXN,0.0,60 m² const. | 2 rec. | 1 baños,,60.0,2,1,0,4 años en Propiedades.com,,"Valente Diaz, Veracruz, Veracruz de Ignacio de la Llave"," , Col. Valente Diaz C.P. 91725, Veracruz",,19.190516,-96.1875051,2026-06-27T14:45:18.920201,2026-06-27T14:45:18.920201
https://propiedades.com/inmuebles/casa-en-venta-veracruz-centro-veracruz-30765154,"MXN 3,675,000",3675000.0,MXN,0.0,5 rec. | 4 baños,,,5,4,0,5 meses en Propiedades.com,,"Veracruz Centro, Veracruz, Veracruz de Ignacio de la Llave"," , Col. Veracruz Centro C.P. 91700, Veracruz",,19.190582,-96.1336538,2026-06-27T14:45:18.920203,2026-06-27T14:45:18.920203
https://propiedades.com/inmuebles/casa-en-venta-dream-lagoons-dream-lagoons-veracruz-31295624,"MXN 1,635,000",1635000.0,MXN,0.0,85 m² const. | 2 rec. | 2 baños,,85.0,2,2,0,1 mes en Propiedades.com,Dream Lagoons,"Dream Lagoons, Veracruz, Veracruz de Ignacio de la Llave","Dream Lagoons, Col. Dream Lagoons C.P. 91699, Veracruz",Alberca | Seguridad privada | Aire acondicionado,19.133046,-96.1743546,2026-06-27T14:45:18.920205,2026-06-27T14:45:18.920205
https://propiedades.com/inmuebles/casa-en-venta-reforma-veracruz-30580756,"MXN 5,800,000",5800000.0,MXN,0.0,325 m² const. | 3 rec. | 4 baños,,325.0,3,4,0,7 meses en Propiedades.com,,"Reforma, Veracruz, Veracruz de Ignacio de la Llave"," , Col. Reforma C.P. 91919, Veracruz",,19.1707806,-96.1248675,2026-06-27T14:45:18.920206,2026-06-27T14:45:18.920206
https://propiedades.com/inmuebles/casa-en-venta-avenida-pino-suarez-veracruz-centro-veracruz-31237959,"MXN 2,200,000",2200000.0,MXN,0.0,140 m² const. | 3 rec. | 2 baños | 2 estac.,,140.0,3,2,2,1 mes en Propiedades.com,Avenida Pino Suarez,"Veracruz Centro, Veracruz, Veracruz de Ignacio de la Llave","Avenida Pino Suarez, Col. Veracruz Centro C.P. 91700, Veracruz",Aire acondicionado | Cisterna | Terraza,19.189537,-96.1394441,2026-06-27T14:45:18.920208,2026-06-27T14:45:18.920208
https://propiedades.com/inmuebles/casa-en-venta-veracruz-centro-veracruz-31392373,"MXN 2,400,000",2400000.0,MXN,0.0,236 m² const. | 3 rec. | 1 baños,,236.0,3,1,0,29 días en Propiedades.com,,"Veracruz Centro, Veracruz, Veracruz de Ignacio de la Llave"," , Col. Veracruz Centro C.P. 91700, Veracruz",,19.1969823,-96.1381188,2026-06-27T14:45:18.920210,2026-06-27T14:45:18.920210
https://propiedades.com/inmuebles/casa-en-venta-zafiro-95-buenavista-91726-veracruz-ver-95-2-caminos-veracruz-31020756,"MXN 1,290,000",1290000.0,MXN,0.0,70 m² const. | 3 rec. | 3 baños,120.0,70.0,3,3,0,3 meses en Propiedades.com,Zafiro 95,"2 Caminos, Veracruz, Veracruz de Ignacio de la Llave","Zafiro 95, Buenavista, 91726 Veracruz, Ver. #95, Col. 2 Caminos C.P. 91726, Veracruz",,19.1950024,-96.1687548,2026-06-27T14:45:43.449092,2026-06-27T14:45:43.449092
https://propiedades.com/inmuebles/casa-en-venta-dos-lomas-veracruz-31107649,"MXN 1,598,000",1598000.0,MXN,0.0,89 m² const. | 2 rec. | 3 baños,78.0,89.0,2,3,1,A estrenar,,"Dos Lomas, Veracruz, Veracruz de Ignacio de la Llave"," , Col. Dos Lomas C.P. 91697, Veracruz",,19.1494390444,-96.2043353432,2026-06-27T14:45:43.449111,2026-06-27T14:45:43.449111
https://propiedades.com/inmuebles/casa-en-venta-veracruz-centro-veracruz-28940843,"MXN 3,999,999",3999999.0,MXN,0.0,420 m² const. | 3 rec. | 2 baños,420.0,420.0,3,2,2,40 años,,"Veracruz Centro, Veracruz, Veracruz de Ignacio de la Llave"," , Col. Veracruz Centro C.P. 91700, Veracruz",,19.1969823,-96.1381188,2026-06-27T14:45:43.449115,2026-06-27T14:45:43.449115
https://propiedades.com/inmuebles/casa-en-venta-geovillas-campestre-veracruz-31454459,"MXN 890,000",890000.0,MXN,0.0,135 m² const. | 3 rec. | 2 baños,,135.0,3,2,0,16 días en Propiedades.com,,"Geovillas Campestre, Veracruz, Veracruz de Ignacio de la Llave"," , Col. Geovillas Campestre C.P. 91826, Veracruz",,19.208587,-96.2311496,2026-06-27T14:45:43.449117,2026-06-27T14:45:43.449117
https://propiedades.com/inmuebles/casa-en-venta-paseo-los-robles-96-floresta-veracruz-31229442,"MXN 1,900,000",1900000.0,MXN,0.0,160 m² const. | 3 rec. | 2 baños,225.0,160.0,3,2,1,1 años,Paseo Los Robles #96,"Floresta, Veracruz, Veracruz de Ignacio de la Llave","Paseo Los Robles #96, Col. Floresta C.P. 91940, Veracruz",,19.1556264,-96.1354683,2026-06-27T14:45:43.449120,2026-06-27T14:45:43.449120
https://propiedades.com/inmuebles/casa-en-venta-revillagigedo-928-colonia-formando-hogar-formando-hogar-veracruz-31019699,"MXN 3,795,000",3795000.0,MXN,0.0,372 m² const. | 4 rec. | 4 baños,,372.0,4,4,0,3 meses en Propiedades.com,Revillagigedo 928 colonia formando hogar,"Formando Hogar, Veracruz, Veracruz de Ignacio de la Llave","Revillagigedo 928 colonia formando hogar
, Col. Formando Hogar C.P. 91897, Veracruz",Seguridad privada | Terraza,19.2022824,-96.1566754,2026-06-27T14:45:43.449122,2026-06-27T14:45:43.449122
https://www.propiedades.com/inmuebles/casa-en-venta-sin-nombre-de-calle-valle-alto-veracruz-31226241,"MXN 1,099,000",1099000.0,MXN,0.0,67 m² const. | 2 rec. | 2 baños | 1 estac.,,67.0,2,2,1,1 mes en Propiedades.com,Sin nombre de calle,"Valle Alto, Veracruz, Veracruz de Ignacio de la Llave","Sin nombre de calle, Col. Valle Alto C.P. 91697, Veracruz",,19.1430943,-96.2166095,2026-06-27T14:45:43.449124,2026-06-27T14:45:43.449124
https://www.propiedades.com/inmuebles/casa-en-venta-sin-nombre-de-calle-dream-lagoons-veracruz-31172827,"MXN 900,000",900000.0,MXN,0.0,100 m² const. | 2 rec. | 2 baños | 1 estac.,,100.0,2,2,1,1 mes en Propiedades.com,Sin nombre de calle,"Dream Lagoons, Veracruz, Veracruz de Ignacio de la Llave","Sin nombre de calle, Col. Dream Lagoons C.P. 91699, Veracruz",,19.133046,-96.1743546,2026-06-27T14:45:43.449125,2026-06-27T14:45:43.449125
https://propiedades.com/inmuebles/casa-en-venta-ejido-tarimoya-veracruz-31255294,"MXN 740,000",740000.0,MXN,0.0,101 m² const.,105.0,101.0,0,0,0,9 años,,"Ejido Tarimoya, Veracruz, Veracruz de Ignacio de la Llave"," , Col. Ejido Tarimoya C.P. 91855, Veracruz",,19.1935063966,-96.1941794601,2026-06-27T14:45:43.449128,2026-06-27T14:45:43.449128
https://propiedades.com/inmuebles/casa-en-venta-floresta-000-floresta-veracruz-31419365,"MXN 2,633,500",2633500.0,MXN,0.0,115 m² const. | 3 rec. | 1 baños,,115.0,3,1,0,25 días en Propiedades.com,Floresta #000,"Floresta, Veracruz, Veracruz de Ignacio de la Llave","Floresta #000, Col. Floresta C.P. 91940, Veracruz",,19.1526662,-96.1354683,2026-06-27T14:45:43.449151,2026-06-27T14:45:43.449151
https://propiedades.com/inmuebles/casa-en-venta-santo-domingo-los-pinos-veracruz-31284151,"MXN 2,700,000",2700000.0,MXN,0.0,170 m² const. | 4 rec. | 3 baños | 2 estac.,,170.0,4,3,2,1 mes en Propiedades.com,Santo Domingo,"Los Pinos, Veracruz, Veracruz de Ignacio de la Llave","Santo Domingo, Col. Los Pinos C.P. 91870, Veracruz",Seguridad privada,19.2080254,-96.1619784,2026-06-27T14:45:43.449153,2026-06-27T14:45:43.449153
https://propiedades.com/inmuebles/casa-en-venta-ignacio-zaragoza-veracruz-31149422,"MXN 2,920,000",2920000.0,MXN,0.0,188 m² const. | 3 rec. | 2 baños,,188.0,3,2,0,2 meses en Propiedades.com,,"Ignacio Zaragoza, Veracruz, Veracruz de Ignacio de la Llave"," , Col. Ignacio Zaragoza C.P. 91910, Veracruz",,19.1758081,-96.129219,2026-06-27T14:45:43.449154,2026-06-27T14:45:43.449154
https://propiedades.com/inmuebles/casa-en-venta-floresta-veracruz-31121174,"MXN 2,100,000",2100000.0,MXN,0.0,180 m² const. | 3 rec. | 2 baños,,180.0,3,2,0,2 meses en Propiedades.com,,"Floresta, Veracruz, Veracruz de Ignacio de la Llave"," , Col. Floresta C.P. 91940, Veracruz",,20.5424584,-97.461289,2026-06-27T14:45:43.449156,2026-06-27T14:45:43.449156
https://propiedades.com/inmuebles/casa-en-venta-ignacio-zaragoza-veracruz-31448533,"MXN 10,800,000",10800000.0,MXN,0.0,600 m² const. | 3 rec. | 3 baños,,600.0,3,3,0,18 días en Propiedades.com,,"Ignacio Zaragoza, Veracruz, Veracruz de Ignacio de la Llave"," , Col. Ignacio Zaragoza C.P. 91910, Veracruz",,17.9541959,-94.6424521,2026-06-27T14:45:43.449157,2026-06-27T14:45:43.449157
https://propiedades.com/inmuebles/casa-en-venta-granjas-de-la-boticaria-veracruz-28233263,"MXN 3,120,000",3120000.0,MXN,0.0,230 m² const. | 3 rec. | 2 baños,,230.0,3,2,0,2 años en Propiedades.com,,"Granjas de La Boticaria, Veracruz, Veracruz de Ignacio de la Llave"," , Col. Granjas de La Boticaria C.P. 91966, Veracruz",,19.1513858,-96.1306182,2026-06-27T14:45:43.449159,2026-06-27T14:45:43.449159
https://propiedades.com/inmuebles/casa-en-venta-ricardo-flores-magon-veracruz-29482852,"MXN 4,650,000",4650000.0,MXN,0.0,"2,960,000 m² const. | 4 rec. | 4 baños",,2960000.0,4,4,0,1 año en Propiedades.com,,"Ricardo Flores Magón, Veracruz, Veracruz de Ignacio de la Llave"," , Col. Ricardo Flores Magón C.P. 91900, Veracruz",,19.1914151,-96.1275175,2026-06-27T14:45:43.449160,2026-06-27T14:45:43.449160
https://propiedades.com/inmuebles/casa-en-venta-sin-nombre-de-calle-colinas-de-santa-fe-veracruz-31433437,"MXN 494,000",494000.0,MXN,0.0,102 m² const. | 2 rec. | 1 baños | 1 estac.,,102.0,2,1,1,22 días en Propiedades.com,Sin nombre de calle,"Colinas de Santa Fe, Veracruz, Veracruz de Ignacio de la Llave","Sin nombre de calle, Col. Colinas de Santa Fe C.P. 91808, Veracruz",Cisterna,19.1796098,-96.2501104,2026-06-27T14:45:43.449161,2026-06-27T14:45:43.449161
https://propiedades.com/inmuebles/casa-en-venta-veracruz-veracruz-27061069,"MXN 780,000",780000.0,MXN,0.0,127 m² const. | 2 rec. | 2 baños,,127.0,2,2,0,3 años en Propiedades.com,,"Veracruz, Veracruz, Veracruz de Ignacio de la Llave"," , Col. Veracruz C.P. 91709, Veracruz",,19.2001197,-96.1328179,2026-06-27T14:45:43.449162,2026-06-27T14:45:43.449162
https://www.propiedades.com/inmuebles/casa-en-venta-sur-1-articulo-123-veracruz-31296096,"MXN 2,050,000",2050000.0,MXN,0.0,150 m² const. | 3 rec. | 3 baños,,150.0,3,3,0,1 mes en Propiedades.com,Sur 1,"Articulo 123, Veracruz, Veracruz de Ignacio de la Llave","Sur 1, Col. Articulo 123 C.P. 91947, Veracruz",,19.1488115,-96.1401067,2026-06-27T14:45:43.449164,2026-06-27T14:45:43.449164
https://propiedades.com/inmuebles/casa-en-venta-veracruz-veracruz-30221712,"USD 1,224,420",1224420.0,USD,0.0,73 m² const. | 3 rec. | 2 baños,,73.0,3,2,0,10 meses en Propiedades.com,,"Veracruz, Veracruz, Veracruz de Ignacio de la Llave"," , Col. Veracruz C.P. 91709, Veracruz",,19.1560425055,-96.2221406307,2026-06-27T14:45:43.449166,2026-06-27T14:45:43.449166
https://propiedades.com/inmuebles/casa-en-venta-framboyanes-1222-coyol-framboyanes-veracruz-30635592,"MXN 970,000",970000.0,MXN,0.0,60 m² const. | 2 rec. | 1 baños,,60.0,2,1,0,6 meses en Propiedades.com,Framboyanes  #1222,"Coyol Framboyanes, Veracruz, Veracruz de Ignacio de la Llave","Framboyanes  #1222, Col. Coyol Framboyanes C.P. 91779, Veracruz",,19.1651459,-96.16065259999999,2026-06-27T14:45:43.449167,2026-06-27T14:45:43.449167
https://propiedades.com/inmuebles/casa-en-venta-puerta-paraiso-veracruz-28839633,"MXN 1,640,000",1640000.0,MXN,0.0,72 m² const. | 3 rec. | 1 baños,,72.0,3,1,0,2 años en Propiedades.com,,"Puerta Paraíso, Veracruz, Veracruz de Ignacio de la Llave"," , Col. Puerta Paraíso C.P. 91699, Veracruz",,19.2033312,-96.1739706,2026-06-27T14:45:43.449170,2026-06-27T14:45:43.449170
https://www.propiedades.com/inmuebles/casa-en-venta-av-miguel-aleman-pascual-ortiz-rubio-veracruz-31434943,"MXN 2,990,000",2990000.0,MXN,0.0,150 m² const. | 3 rec. | 1 baños | 2 estac.,,150.0,3,1,2,22 días en Propiedades.com,Av. Miguel Alemán,"Pascual Ortiz Rubio, Veracruz, Veracruz de Ignacio de la Llave","Av. Miguel Alemán, Col. Pascual Ortiz Rubio C.P. 91750, Veracruz",,19.174225,-96.1398286,2026-06-27T14:45:43.449171,2026-06-27T14:45:43.449171
https://www.propiedades.com/inmuebles/casa-en-venta-mariano-arista-120-veracruz-centro-veracruz-31122674,"MXN 8,000,000",8000000.0,MXN,0.0,600 m² const. | 7 rec. | 4 baños | 3 estac.,,600.0,7,4,3,2 meses en Propiedades.com,Mariano Arista #120,"Veracruz Centro, Veracruz, Veracruz de Ignacio de la Llave","Mariano Arista #120, Col. Veracruz Centro C.P. 91700, Veracruz",Aire acondicionado | Cisterna | Terraza,19.189537,-96.1394441,2026-06-27T14:45:43.449172,2026-06-27T14:45:43.449172
https://propiedades.com/inmuebles/casa-en-venta-geovillas-los-pinos-sn-geovillas-los-pinos-veracruz-30185660,"MXN 650,000",650000.0,MXN,0.0,50 m² const. | 2 rec. | 1 baños,,50.0,2,1,0,11 meses en Propiedades.com,GEOVILLAS LOS PINOS  #s/n,"Geovillas los Pinos, Veracruz, Veracruz de Ignacio de la Llave","GEOVILLAS LOS PINOS  #s/n, Col. Geovillas los Pinos C.P. 91808, Veracruz",Seguridad privada | Aire acondicionado | Cisterna | Terraza,19.2147592,-96.2256491,2026-06-27T14:45:43.449173,2026-06-27T14:45:43.449173
https://propiedades.com/inmuebles/casa-en-venta-ara-crystal-lagoons-veracruz-24947961,"MXN 2,794,098",2794098.0,MXN,0.0,88 m² const. | 3 rec. | 2 baños,,88.0,3,2,0,4 años en Propiedades.com,,"ARA Crystal Lagoons, Veracruz, Veracruz de Ignacio de la Llave"," , Col. ARA Crystal Lagoons C.P. 91775, Veracruz",,19.133046,-96.1743546,2026-06-27T14:45:43.449175,2026-06-27T14:45:43.449175
https://propiedades.com/inmuebles/casa-en-venta-nautla-161-miguel-aleman-91898-veracruz-ver-161-miguel-aleman-veracruz-31073706,"MXN 630,000",630000.0,MXN,0.0,232 m² const. | 4 rec. | 3 baños,,232.0,4,3,0,2 meses en Propiedades.com,Nautla 161,"Miguel Alemán, Veracruz, Veracruz de Ignacio de la Llave","Nautla 161, Miguel Alemán, 91898 Veracruz, Ver. #161, Col. Miguel Alemán C.P. 91898, Veracruz",Cisterna,19.206732199999998,-96.1537135,2026-06-27T14:45:43.449176,2026-06-27T14:45:43.449176
https://propiedades.com/inmuebles/casa-en-venta-sin-nombre-de-calle-unidad-veracruzana-veracruz-31434479,"MXN 2,006,000",2006000.0,MXN,0.0,125 m² const. | 3 rec. | 2 baños | 1 estac.,,125.0,3,2,1,22 días en Propiedades.com,Sin nombre de calle,"Unidad Veracruzana, Veracruz, Veracruz de Ignacio de la Llave","Sin nombre de calle, Col. Unidad Veracruzana C.P. 91710, Veracruz",,19.1898562,-96.1520358,2026-06-27T14:45:43.449177,2026-06-27T14:45:43.449177
https://propiedades.com/inmuebles/casa-en-venta-veracruz-veracruz-31461118,"MXN 950,000",950000.0,MXN,0.0,72 m² const. | 2 rec. | 1 baños,,72.0,2,1,0,14 días en Propiedades.com,Col. Veracruz,"Veracruz, Veracruz, Veracruz de Ignacio de la Llave",", Col. Veracruz C.P. 91709, Veracruz",,19.2042597,-96.2115888,2026-06-27T14:45:43.449178,2026-06-27T14:45:43.449178
https://propiedades.com/inmuebles/casa-en-venta-tikal-sn-siglo-xxi-veracruz-31110759,"MXN 1,400,000",1400000.0,MXN,0.0,173 m² const. | 3 rec. | 2 baños,,173.0,3,2,0,2 meses en Propiedades.com,TIKAL  #s/n,"Siglo XXI, Veracruz, Veracruz de Ignacio de la Llave","TIKAL  #s/n, Col. Siglo XXI C.P. 91777, Veracruz",,19.1555033,-96.1613155,2026-06-27T14:45:43.449179,2026-06-27T14:45:43.449179
https://propiedades.com/inmuebles/casa-en-venta-veracruz-veracruz-29062425,"MXN 978,000",978000.0,MXN,0.0,89 m² const. | 3 rec. | 3 baños,,89.0,3,3,0,1 año en Propiedades.com,,"Veracruz, Veracruz, Veracruz de Ignacio de la Llave"," , Col. Veracruz C.P. 91709, Veracruz",,19.1530844,-96.2123595,2026-06-27T14:45:43.449180,2026-06-27T14:45:43.449180
https://propiedades.com/inmuebles/casa-en-venta-xana-veracruz-31126853,"MXN 1,614,000",1614000.0,MXN,0.0,77 m² const. | 3 rec. | 2 baños,,77.0,3,2,0,2 meses en Propiedades.com,,"Xana, Veracruz, Veracruz de Ignacio de la Llave"," , Col. Xana C.P. 91726, Veracruz",,19.1405881,-96.1775982,2026-06-27T14:45:43.449181,2026-06-27T14:45:43.449181
https://propiedades.com/inmuebles/casa-en-venta-faros-veracruz-7219536,"MXN 5,800,000",5800000.0,MXN,0.0,420 m² const. | 4 rec. | 3 baños,,420.0,4,3,0,7 años en Propiedades.com,,"Faros, Veracruz, Veracruz de Ignacio de la Llave"," , Col. Faros C.P. 91709, Veracruz",Aire acondicionado,19.1997243,-96.1323551,2026-06-27T14:45:43.449182,2026-06-27T14:45:43.449182
https://www.propiedades.com/inmuebles/casa-en-venta-laguna-tortugas-152-coyol-magisterio-veracruz-31315229,"MXN 3,200,000",3200000.0,MXN,0.0,243 m² const. | 4 rec. | 5 baños | 2 estac.,,243.0,4,5,2,1 mes en Propiedades.com,Laguna Tortugas #152,"Coyol Magisterio, Veracruz, Veracruz de Ignacio de la Llave","Laguna Tortugas #152, Col. Coyol Magisterio C.P. 91779, Veracruz",Seguridad privada | Aire acondicionado | Cisterna | Terraza,19.1667166,-96.1634699,2026-06-27T14:45:43.449184,2026-06-27T14:45:43.449184
https://propiedades.com/inmuebles/casa-en-venta-kizil-kum-370-oasis-veracruz-31390083,"MXN 397,000",397000.0,MXN,0.0,53 m² const. | 2 rec. | 1 baños | 1 estac.,,53.0,2,1,1,29 días en Propiedades.com,KIZIL KUM #370,"Oasis, Veracruz, Veracruz de Ignacio de la Llave","KIZIL KUM #370, Col. Oasis C.P. 91808, Veracruz",,19.1286297,-96.113218,2026-06-27T14:45:43.449185,2026-06-27T14:45:43.449185
https://propiedades.com/inmuebles/casa-en-venta-vista-mar-veracruz-27577407,"MXN 3,000,000",3000000.0,MXN,0.0,300 m² const. | 6 rec. | 2 baños,,300.0,6,2,0,2 años en Propiedades.com,,"Vista Mar, Veracruz, Veracruz de Ignacio de la Llave"," , Col. Vista Mar C.P. 91780, Veracruz",,19.1706318,-96.1404381,2026-06-27T14:45:43.449186,2026-06-27T14:45:43.449186
https://propiedades.com/inmuebles/casa-en-venta-veracruz-veracruz-31461121,"MXN 1,200,000",1200000.0,MXN,0.0,83 m² const. | 3 rec. | 2 baños,,83.0,3,2,0,14 días en Propiedades.com,Col. Veracruz,"Veracruz, Veracruz, Veracruz de Ignacio de la Llave",", Col. Veracruz C.P. 91709, Veracruz",,19.1488772,-96.1539713,2026-06-27T14:45:43.449188,2026-06-27T14:45:43.449188
https://www.propiedades.com/inmuebles/casa-en-venta-claustros-de-san-juan-seccion-sur-veracruz-31366702,"MXN 1,600,000",1600000.0,MXN,0.0,83 m² const. | 3 rec. | 2 baños | 2 estac.,,83.0,3,2,2,1 mes en Propiedades.com,Col. Claustros de San Juan Sección Sur,"Claustros de San Juan Sección Sur, Veracruz, Veracruz de Ignacio de la Llave",", Col. Claustros de San Juan Sección Sur C.P. 91726, Veracruz",Alberca | Terraza,19.1751065,-96.1725856,2026-06-27T14:45:43.449189,2026-06-27T14:45:43.449189
https://propiedades.com/inmuebles/casa-en-venta-veracruz-veracruz-31039485,"MXN 1,380,000",1380000.0,MXN,0.0,89 m² const. | 3 rec. | 2 baños,,89.0,3,2,0,3 meses en Propiedades.com,,"Veracruz, Veracruz, Veracruz de Ignacio de la Llave"," , Col. Veracruz C.P. 91709, Veracruz",,19.1617397,-96.1814665,2026-06-27T14:45:43.449190,2026-06-27T14:45:43.449190
https://propiedades.com/inmuebles/casa-en-venta-playa-linda-playa-linda-veracruz-29027434,"MXN 2,260,000",2260000.0,MXN,0.0,202 m² const. | 3 rec. | 3 baños,,202.0,3,3,0,2 años en Propiedades.com,Playa linda,"Playa Linda, Veracruz, Veracruz de Ignacio de la Llave","Playa linda, Col. Playa Linda C.P. 91810, Veracruz",Cisterna | Terraza,19.213501,-96.1752377,2026-06-27T14:45:43.449191,2026-06-27T14:45:43.449191
https://propiedades.com/inmuebles/casa-en-venta-floresta-veracruz-31497313,"MXN 2,950,000",2950000.0,MXN,0.0,265 m² const.,,265.0,0,0,0,A estrenar,Col. Floresta,"Floresta, Veracruz, Veracruz de Ignacio de la Llave",", Col. Floresta C.P. 91940, Veracruz",,19.1534826,-96.1374151,2026-06-27T14:45:43.449192,2026-06-27T14:45:43.449192
https://propiedades.com/inmuebles/casa-en-venta-sin-nombre-de-calle-sn-los-pinos-veracruz-31319262,"MXN 4,000,000",4000000.0,MXN,0.0,210 m² const. | 3 rec. | 5 baños,,210.0,3,5,0,1 mes en Propiedades.com,Sin nombre de calle #SNInt. S/N,"Los Pinos, Veracruz, Veracruz de Ignacio de la Llave","Sin nombre de calle #SNInt. S/N, Col. Los Pinos C.P. 91870, Veracruz",,19.2080254,-96.1619784,2026-06-27T14:45:43.449194,2026-06-27T14:45:43.449194
https://propiedades.com/inmuebles/casa-en-venta-crystal-lagoons-veracruz-91699-veracruz-ver-6-ara-crystal-lagoons-veracruz-30870370,"MXN 1,850,000",1850000.0,MXN,0.0,3 rec. | 2 baños,,,3,2,0,4 meses en Propiedades.com,Crystal Lagoons Veracruz,"ARA Crystal Lagoons, Veracruz, Veracruz de Ignacio de la Llave","Crystal Lagoons Veracruz, 91699 Veracruz, Ver. #6, Col. ARA Crystal Lagoons C.P. 91775, Veracruz",Alberca | Seguridad privada | Aire acondicionado | Terraza | Gimnasio,19.1902778,-96.1533333,2026-06-27T14:45:43.449195,2026-06-27T14:45:43.449195
https://propiedades.com/inmuebles/casa-en-venta-las-bajadas-veracruz-31449703,"MXN 3,966,000",3966000.0,MXN,0.0,183 m² const. | 3 rec. | 2 baños,,183.0,3,2,0,17 días en Propiedades.com,,"Las Bajadas, Veracruz, Veracruz de Ignacio de la Llave"," , Col. Las Bajadas C.P. 91726, Veracruz",,19.1510277187,-96.1754345926,2026-06-27T14:45:43.449196,2026-06-27T14:45:43.449196
https://propiedades.com/inmuebles/casa-en-venta-esteban-morales-50-2-caminos-veracruz-31087877,"MXN 1,385,000",1385000.0,MXN,0.0,65 m² const. | 2 rec. | 2 baños | 1 estac.,,65.0,2,2,1,2 meses en Propiedades.com,ESTEBAN MORALES #50,"2 Caminos, Veracruz, Veracruz de Ignacio de la Llave","ESTEBAN MORALES #50, Col. 2 Caminos C.P. 91726, Veracruz",Cisterna | Terraza,19.1751065,-96.1725856,2026-06-27T14:45:43.449197,2026-06-27T14:45:43.449197
https://propiedades.com/inmuebles/casa-en-venta-faros-veracruz-31377039,"MXN 1,480,000",1480000.0,MXN,0.0,135 m² const. | 2 rec. | 1 baños,,135.0,2,1,0,1 mes en Propiedades.com,,"Faros, Veracruz, Veracruz de Ignacio de la Llave"," , Col. Faros C.P. 91709, Veracruz",Aire acondicionado,19.1548544,-96.1514254,2026-06-27T14:45:43.449198,2026-06-27T14:45:43.449198
https://propiedades.com/inmuebles/casa-en-venta-lomas-del-rio-medio-veracruz-31097834,"MXN 1,050,000",1050000.0,MXN,0.0,65 m² const. | 2 rec. | 1 baños,,65.0,2,1,0,2 meses en Propiedades.com,,"Lomas Del Rio Medio, Veracruz, Veracruz de Ignacio de la Llave"," , Col. Lomas Del Rio Medio C.P. 91809, Veracruz",,19.2036789,-96.1881373,2026-06-27T14:46:07.423508,2026-06-27T14:46:07.423508
https://propiedades.com/inmuebles/casa-en-venta-ricardo-flores-magon-veracruz-27985708,"MXN 15,500,000",15500000.0,MXN,0.0,500 m² const. | 5 rec. | 6 baños,,500.0,5,6,0,2 años en Propiedades.com,,"Ricardo Flores Magón, Veracruz, Veracruz de Ignacio de la Llave"," , Col. Ricardo Flores Magón C.P. 91900, Veracruz",,19.1843392352,-96.1253757561,2026-06-27T14:46:07.423537,2026-06-27T14:46:07.423537
https://propiedades.com/inmuebles/casa-en-venta-victimas-del-5-y-6-de-julio-ignacio-zaragoza-veracruz-31043119,"MXN 2,790,000",2790000.0,MXN,0.0,155 m² const. | 3 rec. | 3 baños,51.0,155.0,3,3,0,30 años,Víctimas del 5 y 6 de Julio,"Ignacio Zaragoza, Veracruz, Veracruz de Ignacio de la Llave","Víctimas del 5 y 6 de Julio, Col. Ignacio Zaragoza C.P. 91910, Veracruz",,19.1780491,-96.1288426,2026-06-27T14:46:07.423550,2026-06-27T14:46:07.423550
https://propiedades.com/inmuebles/casa-en-venta-enrique-c-rebsamen-veracruz-31461256,"MXN 1,980,000",1980000.0,MXN,0.0,198 m² const. | 4 rec. | 3 baños,181.0,198.0,4,3,3,20 años,,"Enrique C Rebsamen, Veracruz, Veracruz de Ignacio de la Llave"," , Col. Enrique C Rebsamen C.P. 91968, Veracruz",,19.1587295,-96.1334724,2026-06-27T14:46:07.423559,2026-06-27T14:46:07.423559
https://propiedades.com/inmuebles/casa-en-venta-veracruz-veracruz-30645930,"MXN 2,400,000",2400000.0,MXN,0.0,236 m² const. | 3 rec. | 2 baños,200.0,236.0,3,2,1,35 años,,"Veracruz, Veracruz, Veracruz de Ignacio de la Llave"," , Col. Veracruz C.P. 91709, Veracruz",,19.1927513,-96.1458413,2026-06-27T14:46:07.423565,2026-06-27T14:46:07.423565
https://propiedades.com/inmuebles/casa-en-venta-2-caminos-veracruz-31511012,"MXN 1,290,000",1290000.0,MXN,0.0,150 m² const. | 2 rec. | 2 baños,250.0,150.0,2,2,1,20 años,,"2 Caminos, Veracruz, Veracruz de Ignacio de la Llave"," , Col. 2 Caminos C.P. 91726, Veracruz",,19.1781556,-96.1699336,2026-06-27T14:46:07.423572,2026-06-27T14:46:07.423572
https://propiedades.com/inmuebles/casa-en-venta-playa-del-rey-316-playa-linda-veracruz-31036177,"MXN 3,250,000",3250000.0,MXN,0.0,275 m² const. | 5 rec. | 3 baños,200.0,275.0,5,3,2,1 años,Playa del Rey #316,"Playa Linda, Veracruz, Veracruz de Ignacio de la Llave","Playa del Rey #316, Col. Playa Linda C.P. 91810, Veracruz",Cisterna,19.213501,-96.1752377,2026-06-27T14:46:07.423617,2026-06-27T14:46:07.423617
https://propiedades.com/inmuebles/casa-en-venta-reforma-veracruz-31448886,"MXN 5,800,000",5800000.0,MXN,0.0,325 m² const. | 3 rec. | 4 baños,,325.0,3,4,0,17 días en Propiedades.com,Col. Reforma,"Reforma, Veracruz, Veracruz de Ignacio de la Llave",", Col. Reforma C.P. 91919, Veracruz",,19.1725533,-96.1262538,2026-06-27T14:46:07.423621,2026-06-27T14:46:07.423621
https://propiedades.com/inmuebles/casa-en-venta-tejeria-veracruz-30221716,"MXN 1,215,000",1215000.0,MXN,0.0,82 m² const. | 3 rec. | 2 baños,67.0,82.0,3,2,1,A estrenar,,"Tejería, Veracruz, Veracruz de Ignacio de la Llave"," , Col. Tejería C.P. 91697, Veracruz",,19.1554123,-96.2218767,2026-06-27T14:46:07.423627,2026-06-27T14:46:07.423627
https://propiedades.com/inmuebles/casa-en-venta-92910-miguel-hidalgo-ver-miguel-hidalgo-veracruz-30250605,"MXN 1,960,000",1960000.0,MXN,0.0,300 m² const. | 6 rec. | 5 baños,,300.0,6,5,0,10 meses en Propiedades.com,92910 Miguel Hidalgo,"Miguel Hidalgo, Veracruz, Veracruz de Ignacio de la Llave","92910 Miguel Hidalgo, Ver., Col. Miguel Hidalgo C.P. 91712, Veracruz",,19.1968409,-96.1402584,2026-06-27T14:46:07.423651,2026-06-27T14:46:07.423651
https://propiedades.com/inmuebles/casa-en-venta-veracruz-veracruz-31461123,"MXN 1,050,000",1050000.0,MXN,0.0,68 m² const. | 2 rec. | 1 baños,,68.0,2,1,0,14 días en Propiedades.com,Col. Veracruz,"Veracruz, Veracruz, Veracruz de Ignacio de la Llave",", Col. Veracruz C.P. 91709, Veracruz",,19.160624055,-96.154568131,2026-06-27T14:46:07.423656,2026-06-27T14:46:07.423656
https://propiedades.com/inmuebles/casa-en-venta-granjas-veracruz-veracruz-30813630,"MXN 2,400,004",2400004.0,MXN,0.0,236 m² const. | 3 rec. | 1 baños,,236.0,3,1,0,5 meses en Propiedades.com,,"Granjas Veracruz, Veracruz, Veracruz de Ignacio de la Llave"," , Col. Granjas Veracruz C.P. 91938, Veracruz",,19.1513858,-96.1306182,2026-06-27T14:46:07.423659,2026-06-27T14:46:07.423659
https://propiedades.com/inmuebles/casa-en-venta-soteapan-28-los-torrentes-veracruz-31442449,"MXN 835,000",835000.0,MXN,0.0,44 m² const. | 1 rec. | 1 baños,,44.0,1,1,0,19 días en Propiedades.com,SOTEAPAN #28,"Los Torrentes, Veracruz, Veracruz de Ignacio de la Llave","SOTEAPAN #28, Col. Los Torrentes C.P. 91808, Veracruz",,19.2079628,-96.1795397,2026-06-27T14:46:07.423663,2026-06-27T14:46:07.423663
https://propiedades.com/inmuebles/casa-en-venta-veracruz-veracruz-29963361,"MXN 1,650,000",1650000.0,MXN,0.0,95 m² const. | 3 rec. | 2 baños,,95.0,3,2,0,1 año en Propiedades.com,,"Veracruz, Veracruz, Veracruz de Ignacio de la Llave"," , Col. Veracruz C.P. 91709, Veracruz",,19.1504858,-96.2154872,2026-06-27T14:46:07.423665,2026-06-27T14:46:07.423665
https://propiedades.com/inmuebles/casa-en-venta-siglo-xxi-veracruz-31113500,"MXN 1,950,000",1950000.0,MXN,0.0,110 m² const. | 4 rec. | 2 baños,,110.0,4,2,0,2 meses en Propiedades.com,,"Siglo XXI, Veracruz, Veracruz de Ignacio de la Llave"," , Col. Siglo XXI C.P. 91777, Veracruz",,19.1576999,-96.1607007,2026-06-27T14:46:07.423669,2026-06-27T14:46:07.423669
https://www.propiedades.com/inmuebles/casa-en-venta-sin-nombre-de-calle-sn-reserva-tarimoya-i-veracruz-31414067,"MXN 3,300,000",3300000.0,MXN,0.0,250 m² const. | 6 rec. | 3 baños | 2 estac.,,250.0,6,3,2,2 meses en Propiedades.com,Sin nombre de calle #S/N,"Reserva Tarimoya I, Veracruz, Veracruz de Ignacio de la Llave","Sin nombre de calle #S/N, Col. Reserva Tarimoya I C.P. 91850, Veracruz",Seguridad privada | Aire acondicionado | Cisterna,19.1927736,-96.1720712,2026-06-27T14:46:07.423672,2026-07-29T21:25:02.111677
https://propiedades.com/inmuebles/casa-en-venta-veracruz-veracruz-27061037,"MXN 7,500,000",7500000.0,MXN,0.0,357 m² const. | 3 rec. | 5 baños,,357.0,3,5,0,3 años en Propiedades.com,,"Veracruz, Veracruz, Veracruz de Ignacio de la Llave"," , Col. Veracruz C.P. 91709, Veracruz",,19.2001197,-96.1328179,2026-06-27T14:46:07.423675,2026-06-27T14:46:07.423675
https://www.propiedades.com/inmuebles/casa-en-venta-sin-nombre-de-calle-bruno-pagliai-veracruz-31173038,"MXN 1,053,000",1053000.0,MXN,0.0,73 m² const. | 3 rec. | 2 baños | 1 estac.,,73.0,3,2,1,1 mes en Propiedades.com,Sin nombre de calle,"Bruno Pagliai, Veracruz, Veracruz de Ignacio de la Llave","Sin nombre de calle, Col. Bruno Pagliai C.P. 91697, Veracruz",,19.1694408,-96.2273383,2026-06-27T14:46:07.423679,2026-06-27T14:46:07.423679
https://propiedades.com/inmuebles/casa-en-venta-col-astilleros-astilleros-de-veracruz-veracruz-31298903,"MXN 2,600,000",2600000.0,MXN,0.0,240 m² const. | 6 rec. | 3 baños | 2 estac.,,240.0,6,3,2,1 mes en Propiedades.com,Col. Astilleros,"Astilleros de Veracruz, Veracruz, Veracruz de Ignacio de la Llave","Col. Astilleros, Col. Astilleros de Veracruz C.P. 91800, Veracruz",,19.2131439,-96.1858472,2026-06-27T14:46:07.423683,2026-06-27T14:46:07.423683
https://www.propiedades.com/inmuebles/casa-en-venta-sin-nombre-de-calle-colinas-de-santa-fe-veracruz-31425252,"MXN 549,000",549000.0,MXN,0.0,102 m² const. | 2 rec. | 1 baños,,102.0,2,1,0,24 días en Propiedades.com,Sin nombre de calle,"Colinas de Santa Fe, Veracruz, Veracruz de Ignacio de la Llave","Sin nombre de calle, Col. Colinas de Santa Fe C.P. 91808, Veracruz",,19.1796098,-96.2501104,2026-06-27T14:46:07.423687,2026-06-27T14:46:07.423687
https://propiedades.com/inmuebles/casa-en-venta-chapultepec-veracruz-30096926,"MXN 4,500,000",4500000.0,MXN,0.0,408 m² const. | 4 rec.,,408.0,4,0,0,11 meses en Propiedades.com,,"Chapultepec, Veracruz, Veracruz de Ignacio de la Llave"," , Col. Chapultepec C.P. 91740, Veracruz",,20.5372876062,-97.4559607513,2026-06-27T14:46:07.423690,2026-06-27T14:46:07.423690
https://propiedades.com/inmuebles/casa-en-venta-veracruz-centro-veracruz-28918252,"MXN 4,500,000",4500000.0,MXN,0.0,239 m² const. | 4 rec. | 3 baños,,239.0,4,3,0,2 años en Propiedades.com,,"Veracruz Centro, Veracruz, Veracruz de Ignacio de la Llave"," , Col. Veracruz Centro C.P. 91700, Veracruz",,19.1940572,-96.1436376,2026-06-27T14:46:07.423695,2026-06-27T14:46:07.423695
https://propiedades.com/inmuebles/casa-en-venta-riveras-de-rio-medio-veracruz-30727494,"MXN 12,500,000",12500000.0,MXN,0.0,450 m² const. | 3 rec. | 5 baños,,450.0,3,5,0,5 meses en Propiedades.com,,"Riveras de Río Medio, Veracruz, Veracruz de Ignacio de la Llave"," , Col. Riveras de Río Medio C.P. 91808, Veracruz",,19.082428,-96.101188,2026-06-27T14:46:07.423698,2026-06-27T14:46:07.423698
https://propiedades.com/inmuebles/casa-en-venta-nautla-161-miguel-aleman-veracruz-26775910,"MXN 735,000",735000.0,MXN,0.0,405 m² const. | 4 rec. | 3 baños,,405.0,4,3,0,3 años en Propiedades.com,nautla #161,"Miguel Alemán, Veracruz, Veracruz de Ignacio de la Llave","nautla #161, Col. Miguel Alemán C.P. 91898, Veracruz",,19.1639698,-96.1448508,2026-06-27T14:46:07.423702,2026-06-27T14:46:07.423702
https://propiedades.com/inmuebles/casa-en-venta-laguna-de-tamos-el-coyol-veracruz-30509912,"MXN 2,012,000",2012000.0,MXN,0.0,145 m² const. | 3 rec. | 2 baños,,145.0,3,2,0,8 meses en Propiedades.com,laguna de tamos,"El Coyol, Veracruz, Veracruz de Ignacio de la Llave","laguna de tamos, Col. El Coyol C.P. 91780, Veracruz",Seguridad privada | Cisterna | Terraza,19.173127,-96.1543556,2026-06-27T14:46:07.423705,2026-06-27T14:46:07.423705
https://propiedades.com/inmuebles/casa-en-venta-reforma-reforma-veracruz-29438636,"MXN 4,500,000",4500000.0,MXN,0.0,300 m² const. | 4 rec. | 4 baños,,300.0,4,4,0,1 año en Propiedades.com,REFORMA,"Reforma, Veracruz, Veracruz de Ignacio de la Llave","REFORMA, Col. Reforma C.P. 91919, Veracruz",Seguridad privada | Aire acondicionado | Terraza,19.1707806,-96.1248675,2026-06-27T14:46:07.423709,2026-06-27T14:46:07.423709
https://propiedades.com/inmuebles/casa-en-venta-olivos-floresta-veracruz-30789178,"MXN 2,490,000",2490000.0,MXN,0.0,202 m² const. | 3 rec. | 2 baños,,202.0,3,2,0,5 meses en Propiedades.com,Olivos,"Floresta, Veracruz, Veracruz de Ignacio de la Llave","Olivos, Col. Floresta C.P. 91940, Veracruz",Aire acondicionado,19.1556264,-96.1354683,2026-06-27T14:46:07.423713,2026-06-27T14:46:07.423713
https://propiedades.com/inmuebles/casa-en-venta-nispero-182-floresta-veracruz-30162638,"MXN 2,850,000",2850000.0,MXN,0.0,200 m² const. | 3 rec. | 2 baños | 2 estac.,,200.0,3,2,2,11 meses en Propiedades.com,Níspero #182,"Floresta, Veracruz, Veracruz de Ignacio de la Llave","Níspero #182, Col. Floresta C.P. 91940, Veracruz",Aire acondicionado | Cisterna,19.1556264,-96.1354683,2026-06-27T14:46:07.423716,2026-06-27T14:46:07.423716
https://propiedades.com/inmuebles/casa-en-venta-alamo-78-floresta-veracruz-31048163,"MXN 3,850,000",3850000.0,MXN,0.0,266 m² const. | 4 rec. | 3 baños,,266.0,4,3,0,3 meses en Propiedades.com,Alamo #78,"Floresta, Veracruz, Veracruz de Ignacio de la Llave","Alamo #78, Col. Floresta C.P. 91940, Veracruz",,19.156254939,-96.135445226,2026-06-27T14:46:07.423719,2026-06-27T14:46:07.423719
https://propiedades.com/inmuebles/casa-en-venta-triunfo-unido-veracruz-30429711,"MXN 1,050,000",1050000.0,MXN,0.0,78 m² const. | 2 rec. | 1 baños,,78.0,2,1,0,8 meses en Propiedades.com,,"Triunfo Unido, Veracruz, Veracruz de Ignacio de la Llave"," , Col. Triunfo Unido C.P. 91717, Veracruz",,19.1913038,-96.1740174,2026-06-27T14:46:07.423723,2026-06-27T14:46:07.423723
https://www.propiedades.com/inmuebles/casa-en-venta-sin-nombre-de-calle-sn-playa-linda-veracruz-31419907,"MXN 1,470,000",1470000.0,MXN,0.0,130 m² const. | 3 rec. | 3 baños | 1 estac.,,130.0,3,3,1,2 meses en Propiedades.com,Sin nombre de calle #S/N,"Playa Linda, Veracruz, Veracruz de Ignacio de la Llave","Sin nombre de calle #S/N, Col. Playa Linda C.P. 91810, Veracruz",Aire acondicionado | Cisterna,19.213501,-96.1752377,2026-06-27T14:46:07.423726,2026-07-29T21:25:02.111653
https://propiedades.com/inmuebles/casa-en-venta-coyol-framboyanes-veracruz-30893058,"MXN 1,200,000",1200000.0,MXN,0.0,Sin caracteristicas,,,0,0,0,4 meses en Propiedades.com,,"Coyol Framboyanes, Veracruz, Veracruz de Ignacio de la Llave"," , Col. Coyol Framboyanes C.P. 91779, Veracruz",,19.1563671,-96.1551944,2026-06-27T14:46:07.423729,2026-06-27T14:46:07.423729
https://propiedades.com/inmuebles/casa-en-venta-dos-lomas-veracruz-29849023,"MXN 1,518,000",1518000.0,MXN,0.0,89 m² const. | 3 rec. | 3 baños,,89.0,3,3,0,1 año en Propiedades.com,,"Dos Lomas, Veracruz, Veracruz de Ignacio de la Llave"," , Col. Dos Lomas C.P. 91697, Veracruz",,19.1492768817,-96.2047644967,2026-06-27T14:46:07.423733,2026-06-27T14:46:07.423733
https://propiedades.com/inmuebles/casa-en-venta-dos-lomas-veracruz-30167240,"MXN 1,550,000",1550000.0,MXN,0.0,85 m² const. | 2 rec. | 2 baños,,85.0,2,2,0,11 meses en Propiedades.com,,"Dos Lomas, Veracruz, Veracruz de Ignacio de la Llave"," , Col. Dos Lomas C.P. 91697, Veracruz",,19.1462309,-96.2389221,2026-06-27T14:46:07.423736,2026-06-27T14:46:07.423736
https://propiedades.com/inmuebles/casa-en-venta-ara-crystal-lagoons-veracruz-27870958,"MXN 2,715,000",2715000.0,MXN,0.0,3 rec. | 2 baños,,,3,2,0,2 años en Propiedades.com,,"ARA Crystal Lagoons, Veracruz, Veracruz de Ignacio de la Llave"," , Col. ARA Crystal Lagoons C.P. 91775, Veracruz",,19.1330166,-96.1743778,2026-06-27T14:46:07.423740,2026-06-27T14:46:07.423740
https://propiedades.com/inmuebles/casa-en-venta-veracruz-centro-veracruz-29506685,"MXN 3,300,000",3300000.0,MXN,0.0,111 m² const. | 2 rec. | 1 baños,,111.0,2,1,0,1 año en Propiedades.com,,"Veracruz Centro, Veracruz, Veracruz de Ignacio de la Llave"," , Col. Veracruz Centro C.P. 91700, Veracruz",,19.1997541,-96.1373797,2026-06-27T14:46:07.423743,2026-06-27T14:46:07.423743
https://propiedades.com/inmuebles/casa-en-venta-campero-240-veracruz-centro-veracruz-31401332,"MXN 4,000,000",4000000.0,MXN,0.0,270 m² const. | 4 rec. | 3 baños | 1 estac.,,270.0,4,3,1,28 días en Propiedades.com,Campero #240,"Veracruz Centro, Veracruz, Veracruz de Ignacio de la Llave","Campero #240, Col. Veracruz Centro C.P. 91700, Veracruz",,19.189537,-96.1394441,2026-06-27T14:46:07.423746,2026-06-27T14:46:07.423746
https://propiedades.com/inmuebles/casa-en-venta-sin-nombre-de-calle-coyol-seccion-iv-veracruz-31330165,"MXN 1,450,000",1450000.0,MXN,0.0,67 m² const. | 2 rec. | 1 baños | 1 estac.,,67.0,2,1,1,1 mes en Propiedades.com,Sin nombre de calle,"Coyol Seccion IV, Veracruz, Veracruz de Ignacio de la Llave","Sin nombre de calle, Col. Coyol Seccion IV C.P. 91779, Veracruz",,19.1663114,-96.1589954,2026-06-27T14:46:07.423749,2026-06-27T14:46:07.423749
https://propiedades.com/inmuebles/casa-en-venta-playa-costa-azul-playa-linda-veracruz-31281324,"MXN 3,200,000",3200000.0,MXN,0.0,358 m² const. | 6 rec. | 6 baños | 2 estac.,,358.0,6,6,2,1 mes en Propiedades.com,Playa costa azul,"Playa Linda, Veracruz, Veracruz de Ignacio de la Llave","Playa costa azul, Col. Playa Linda C.P. 91810, Veracruz",Terraza,19.213501,-96.1752377,2026-06-27T14:46:07.423753,2026-06-27T14:46:07.423753
https://www.propiedades.com/inmuebles/casa-en-venta-nassau-esquina-barriles-sn-astilleros-de-veracruz-veracruz-30062769,"MXN 1,700,000",1700000.0,MXN,0.0,130 m² const. | 3 rec. | 2 baños | 2 estac.,,130.0,3,2,2,12 meses en Propiedades.com,Nassau esquina barriles #snInt. s/n,"Astilleros de Veracruz, Veracruz, Veracruz de Ignacio de la Llave","Nassau esquina barriles #snInt. s/n, Col. Astilleros de Veracruz C.P. 91800, Veracruz",,19.2131439,-96.1858472,2026-06-27T14:46:07.423757,2026-06-27T14:46:07.423757
https://propiedades.com/inmuebles/casa-en-venta-del-norte-veracruz-31050440,"MXN 1,650,000",1650000.0,MXN,0.0,101 m² const. | 2 rec. | 2 baños,,101.0,2,2,0,3 meses en Propiedades.com,Col. Del Norte,"Del Norte, Veracruz, Veracruz de Ignacio de la Llave",", Col. Del Norte C.P. 91808, Veracruz",,19.2121133,-96.1944688,2026-06-27T14:46:07.423761,2026-06-27T14:46:07.423761
https://propiedades.com/inmuebles/casa-en-venta-ignacio-zaragoza-veracruz-25095407,"MXN 7,200,000",7200000.0,MXN,0.0,506 m² const. | 7 rec. | 7 baños,,506.0,7,7,0,4 años en Propiedades.com,,"Ignacio Zaragoza, Veracruz, Veracruz de Ignacio de la Llave"," , Col. Ignacio Zaragoza C.P. 91910, Veracruz",,19.1780491,-96.1288426,2026-06-27T14:46:07.423764,2026-06-27T14:46:07.423764
https://propiedades.com/inmuebles/casa-en-venta-coyol-framboyanes-veracruz-31461259,"MXN 1,350,000",1350000.0,MXN,0.0,90 m² const. | 2 rec. | 2 baños,,90.0,2,2,0,14 días en Propiedades.com,,"Coyol Framboyanes, Veracruz, Veracruz de Ignacio de la Llave"," , Col. Coyol Framboyanes C.P. 91779, Veracruz",,19.1563671,-96.1551944,2026-06-27T14:46:07.423768,2026-06-27T14:46:07.423768
https://propiedades.com/inmuebles/casa-en-venta-galeana-lt-28-malibran-de-las-brujas-veracruz-30162677,"MXN 860,000",860000.0,MXN,0.0,150 m² const. | 2 rec. | 1 baños | 2 estac.,,150.0,2,1,2,11 meses en Propiedades.com,Galeana #Lt  28Int. Mz 56,"Malibran de las Brujas, Veracruz, Veracruz de Ignacio de la Llave","Galeana #Lt  28Int. Mz 56, Col. Malibran de las Brujas C.P. 91698, Veracruz",,19.1603948,-96.1699336,2026-06-27T14:46:07.423770,2026-06-27T14:46:07.423770
https://propiedades.com/inmuebles/casa-en-venta-el-coyol-veracruz-31072720,"MXN 1,562,000",1562000.0,MXN,0.0,108 m² const. | 3 rec. | 2 baños,,108.0,3,2,0,2 meses en Propiedades.com,,"El Coyol, Veracruz, Veracruz de Ignacio de la Llave"," , Col. El Coyol C.P. 91780, Veracruz",,19.173127,-96.1543556,2026-06-27T14:46:07.423774,2026-06-27T14:46:07.423774
https://www.propiedades.com/inmuebles/casa-en-venta-sin-nombre-de-calle-sn-dream-lagoons-veracruz-28935410,"MXN 2,735,000",2735000.0,MXN,0.0,111 m² const. | 3 rec. | 3 baños | 2 estac.,,111.0,3,3,2,2 años en Propiedades.com,Sin nombre de calle #snInt. GOLETA,"Dream Lagoons, Veracruz, Veracruz de Ignacio de la Llave","Sin nombre de calle #snInt. GOLETA, Col. Dream Lagoons C.P. 91699, Veracruz",Alberca | Seguridad privada | Gimnasio,19.133046,-96.1743546,2026-06-27T14:46:34.100848,2026-06-27T14:46:34.100848
https://www.propiedades.com/inmuebles/casa-en-venta-sin-nombre-de-calle-veracruz-centro-veracruz-31425282,"MXN 1,709,400",1709400.0,MXN,0.0,134 m² const. | 4 rec. | 2 baños,,134.0,4,2,0,24 días en Propiedades.com,Sin nombre de calle,"Veracruz Centro, Veracruz, Veracruz de Ignacio de la Llave","Sin nombre de calle, Col. Veracruz Centro C.P. 91700, Veracruz",,19.189537,-96.1394441,2026-06-27T14:46:34.100874,2026-06-27T14:46:34.100874
https://propiedades.com/inmuebles/casa-en-venta-moderno-veracruz-29995926,"MXN 5,500,000",5500000.0,MXN,0.0,320 m² const. | 3 rec. | 3 baños,,320.0,3,3,0,1 año en Propiedades.com,,"Moderno, Veracruz, Veracruz de Ignacio de la Llave"," , Col. Moderno C.P. 91918, Veracruz",,19.1299129,-96.1081649,2026-06-27T14:46:34.100877,2026-06-27T14:46:34.100877
https://propiedades.com/inmuebles/casa-en-venta-agata-112-las-amapolas-veracruz-30997212,"MXN 1,125,000",1125000.0,MXN,0.0,75 m² const. | 2 rec. | 1 baños,,75.0,2,1,0,3 meses en Propiedades.com,AGATA #112,"Las Amapolas, Veracruz, Veracruz de Ignacio de la Llave","AGATA #112, Col. Las Amapolas C.P. 91698, Veracruz",,19.1446152,-96.19911169999999,2026-06-27T14:46:34.100881,2026-06-27T14:46:34.100881
https://propiedades.com/inmuebles/casa-en-venta-adolfo-lopez-mateos-veracruz-30876607,"MXN 3,100,000",3100000.0,MXN,0.0,242 m² const. | 4 rec. | 4 baños | 2 estac.,175.0,242.0,4,4,2,1 años,calle,"Adolfo López Mateos, Veracruz, Veracruz de Ignacio de la Llave","calle, Col. Adolfo López Mateos C.P. 91780, Veracruz",Seguridad privada | Cisterna | Terraza,19.1612816,-96.1434201,2026-06-27T14:46:34.100889,2026-06-27T14:46:34.100889
https://propiedades.com/inmuebles/casa-en-venta-los-tules-120-lombardo-toledano-veracruz-30884550,"MXN 1,239,000",1239000.0,MXN,0.0,105 m² const. | 2 rec. | 2 baños,123.0,105.0,2,2,1,7 años,LOS TULES #120,"Lombardo Toledano, Veracruz, Veracruz de Ignacio de la Llave","LOS TULES #120, Col. Lombardo Toledano C.P. 91809, Veracruz",,19.2053408,-96.1977851,2026-06-27T14:46:34.100896,2026-06-27T14:46:34.100896
https://propiedades.com/inmuebles/casa-en-venta-ara-crystal-lagoons-veracruz-31444687,"MXN 1,490,000",1490000.0,MXN,0.0,71 m² const. | 2 rec. | 2 baños,72.0,71.0,2,2,1,5 años,,"ARA Crystal Lagoons, Veracruz, Veracruz de Ignacio de la Llave"," , Col. ARA Crystal Lagoons C.P. 91775, Veracruz",,19.1316625,-96.169983,2026-06-27T14:46:34.100901,2026-06-27T14:46:34.100901
https://propiedades.com/inmuebles/casa-en-venta-avenida-20-de-noviembre-2331-ignacio-zaragoza-veracruz-31079880,"MXN 3,500,000",3500000.0,MXN,0.0,147 m² const. | 3 rec. | 2 baños,278.0,147.0,3,2,0,1 años,Avenida 20 de Noviembre #2331,"Ignacio Zaragoza, Veracruz, Veracruz de Ignacio de la Llave","Avenida 20 de Noviembre #2331, Col. Ignacio Zaragoza C.P. 91910, Veracruz",,19.1780491,-96.1288426,2026-06-27T14:46:34.100907,2026-06-27T14:46:34.100907
https://propiedades.com/inmuebles/casa-en-venta-playa-linda-veracruz-30986004,"MXN 1,800,000",1800000.0,MXN,0.0,141 m² const. | 3 rec. | 2 baños,132.0,141.0,3,2,1,A estrenar,,"Playa Linda, Veracruz, Veracruz de Ignacio de la Llave"," , Col. Playa Linda C.P. 91810, Veracruz",,19.213501,-96.1752377,2026-06-27T14:46:34.100913,2026-06-27T14:46:34.100913
https://propiedades.com/inmuebles/casa-en-venta-veracruz-veracruz-30857760,"MXN 6,650,000",6650000.0,MXN,0.0,283 m² const. | 4 rec. | 4 baños,226.0,283.0,4,4,2,A estrenar,,"Veracruz, Veracruz, Veracruz de Ignacio de la Llave"," , Col. Veracruz C.P. 91709, Veracruz",,19.1948201,-96.1430354,2026-06-27T14:46:34.100918,2026-06-27T14:46:34.100918
https://propiedades.com/inmuebles/casa-en-venta-reforma-veracruz-30934434,"MXN 3,990,000",3990000.0,MXN,0.0,421 m² const. | 5 rec. | 4 baños,,421.0,5,4,0,4 meses en Propiedades.com,,"Reforma, Veracruz, Veracruz de Ignacio de la Llave"," , Col. Reforma C.P. 91919, Veracruz",,,,2026-06-27T14:46:34.100920,2026-06-27T14:46:34.100920
https://propiedades.com/inmuebles/casa-en-venta-el-coyol-veracruz-30100123,"MXN 1,718,200",1718200.0,MXN,0.0,108 m² const. | 2 rec. | 2 baños,,108.0,2,2,0,11 meses en Propiedades.com,,"El Coyol, Veracruz, Veracruz de Ignacio de la Llave"," , Col. El Coyol C.P. 91780, Veracruz",,19.1576235,-96.1497782,2026-06-27T14:46:34.100923,2026-06-27T14:46:34.100923
https://propiedades.com/inmuebles/casa-en-venta-paseo-de-las-palmas-veracruz-28061390,"MXN 2,260,000",2260000.0,MXN,0.0,130 m² const. | 3 rec. | 2 baños,,130.0,3,2,0,2 años en Propiedades.com,,"Paseo de las Palmas, Veracruz, Veracruz de Ignacio de la Llave"," , Col. Paseo de las Palmas C.P. 91697, Veracruz",,19.1476396,-96.2284524,2026-06-27T14:46:34.100925,2026-06-27T14:46:34.100925
https://propiedades.com/inmuebles/casa-en-venta-siglo-xxi-veracruz-siglo-xxi-veracruz-31199067,"MXN 1,590,000",1590000.0,MXN,0.0,120 m² const. | 4 rec. | 3 baños | 1 estac.,,120.0,4,3,1,1 mes en Propiedades.com,Siglo XXI Veracruz,"Siglo XXI, Veracruz, Veracruz de Ignacio de la Llave","Siglo XXI Veracruz, Col. Siglo XXI C.P. 91777, Veracruz",Aire acondicionado,19.1555033,-96.1613155,2026-06-27T14:46:34.100929,2026-06-27T14:46:34.100929
https://propiedades.com/inmuebles/casa-en-venta-lomas-del-rio-medio-veracruz-30861509,"MXN 1,650,000",1650000.0,MXN,0.0,101 m² const. | 2 rec. | 2 baños,,101.0,2,2,0,4 meses en Propiedades.com,,"Lomas Del Rio Medio, Veracruz, Veracruz de Ignacio de la Llave"," , Col. Lomas Del Rio Medio C.P. 91809, Veracruz",,19.2141921,-96.1933511,2026-06-27T14:46:34.100931,2026-06-27T14:46:34.100931
https://propiedades.com/inmuebles/casa-en-venta-las-palmas-veracruz-30408148,"MXN 5,950,000",5950000.0,MXN,0.0,327 m² const. | 3 rec. | 3 baños,,327.0,3,3,0,9 meses en Propiedades.com,,"Las Palmas, Veracruz, Veracruz de Ignacio de la Llave"," , Col. Las Palmas C.P. 91779, Veracruz",,19.1000489,-96.1199855,2026-06-27T14:46:34.100933,2026-06-27T14:46:34.100933
https://propiedades.com/inmuebles/casa-en-venta-reforma-veracruz-31438013,"MXN 5,800,000",5800000.0,MXN,0.0,326 m² const. | 3 rec. | 4 baños,,326.0,3,4,0,20 días en Propiedades.com,Col. Reforma,"Reforma, Veracruz, Veracruz de Ignacio de la Llave",", Col. Reforma C.P. 91919, Veracruz",,19.1707806,-96.1248675,2026-06-27T14:46:34.100937,2026-06-27T14:46:34.100937
https://propiedades.com/inmuebles/casa-en-venta-rincon-mexicano-veracruz-31105497,"MXN 1,700,000",1700000.0,MXN,0.0,172 m² const. | 3 rec. | 3 baños,,172.0,3,3,0,2 meses en Propiedades.com,,"Rincón Mexicano, Veracruz, Veracruz de Ignacio de la Llave"," , Col. Rincón Mexicano C.P. 91880, Veracruz",,19.2035469,-96.1628171,2026-06-27T14:46:34.100940,2026-06-27T14:46:34.100940
https://propiedades.com/inmuebles/casa-en-venta-electricidad-tecnologico-veracruz-31294616,"MXN 2,500,000",2500000.0,MXN,0.0,150 m² const. | 3 rec. | 2 baños | 1 estac.,,150.0,3,2,1,1 mes en Propiedades.com,Electricidad,"Tecnológico, Veracruz, Veracruz de Ignacio de la Llave","Electricidad, Col. Tecnológico C.P. 91870, Veracruz",,19.2141049,-96.1682762,2026-06-27T14:46:34.100943,2026-06-27T14:46:34.100943
https://propiedades.com/inmuebles/casa-en-venta-floresta-veracruz-31148553,"MXN 2,600,000",2600000.0,MXN,0.0,265 m² const. | 3 rec. | 3 baños,,265.0,3,3,0,2 meses en Propiedades.com,Col. Floresta,"Floresta, Veracruz, Veracruz de Ignacio de la Llave",", Col. Floresta C.P. 91940, Veracruz",,20.5424584,-97.461289,2026-06-27T14:46:34.100945,2026-06-27T14:46:34.100945
https://propiedades.com/inmuebles/casa-en-venta-las-amapolas-veracruz-31025739,"MXN 1,589,000",1589000.0,MXN,0.0,89 m² const. | 3 rec. | 3 baños,,89.0,3,3,0,3 meses en Propiedades.com,,"Las Amapolas, Veracruz, Veracruz de Ignacio de la Llave"," , Col. Las Amapolas C.P. 91698, Veracruz",,19.1508081,-96.2164521,2026-06-27T14:46:34.100948,2026-06-27T14:46:34.100948
https://propiedades.com/inmuebles/casa-en-venta-playa-escondida-playa-linda-veracruz-ver-1272-playa-linda-veracruz-30615754,"MXN 530,000",530000.0,MXN,0.0,38 m² const. | 1 rec. | 1 baños,,38.0,1,1,0,7 meses en Propiedades.com,Playa Escondida,"Playa Linda, Veracruz, Veracruz de Ignacio de la Llave","Playa Escondida, Playa Linda, Veracruz, Ver. #1272, Col. Playa Linda C.P. 91810, Veracruz",,19.2150113,-96.1767245,2026-06-27T14:46:34.100950,2026-06-27T14:46:34.100950
https://propiedades.com/inmuebles/casa-en-venta-mata-de-pita-veracruz-31347257,"MXN 1,765,000",1765000.0,MXN,0.0,84 m² const. | 3 rec. | 2 baños,,84.0,3,2,0,1 mes en Propiedades.com,,"Mata de Pita, Veracruz, Veracruz de Ignacio de la Llave"," , Col. Mata de Pita C.P. 91698, Veracruz",Alberca | Aire acondicionado,19.1274826,-96.1686127,2026-06-27T14:46:34.100953,2026-06-27T14:46:34.100953
https://propiedades.com/inmuebles/casa-en-venta-la-querencia-residencial-veracruz-31344357,"MXN 1,750,000",1750000.0,MXN,0.0,60 m² const. | 3 rec. | 3 baños,,60.0,3,3,0,1 mes en Propiedades.com,Col. La Querencia Residencial,"La Querencia Residencial, Veracruz, Veracruz de Ignacio de la Llave",", Col. La Querencia Residencial C.P. 91697, Veracruz",,18.7253172,-95.9864296,2026-06-27T14:46:34.100956,2026-06-27T14:46:34.100956
https://propiedades.com/inmuebles/casa-en-venta-ampliacion-cuauhtemoc-veracruz-31016472,"MXN 5,000,000",5000000.0,MXN,0.0,Sin caracteristicas,,,0,0,0,3 meses en Propiedades.com,,"Ampliación Cuauhtémoc, Veracruz, Veracruz de Ignacio de la Llave"," , Col. Ampliación Cuauhtémoc C.P. 91790, Veracruz",,19.1515063,-96.1480592,2026-06-27T14:46:34.100959,2026-06-27T14:46:34.100959
https://www.propiedades.com/inmuebles/casa-en-venta-sin-nombre-de-calle-floresta-veracruz-31139299,"MXN 2,600,000",2600000.0,MXN,0.0,265 m² const. | 3 rec. | 3 baños | 2 estac.,,265.0,3,3,2,2 meses en Propiedades.com,Sin nombre de calle,"Floresta, Veracruz, Veracruz de Ignacio de la Llave","Sin nombre de calle, Col. Floresta C.P. 91940, Veracruz",,19.1556264,-96.1354683,2026-06-27T14:46:34.100962,2026-06-27T14:46:34.100962
https://propiedades.com/inmuebles/casa-en-venta-alacio-perez-12-ignacio-zaragoza-veracruz-29906815,"MXN 7,200,000",7200000.0,MXN,0.0,250 m² const. | 3 rec. | 3 baños,,250.0,3,3,0,1 año en Propiedades.com,Alacío Pérez #12,"Ignacio Zaragoza, Veracruz, Veracruz de Ignacio de la Llave","Alacío Pérez #12, Col. Ignacio Zaragoza C.P. 91910, Veracruz",,19.1780491,-96.1288426,2026-06-27T14:46:34.100965,2026-06-27T14:46:34.100965
https://propiedades.com/inmuebles/casa-en-venta-rio-alegre-255-lomas-de-rio-medio-iii-veracruz-30966052,"MXN 1,155,000",1155000.0,MXN,0.0,70 m² const. | 2 rec. | 1 baños,,70.0,2,1,0,3 meses en Propiedades.com,RIO ALEGRE #255,"Lomas de Rio Medio III, Veracruz, Veracruz de Ignacio de la Llave","RIO ALEGRE #255, Col. Lomas de Rio Medio III C.P. 91809, Veracruz",,19.2058793,-96.2037549,2026-06-27T14:46:34.100968,2026-06-27T14:46:34.100968
https://propiedades.com/inmuebles/casa-en-venta-el-coyol-veracruz-31135922,"MXN 1,600,000",1600000.0,MXN,0.0,3 rec. | 2 baños,,,3,2,0,2 meses en Propiedades.com,Col. El Coyol,"El Coyol, Veracruz, Veracruz de Ignacio de la Llave",", Col. El Coyol C.P. 91780, Veracruz",,19.162731596,-96.1599580032,2026-06-27T14:46:34.100970,2026-06-27T14:46:34.100970
https://propiedades.com/inmuebles/casa-en-venta-reforma-veracruz-31461076,"MXN 4,800,000",4800000.0,MXN,0.0,240 m² const. | 4 rec. | 3 baños,,240.0,4,3,0,14 días en Propiedades.com,Col. Reforma,"Reforma, Veracruz, Veracruz de Ignacio de la Llave",", Col. Reforma C.P. 91919, Veracruz",,19.170942716,-96.127805554,2026-06-27T14:46:34.100972,2026-06-27T14:46:34.100972
https://propiedades.com/inmuebles/casa-en-venta-circuito-prehispanico-esquina-xipe-103-siglo-xxi-veracruz-29037716,"MXN 2,200,000",2200000.0,MXN,0.0,114 m² const. | 3 rec. | 2 baños,,114.0,3,2,0,1 año en Propiedades.com,Circuito prehispánico esquina Xipe #103,"Siglo XXI, Veracruz, Veracruz de Ignacio de la Llave","Circuito prehispánico esquina Xipe #103, Col. Siglo XXI C.P. 91777, Veracruz",Aire acondicionado | Cisterna | Terraza,19.1555033,-96.1613155,2026-06-27T14:46:34.100976,2026-06-27T14:46:34.100976
https://propiedades.com/inmuebles/casa-en-venta-las-brisas-veracruz-30648645,"MXN 1,650,000",1650000.0,MXN,0.0,101 m² const. | 2 rec. | 2 baños,,101.0,2,2,0,6 meses en Propiedades.com,,"Las Brisas, Veracruz, Veracruz de Ignacio de la Llave"," , Col. Las Brisas C.P. 91809, Veracruz",,19.2141921,-96.1933511,2026-06-27T14:46:34.100979,2026-06-27T14:46:34.100979
https://propiedades.com/inmuebles/casa-en-venta-cofre-de-perote-93-los-volcanes-veracruz-30693426,"MXN 1,000,000",1000000.0,MXN,0.0,77 m² const. | 2 rec. | 1 baños,,77.0,2,1,0,5 meses en Propiedades.com,COFRE DE PEROTE  #93Int. A,"Los Volcanes, Veracruz, Veracruz de Ignacio de la Llave","COFRE DE PEROTE  #93Int. A, Col. Los Volcanes C.P. 91727, Veracruz",,19.1768115,-96.1596779,2026-06-27T14:46:34.100981,2026-06-27T14:46:34.100981
https://propiedades.com/inmuebles/casa-en-venta-el-coyol-veracruz-30957442,"MXN 2,550,000",2550000.0,MXN,0.0,Sin caracteristicas,,,0,0,0,4 meses en Propiedades.com,Col. El Coyol,"El Coyol, Veracruz, Veracruz de Ignacio de la Llave",", Col. El Coyol C.P. 91780, Veracruz",,19.1716864,-96.1378099,2026-06-27T14:46:34.101012,2026-06-27T14:46:34.101012
https://propiedades.com/inmuebles/casa-en-venta-siglo-xxi-veracruz-31121146,"MXN 1,650,000",1650000.0,MXN,0.0,120 m² const. | 4 rec. | 3 baños,,120.0,4,3,0,2 meses en Propiedades.com,,"Siglo XXI, Veracruz, Veracruz de Ignacio de la Llave"," , Col. Siglo XXI C.P. 91777, Veracruz",,19.1563125615,-96.1620898128,2026-06-27T14:46:34.101016,2026-06-27T14:46:34.101016
https://propiedades.com/inmuebles/casa-en-venta-floresta-veracruz-31147975,"MXN 2,600,000",2600000.0,MXN,0.0,265 m² const. | 3 rec. | 2 baños,,265.0,3,2,0,2 meses en Propiedades.com,,"Floresta, Veracruz, Veracruz de Ignacio de la Llave"," , Col. Floresta C.P. 91940, Veracruz",,20.5424584,-97.461289,2026-06-27T14:46:34.101018,2026-06-27T14:46:34.101018
https://www.propiedades.com/inmuebles/casa-en-venta-agustin-acosta-1-agustin-acosta-lagunes-veracruz-30616446,"MXN 1,650,000",1650000.0,MXN,0.0,163 m² const. | 3 rec. | 2 baños | 2 estac.,,163.0,3,2,2,7 meses en Propiedades.com,agustin acosta #1,"Agustín Acosta Lagunes, Veracruz, Veracruz de Ignacio de la Llave","agustin acosta #1, Col. Agustín Acosta Lagunes C.P. 91727, Veracruz",Cisterna,19.1793177,-96.1573383,2026-06-27T14:46:34.101021,2026-06-27T14:46:34.101021
https://propiedades.com/inmuebles/casa-en-venta-primero-de-mayo-veracruz-31357452,"MXN 3,990,000",3990000.0,MXN,0.0,340 m² const. | 5 rec. | 2 baños,,340.0,5,2,0,1 mes en Propiedades.com,,"Primero de Mayo, Veracruz, Veracruz de Ignacio de la Llave"," , Col. Primero de Mayo C.P. 91757, Veracruz",,19.1742628,-96.1434523,2026-06-27T14:46:34.101022,2026-06-27T14:46:34.101022
https://propiedades.com/inmuebles/casa-en-venta-mariano-arista-x-faros-veracruz-29204136,"MXN 6,500,000",6500000.0,MXN,0.0,580 m² const. | 7 rec. | 3 baños | 3 estac.,,580.0,7,3,3,1 año en Propiedades.com,Mariano Arista  #x,"Faros, Veracruz, Veracruz de Ignacio de la Llave","Mariano Arista  #x, Col. Faros C.P. 91709, Veracruz",,19.2001197,-96.1328179,2026-06-27T14:46:34.101025,2026-06-27T14:46:34.101025
https://www.propiedades.com/inmuebles/casa-en-venta-sin-nombre-de-calle-sn-las-brisas-veracruz-25744594,"MXN 2,200,000",2200000.0,MXN,0.0,200 m² const. | 4 rec. | 4 baños | 1 estac.,,200.0,4,4,1,4 años en Propiedades.com,Sin nombre de calle #SnInt. S/n,"Las Brisas, Veracruz, Veracruz de Ignacio de la Llave","Sin nombre de calle #SnInt. S/n, Col. Las Brisas C.P. 91809, Veracruz",,19.2043522,-96.1831947,2026-06-27T14:46:34.101028,2026-06-27T14:46:34.101028
https://propiedades.com/inmuebles/casa-en-venta-las-bajadas-veracruz-31135997,"MXN 3,500,000",3500000.0,MXN,0.0,183 m² const. | 3 rec. | 2 baños,,183.0,3,2,0,2 meses en Propiedades.com,,"Las Bajadas, Veracruz, Veracruz de Ignacio de la Llave"," , Col. Las Bajadas C.P. 91726, Veracruz",,19.1585147,-96.1794928,2026-06-27T14:46:34.101031,2026-06-27T14:46:34.101031
https://propiedades.com/inmuebles/casa-en-venta-sin-nombre-de-calle-sn-villa-rica-1-veracruz-30034491,"MXN 780,000",780000.0,MXN,0.0,60 m² const. | 1 rec. | 1 baños,,60.0,1,1,0,12 meses en Propiedades.com,Sin nombre de calle #snInt. s/n,"Villa Rica 1, Veracruz, Veracruz de Ignacio de la Llave","Sin nombre de calle #snInt. s/n, Col. Villa Rica 1 C.P. 91800, Veracruz",,19.1313143,-96.1121467,2026-06-27T14:46:34.101033,2026-06-27T14:46:34.101033
https://propiedades.com/inmuebles/casa-en-venta-veracruz-veracruz-31461112,"MXN 850,000",850000.0,MXN,0.0,68 m² const. | 3 rec. | 2 baños,,68.0,3,2,0,14 días en Propiedades.com,,"Veracruz, Veracruz, Veracruz de Ignacio de la Llave"," , Col. Veracruz C.P. 91709, Veracruz",,19.2053265,-96.2263406,2026-06-27T14:46:34.101035,2026-06-27T14:46:34.101035
https://propiedades.com/inmuebles/casa-en-venta-21-de-febrero-callejon-722-ricardo-flores-magon-veracruz-29491893,"MXN 4,850,000",4850000.0,MXN,0.0,263 m² const. | 5 rec. | 4 baños,,263.0,5,4,0,1 año en Propiedades.com,21 de febrero (callejon) #722,"Ricardo Flores Magón, Veracruz, Veracruz de Ignacio de la Llave","21 de febrero (callejon) #722, Col. Ricardo Flores Magón C.P. 91900, Veracruz",Aire acondicionado | Cisterna,19.1914151,-96.1275175,2026-06-27T14:46:34.101037,2026-06-27T14:46:34.101037
https://propiedades.com/inmuebles/casa-en-venta-las-palmas-500-lomas-de-rio-medio-ii-veracruz-31173642,"MXN 1,650,000",1650000.0,MXN,0.0,101 m² const. | 2 rec. | 3 baños | 2 estac.,,101.0,2,3,2,1 mes en Propiedades.com,Las palmas #500,"Lomas de Rio Medio II, Veracruz, Veracruz de Ignacio de la Llave","Las palmas #500, Col. Lomas de Rio Medio II C.P. 91809, Veracruz",,19.2053408,-96.1977851,2026-06-27T14:46:34.101053,2026-06-27T14:46:34.101053
https://propiedades.com/inmuebles/casa-en-venta-juan-rodrigo-bermejo-30-reforma-veracruz-30162714,"MXN 6,200,000",6200000.0,MXN,0.0,330 m² const. | 3 rec. | 2 baños,276.0,330.0,3,2,2,1 años,Juan Rodrigo Bermejo #30,"Reforma, Veracruz, Veracruz de Ignacio de la Llave","Juan Rodrigo Bermejo #30, Col. Reforma C.P. 91919, Veracruz",,19.1707806,-96.1248675,2026-06-27T14:46:57.610193,2026-06-27T14:46:57.610193
https://propiedades.com/inmuebles/casa-en-venta-playa-linda-veracruz-31505821,"MXN 2,100,000",2100000.0,MXN,0.0,155 m² const. | 3 rec. | 2 baños,100.0,155.0,3,2,1,A estrenar,Col. Playa Linda,"Playa Linda, Veracruz, Veracruz de Ignacio de la Llave",", Col. Playa Linda C.P. 91810, Veracruz",,19.213501,-96.1752377,2026-06-27T14:46:57.610213,2026-06-27T14:46:57.610213
https://propiedades.com/inmuebles/casa-en-venta-veracruz-centro-veracruz-29854744,"MXN 8,100,000",8100000.0,MXN,0.0,580 m² const. | 7 rec. | 4 baños,398.0,580.0,7,4,3,10 años,,"Veracruz Centro, Veracruz, Veracruz de Ignacio de la Llave"," , Col. Veracruz Centro C.P. 91700, Veracruz",,19.1981423,-96.134991,2026-06-27T14:46:57.610218,2026-06-27T14:46:57.610218
https://www.propiedades.com/inmuebles/casa-en-venta-volcanes-900-los-volcanes-veracruz-31173747,"MXN 2,390,000",2390000.0,MXN,0.0,163 m² const. | 3 rec. | 3 baños | 2 estac.,,163.0,3,3,2,1 mes en Propiedades.com,Volcanes #900,"Los Volcanes, Veracruz, Veracruz de Ignacio de la Llave","Volcanes #900, Col. Los Volcanes C.P. 91727, Veracruz",Aire acondicionado | Cisterna,19.1755508,-96.1593269,2026-06-27T14:46:57.610220,2026-06-27T14:46:57.610220
https://propiedades.com/inmuebles/casa-en-venta-sin-nombre-de-calle-sn-adolfo-lopez-mateos-veracruz-31247559,"MXN 1,750,000",1750000.0,MXN,0.0,135 m² const. | 3 rec. | 2 baños | 1 estac.,84.0,135.0,3,2,1,A estrenar,Sin nombre de calle #snInt. s/n,"Adolfo López Mateos, Veracruz, Veracruz de Ignacio de la Llave","Sin nombre de calle #snInt. s/n, Col. Adolfo López Mateos C.P. 91780, Veracruz",Terraza,19.1612816,-96.1434201,2026-06-27T14:46:57.610224,2026-06-27T14:46:57.610224
https://propiedades.com/inmuebles/casa-en-venta-sin-nombre-de-calle-sn-el-coyol-veracruz-31033425,"MXN 1,350,000",1350000.0,MXN,0.0,85 m² const. | 2 rec. | 2 baños,,85.0,2,2,0,3 meses en Propiedades.com,Sin nombre de calle #SNInt. S/N,"El Coyol, Veracruz, Veracruz de Ignacio de la Llave","Sin nombre de calle #SNInt. S/N, Col. El Coyol C.P. 91780, Veracruz",,19.173127,-96.1543556,2026-06-27T14:46:57.610226,2026-06-27T14:46:57.610226
https://propiedades.com/inmuebles/casa-en-venta-el-coyol-veracruz-30099117,"MXN 1,718,000",1718000.0,MXN,0.0,108 m² const. | 2 rec. | 2 baños | 1 estac.,80.0,108.0,2,2,1,1 años,Col. El Coyol,"El Coyol, Veracruz, Veracruz de Ignacio de la Llave",", Col. El Coyol C.P. 91780, Veracruz",,19.173127,-96.1543556,2026-06-27T14:46:57.610230,2026-06-27T14:46:57.610230
https://propiedades.com/inmuebles/casa-en-venta-floresta-veracruz-31129781,"MXN 2,600,000",2600000.0,MXN,0.0,265 m² const. | 3 rec. | 3 baños,,265.0,3,3,0,2 meses en Propiedades.com,,"Floresta, Veracruz, Veracruz de Ignacio de la Llave"," , Col. Floresta C.P. 91940, Veracruz",,19.1625843,-96.1356414,2026-06-27T14:46:57.610232,2026-06-27T14:46:57.610232
https://propiedades.com/inmuebles/casa-en-venta-fernando-lopez-arias-veracruz-31455068,"MXN 1,700,000",1700000.0,MXN,0.0,100 m² const. | 2 rec. | 1 baños,,100.0,2,1,0,16 días en Propiedades.com,,"Fernando López Arias, Veracruz, Veracruz de Ignacio de la Llave"," , Col. Fernando López Arias C.P. 91820, Veracruz",,19.2142056,-96.1703946,2026-06-27T14:46:57.610234,2026-06-27T14:46:57.610234
https://propiedades.com/inmuebles/casa-en-venta-veracruz-veracruz-29963362,"MXN 1,275,000",1275000.0,MXN,0.0,2 rec. | 1 baños,,,2,1,0,A estrenar,,"Veracruz, Veracruz, Veracruz de Ignacio de la Llave"," , Col. Veracruz C.P. 91709, Veracruz",,19.173773,-96.1342241,2026-06-27T14:46:57.610238,2026-06-27T14:46:57.610238
https://propiedades.com/inmuebles/casa-en-venta-san-jose-veracruz-30887615,"MXN 2,800,000",2800000.0,MXN,0.0,160 m² const. | 4 rec. | 3 baños,,160.0,4,3,0,4 meses en Propiedades.com,,"San José, Veracruz, Veracruz de Ignacio de la Llave"," , Col. San José C.P. 91698, Veracruz",,19.1627226,-96.209688,2026-06-27T14:46:57.610240,2026-06-27T14:46:57.610240
https://www.propiedades.com/inmuebles/casa-en-venta-sin-nombre-de-calle-sn-faros-veracruz-31133729,"MXN 1,500,000",1500000.0,MXN,0.0,120 m² const. | 2 rec. | 2 baños | 1 estac.,,120.0,2,2,1,2 meses en Propiedades.com,Sin nombre de calle #snInt. s/n,"Faros, Veracruz, Veracruz de Ignacio de la Llave","Sin nombre de calle #snInt. s/n, Col. Faros C.P. 91709, Veracruz",Aire acondicionado | Cisterna,19.2001197,-96.1328179,2026-06-27T14:46:57.610241,2026-06-27T14:46:57.610241
https://propiedades.com/inmuebles/casa-en-venta-europa-333-buenavista-infonavit-veracruz-30623864,"MXN 961,000",961000.0,MXN,0.0,62 m² const. | 2 rec. | 1 baños,,62.0,2,1,0,7 meses en Propiedades.com,EUROPA #333,"Buenavista INFONAVIT, Veracruz, Veracruz de Ignacio de la Llave","EUROPA #333, Col. Buenavista INFONAVIT C.P. 91850, Veracruz",,19.200312999999998,-96.1712596,2026-06-27T14:46:57.610242,2026-06-27T14:46:57.610242
https://propiedades.com/inmuebles/casa-en-venta-23-de-noviembre-ignacio-zaragoza-veracruz-29010383,"MXN 7,300,000",7300000.0,MXN,0.0,330 m² const. | 3 rec. | 3 baños | 4 estac.,,330.0,3,3,4,2 años en Propiedades.com,23 de noviembre,"Ignacio Zaragoza, Veracruz, Veracruz de Ignacio de la Llave","23 de noviembre, Col. Ignacio Zaragoza C.P. 91910, Veracruz",,19.1780491,-96.1288426,2026-06-27T14:46:57.610244,2026-06-27T14:46:57.610244
https://www.propiedades.com/inmuebles/casa-en-venta-privada-la-joya-83-dream-lagoons-veracruz-31262767,"MXN 765,000",765000.0,MXN,0.0,65 m² const. | 2 rec. | 1 baños | 2 estac.,,65.0,2,1,2,1 mes en Propiedades.com,Privada la joya #83,"Dream Lagoons, Veracruz, Veracruz de Ignacio de la Llave","Privada la joya #83, Col. Dream Lagoons C.P. 91699, Veracruz",Aire acondicionado,19.133046,-96.1743546,2026-06-27T14:46:57.610246,2026-06-27T14:46:57.610246
https://propiedades.com/inmuebles/casa-en-venta-floresta-veracruz-31142478,"MXN 2,600,000",2600000.0,MXN,0.0,265 m² const. | 3 rec. | 2 baños,,265.0,3,2,0,2 meses en Propiedades.com,,"Floresta, Veracruz, Veracruz de Ignacio de la Llave"," , Col. Floresta C.P. 91940, Veracruz",,20.5424584,-97.461289,2026-06-27T14:46:57.610272,2026-06-27T14:46:57.610272
https://propiedades.com/inmuebles/casa-en-venta-paseo-de-las-palmas-veracruz-28061389,"MXN 2,050,000",2050000.0,MXN,0.0,113 m² const. | 3 rec. | 2 baños,,113.0,3,2,0,2 años en Propiedades.com,,"Paseo de las Palmas, Veracruz, Veracruz de Ignacio de la Llave"," , Col. Paseo de las Palmas C.P. 91697, Veracruz",,19.1476396,-96.2284524,2026-06-27T14:46:57.610276,2026-06-27T14:46:57.610276
https://propiedades.com/inmuebles/casa-en-venta-sin-nombre-de-calle-sn-puerto-de-veracruz-veracruz-30973862,"MXN 2,580,000",2580000.0,MXN,0.0,120 m² const. | 3 rec. | 3 baños,,120.0,3,3,0,3 meses en Propiedades.com,Sin nombre de calle #SNInt. S/N,"Puerto de Veracruz, Veracruz, Veracruz de Ignacio de la Llave","Sin nombre de calle #SNInt. S/N, Col. Puerto de Veracruz C.P. 91709, Veracruz",,19.1954273,-96.1932226,2026-06-27T14:46:57.610279,2026-06-27T14:46:57.610279
https://propiedades.com/inmuebles/casa-en-venta-reforma-veracruz-30592352,"MXN 5,800,000",5800000.0,MXN,0.0,325 m² const. | 3 rec. | 4 baños,,325.0,3,4,0,7 meses en Propiedades.com,,"Reforma, Veracruz, Veracruz de Ignacio de la Llave"," , Col. Reforma C.P. 91919, Veracruz",,19.1725615,-96.1262546,2026-06-27T14:46:57.610281,2026-06-27T14:46:57.610281
https://propiedades.com/inmuebles/casa-en-venta-av-pino-suarez-2235-centro-91700-veracruz-ver-2235-veracruz-centro-veracruz-31439494,"MXN 1,150,000",1150000.0,MXN,0.0,108 m² const. | 2 rec. | 2 baños,,108.0,2,2,0,19 días en Propiedades.com,Av Pino Suárez 2235 Centro,"Veracruz Centro, Veracruz, Veracruz de Ignacio de la Llave","Av Pino Suárez 2235 Centro, 91700 Veracruz, Ver. #2235, Col. Veracruz Centro C.P. 91700, Veracruz",,19.192421095902358,-96.14551608217484,2026-06-27T14:46:57.610282,2026-06-27T14:46:57.610282
https://propiedades.com/inmuebles/casa-en-venta-el-jobo-veracruz-31057263,"MXN 2,800,000",2800000.0,MXN,0.0,222 m² const. | 4 rec. | 4 baños,,222.0,4,4,0,2 meses en Propiedades.com,,"El Jobo, Veracruz, Veracruz de Ignacio de la Llave"," , Col. El Jobo C.P. 91948, Veracruz",,20.5424584,-97.461289,2026-06-27T14:46:57.610284,2026-06-27T14:46:57.610284
https://propiedades.com/inmuebles/casa-en-venta-sin-nombre-de-calle-sn-puerta-paraiso-veracruz-29712169,"MXN 1,640,000",1640000.0,MXN,0.0,102 m² const. | 3 rec. | 2 baños,,102.0,3,2,0,1 año en Propiedades.com,Sin nombre de calle #s/n,"Puerta Paraíso, Veracruz, Veracruz de Ignacio de la Llave","Sin nombre de calle #s/n, Col. Puerta Paraíso C.P. 91699, Veracruz",Alberca,19.129338,-96.1724279,2026-06-27T14:46:57.610286,2026-06-27T14:46:57.610286
https://propiedades.com/inmuebles/casa-en-venta-avenida-miguel-aleman-883-pascual-ortiz-rubio-veracruz-30908806,"MXN 2,000,000",2000000.0,MXN,0.0,186 m² const. | 4 rec. | 2 baños,,186.0,4,2,0,4 meses en Propiedades.com,Avenida Miguel Alemán #883,"Pascual Ortiz Rubio, Veracruz, Veracruz de Ignacio de la Llave","Avenida Miguel Alemán #883, Col. Pascual Ortiz Rubio C.P. 91750, Veracruz",,19.174225,-96.1398286,2026-06-27T14:46:57.610287,2026-06-27T14:46:57.610287
https://propiedades.com/inmuebles/casa-en-venta-las-palmas-veracruz-31444081,"MXN 5,590,000",5590000.0,MXN,0.0,280 m² const. | 4 rec. | 4 baños,,280.0,4,4,0,18 días en Propiedades.com,,"Las Palmas, Veracruz, Veracruz de Ignacio de la Llave"," , Col. Las Palmas C.P. 91779, Veracruz",,19.1033462,-96.1231924,2026-06-27T14:46:57.610289,2026-06-27T14:46:57.610289
https://propiedades.com/inmuebles/casa-en-venta-floresta-veracruz-30551623,"MXN 2,750,000",2750000.0,MXN,0.0,265 m² const. | 3 rec. | 2 baños,,265.0,3,2,0,7 meses en Propiedades.com,,"Floresta, Veracruz, Veracruz de Ignacio de la Llave"," , Col. Floresta C.P. 91940, Veracruz",,19.1616503,-96.1353769,2026-06-27T14:46:57.610290,2026-06-27T14:46:57.610290
https://propiedades.com/inmuebles/casa-en-venta-gabriela-cruz-9-primero-de-mayo-veracruz-25558681,"MXN 1,650,000",1650000.0,MXN,0.0,250 m² const. | 5 rec. | 4 baños,,250.0,5,4,0,4 años en Propiedades.com,Gabriela Cruz #9,"Primero de Mayo, Veracruz, Veracruz de Ignacio de la Llave","Gabriela Cruz #9, Col. Primero de Mayo C.P. 91757, Veracruz",,19.1761384375,-96.1442002076,2026-06-27T14:46:57.610292,2026-06-27T14:46:57.610292
https://propiedades.com/inmuebles/casa-en-venta-heriberto-jara-reforma-veracruz-30893720,"MXN 5,800,000",5800000.0,MXN,0.0,326 m² const. | 3 rec. | 4 baños | 2 estac.,,326.0,3,4,2,4 meses en Propiedades.com,Heriberto Jara,"Reforma, Veracruz, Veracruz de Ignacio de la Llave","Heriberto Jara, Col. Reforma C.P. 91919, Veracruz",Aire acondicionado | Terraza,19.1707806,-96.1248675,2026-06-27T14:46:57.610293,2026-06-27T14:46:57.610293
https://www.propiedades.com/inmuebles/casa-en-venta-chalchihueca-00-reforma-veracruz-20906467,"MXN 6,500,000",6500000.0,MXN,0.0,419 m² const. | 5 rec. | 7 baños | 407 estac.,,419.0,5,7,407,5 años en Propiedades.com,CHALCHIHUECA #00,"Reforma, Veracruz, Veracruz de Ignacio de la Llave","CHALCHIHUECA #00, Col. Reforma C.P. 91919, Veracruz",,19.1707806,-96.1248675,2026-06-27T14:46:57.610294,2026-06-27T14:46:57.610294
https://propiedades.com/inmuebles/casa-en-venta-valente-diaz-veracruz-30968462,"MXN 1,205,000",1205000.0,MXN,0.0,83 m² const. | 3 rec. | 3 baños,,83.0,3,3,0,3 meses en Propiedades.com,,"Valente Diaz, Veracruz, Veracruz de Ignacio de la Llave"," , Col. Valente Diaz C.P. 91725, Veracruz",,19.1582874,-96.2214856,2026-06-27T14:46:57.610296,2026-06-27T14:46:57.610296
https://propiedades.com/inmuebles/casa-en-venta-alamo-21-floresta-80-veracruz-30994725,"MXN 2,365,000",2365000.0,MXN,0.0,183 m² const. | 1 rec. | 1 baños,,183.0,1,1,0,3 meses en Propiedades.com,Alamo #21,"Floresta 80, Veracruz, Veracruz de Ignacio de la Llave","Alamo #21, Col. Floresta 80 C.P. 91948, Veracruz",,19.1520438,-96.1342742,2026-06-27T14:46:57.610298,2026-06-27T14:46:57.610298
https://propiedades.com/inmuebles/casa-en-venta-21-de-marzo-682-ricardo-flores-magon-veracruz-29851717,"MXN 6,485,000",6485000.0,MXN,0.0,312 m² const. | 3 rec. | 2 baños,,312.0,3,2,0,1 año en Propiedades.com,21 de marzo #682,"Ricardo Flores Magón, Veracruz, Veracruz de Ignacio de la Llave","21 de marzo #682, Col. Ricardo Flores Magón C.P. 91900, Veracruz",,19.191186884,-96.125422011,2026-06-27T14:46:57.610299,2026-06-27T14:46:57.610299
https://propiedades.com/inmuebles/casa-en-venta-madero-camino-real-veracruz-30503830,"MXN 1,550,000",1550000.0,MXN,0.0,110 m² const. | 2 rec. | 2 baños | 1 estac.,,110.0,2,2,1,8 meses en Propiedades.com,madero,"Camino Real, Veracruz, Veracruz de Ignacio de la Llave","madero, Col. Camino Real C.P. 91800, Veracruz",Seguridad privada | Aire acondicionado | Cisterna | Terraza,19.2193558,-96.1826973,2026-06-27T14:46:57.610301,2026-06-27T14:46:57.610301
https://propiedades.com/inmuebles/casa-en-venta-reforma-veracruz-31364671,"USD 4,504,060",4504060.0,USD,0.0,420 m² const. | 9 rec. | 7 baños,,420.0,9,7,0,1 mes en Propiedades.com,,"Reforma, Veracruz, Veracruz de Ignacio de la Llave"," , Col. Reforma C.P. 91919, Veracruz",,19.1707806,-96.1248675,2026-06-27T14:46:57.610304,2026-06-27T14:46:57.610304
https://propiedades.com/inmuebles/casa-en-venta-floresta-veracruz-31113505,"MXN 2,950,000",2950000.0,MXN,0.0,100 m² const. | 2 rec. | 2 baños,,100.0,2,2,0,2 meses en Propiedades.com,Col. Floresta,"Floresta, Veracruz, Veracruz de Ignacio de la Llave",", Col. Floresta C.P. 91940, Veracruz",,19.1625843,-96.1356414,2026-06-27T14:46:57.610305,2026-06-27T14:46:57.610305
https://propiedades.com/inmuebles/casa-en-venta-floresta-veracruz-31227418,"MXN 2,600,000",2600000.0,MXN,0.0,265 m² const. | 3 rec. | 3 baños,,265.0,3,3,0,1 mes en Propiedades.com,,"Floresta, Veracruz, Veracruz de Ignacio de la Llave"," , Col. Floresta C.P. 91940, Veracruz",,20.5424584,-97.461289,2026-06-27T14:46:57.610307,2026-06-27T14:46:57.610307
https://propiedades.com/inmuebles/casa-en-venta-ignacio-zaragoza-veracruz-26090267,"MXN 7,500,000",7500000.0,MXN,0.0,625 m² const. | 5 rec. | 5 baños | 10 estac.,,625.0,5,5,10,3 años en Propiedades.com,Col. Ignacio Zaragoza,"Ignacio Zaragoza, Veracruz, Veracruz de Ignacio de la Llave",", Col. Ignacio Zaragoza C.P. 91910, Veracruz",Cisterna | Terraza,19.1780491,-96.1288426,2026-06-27T14:46:57.610308,2026-06-27T14:46:57.610308
https://propiedades.com/inmuebles/casa-en-venta-paseo-de-las-palmas-veracruz-28061388,"MXN 2,450,000",2450000.0,MXN,0.0,3 rec. | 3 baños,,,3,3,0,2 años en Propiedades.com,,"Paseo de las Palmas, Veracruz, Veracruz de Ignacio de la Llave"," , Col. Paseo de las Palmas C.P. 91697, Veracruz",,19.1476396,-96.2284524,2026-06-27T14:46:57.610338,2026-06-27T14:46:57.610338
https://propiedades.com/inmuebles/casa-en-venta-geovillas-campestre-veracruz-25658079,"MXN 1,150,000",1150000.0,MXN,0.0,89 m² const. | 3 rec. | 2 baños,,89.0,3,2,0,4 años en Propiedades.com,,"Geovillas Campestre, Veracruz, Veracruz de Ignacio de la Llave"," , Col. Geovillas Campestre C.P. 91826, Veracruz",,19.1513858,-96.1306182,2026-06-27T14:46:57.610340,2026-06-27T14:46:57.610340
https://propiedades.com/inmuebles/casa-en-venta-avenida-colibri-868-reserva-tarimoya-i-veracruz-31306559,"MXN 2,586,000",2586000.0,MXN,0.0,237 m² const. | 5 rec. | 2 baños,,237.0,5,2,0,1 mes en Propiedades.com,AVENIDA COLIBRI #868,"Reserva Tarimoya I, Veracruz, Veracruz de Ignacio de la Llave","AVENIDA COLIBRI #868, Col. Reserva Tarimoya I C.P. 91850, Veracruz",Cisterna,19.1927736,-96.1720712,2026-06-27T14:46:57.610341,2026-06-27T14:46:57.610341
https://propiedades.com/inmuebles/casa-en-venta-chontal-244-buenavista-91826-valente-diaz-ver-mexico-sanchez-veracruz-30404813,"MXN 1,299,000",1299000.0,MXN,0.0,164 m² const. | 4 rec. | 3 baños,,164.0,4,3,0,9 meses en Propiedades.com,Chontal 244,"Sánchez, Veracruz, Veracruz de Ignacio de la Llave","Chontal 244, Buenavista, 91826 Valente Díaz, Ver., México, Col. Sánchez C.P. 91826, Veracruz",Aire acondicionado,19.1286297,-96.113218,2026-06-27T14:46:57.610342,2026-06-27T14:46:57.610342
https://propiedades.com/inmuebles/casa-en-venta-floresta-veracruz-31024530,"MXN 2,990,000",2990000.0,MXN,0.0,200 m² const. | 3 rec. | 3 baños,,200.0,3,3,0,3 meses en Propiedades.com,,"Floresta, Veracruz, Veracruz de Ignacio de la Llave"," , Col. Floresta C.P. 91940, Veracruz",,19.1556264,-96.1354683,2026-06-27T14:46:57.610344,2026-06-27T14:46:57.610344
https://propiedades.com/inmuebles/casa-en-venta-los-cedros-55-las-brisas-veracruz-30884544,"MXN 1,357,000",1357000.0,MXN,0.0,115 m² const. | 3 rec. | 2 baños,,115.0,3,2,0,4 meses en Propiedades.com,LOS CEDROS #55,"Las Brisas, Veracruz, Veracruz de Ignacio de la Llave","LOS CEDROS #55, Col. Las Brisas C.P. 91809, Veracruz",,19.2043522,-96.1831947,2026-06-27T14:46:57.610345,2026-06-27T14:46:57.610345
https://propiedades.com/inmuebles/casa-en-venta-sin-nombre-de-calle-sn-floresta-veracruz-31376451,"MXN 3,500,000",3500000.0,MXN,0.0,196 m² const. | 3 rec. | 3 baños | 3 estac.,,196.0,3,3,3,1 mes en Propiedades.com,Sin nombre de calle #S/N,"Floresta, Veracruz, Veracruz de Ignacio de la Llave","Sin nombre de calle #S/N, Col. Floresta C.P. 91940, Veracruz",Aire acondicionado,19.1556264,-96.1354683,2026-06-27T14:46:57.610346,2026-06-27T14:46:57.610346
https://propiedades.com/inmuebles/casa-en-venta-la-vivencia-valle-alto-veracruz-30207164,"MXN 1,509,600",1509600.0,MXN,0.0,95 m² const. | 3 rec. | 3 baños | 1 estac.,,95.0,3,3,1,11 meses en Propiedades.com,La Vivencia,"Valle Alto, Veracruz, Veracruz de Ignacio de la Llave","La Vivencia, Col. Valle Alto C.P. 91697, Veracruz",Alberca | Seguridad privada,19.1430943,-96.2166095,2026-06-27T14:46:57.610348,2026-06-27T14:46:57.610348
https://www.propiedades.com/inmuebles/casa-en-venta-el-palmar-248-geovillas-los-pinos-ii-veracruz-31456483,"MXN 378,000",378000.0,MXN,0.0,40 m² const. | 2 rec. | 2 baños | 1 estac.,,40.0,2,2,1,16 días en Propiedades.com,EL PALMAR #248Int. 2,"Geovillas los Pinos II, Veracruz, Veracruz de Ignacio de la Llave","EL PALMAR #248Int. 2, Col. Geovillas los Pinos II C.P. 91808, Veracruz",,19.1667655,-96.1786421,2026-06-27T14:46:57.610349,2026-06-27T14:46:57.610349
https://propiedades.com/inmuebles/casa-en-venta-reforma-veracruz-31455067,"MXN 5,800,000",5800000.0,MXN,0.0,325 m² const. | 3 rec. | 4 baños,,325.0,3,4,0,16 días en Propiedades.com,Col. Reforma,"Reforma, Veracruz, Veracruz de Ignacio de la Llave",", Col. Reforma C.P. 91919, Veracruz",,19.1738096,-96.1266568,2026-06-27T14:47:24.859864,2026-06-27T14:47:24.859864
https://propiedades.com/inmuebles/casa-en-venta-popocateptl-los-volcanes-veracruz-30474359,"MXN 2,400,000",2400000.0,MXN,0.0,183 m² const. | 3 rec. | 4 baños | 2 estac.,90.0,183.0,3,4,2,1 años,popocateptl,"Los Volcanes, Veracruz, Veracruz de Ignacio de la Llave","popocateptl, Col. Los Volcanes C.P. 91727, Veracruz",Seguridad privada | Cisterna | Terraza,19.1755508,-96.1593269,2026-06-27T14:47:24.859889,2026-06-27T14:47:24.859889
https://www.propiedades.com/inmuebles/casa-en-venta-sin-nombre-de-calle-sn-rosario-saldana-veracruz-28413990,"MXN 1,380,000",1380000.0,MXN,0.0,90 m² const. | 3 rec. | 2 baños | 1 estac.,,90.0,3,2,1,2 años en Propiedades.com,Sin nombre de calle #SnInt. S/n,"Rosario Saldaña, Veracruz, Veracruz de Ignacio de la Llave","Sin nombre de calle #SnInt. S/n, Col. Rosario Saldaña C.P. 91697, Veracruz",Cisterna,19.5851843,-96.930125,2026-06-27T14:47:24.859893,2026-06-27T14:47:24.859893
https://propiedades.com/inmuebles/casa-en-venta-avenida-miguel-aleman-171-las-amapolas-veracruz-30959894,"MXN 2,500,000",2500000.0,MXN,0.0,170 m² const. | 3 rec. | 2 baños,80.0,170.0,3,2,2,1 años,Avenida Miguel Alemán #171,"Las Amapolas, Veracruz, Veracruz de Ignacio de la Llave","Avenida Miguel Alemán #171, Col. Las Amapolas C.P. 91698, Veracruz",Alberca,19.1530508,-96.2010167,2026-06-27T14:47:24.859897,2026-06-27T14:47:24.859897
https://propiedades.com/inmuebles/casa-en-venta-arboledas-veracruz-31497835,"MXN 1,770,000",1770000.0,MXN,0.0,160 m² const. | 2 rec. | 2 baños,105.0,160.0,2,2,0,A estrenar,Col. Arboledas,"Arboledas, Veracruz, Veracruz de Ignacio de la Llave",", Col. Arboledas C.P. 91808, Veracruz",,19.2059243,-96.2133741,2026-06-27T14:47:24.859901,2026-06-27T14:47:24.859901
https://propiedades.com/inmuebles/casa-en-venta-virgilio-uribe-el-coyol-veracruz-31047088,"MXN 1,718,200",1718200.0,MXN,0.0,108 m² const. | 2 rec. | 2 baños | 1 estac.,80.0,108.0,2,2,1,1 años,Virgilio Uribe,"El Coyol, Veracruz, Veracruz de Ignacio de la Llave","Virgilio Uribe, Col. El Coyol C.P. 91780, Veracruz",,19.173127,-96.1543556,2026-06-27T14:47:24.859930,2026-06-27T14:47:24.859930
https://propiedades.com/inmuebles/casa-en-venta-veracruz-centro-veracruz-31399665,"MXN 2,990,000",2990000.0,MXN,0.0,117 m² const. | 4 rec. | 3 baños,117.0,117.0,4,3,0,A estrenar,,"Veracruz Centro, Veracruz, Veracruz de Ignacio de la Llave"," , Col. Veracruz Centro C.P. 91700, Veracruz",,19.1927513,-96.1458413,2026-06-27T14:47:24.859944,2026-06-27T14:47:24.859944
https://propiedades.com/inmuebles/casa-en-venta-calle-fray-bernardino-de-sahagun-371-reforma-veracruz-28879034,"MXN 3,500,000",3500000.0,MXN,0.0,90 m² const. | 3 rec. | 2 baños,,90.0,3,2,0,2 años en Propiedades.com,Calle Fray Bernardino de Sahagún #371Int. 404,"Reforma, Veracruz, Veracruz de Ignacio de la Llave","Calle Fray Bernardino de Sahagún #371Int. 404, Col. Reforma C.P. 91919, Veracruz",Alberca | Cisterna | Terraza,19.1707806,-96.1248675,2026-06-27T14:47:24.859947,2026-06-27T14:47:24.859947
https://propiedades.com/inmuebles/casa-en-venta-el-coyol-veracruz-30099116,"MXN 2,213,000",2213000.0,MXN,0.0,145 m² const. | 3 rec. | 2 baños | 1 estac.,,145.0,3,2,1,11 meses en Propiedades.com,Col. El Coyol,"El Coyol, Veracruz, Veracruz de Ignacio de la Llave",", Col. El Coyol C.P. 91780, Veracruz",Cisterna | Terraza,19.173127,-96.1543556,2026-06-27T14:47:24.859949,2026-06-27T14:47:24.859949
https://propiedades.com/inmuebles/casa-en-venta-xana-veracruz-27142495,"MXN 1,189,000",1189000.0,MXN,0.0,64 m² const. | 3 rec. | 1 baños,,64.0,3,1,0,3 años en Propiedades.com,,"Xana, Veracruz, Veracruz de Ignacio de la Llave"," , Col. Xana C.P. 91726, Veracruz",,19.1615648,-96.18182379999999,2026-06-27T14:47:24.859951,2026-06-27T14:47:24.859951
https://propiedades.com/inmuebles/casa-en-venta-21-de-febrero-263-ricardo-flores-magon-veracruz-30960001,"MXN 2,750,000",2750000.0,MXN,0.0,146 m² const. | 3 rec. | 3 baños | 1 estac.,,146.0,3,3,1,4 meses en Propiedades.com,21 de Febrero #263,"Ricardo Flores Magón, Veracruz, Veracruz de Ignacio de la Llave","21 de Febrero #263, Col. Ricardo Flores Magón C.P. 91900, Veracruz",Aire acondicionado,19.1914151,-96.1275175,2026-06-27T14:47:24.859953,2026-06-27T14:47:24.859953
https://propiedades.com/inmuebles/casa-en-venta-del-obrero-21-21-panaderos-veracruz-28428872,"MXN 740,000",740000.0,MXN,0.0,200 m² const. | 3 rec. | 2 baños,,200.0,3,2,0,2 años en Propiedades.com,Del Obrero 21 #21,"Panaderos, Veracruz, Veracruz de Ignacio de la Llave","Del Obrero 21 #21, Col. Panaderos C.P. 91728, Veracruz",Aire acondicionado | Cisterna,19.1800598,-96.1473931,2026-06-27T14:47:24.859955,2026-06-27T14:47:24.859955
https://propiedades.com/inmuebles/casa-en-venta-el-coyol-veracruz-31428360,"MXN 1,900,000",1900000.0,MXN,0.0,182 m² const. | 3 rec. | 3 baños,,182.0,3,3,0,23 días en Propiedades.com,,"El Coyol, Veracruz, Veracruz de Ignacio de la Llave"," , Col. El Coyol C.P. 91780, Veracruz",,19.1675315,-96.1603371,2026-06-27T14:47:24.859957,2026-06-27T14:47:24.859957
https://propiedades.com/inmuebles/casa-en-venta-ricardo-flores-magon-veracruz-30569105,"MXN 7,950,000",7950000.0,MXN,0.0,612 m² const. | 6 rec. | 6 baños,,612.0,6,6,0,7 meses en Propiedades.com,,"Ricardo Flores Magón, Veracruz, Veracruz de Ignacio de la Llave"," , Col. Ricardo Flores Magón C.P. 91900, Veracruz",,,,2026-06-27T14:47:24.859958,2026-06-27T14:47:24.859958
https://propiedades.com/inmuebles/casa-en-venta-catemaco-100-moderno-veracruz-28624770,"MXN 5,500,000",5500000.0,MXN,0.0,247 m² const. | 3 rec. | 3 baños,,247.0,3,3,0,2 años en Propiedades.com,catemaco #100,"Moderno, Veracruz, Veracruz de Ignacio de la Llave","catemaco #100, Col. Moderno C.P. 91918, Veracruz",Alberca | Aire acondicionado | Cisterna,19.1712338,-96.1334805,2026-06-27T14:47:24.859960,2026-06-27T14:47:24.859960
https://propiedades.com/inmuebles/casa-en-venta-veracruz-veracruz-30221713,"USD 1,560,780",1560780.0,USD,0.0,165 m² const. | 3 rec. | 2 baños,,165.0,3,2,0,10 meses en Propiedades.com,,"Veracruz, Veracruz, Veracruz de Ignacio de la Llave"," , Col. Veracruz C.P. 91709, Veracruz",,19.1836971485,-96.1629148174,2026-06-27T14:47:24.859961,2026-06-27T14:47:24.859961
https://propiedades.com/inmuebles/casa-en-venta-veracruz-veracruz-27061060,"MXN 980,000",980000.0,MXN,0.0,3 rec. | 2 baños,,,3,2,0,3 años en Propiedades.com,,"Veracruz, Veracruz, Veracruz de Ignacio de la Llave"," , Col. Veracruz C.P. 91709, Veracruz",,19.2001197,-96.1328179,2026-06-27T14:47:24.859972,2026-06-27T14:47:24.859972
https://propiedades.com/inmuebles/casa-en-venta-siglo-xxi-veracruz-31011776,"MXN 1,650,000",1650000.0,MXN,0.0,120 m² const. | 4 rec. | 3 baños,,120.0,4,3,0,3 meses en Propiedades.com,,"Siglo XXI, Veracruz, Veracruz de Ignacio de la Llave"," , Col. Siglo XXI C.P. 91777, Veracruz",,19.1555033,-96.1613155,2026-06-27T14:47:24.859974,2026-06-27T14:47:24.859974
https://propiedades.com/inmuebles/casa-en-venta-floresta-veracruz-25874517,"MXN 11,900,000",11900000.0,MXN,0.0,650 m² const. | 4 rec. | 5 baños,,650.0,4,5,0,4 años en Propiedades.com,,"Floresta, Veracruz, Veracruz de Ignacio de la Llave"," , Col. Floresta C.P. 91940, Veracruz",,19.1526662,-96.1354683,2026-06-27T14:47:24.859976,2026-06-27T14:47:24.859976
https://propiedades.com/inmuebles/casa-en-venta-miguel-aleman-veracruz-30372053,"MXN 3,100,000",3100000.0,MXN,0.0,200 m² const. | 2 rec. | 2 baños,,200.0,2,2,0,9 meses en Propiedades.com,,"Miguel Alemán, Veracruz, Veracruz de Ignacio de la Llave"," , Col. Miguel Alemán C.P. 91898, Veracruz",,19.2062661,-96.152538,2026-06-27T14:47:24.859978,2026-06-27T14:47:24.859978
https://propiedades.com/inmuebles/casa-en-venta-veracruz-veracruz-31461110,"MXN 1,350,000",1350000.0,MXN,0.0,67 m² const. | 2 rec. | 2 baños,,67.0,2,2,0,14 días en Propiedades.com,Col. Veracruz,"Veracruz, Veracruz, Veracruz de Ignacio de la Llave",", Col. Veracruz C.P. 91709, Veracruz",,19.1707618,-96.1639402,2026-06-27T14:47:24.859980,2026-06-27T14:47:24.859980
https://propiedades.com/inmuebles/casa-en-venta-el-coyol-veracruz-30124262,"MXN 2,213,200",2213200.0,MXN,0.0,145 m² const. | 3 rec. | 2 baños,,145.0,3,2,0,11 meses en Propiedades.com,,"El Coyol, Veracruz, Veracruz de Ignacio de la Llave"," , Col. El Coyol C.P. 91780, Veracruz",,19.1706527,-96.1559795,2026-06-27T14:47:24.859981,2026-06-27T14:47:24.859981
https://propiedades.com/inmuebles/casa-en-venta-carretera-a-mata-de-pita-1-las-amapolas-veracruz-30133013,"MXN 1,891,000",1891000.0,MXN,0.0,95 m² const. | 3 rec. | 2 baños,,95.0,3,2,0,11 meses en Propiedades.com,Carretera a Mata de Pita #1,"Las Amapolas, Veracruz, Veracruz de Ignacio de la Llave","Carretera a Mata de Pita #1, Col. Las Amapolas C.P. 91698, Veracruz",Alberca,19.1530508,-96.2010167,2026-06-27T14:47:24.859983,2026-06-27T14:47:24.859983
https://www.propiedades.com/inmuebles/casa-en-venta-faros-veracruz-31483074,"MXN 800,000",800000.0,MXN,0.0,65 m² const. | 1 rec. | 1 baños | 1 estac.,,65.0,1,1,1,10 días en Propiedades.com,Col. Faros,"Faros, Veracruz, Veracruz de Ignacio de la Llave",", Col. Faros C.P. 91709, Veracruz",,19.2001197,-96.1328179,2026-06-27T14:47:24.859986,2026-06-27T14:47:24.859986
https://propiedades.com/inmuebles/casa-en-venta-calle-santos-perez-abascal-ignacio-zaragoza-veracruz-30577933,"MXN 7,000,000",7000000.0,MXN,0.0,506 m² const. | 6 rec. | 6 baños,,506.0,6,6,0,7 meses en Propiedades.com,Calle Santos Pérez Abascal,"Ignacio Zaragoza, Veracruz, Veracruz de Ignacio de la Llave","Calle Santos Pérez Abascal, Col. Ignacio Zaragoza C.P. 91910, Veracruz",Alberca | Aire acondicionado,19.1780491,-96.1288426,2026-06-27T14:47:24.859988,2026-06-27T14:47:24.859988
https://propiedades.com/inmuebles/casa-en-venta-freyre-1-reforma-veracruz-16007250,"MXN 3,950,000",3950000.0,MXN,0.0,300 m² const. | 4 rec. | 5 baños,,300.0,4,5,0,6 años en Propiedades.com,Freyre #1,"Reforma, Veracruz, Veracruz de Ignacio de la Llave","Freyre #1, Col. Reforma C.P. 91919, Veracruz",Aire acondicionado | Cisterna,19.1707806,-96.1248675,2026-06-27T14:47:24.859989,2026-06-27T14:47:24.859989
https://propiedades.com/inmuebles/casa-en-venta-hacienda-paraiso-veracruz-31037254,"MXN 1,591,000",1591000.0,MXN,0.0,72 m² const. | 2 rec. | 2 baños,,72.0,2,2,0,3 meses en Propiedades.com,,"Hacienda Paraíso, Veracruz, Veracruz de Ignacio de la Llave"," , Col. Hacienda Paraíso C.P. 91775, Veracruz",,19.129338,-96.1724279,2026-06-27T14:47:24.859991,2026-06-27T14:47:24.859991
https://propiedades.com/inmuebles/casa-en-venta-veracruz-centro-veracruz-30706073,"MXN 1,680,000",1680000.0,MXN,0.0,141 m² const. | 2 rec. | 1 baños,,141.0,2,1,0,5 meses en Propiedades.com,,"Veracruz Centro, Veracruz, Veracruz de Ignacio de la Llave"," , Col. Veracruz Centro C.P. 91700, Veracruz",,18.1420962,-94.1460593,2026-06-27T14:47:24.859992,2026-06-27T14:47:24.859992
https://propiedades.com/inmuebles/casa-en-venta-arista-y-patriotismo-pocitos-y-rivera-veracruz-29037657,"MXN 3,150,000",3150000.0,MXN,0.0,224 m² const. | 2 rec. | 1 baños,,224.0,2,1,0,1 año en Propiedades.com,Arista y Patriotismo,"Pocitos y Rivera, Veracruz, Veracruz de Ignacio de la Llave","Arista y Patriotismo, Col. Pocitos y Rivera C.P. 91729, Veracruz",Terraza,19.1787772,-96.151373,2026-06-27T14:47:24.859994,2026-06-27T14:47:24.859994
https://propiedades.com/inmuebles/casa-en-venta-reforma-veracruz-30894445,"MXN 5,750,000",5750000.0,MXN,0.0,311 m² const. | 4 baños,,311.0,0,4,0,4 meses en Propiedades.com,,"Reforma, Veracruz, Veracruz de Ignacio de la Llave"," , Col. Reforma C.P. 91919, Veracruz",,19.1714483,-96.1221753,2026-06-27T14:47:24.859995,2026-06-27T14:47:24.859995
https://propiedades.com/inmuebles/casa-en-venta-coyol-framboyanes-veracruz-31113499,"MXN 1,650,000",1650000.0,MXN,0.0,3 rec. | 1 baños,,,3,1,0,2 meses en Propiedades.com,,"Coyol Framboyanes, Veracruz, Veracruz de Ignacio de la Llave"," , Col. Coyol Framboyanes C.P. 91779, Veracruz",,19.1563671,-96.1551944,2026-06-27T14:47:24.859997,2026-06-27T14:47:24.859997
https://propiedades.com/inmuebles/casa-en-venta-cristobal-de-olid-reforma-veracruz-29993499,"MXN 6,400,000",6400000.0,MXN,0.0,330 m² const. | 3 rec. | 3 baños | 3 estac.,,330.0,3,3,3,1 año en Propiedades.com,Cristobal de Olid,"Reforma, Veracruz, Veracruz de Ignacio de la Llave","Cristobal de Olid, Col. Reforma C.P. 91919, Veracruz",Alberca | Terraza,19.1707806,-96.1248675,2026-06-27T14:47:24.859998,2026-06-27T14:47:24.859998
https://propiedades.com/inmuebles/casa-en-venta-guadalupe-victoria-1012-veracruz-centro-veracruz-30768719,"MXN 2,446,000",2446000.0,MXN,0.0,87 m² const. | 3 rec. | 1 baños,,87.0,3,1,0,5 meses en Propiedades.com,GUADALUPE VICTORIA #1012,"Veracruz Centro, Veracruz, Veracruz de Ignacio de la Llave","GUADALUPE VICTORIA #1012, Col. Veracruz Centro C.P. 91700, Veracruz",,19.189536999999998,-96.13944409999999,2026-06-27T14:47:24.860000,2026-06-27T14:47:24.860000
https://propiedades.com/inmuebles/casa-en-venta-bentonita-18-laguna-real-veracruz-30736036,"MXN 1,925,000",1925000.0,MXN,0.0,169 m² const. | 4 rec. | 5 baños,,169.0,4,5,0,5 meses en Propiedades.com,Bentonita #18,"Laguna Real, Veracruz, Veracruz de Ignacio de la Llave","Bentonita #18, Col. Laguna Real C.P. 91790, Veracruz",,19.151042,-96.1544837,2026-06-27T14:47:24.860001,2026-06-27T14:47:24.860001
https://propiedades.com/inmuebles/casa-en-venta-av-nicolas-bravo-763-veracruz-centro-veracruz-29037644,"MXN 5,100,000",5100000.0,MXN,0.0,400 m² const. | 4 rec. | 2 baños,,400.0,4,2,0,1 año en Propiedades.com,Av. Nicolas Bravo #763,"Veracruz Centro, Veracruz, Veracruz de Ignacio de la Llave","Av. Nicolas Bravo #763, Col. Veracruz Centro C.P. 91700, Veracruz",Aire acondicionado | Cisterna | Terraza,19.189537,-96.1394441,2026-06-27T14:47:24.860003,2026-06-27T14:47:24.860003
https://propiedades.com/inmuebles/casa-en-venta-carretera-a-dos-lomas-13-paseo-de-las-palmas-veracruz-30840132,"MXN 1,205,000",1205000.0,MXN,0.0,82 m² const. | 3 rec. | 3 baños,,82.0,3,3,0,4 meses en Propiedades.com,Carretera a dos Lomas #13,"Paseo de las Palmas, Veracruz, Veracruz de Ignacio de la Llave","Carretera a dos Lomas #13, Col. Paseo de las Palmas C.P. 91697, Veracruz",,19.1469625,-96.1371769,2026-06-27T14:47:24.860005,2026-06-27T14:47:24.860005
https://propiedades.com/inmuebles/casa-en-venta-calzada-de-la-armada-de-mexico-362-floresta-veracruz-30282858,"MXN 6,950,000",6950000.0,MXN,0.0,856 m² const. | 12 rec. | 4 baños,,856.0,12,4,0,10 meses en Propiedades.com,Calzada De La Armada De México #362,"Floresta, Veracruz, Veracruz de Ignacio de la Llave","Calzada De La Armada De México #362, Col. Floresta C.P. 91940, Veracruz",,19.1632761,-96.13492989999999,2026-06-27T14:47:24.860007,2026-06-27T14:47:24.860007
https://propiedades.com/inmuebles/casa-en-venta-fernando-lopez-arias-veracruz-31098530,"MXN 2,995,000",2995000.0,MXN,0.0,150 m² const. | 3 rec. | 3 baños,,150.0,3,3,0,2 meses en Propiedades.com,,"Fernando López Arias, Veracruz, Veracruz de Ignacio de la Llave"," , Col. Fernando López Arias C.P. 91820, Veracruz",,19.1784571,-96.1573674,2026-06-27T14:47:24.860009,2026-06-27T14:47:24.860009
https://propiedades.com/inmuebles/casa-en-venta-chiveria-infonavit-veracruz-29593908,"MXN 1,300,000",1300000.0,MXN,0.0,90 m² const. | 3 rec. | 2 baños,,90.0,3,2,0,1 año en Propiedades.com,,"Chivería INFONAVIT, Veracruz, Veracruz de Ignacio de la Llave"," , Col. Chivería INFONAVIT C.P. 91714, Veracruz",,19.1834243,-96.1666519,2026-06-27T14:47:24.860010,2026-06-27T14:47:24.860010
https://propiedades.com/inmuebles/casa-en-venta-veracruz-veracruz-29062413,"MXN 580,000",580000.0,MXN,0.0,65 m² const. | 2 rec. | 2 baños,,65.0,2,2,0,1 año en Propiedades.com,,"Veracruz, Veracruz, Veracruz de Ignacio de la Llave"," , Col. Veracruz C.P. 91709, Veracruz",,19.1669645,-96.167116,2026-06-27T14:47:24.860012,2026-06-27T14:47:24.860012
https://propiedades.com/inmuebles/casa-en-venta-veracruz-veracruz-30193138,"MXN 24,000,000",24000000.0,MXN,0.0,"1,368 m² const. | 20 rec. | 22 baños",,1368.0,20,22,0,11 meses en Propiedades.com,,"Veracruz, Veracruz, Veracruz de Ignacio de la Llave"," , Col. Veracruz C.P. 91709, Veracruz",,19.1822729,-96.1691975,2026-06-27T14:47:24.860013,2026-06-27T14:47:24.860013
https://propiedades.com/inmuebles/casa-en-venta-ricardo-flores-magon-veracruz-28560210,"MXN 9,700,000",9700000.0,MXN,0.0,358 m² const. | 5 rec. | 4 baños,,358.0,5,4,0,2 años en Propiedades.com,,"Ricardo Flores Magón, Veracruz, Veracruz de Ignacio de la Llave"," , Col. Ricardo Flores Magón C.P. 91900, Veracruz",,19.1947396,-96.1318154,2026-06-27T14:47:24.860016,2026-06-27T14:47:24.860016
https://propiedades.com/inmuebles/casa-en-venta-nuevo-veracruz-veracruz-30648009,"MXN 4,400,000",4400000.0,MXN,0.0,285 m² const. | 4 rec. | 3 baños,,285.0,4,3,0,6 meses en Propiedades.com,,"Nuevo Veracruz, Veracruz, Veracruz de Ignacio de la Llave"," , Col. Nuevo Veracruz C.P. 91726, Veracruz",,19.1757016,-96.1858481,2026-06-27T14:47:24.860017,2026-06-27T14:47:24.860017
https://propiedades.com/inmuebles/casa-en-venta-riveras-de-rio-medio-veracruz-30129380,"MXN 16,750,000",16750000.0,MXN,0.0,Sin caracteristicas,,,0,0,0,11 meses en Propiedades.com,,"Riveras de Río Medio, Veracruz, Veracruz de Ignacio de la Llave"," , Col. Riveras de Río Medio C.P. 91808, Veracruz",,19.082428,-96.101188,2026-06-27T14:47:24.860019,2026-06-27T14:47:24.860019
https://propiedades.com/inmuebles/casa-en-venta-ceiba-126-floresta-veracruz-29237760,"MXN 2,800,000",2800000.0,MXN,0.0,285 m² const. | 4 rec. | 4 baños | 2 estac.,250.0,285.0,4,4,2,A estrenar,ceiba #126,"Floresta, Veracruz, Veracruz de Ignacio de la Llave","ceiba #126, Col. Floresta C.P. 91940, Veracruz",Seguridad privada,19.1556264,-96.1354683,2026-06-27T14:47:51.248533,2026-06-27T14:47:51.248533
https://propiedades.com/inmuebles/casa-en-venta-sin-nombre-de-calle-gardenia-colina-de-los-pajaros-veracruz-30755215,"MXN 999,500",999500.0,MXN,0.0,62 m² const. | 2 rec. | 2 baños,,62.0,2,2,0,5 meses en Propiedades.com,Sin nombre de calle #gardeniaInt. s/n,"Colina de los Pájaros, Veracruz, Veracruz de Ignacio de la Llave","Sin nombre de calle #gardeniaInt. s/n, Col. Colina de los Pájaros C.P. 91697, Veracruz",,19.2105171,-96.2265195,2026-06-27T14:47:51.248551,2026-06-27T14:47:51.248551
https://propiedades.com/inmuebles/casa-en-venta-playa-linda-veracruz-30847000,"MXN 1,900,000",1900000.0,MXN,0.0,100 m² const. | 4 rec. | 3 baños,,100.0,4,3,0,4 meses en Propiedades.com,,"Playa Linda, Veracruz, Veracruz de Ignacio de la Llave"," , Col. Playa Linda C.P. 91810, Veracruz",,19.213501,-96.1752377,2026-06-27T14:47:51.248554,2026-06-27T14:47:51.248554
https://propiedades.com/inmuebles/casa-en-venta-puerta-paraiso-hacienda-paraiso-veracruz-31006425,"MXN 1,650,000",1650000.0,MXN,0.0,72 m² const. | 3 rec. | 1 baños | 1 estac.,72.0,72.0,3,1,1,7 años,Puerta Paraíso,"Hacienda Paraíso, Veracruz, Veracruz de Ignacio de la Llave","Puerta Paraíso, Col. Hacienda Paraíso C.P. 91775, Veracruz",Alberca | Seguridad privada | Aire acondicionado,19.1902778,-96.1533333,2026-06-27T14:47:51.248560,2026-06-27T14:47:51.248560
https://propiedades.com/inmuebles/casa-en-venta-paseo-natura-valle-alto-veracruz-31342397,"MXN 733,950",733950.0,MXN,0.0,43 m² const. | 2 rec. | 1 baños | 1 estac.,,43.0,2,1,1,1 mes en Propiedades.com,Paseo Natura,"Valle Alto, Veracruz, Veracruz de Ignacio de la Llave","Paseo Natura, Col. Valle Alto C.P. 91697, Veracruz",,19.1430943,-96.2166095,2026-06-27T14:47:51.248562,2026-06-27T14:47:51.248562
https://propiedades.com/inmuebles/casa-en-venta-av-valentin-gomez-farias-centro-veracruz-ver-mexico-veracruz-centro-veracruz-30937643,"MXN 2,700,000",2700000.0,MXN,0.0,100 m² const. | 2 rec. | 2 baños,61.0,100.0,2,2,0,51 años,Av. Valentín Gómez Farías,"Veracruz Centro, Veracruz, Veracruz de Ignacio de la Llave","Av. Valentín Gómez Farías, Centro, Veracruz, Ver., México, Col. Veracruz Centro C.P. 91700, Veracruz",,19.189537,-96.1394441,2026-06-27T14:47:51.248566,2026-06-27T14:47:51.248566
https://propiedades.com/inmuebles/casa-en-venta-sin-nombre-de-calle-sn-geovillas-del-puerto-veracruz-29938015,"MXN 3,000,000",3000000.0,MXN,0.0,400 m² const. | 4 rec. | 9 baños,,400.0,4,9,0,1 año en Propiedades.com,Sin nombre de calle #SNInt. S/N,"Geovillas Del Puerto, Veracruz, Veracruz de Ignacio de la Llave","Sin nombre de calle #SNInt. S/N, Col. Geovillas Del Puerto C.P. 91777, Veracruz",Alberca | Aire acondicionado,19.1516924,-96.16463,2026-06-27T14:47:51.248568,2026-06-27T14:47:51.248568
https://propiedades.com/inmuebles/casa-en-venta-lomas-del-rio-medio-veracruz-29413897,"MXN 1,600,000",1600000.0,MXN,0.0,2 rec. | 1 baños,,,2,1,1,15 años,,"Lomas Del Rio Medio, Veracruz, Veracruz de Ignacio de la Llave"," , Col. Lomas Del Rio Medio C.P. 91809, Veracruz",,19.2040199,-96.1960155,2026-06-27T14:47:51.248572,2026-06-27T14:47:51.248572
https://propiedades.com/inmuebles/casa-en-venta-flores-del-valle-veracruz-28627714,"MXN 1,890,000",1890000.0,MXN,0.0,160 m² const. | 2 rec. | 2 baños | 2 estac.,160.0,160.0,2,2,2,36 años,Col. Flores Del Valle,"Flores Del Valle, Veracruz, Veracruz de Ignacio de la Llave",", Col. Flores Del Valle C.P. 91948, Veracruz",,19.1443713,-96.1401067,2026-06-27T14:47:51.248575,2026-06-27T14:47:51.248575
https://propiedades.com/inmuebles/casa-en-venta-condado-valle-dorado-veracruz-30325351,"MXN 685,000",685000.0,MXN,0.0,69 m² const. | 2 rec. | 1 baños,75.0,69.0,2,1,1,15 años,,"Condado Valle Dorado, Veracruz, Veracruz de Ignacio de la Llave"," , Col. Condado Valle Dorado C.P. 91808, Veracruz",,19.2216765,-96.2109294,2026-06-27T14:47:51.248580,2026-06-27T14:47:51.248580
https://propiedades.com/inmuebles/casa-en-venta-ignacio-zaragoza-veracruz-28946318,"MXN 7,300,000",7300000.0,MXN,0.0,330 m² const. | 4 rec. | 4 baños,,330.0,4,4,0,2 años en Propiedades.com,,"Ignacio Zaragoza, Veracruz, Veracruz de Ignacio de la Llave"," , Col. Ignacio Zaragoza C.P. 91910, Veracruz",,19.1642017,-96.1632866,2026-06-27T14:47:51.248583,2026-06-27T14:47:51.248583
https://propiedades.com/inmuebles/casa-en-venta-mediterraneo-18-dream-lagoons-veracruz-30696673,"MXN 1,500,000",1500000.0,MXN,0.0,84 m² const. | 3 rec. | 3 baños | 1 estac.,,84.0,3,3,1,5 meses en Propiedades.com,Mediterraneo #18,"Dream Lagoons, Veracruz, Veracruz de Ignacio de la Llave","Mediterraneo #18, Col. Dream Lagoons C.P. 91699, Veracruz",Alberca | Seguridad privada | Aire acondicionado,19.133046,-96.1743546,2026-06-27T14:47:51.248584,2026-06-27T14:47:51.248584
https://propiedades.com/inmuebles/casa-en-venta-campestre-29-granjas-de-la-boticaria-veracruz-28802873,"MXN 3,400,000",3400000.0,MXN,0.0,272 m² const. | 3 rec. | 4 baños,,272.0,3,4,0,2 años en Propiedades.com,Campestre  #29,"Granjas de La Boticaria, Veracruz, Veracruz de Ignacio de la Llave","Campestre  #29, Col. Granjas de La Boticaria C.P. 91966, Veracruz",Alberca | Seguridad privada | Aire acondicionado,19.1357397,-96.1437515,2026-06-27T14:47:51.248586,2026-06-27T14:47:51.248586
https://propiedades.com/inmuebles/casa-en-venta-carretera-a-dos-lomas-paseo-de-las-palmas-veracruz-30840134,"MXN 1,053,000",1053000.0,MXN,0.0,73 m² const. | 3 rec. | 1 baños,,73.0,3,1,0,4 meses en Propiedades.com,Carretera a dos Lomas,"Paseo de las Palmas, Veracruz, Veracruz de Ignacio de la Llave","Carretera a dos Lomas, Col. Paseo de las Palmas C.P. 91697, Veracruz",,19.1469625,-96.1371769,2026-06-27T14:47:51.248587,2026-06-27T14:47:51.248587
https://propiedades.com/inmuebles/casa-en-venta-ricardo-flores-magon-veracruz-30399967,"MXN 7,000,000",7000000.0,MXN,0.0,280 m² const. | 3 rec. | 3 baños,,280.0,3,3,0,9 meses en Propiedades.com,,"Ricardo Flores Magón, Veracruz, Veracruz de Ignacio de la Llave"," , Col. Ricardo Flores Magón C.P. 91900, Veracruz",,19.1855097,-96.1292308,2026-06-27T14:47:51.248611,2026-06-27T14:47:51.248611
https://propiedades.com/inmuebles/casa-en-venta-veracruz-veracruz-29062418,"MXN 1,700,000",1700000.0,MXN,0.0,142 m² const. | 3 rec. | 2 baños,,142.0,3,2,0,1 año en Propiedades.com,,"Veracruz, Veracruz, Veracruz de Ignacio de la Llave"," , Col. Veracruz C.P. 91709, Veracruz",,19.1654734,-96.1397754,2026-06-27T14:47:51.248613,2026-06-27T14:47:51.248613
https://propiedades.com/inmuebles/casa-en-venta-enrique-c-rebsamen-97-del-maestro-veracruz-26199425,"MXN 1,900,000",1900000.0,MXN,0.0,258 m² const. | 5 rec. | 4 baños,,258.0,5,4,0,3 años en Propiedades.com,Enrique C. Rebsamen #97,"Del Maestro, Veracruz, Veracruz de Ignacio de la Llave","Enrique C. Rebsamen #97, Col. Del Maestro C.P. 91920, Veracruz",Terraza,19.1589472,-96.1336669,2026-06-27T14:47:51.248615,2026-06-27T14:47:51.248615
https://propiedades.com/inmuebles/casa-en-venta-rafael-diaz-serdan-veracruz-29950432,"MXN 3,800,000",3800000.0,MXN,0.0,400 m² const. | 4 rec. | 6 baños,,400.0,4,6,0,1 año en Propiedades.com,,"Rafael Díaz Serdan, Veracruz, Veracruz de Ignacio de la Llave"," , Col. Rafael Díaz Serdan C.P. 91963, Veracruz",,19.1451876,-96.1599897,2026-06-27T14:47:51.248616,2026-06-27T14:47:51.248616
https://propiedades.com/inmuebles/casa-en-venta-sin-nombre-de-calle-sn-reforma-veracruz-30219691,"MXN 2,900,000",2900000.0,MXN,0.0,113 m² const. | 3 rec. | 3 baños,,113.0,3,3,0,10 meses en Propiedades.com,Sin nombre de calle #snInt. s/n,"Reforma, Veracruz, Veracruz de Ignacio de la Llave","Sin nombre de calle #snInt. s/n, Col. Reforma C.P. 91919, Veracruz",,19.1707806,-96.1248675,2026-06-27T14:47:51.248628,2026-06-27T14:47:51.248628
https://propiedades.com/inmuebles/casa-en-venta-tlatilco-11-siglo-xxi-veracruz-30484215,"MXN 3,150,000",3150000.0,MXN,0.0,220 m² const. | 3 rec. | 3 baños,,220.0,3,3,0,8 meses en Propiedades.com,Tlatilco #11,"Siglo XXI, Veracruz, Veracruz de Ignacio de la Llave","Tlatilco #11, Col. Siglo XXI C.P. 91777, Veracruz",,19.158105,-96.16101139999999,2026-06-27T14:47:51.248629,2026-06-27T14:47:51.248629
https://propiedades.com/inmuebles/casa-en-venta-animas-22-puerta-paraiso-veracruz-29166633,"MXN 850,000",850000.0,MXN,0.0,81 m² const. | 2 rec. | 3 baños | 1 estac.,,81.0,2,3,1,1 año en Propiedades.com,animas #22,"Puerta Paraíso, Veracruz, Veracruz de Ignacio de la Llave","animas #22, Col. Puerta Paraíso C.P. 91699, Veracruz",Seguridad privada,19.129338,-96.1724279,2026-06-27T14:47:51.248631,2026-06-27T14:47:51.248631
https://propiedades.com/inmuebles/casa-en-venta-el-coyol-veracruz-31449701,"MXN 1,250,000",1250000.0,MXN,0.0,3 rec. | 3 baños,,,3,3,0,17 días en Propiedades.com,Col. El Coyol,"El Coyol, Veracruz, Veracruz de Ignacio de la Llave",", Col. El Coyol C.P. 91780, Veracruz",,19.1948201,-96.1430354,2026-06-27T14:47:51.248633,2026-06-27T14:47:51.248633
https://propiedades.com/inmuebles/casa-en-venta-sin-nombre-de-calle-2-caminos-veracruz-29188351,"MXN 1,450,000",1450000.0,MXN,0.0,90 m² const. | 3 rec. | 2 baños | 4 estac.,,90.0,3,2,4,1 año en Propiedades.com,Sin nombre de calle,"2 Caminos, Veracruz, Veracruz de Ignacio de la Llave","Sin nombre de calle, Col. 2 Caminos C.P. 91726, Veracruz",,19.1751065,-96.1725856,2026-06-27T14:47:51.248634,2026-06-27T14:47:51.248634
https://propiedades.com/inmuebles/casa-en-venta-floresta-veracruz-31013680,"MXN 2,990,000",2990000.0,MXN,0.0,200 m² const. | 3 rec. | 3 baños,,200.0,3,3,0,3 meses en Propiedades.com,,"Floresta, Veracruz, Veracruz de Ignacio de la Llave"," , Col. Floresta C.P. 91940, Veracruz",,19.1478201,-96.1386807,2026-06-27T14:47:51.248637,2026-06-27T14:47:51.248637
https://propiedades.com/inmuebles/casa-en-venta-sin-nombre-de-calle-sn-ignacio-zaragoza-veracruz-31084491,"MXN 8,000,000",8000000.0,MXN,0.0,405 m² const. | 4 rec. | 2 baños,,405.0,4,2,0,2 meses en Propiedades.com,Sin nombre de calle #S/N,"Ignacio Zaragoza, Veracruz, Veracruz de Ignacio de la Llave","Sin nombre de calle #S/N, Col. Ignacio Zaragoza C.P. 91910, Veracruz",Seguridad privada | Cisterna,19.1780491,-96.1288426,2026-06-27T14:47:51.248639,2026-06-27T14:47:51.248639
https://propiedades.com/inmuebles/casa-en-venta-hacienda-real-minas-142-costa-dorada-veracruz-29237757,"MXN 520,000",520000.0,MXN,0.0,53 m² const. | 1 rec. | 1 baños | 1 estac.,,53.0,1,1,1,1 año en Propiedades.com,hacienda real minas #142,"Costa Dorada, Veracruz, Veracruz de Ignacio de la Llave","hacienda real minas #142, Col. Costa Dorada C.P. 91808, Veracruz",,19.211667,-96.1820373,2026-06-27T14:47:51.248641,2026-06-27T14:47:51.248641
https://propiedades.com/inmuebles/casa-en-venta-juan-soto-1502-21-de-abril-veracruz-30484168,"MXN 1,150,000",1150000.0,MXN,0.0,170 m² const. | 1 rec. | 1 baños,,170.0,1,1,0,8 meses en Propiedades.com,Juan Soto #1502,"21 de Abril, Veracruz, Veracruz de Ignacio de la Llave","Juan Soto #1502, Col. 21 de Abril C.P. 91720, Veracruz",,19.1852052,-96.1479556,2026-06-27T14:47:51.248642,2026-06-27T14:47:51.248642
https://propiedades.com/inmuebles/casa-en-venta-2-de-abril-1215-ignacio-zaragoza-veracruz-30426947,"MXN 2,100,475",2100475.0,MXN,0.0,95 m² const. | 2 rec. | 1 baños,,95.0,2,1,0,9 meses en Propiedades.com,2 DE ABRIL #1215,"Ignacio Zaragoza, Veracruz, Veracruz de Ignacio de la Llave","2 DE ABRIL #1215, Col. Ignacio Zaragoza C.P. 91910, Veracruz",,19.1780491,-96.1288426,2026-06-27T14:47:51.248644,2026-06-27T14:47:51.248644
https://propiedades.com/inmuebles/casa-en-venta-21-de-febrero-722-ricardo-flores-magon-veracruz-30122202,"MXN 4,650,000",4650000.0,MXN,0.0,263 m² const. | 5 rec. | 5 baños | 3 estac.,,263.0,5,5,3,11 meses en Propiedades.com,21 de febrero  #722,"Ricardo Flores Magón, Veracruz, Veracruz de Ignacio de la Llave","21 de febrero  #722, Col. Ricardo Flores Magón C.P. 91900, Veracruz",,19.1914151,-96.1275175,2026-06-27T14:47:51.248646,2026-06-27T14:47:51.248646
https://www.propiedades.com/inmuebles/casa-en-venta-prolongacion-de-la-av-puerta-paraiso-sn-mata-de-pita-veracruz-los-heroes-veracruz-veracruz-29807517,"MXN 1,578,012",1578012.0,MXN,0.0,71 m² const. | 3 rec. | 1 baños | 2 estac.,,71.0,3,1,2,1 año en Propiedades.com,Prolongación de la Av. Puerta Paraíso S/N,"Los Héroes Veracruz, Veracruz, Veracruz de Ignacio de la Llave","Prolongación de la Av. Puerta Paraíso S/N, Mata de Pita, Veracruz, Col. Los Héroes Veracruz C.P. 91698, Veracruz",Alberca | Seguridad privada | Aire acondicionado | Gimnasio,19.1503163,-96.209673,2026-06-27T14:47:51.248648,2026-06-27T14:47:51.248648
https://propiedades.com/inmuebles/casa-en-venta-miguel-aleman-veracruz-31039815,"MXN 4,000,000",4000000.0,MXN,0.0,385 m² const. | 5 rec. | 4 baños,,385.0,5,4,0,3 meses en Propiedades.com,,"Miguel Alemán, Veracruz, Veracruz de Ignacio de la Llave"," , Col. Miguel Alemán C.P. 91898, Veracruz",,19.2073396,-96.1533359,2026-06-27T14:47:51.248650,2026-06-27T14:47:51.248650
https://propiedades.com/inmuebles/casa-en-venta-circuito-lago-del-valle-ara-crystal-lagoons-veracruz-26051723,"MXN 1,950,000",1950000.0,MXN,0.0,101 m² const. | 3 rec. | 2 baños | 2 estac.,,101.0,3,2,2,3 años en Propiedades.com,Circuito Lago del Valle,"ARA Crystal Lagoons, Veracruz, Veracruz de Ignacio de la Llave","Circuito Lago del Valle, Col. ARA Crystal Lagoons C.P. 91775, Veracruz",Alberca | Seguridad privada | Aire acondicionado | Cisterna | Gimnasio,19.1902778,-96.1533333,2026-06-27T14:47:51.248651,2026-06-27T14:47:51.248651
https://propiedades.com/inmuebles/casa-en-venta-sin-nombre-de-calle-sn-floresta-veracruz-30453666,"MXN 2,900,000",2900000.0,MXN,0.0,265 m² const. | 3 rec. | 4 baños,,265.0,3,4,0,8 meses en Propiedades.com,Sin nombre de calle #SNInt. S/N,"Floresta, Veracruz, Veracruz de Ignacio de la Llave","Sin nombre de calle #SNInt. S/N, Col. Floresta C.P. 91940, Veracruz",,19.1556264,-96.1354683,2026-06-27T14:47:51.248653,2026-06-27T14:47:51.248653
https://propiedades.com/inmuebles/casa-en-venta-los-pinos-veracruz-30413007,"MXN 3,150,000",3150000.0,MXN,0.0,300 m² const. | 5 rec. | 3 baños,,300.0,5,3,0,9 meses en Propiedades.com,,"Los Pinos, Veracruz, Veracruz de Ignacio de la Llave"," , Col. Los Pinos C.P. 91870, Veracruz",,19.206194,-96.159534,2026-06-27T14:47:51.248655,2026-06-27T14:47:51.248655
https://propiedades.com/inmuebles/casa-en-venta-valente-diaz-2-lomas-100-tejeria-veracruz-30826846,"MXN 1,195,000",1195000.0,MXN,0.0,75 m² const. | 2 rec. | 1 baños,,75.0,2,1,0,5 meses en Propiedades.com,Valente Díaz - 2 Lomas #100,"Tejería, Veracruz, Veracruz de Ignacio de la Llave","Valente Díaz - 2 Lomas #100, Col. Tejería C.P. 91697, Veracruz",Alberca | Terraza,20.441184,-97.3269982,2026-06-27T14:47:51.248656,2026-06-27T14:47:51.248656
https://www.propiedades.com/inmuebles/casa-en-venta-sin-nombre-de-calle-sn-21-de-abril-veracruz-30544930,"MXN 1,650,000",1650000.0,MXN,0.0,250 m² const. | 5 rec. | 2 baños | 1 estac.,,250.0,5,2,1,7 meses en Propiedades.com,Sin nombre de calle #SNInt. S/N,"21 de Abril, Veracruz, Veracruz de Ignacio de la Llave","Sin nombre de calle #SNInt. S/N, Col. 21 de Abril C.P. 91720, Veracruz",,19.1847864,-96.1487219,2026-06-27T14:47:51.248658,2026-06-27T14:47:51.248658
https://propiedades.com/inmuebles/casa-en-venta-paseo-de-las-palmas-veracruz-30412269,"MXN 690,000",690000.0,MXN,0.0,2 rec. | 1 baños,,,2,1,0,9 meses en Propiedades.com,,"Paseo de las Palmas, Veracruz, Veracruz de Ignacio de la Llave"," , Col. Paseo de las Palmas C.P. 91697, Veracruz",,19.1454135,-96.2283085,2026-06-27T14:47:51.248660,2026-06-27T14:47:51.248660
https://propiedades.com/inmuebles/casa-en-venta-carretera-a-mata-de-pita-las-amapolas-veracruz-30246008,"MXN 1,495,000",1495000.0,MXN,0.0,94 m² const. | 3 rec. | 2 baños,,94.0,3,2,0,10 meses en Propiedades.com,Carretera a Mata de Pita,"Las Amapolas, Veracruz, Veracruz de Ignacio de la Llave","Carretera a Mata de Pita, Col. Las Amapolas C.P. 91698, Veracruz",Alberca,19.1530508,-96.2010167,2026-06-27T14:47:51.248662,2026-06-27T14:47:51.248662
https://propiedades.com/inmuebles/casa-en-venta-la-florida-veracruz-30932344,"MXN 1,250,000",1250000.0,MXN,0.0,130 m² const. | 3 rec. | 2 baños,,130.0,3,2,0,4 meses en Propiedades.com,,"La Florida, Veracruz, Veracruz de Ignacio de la Llave"," , Col. La Florida C.P. 91698, Veracruz",,19.1508972209,-96.2042824696,2026-06-27T14:47:51.248664,2026-06-27T14:47:51.248664
https://propiedades.com/inmuebles/casa-en-venta-acacia-42-floresta-veracruz-30374256,"MXN 4,990,000",4990000.0,MXN,0.0,330 m² const. | 3 rec. | 3 baños | 3 estac.,,330.0,3,3,3,9 meses en Propiedades.com,ACACIA #42,"Floresta, Veracruz, Veracruz de Ignacio de la Llave","ACACIA #42, Col. Floresta C.P. 91940, Veracruz",Aire acondicionado | Cisterna,19.1556264,-96.1354683,2026-06-27T14:47:51.248665,2026-06-27T14:47:51.248665
https://propiedades.com/inmuebles/casa-en-venta-ignacio-zaragoza-veracruz-30992977,"MXN 7,000,000",7000000.0,MXN,0.0,506 m² const. | 7 rec. | 7 baños,,506.0,7,7,0,3 meses en Propiedades.com,,"Ignacio Zaragoza, Veracruz, Veracruz de Ignacio de la Llave"," , Col. Ignacio Zaragoza C.P. 91910, Veracruz",,19.1762453,-96.124178,2026-06-27T14:47:51.248667,2026-06-27T14:47:51.248667
https://propiedades.com/inmuebles/casa-en-venta-veracruz-veracruz-31506198,"MXN 4,990,000",4990000.0,MXN,0.0,240 m² const. | 3 rec. | 3 baños,,240.0,3,3,0,A estrenar,Col. Veracruz,"Veracruz, Veracruz, Veracruz de Ignacio de la Llave",", Col. Veracruz C.P. 91709, Veracruz",,19.173773,-96.1342241,2026-06-27T14:47:51.248668,2026-06-27T14:47:51.248668
https://propiedades.com/inmuebles/casa-en-venta-esteban-morales-sn-veracruz-centro-veracruz-30006588,"MXN 4,900,000",4900000.0,MXN,0.0,400 m² const. | 3 rec. | 4 baños | 3 estac.,,400.0,3,4,3,1 año en Propiedades.com,esteban morales #s/n,"Veracruz Centro, Veracruz, Veracruz de Ignacio de la Llave","esteban morales #s/n, Col. Veracruz Centro C.P. 91700, Veracruz",Aire acondicionado,19.189537,-96.1394441,2026-06-27T14:47:51.248670,2026-06-27T14:47:51.248670
https://propiedades.com/inmuebles/casa-en-venta-tejeria-veracruz-29816996,"MXN 1,380,000",1380000.0,MXN,0.0,90 m² const. | 3 rec. | 1 baños,,90.0,3,1,0,1 año en Propiedades.com,,"Tejería, Veracruz, Veracruz de Ignacio de la Llave"," , Col. Tejería C.P. 91697, Veracruz",,19.1392669,-96.1204649,2026-06-27T14:47:51.248671,2026-06-27T14:47:51.248671
https://propiedades.com/inmuebles/casa-en-venta-ara-crystal-lagoons-veracruz-30883732,"MXN 1,450,000",1450000.0,MXN,0.0,70 m² const. | 2 rec. | 2 baños,,70.0,2,2,0,4 meses en Propiedades.com,,"ARA Crystal Lagoons, Veracruz, Veracruz de Ignacio de la Llave"," , Col. ARA Crystal Lagoons C.P. 91775, Veracruz",,19.1331059,-96.170592,2026-06-27T14:47:51.248673,2026-06-27T14:47:51.248673
https://propiedades.com/inmuebles/casa-en-venta-hacienda-la-parroquia-veracruz-30533263,"MXN 1,890,000",1890000.0,MXN,0.0,100 m² const. | 3 rec. | 3 baños,90.0,100.0,3,3,0,1 años,Col. Hacienda la Parroquia,"Hacienda la Parroquia, Veracruz, Veracruz de Ignacio de la Llave",", Col. Hacienda la Parroquia C.P. 91725, Veracruz",Alberca,19.190516,-96.1875051,2026-06-27T14:48:17.092454,2026-06-27T14:48:17.092454
https://propiedades.com/inmuebles/casa-en-venta-independencia-123-veracruz-centro-veracruz-29234554,"MXN 3,300,000",3300000.0,MXN,0.0,200 m² const. | 3 rec. | 5 baños,118.0,200.0,3,5,0,31 años,independencia #123,"Veracruz Centro, Veracruz, Veracruz de Ignacio de la Llave","independencia #123, Col. Veracruz Centro C.P. 91700, Veracruz",Cisterna | Terraza,19.189537,-96.1394441,2026-06-27T14:48:17.092464,2026-06-27T14:48:17.092464
https://www.propiedades.com/inmuebles/casa-en-venta-xicotencatl-ricardo-flores-magon-veracruz-24448345,"MXN 6,200,000",6200000.0,MXN,0.0,225 m² const. | 3 rec. | 3 baños | 3 estac.,,225.0,3,3,3,4 años en Propiedades.com,Xicoténcatl,"Ricardo Flores Magón, Veracruz, Veracruz de Ignacio de la Llave","Xicoténcatl, Col. Ricardo Flores Magón C.P. 91900, Veracruz",,19.1914151,-96.1275175,2026-06-27T14:48:17.092468,2026-06-27T14:48:17.092468
https://www.propiedades.com/inmuebles/casa-en-venta-sin-nombre-de-calle-flores-del-valle-veracruz-30331182,"MXN 3,350,000",3350000.0,MXN,0.0,346 m² const. | 3 rec. | 4 baños | 2 estac.,,346.0,3,4,2,9 meses en Propiedades.com,Sin nombre de calle,"Flores Del Valle, Veracruz, Veracruz de Ignacio de la Llave","Sin nombre de calle, Col. Flores Del Valle C.P. 91948, Veracruz",,19.1443713,-96.1401067,2026-06-27T14:48:17.092471,2026-06-27T14:48:17.092471
https://propiedades.com/inmuebles/casa-en-venta-av-hidalgo-sn-veracruz-centro-veracruz-22385963,"MXN 1,500,000",1500000.0,MXN,0.0,200 m² const. | 4 rec. | 4 baños,176.0,200.0,4,4,0,A estrenar,Av. Hidalgo #s/n,"Veracruz Centro, Veracruz, Veracruz de Ignacio de la Llave","Av. Hidalgo #s/n, Col. Veracruz Centro C.P. 91700, Veracruz",,19.189537,-96.1394441,2026-06-27T14:48:17.092478,2026-06-27T14:48:17.092478
https://propiedades.com/inmuebles/casa-en-venta-calle-15-sn-venustiano-carranza-veracruz-26642848,"MXN 1,699,000",1699000.0,MXN,0.0,130 m² const. | 3 rec. | 3 baños,100.0,130.0,3,3,2,A estrenar,Calle 15 #s/n,"Venustiano Carranza, Veracruz, Veracruz de Ignacio de la Llave","Calle 15 #s/n, Col. Venustiano Carranza C.P. 91759, Veracruz",Cisterna,19.1818434,-96.1371248,2026-06-27T14:48:17.092485,2026-06-27T14:48:17.092485
https://propiedades.com/inmuebles/casa-en-venta-av-encino-floresta-veracruz-29142044,"MXN 2,289,458",2289458.0,MXN,0.0,115 m² const. | 3 rec. | 2 baños,120.0,115.0,3,2,1,A estrenar,AV. ENCINO #0,"Floresta, Veracruz, Veracruz de Ignacio de la Llave","AV. ENCINO #0, Col. Floresta C.P. 91940, Veracruz",,19.1556264,-96.1354683,2026-06-27T14:48:17.092491,2026-06-27T14:48:17.092491
https://propiedades.com/inmuebles/casa-en-venta-boulevard-los-patos-93-geovillas-los-pinos-veracruz-29237759,"MXN 1,270,000",1270000.0,MXN,0.0,120 m² const. | 4 rec. | 4 baños | 1 estac.,90.0,120.0,4,4,1,A estrenar,boulevard los patos #93,"Geovillas los Pinos, Veracruz, Veracruz de Ignacio de la Llave","boulevard los patos #93, Col. Geovillas los Pinos C.P. 91808, Veracruz",,19.2147592,-96.2256491,2026-06-27T14:48:17.092497,2026-06-27T14:48:17.092497
https://www.propiedades.com/inmuebles/casa-en-venta-sin-nombre-de-calle-adolfo-lopez-mateos-veracruz-31259768,"MXN 1,750,000",1750000.0,MXN,0.0,135 m² const. | 3 rec. | 2 baños | 1 estac.,,135.0,3,2,1,1 mes en Propiedades.com,Sin nombre de calle,"Adolfo López Mateos, Veracruz, Veracruz de Ignacio de la Llave","Sin nombre de calle, Col. Adolfo López Mateos C.P. 91780, Veracruz",Cisterna | Terraza,19.1612816,-96.1434201,2026-06-27T14:48:17.092500,2026-06-27T14:48:17.092500
https://propiedades.com/inmuebles/casa-en-venta-xana-800-xana-plus-veracruz-30908994,"MXN 1,891,000",1891000.0,MXN,0.0,95 m² const. | 3 rec. | 3 baños,,95.0,3,3,0,4 meses en Propiedades.com,Xana #800,"Xana Plus, Veracruz, Veracruz de Ignacio de la Llave","Xana #800, Col. Xana Plus C.P. 91699, Veracruz",Alberca | Seguridad privada,19.1437503,-96.1749372,2026-06-27T14:48:17.092502,2026-06-27T14:48:17.092502
https://propiedades.com/inmuebles/casa-en-venta-veracruz-veracruz-29062427,"MXN 1,630,000",1630000.0,MXN,0.0,135 m² const. | 3 rec. | 2 baños,,135.0,3,2,0,1 año en Propiedades.com,,"Veracruz, Veracruz, Veracruz de Ignacio de la Llave"," , Col. Veracruz C.P. 91709, Veracruz",,19.1631153,-96.1564765,2026-06-27T14:48:17.092505,2026-06-27T14:48:17.092505
https://propiedades.com/inmuebles/casa-en-venta-alfredo-bonfil-11-adolfo-lopez-mateos-veracruz-29712143,"MXN 2,700,000",2700000.0,MXN,0.0,100 m² const. | 2 rec. | 2 baños | 3 estac.,,100.0,2,2,3,1 año en Propiedades.com,ALFREDO BONFIL #11,"Adolfo López Mateos, Veracruz, Veracruz de Ignacio de la Llave","ALFREDO BONFIL #11, Col. Adolfo López Mateos C.P. 91780, Veracruz",Alberca | Aire acondicionado | Cisterna | Terraza,19.1612816,-96.1434201,2026-06-27T14:48:17.092509,2026-06-27T14:48:17.092509
https://www.propiedades.com/inmuebles/casa-en-venta-carretera-a-dos-lomas-paseo-de-las-palmas-veracruz-30831008,"MXN 999,500",999500.0,MXN,0.0,62 m² const. | 2 rec. | 1 baños | 1 estac.,,62.0,2,1,1,5 meses en Propiedades.com,Carretera a dos Lomas,"Paseo de las Palmas, Veracruz, Veracruz de Ignacio de la Llave","Carretera a dos Lomas, Col. Paseo de las Palmas C.P. 91697, Veracruz",Seguridad privada,19.1469625,-96.1371769,2026-06-27T14:48:17.092512,2026-06-27T14:48:17.092512
https://propiedades.com/inmuebles/casa-en-venta-playa-linda-veracruz-30713083,"MXN 3,000,000",3000000.0,MXN,0.0,285 m² const. | 5 rec. | 3 baños,,285.0,5,3,0,5 meses en Propiedades.com,,"Playa Linda, Veracruz, Veracruz de Ignacio de la Llave"," , Col. Playa Linda C.P. 91810, Veracruz",,19.2130105,-96.179848,2026-06-27T14:48:17.092515,2026-06-27T14:48:17.092515
https://propiedades.com/inmuebles/casa-en-venta-sin-nombre-de-calle-girasol-colina-de-los-pajaros-veracruz-30755214,"MXN 1,045,000",1045000.0,MXN,0.0,50 m² const. | 3 rec. | 2 baños,,50.0,3,2,0,5 meses en Propiedades.com,Sin nombre de calle #girasolInt. s/n,"Colina de los Pájaros, Veracruz, Veracruz de Ignacio de la Llave","Sin nombre de calle #girasolInt. s/n, Col. Colina de los Pájaros C.P. 91697, Veracruz",,19.2105171,-96.2265195,2026-06-27T14:48:17.092519,2026-06-27T14:48:17.092519
https://propiedades.com/inmuebles/casa-en-venta-xana-veracruz-31036375,"MXN 1,614,000",1614000.0,MXN,0.0,80 m² const. | 2 rec. | 1 baños,,80.0,2,1,0,3 meses en Propiedades.com,Col. Xana,"Xana, Veracruz, Veracruz de Ignacio de la Llave",", Col. Xana C.P. 91726, Veracruz",,19.1449581,-96.1758391,2026-06-27T14:48:17.092521,2026-06-27T14:48:17.092521
https://propiedades.com/inmuebles/casa-en-venta-doctor-iglesias-10-reforma-veracruz-28974996,"MXN 7,000,000",7000000.0,MXN,0.0,300 m² const. | 3 rec. | 4 baños,,300.0,3,4,0,2 años en Propiedades.com,doctor iglesias #10,"Reforma, Veracruz, Veracruz de Ignacio de la Llave","doctor iglesias #10, Col. Reforma C.P. 91919, Veracruz",,19.1707806,-96.1248675,2026-06-27T14:48:17.092524,2026-06-27T14:48:17.092524
https://propiedades.com/inmuebles/casa-en-venta-pinitos-veracruz-31428024,"MXN 2,380,000",2380000.0,MXN,0.0,152 m² const. | 3 rec. | 2 baños,,152.0,3,2,0,23 días en Propiedades.com,Col. Pinitos,"Pinitos, Veracruz, Veracruz de Ignacio de la Llave",", Col. Pinitos C.P. 91840, Veracruz",,19.2115884,-96.1609524,2026-06-27T14:48:17.092526,2026-06-27T14:48:17.092526
https://propiedades.com/inmuebles/casa-en-venta-paseo-bonaterra-enrique-c-rebsamen-veracruz-28275561,"MXN 1,400,000",1400000.0,MXN,0.0,79 m² const. | 3 rec. | 2 baños,,79.0,3,2,0,2 años en Propiedades.com,Paseo Bonaterra,"Enrique C Rebsamen, Veracruz, Veracruz de Ignacio de la Llave","Paseo Bonaterra, Col. Enrique C Rebsamen C.P. 91968, Veracruz",Alberca | Seguridad privada | Aire acondicionado | Cisterna | Terraza,19.1587224,-96.13347,2026-06-27T14:48:17.092613,2026-06-27T14:48:17.092613
https://propiedades.com/inmuebles/casa-en-venta-freyre-reforma-veracruz-31171187,"MXN 4,300,000",4300000.0,MXN,0.0,300 m² const.,,300.0,0,0,0,1 mes en Propiedades.com,freyre,"Reforma, Veracruz, Veracruz de Ignacio de la Llave","freyre, Col. Reforma C.P. 91919, Veracruz",,19.1707806,-96.1248675,2026-06-27T14:48:17.092617,2026-06-27T14:48:17.092617
https://propiedades.com/inmuebles/casa-en-venta-paseo-profesor-alicia-moreno-buenavista-infonavit-veracruz-28592103,"MXN 680,000",680000.0,MXN,0.0,153 m² const. | 3 rec. | 2 baños,,153.0,3,2,0,2 años en Propiedades.com,Paseo Profesor Alicia Moreno,"Buenavista INFONAVIT, Veracruz, Veracruz de Ignacio de la Llave","Paseo Profesor Alicia Moreno, Col. Buenavista INFONAVIT C.P. 91850, Veracruz",Aire acondicionado | Cisterna,19.2015657,-96.1685213,2026-06-27T14:48:17.092620,2026-06-27T14:48:17.092620
https://propiedades.com/inmuebles/casa-en-venta-flores-del-valle-veracruz-31135987,"MXN 2,150,000",2150000.0,MXN,0.0,160 m² const. | 3 rec. | 1 baños,,160.0,3,1,0,2 meses en Propiedades.com,,"Flores Del Valle, Veracruz, Veracruz de Ignacio de la Llave"," , Col. Flores Del Valle C.P. 91948, Veracruz",,19.1389873,-96.1235059,2026-06-27T14:48:17.092622,2026-06-27T14:48:17.092622
https://propiedades.com/inmuebles/casa-en-venta-primero-de-mayo-veracruz-28290158,"MXN 1,590,000",1590000.0,MXN,0.0,250 m² const. | 4 rec. | 4 baños | 1 estac.,,250.0,4,4,1,2 años en Propiedades.com,Col. Primero de Mayo,"Primero de Mayo, Veracruz, Veracruz de Ignacio de la Llave",", Col. Primero de Mayo C.P. 91757, Veracruz",,22.2247356,-97.8191196,2026-06-27T14:48:17.092625,2026-06-27T14:48:17.092625
https://propiedades.com/inmuebles/casa-en-venta-faros-veracruz-22189889,"MXN 11,000,000",11000000.0,MXN,0.0,650 m² const. | 4 rec. | 4 baños,,650.0,4,4,0,5 años en Propiedades.com,,"Faros, Veracruz, Veracruz de Ignacio de la Llave"," , Col. Faros C.P. 91709, Veracruz",,19.2001197,-96.1328179,2026-06-27T14:48:17.092627,2026-06-27T14:48:17.092627
https://propiedades.com/inmuebles/casa-en-venta-cirilo-miguel-lopez-el-coyol-veracruz-30823479,"MXN 1,350,000",1350000.0,MXN,0.0,110 m² const. | 2 rec. | 1 baños | 2 estac.,,110.0,2,1,2,5 meses en Propiedades.com,Cirilo Miguel Lopez,"El Coyol, Veracruz, Veracruz de Ignacio de la Llave","Cirilo Miguel Lopez, Col. El Coyol C.P. 91780, Veracruz",,19.173127,-96.1543556,2026-06-27T14:48:17.092629,2026-06-27T14:48:17.092629
https://propiedades.com/inmuebles/casa-en-venta-floresta-veracruz-30488512,"MXN 2,100,000",2100000.0,MXN,0.0,160 m² const. | 3 rec. | 2 baños,,160.0,3,2,0,8 meses en Propiedades.com,Col. Floresta,"Floresta, Veracruz, Veracruz de Ignacio de la Llave",", Col. Floresta C.P. 91940, Veracruz",,19.1427644,-96.1203082,2026-06-27T14:48:17.092632,2026-06-27T14:48:17.092632
https://propiedades.com/inmuebles/casa-en-venta-las-bajadas-veracruz-30956873,"MXN 3,300,000",3300000.0,MXN,0.0,260 m² const. | 3 rec. | 3 baños,,260.0,3,3,0,4 meses en Propiedades.com,,"Las Bajadas, Veracruz, Veracruz de Ignacio de la Llave"," , Col. Las Bajadas C.P. 91726, Veracruz",,,,2026-06-27T14:48:17.092634,2026-06-27T14:48:17.092634
https://www.propiedades.com/inmuebles/casa-en-venta-av-adalberto-tejada-mata-de-pita-veracruz-cp-91698-los-heroes-veracruz-veracruz-29754950,"MXN 2,640,000",2640000.0,MXN,0.0,112 m² const. | 3 rec. | 2 baños | 1 estac.,,112.0,3,2,1,1 año en Propiedades.com,Av. Adalberto Tejada. Mata de Pita. Veracruz,"Los Héroes Veracruz, Veracruz, Veracruz de Ignacio de la Llave","Av. Adalberto Tejada. Mata de Pita. Veracruz, C.P. 91698,, Col. Los Héroes Veracruz C.P. 91698, Veracruz",Alberca | Seguridad privada | Terraza | Gimnasio,19.1503163,-96.209673,2026-06-27T14:48:17.092637,2026-06-27T14:48:17.092637
https://propiedades.com/inmuebles/casa-en-venta-campesinos-48-pascual-ortiz-rubio-veracruz-29166632,"MXN 5,000,000",5000000.0,MXN,0.0,472 m² const. | 4 rec. | 5 baños | 2 estac.,,472.0,4,5,2,1 año en Propiedades.com,CAMPESINOS #48,"Pascual Ortiz Rubio, Veracruz, Veracruz de Ignacio de la Llave","CAMPESINOS #48, Col. Pascual Ortiz Rubio C.P. 91750, Veracruz",Seguridad privada | Aire acondicionado | Gimnasio,19.174225,-96.1398286,2026-06-27T14:48:17.092639,2026-06-27T14:48:17.092639
https://propiedades.com/inmuebles/casa-en-venta-veracruz-veracruz-25203612,"MXN 4,820,000",4820000.0,MXN,0.0,281 m² const. | 3 rec. | 2 baños,,281.0,3,2,0,4 años en Propiedades.com,,"Veracruz, Veracruz, Veracruz de Ignacio de la Llave"," , Col. Veracruz C.P. 91709, Veracruz",,19.2001197,-96.1328179,2026-06-27T14:48:17.092641,2026-06-27T14:48:17.092641
https://propiedades.com/inmuebles/casa-en-venta-sin-nombre-de-calle-sn-puerto-de-veracruz-veracruz-30262082,"MXN 1,950,000",1950000.0,MXN,0.0,210 m² const. | 7 rec. | 3 baños,,210.0,7,3,0,10 meses en Propiedades.com,Sin nombre de calle #SNInt. VICTORIA,"Puerto de Veracruz, Veracruz, Veracruz de Ignacio de la Llave","Sin nombre de calle #SNInt. VICTORIA, Col. Puerto de Veracruz C.P. 91709, Veracruz",,19.1954273,-96.1932226,2026-06-27T14:48:17.092643,2026-06-27T14:48:17.092643
https://propiedades.com/inmuebles/casa-en-venta-heriberto-jara-reforma-veracruz-29221325,"MXN 5,800,000",5800000.0,MXN,0.0,325 m² const. | 3 rec. | 4 baños | 2 estac.,,325.0,3,4,2,1 año en Propiedades.com,Heriberto jara,"Reforma, Veracruz, Veracruz de Ignacio de la Llave","Heriberto jara, Col. Reforma C.P. 91919, Veracruz",Aire acondicionado | Cisterna | Terraza,19.1707806,-96.1248675,2026-06-27T14:48:17.092645,2026-06-27T14:48:17.092645
https://propiedades.com/inmuebles/casa-en-venta-av-gonzalez-pages-186-veracruz-centro-veracruz-30476116,"MXN 2,706,400",2706400.0,MXN,0.0,447 m² const. | 6 rec. | 3 baños,,447.0,6,3,0,8 meses en Propiedades.com,Av. Gonzalez Pages #186,"Veracruz Centro, Veracruz, Veracruz de Ignacio de la Llave","Av. Gonzalez Pages #186, Col. Veracruz Centro C.P. 91700, Veracruz",,19.195286207,-96.134278569,2026-06-27T14:48:17.092648,2026-06-27T14:48:17.092648
https://propiedades.com/inmuebles/casa-en-venta-sin-nombre-de-calle-sn-laguna-real-veracruz-31504935,"MXN 1,600,000",1600000.0,MXN,0.0,100 m² const. | 2 rec. | 1 baños | 1 estac.,,100.0,2,1,1,A estrenar,Sin nombre de calle #S/N,"Laguna Real, Veracruz, Veracruz de Ignacio de la Llave","Sin nombre de calle #S/N, Col. Laguna Real C.P. 91790, Veracruz",Seguridad privada | Aire acondicionado,19.149087,-96.1540241,2026-06-27T14:48:17.092650,2026-06-27T14:48:17.092650
https://propiedades.com/inmuebles/casa-en-venta-las-amapolas-veracruz-30979419,"MXN 2,690,000",2690000.0,MXN,0.0,135 m² const. | 2 rec. | 2 baños,,135.0,2,2,0,3 meses en Propiedades.com,,"Las Amapolas, Veracruz, Veracruz de Ignacio de la Llave"," , Col. Las Amapolas C.P. 91698, Veracruz",,19.1389873,-96.1235059,2026-06-27T14:48:17.092668,2026-06-27T14:48:17.092668
https://propiedades.com/inmuebles/casa-en-venta-primero-de-mayo-veracruz-8879121,"MXN 1,600,000",1600000.0,MXN,0.0,200 m² const. | 4 rec. | 3 baños,,200.0,4,3,0,7 años en Propiedades.com,xx,"Primero de Mayo, Veracruz, Veracruz de Ignacio de la Llave","xx, Col. Primero de Mayo C.P. 91757, Veracruz",,19.1753648,-96.1427574,2026-06-27T14:48:17.092670,2026-06-27T14:48:17.092670
https://propiedades.com/inmuebles/casa-en-venta-sin-nombre-de-calle-ricardo-flores-magon-veracruz-29489915,"MXN 4,650,000",4650000.0,MXN,0.0,263 m² const. | 5 rec. | 4 baños,,263.0,5,4,0,1 año en Propiedades.com,Sin nombre de calle,"Ricardo Flores Magón, Veracruz, Veracruz de Ignacio de la Llave","Sin nombre de calle, Col. Ricardo Flores Magón C.P. 91900, Veracruz",Cisterna,19.1914151,-96.1275175,2026-06-27T14:48:17.092672,2026-06-27T14:48:17.092672
https://propiedades.com/inmuebles/casa-en-venta-veracruz-centro-veracruz-30801308,"MXN 1,400,000",1400000.0,MXN,0.0,130 m² const. | 3 rec. | 4 baños,,130.0,3,4,0,5 meses en Propiedades.com,,"Veracruz Centro, Veracruz, Veracruz de Ignacio de la Llave"," , Col. Veracruz Centro C.P. 91700, Veracruz",,19.1892486,-96.1378137,2026-06-27T14:48:17.092675,2026-06-27T14:48:17.092675
https://propiedades.com/inmuebles/casa-en-venta-sin-nombre-de-calle-veracruz-centro-veracruz-30382522,"MXN 2,600,000",2600000.0,MXN,0.0,200 m² const. | 4 rec. | 5 baños,,200.0,4,5,0,9 meses en Propiedades.com,Sin nombre de calle,"Veracruz Centro, Veracruz, Veracruz de Ignacio de la Llave","Sin nombre de calle, Col. Veracruz Centro C.P. 91700, Veracruz",,19.189537,-96.1394441,2026-06-27T14:48:17.092677,2026-06-27T14:48:17.092677
https://propiedades.com/inmuebles/casa-en-venta-calle-armadillo-183-fraccionamiento-geovillas-los-pinos-1-la-herradura-veracruz-30734262,"MXN 1,490,000",1490000.0,MXN,0.0,68 m² const. | 3 rec. | 2 baños,,68.0,3,2,0,5 meses en Propiedades.com,Calle Armadillo 183 fraccionamiento geovillas los pinos 1,"La Herradura, Veracruz, Veracruz de Ignacio de la Llave","Calle Armadillo 183 fraccionamiento geovillas los pinos 1, Col. La Herradura C.P. 91808, Veracruz",Seguridad privada,19.1535323,-96.1191764,2026-06-27T14:48:17.092679,2026-06-27T14:48:17.092679
https://propiedades.com/inmuebles/casa-en-venta-tecnologico-veracruz-29853249,"MXN 3,150,000",3150000.0,MXN,0.0,300 m² const. | 4 rec. | 3 baños,,300.0,4,3,0,1 año en Propiedades.com,,"Tecnológico, Veracruz, Veracruz de Ignacio de la Llave"," , Col. Tecnológico C.P. 91870, Veracruz",,19.208497,-96.1596892,2026-06-27T14:48:17.092682,2026-06-27T14:48:17.092682
https://propiedades.com/inmuebles/casa-en-venta-ignacio-zaragoza-sn-ignacio-zaragoza-veracruz-29422611,"MXN 7,300,000",7300000.0,MXN,0.0,330 m² const. | 4 rec. | 4 baños,,330.0,4,4,0,1 año en Propiedades.com,IGNACIO ZARAGOZA #S/N,"Ignacio Zaragoza, Veracruz, Veracruz de Ignacio de la Llave","IGNACIO ZARAGOZA #S/N, Col. Ignacio Zaragoza C.P. 91910, Veracruz",,19.1780491,-96.1288426,2026-06-27T14:48:17.092684,2026-06-27T14:48:17.092684
https://www.propiedades.com/inmuebles/casa-en-venta-sin-nombre-de-calle-geovillas-los-pinos-veracruz-30258229,"MXN 1,200,000",1200000.0,MXN,0.0,135 m² const. | 3 rec. | 2 baños | 1 estac.,,135.0,3,2,1,10 meses en Propiedades.com,Sin nombre de calle,"Geovillas los Pinos, Veracruz, Veracruz de Ignacio de la Llave","Sin nombre de calle, Col. Geovillas los Pinos C.P. 91808, Veracruz",Seguridad privada | Aire acondicionado | Cisterna,19.2147592,-96.2256491,2026-06-27T14:48:17.092687,2026-06-27T14:48:17.092687
https://propiedades.com/inmuebles/casa-en-venta-rio-medio-000-lomas-de-rio-medio-ii-veracruz-30986853,"MXN 1,479,000",1479000.0,MXN,0.0,130 m² const. | 2 rec. | 2 baños,,130.0,2,2,0,3 meses en Propiedades.com,RIO MEDIO #000,"Lomas de Rio Medio II, Veracruz, Veracruz de Ignacio de la Llave","RIO MEDIO #000, Col. Lomas de Rio Medio II C.P. 91809, Veracruz",Seguridad privada | Aire acondicionado | Cisterna,19.2053408,-96.1977851,2026-06-27T14:48:17.092690,2026-06-27T14:48:17.092690
https://propiedades.com/inmuebles/casa-en-venta-los-ebanos-397-flores-del-valle-veracruz-28516309,"MXN 1,800,000",1800000.0,MXN,0.0,130 m² const. | 3 rec. | 1 baños,,130.0,3,1,0,2 años en Propiedades.com,Los ebanos #397,"Flores Del Valle, Veracruz, Veracruz de Ignacio de la Llave","Los ebanos #397, Col. Flores Del Valle C.P. 91948, Veracruz",Aire acondicionado,19.1443713,-96.1401067,2026-06-27T14:48:17.092692,2026-06-27T14:48:17.092692
https://propiedades.com/inmuebles/casa-en-venta-calle-circuito-11-648-geovillas-los-pinos-veracruz-29020025,"MXN 1,200,000",1200000.0,MXN,0.0,78 m² const. | 3 rec. | 2 baños,,78.0,3,2,0,2 años en Propiedades.com,Calle Circuito 11 #648,"Geovillas los Pinos, Veracruz, Veracruz de Ignacio de la Llave","Calle Circuito 11 #648, Col. Geovillas los Pinos C.P. 91808, Veracruz",Aire acondicionado | Cisterna | Terraza,19.2147592,-96.2256491,2026-06-27T14:48:42.960359,2026-06-27T14:48:42.960359
https://propiedades.com/inmuebles/casa-en-venta-calle-juan-de-la-luz-enriquez-13-coyol-seccion-a-veracruz-28629219,"MXN 1,250,000",1250000.0,MXN,0.0,109 m² const. | 2 rec. | 1 baños,,109.0,2,1,0,2 años en Propiedades.com,Calle Juan de La Luz Enríquez #13,"Coyol Seccion A, Veracruz, Veracruz de Ignacio de la Llave","Calle Juan de La Luz Enríquez #13, Col. Coyol Seccion A C.P. 91779, Veracruz",Terraza,19.1621182,-96.16041419999999,2026-06-27T14:48:42.960380,2026-06-27T14:48:42.960380
https://propiedades.com/inmuebles/casa-en-venta-la-vivencia-valle-alto-veracruz-30207165,"MXN 1,320,000",1320000.0,MXN,0.0,85 m² const. | 3 rec. | 1 baños | 1 estac.,90.0,85.0,3,1,1,1 años,La Vivencia,"Valle Alto, Veracruz, Veracruz de Ignacio de la Llave","La Vivencia, Col. Valle Alto C.P. 91697, Veracruz",Alberca | Seguridad privada,19.1430943,-96.2166095,2026-06-27T14:48:42.960390,2026-06-27T14:48:42.960390
https://propiedades.com/inmuebles/casa-en-venta-floresta-veracruz-29825020,"MXN 5,000,000",5000000.0,MXN,0.0,417 m² const. | 4 rec. | 3 baños,400.0,417.0,4,3,4,7 años,,"Floresta, Veracruz, Veracruz de Ignacio de la Llave"," , Col. Floresta C.P. 91940, Veracruz",,20.5424584,-97.461289,2026-06-27T14:48:42.960396,2026-06-27T14:48:42.960396
https://propiedades.com/inmuebles/casa-en-venta-hacienda-paraiso-veracruz-31356826,"USD 1,846,380",1846380.0,USD,0.0,84 m² const. | 3 rec. | 2 baños,,84.0,3,2,0,1 mes en Propiedades.com,,"Hacienda Paraíso, Veracruz, Veracruz de Ignacio de la Llave"," , Col. Hacienda Paraíso C.P. 91775, Veracruz",,19.129338,-96.1724279,2026-06-27T14:48:42.960398,2026-06-27T14:48:42.960398
https://propiedades.com/inmuebles/casa-en-venta-playa-linda-veracruz-31055166,"MXN 1,400,000",1400000.0,MXN,0.0,130 m² const. | 3 rec. | 2 baños,95.0,130.0,3,2,1,A estrenar,,"Playa Linda, Veracruz, Veracruz de Ignacio de la Llave"," , Col. Playa Linda C.P. 91810, Veracruz",,19.213501,-96.1752377,2026-06-27T14:48:42.960404,2026-06-27T14:48:42.960404
https://propiedades.com/inmuebles/casa-en-venta-sin-nombre-de-calle-veracruz-centro-veracruz-27762708,"MXN 2,450,000",2450000.0,MXN,0.0,174 m² const. | 4 rec. | 1 baños | 4 estac.,467.0,174.0,4,1,4,A estrenar,Sin nombre de calle,"Veracruz Centro, Veracruz, Veracruz de Ignacio de la Llave","Sin nombre de calle, Col. Veracruz Centro C.P. 91700, Veracruz",,19.189537,-96.1394441,2026-06-27T14:48:42.960409,2026-06-27T14:48:42.960409
https://propiedades.com/inmuebles/casa-en-venta-miguel-aleman-veracruz-31455478,"USD 673,500",673500.0,USD,0.0,350 m² const. | 4 rec. | 3 baños,,350.0,4,3,0,16 días en Propiedades.com,,"Miguel Alemán, Veracruz, Veracruz de Ignacio de la Llave"," , Col. Miguel Alemán C.P. 91898, Veracruz",,19.1379088,-96.1069112,2026-06-27T14:48:42.960412,2026-06-27T14:48:42.960412
https://propiedades.com/inmuebles/casa-en-venta-carr-a-dos-lomas-buenavista-91697-ver-sn-privanzas-veracruz-30948811,"MXN 773,000",773000.0,MXN,0.0,47 m² const. | 2 rec. | 1 baños,47.0,47.0,2,1,1,1 años,Carr. a dos Lomas,"Privanzas, Veracruz, Veracruz de Ignacio de la Llave","Carr. a dos Lomas, Buenavista, 91697 Ver. #s/n, Col. Privanzas C.P. 91697, Veracruz",,19.1499717,-96.2294301,2026-06-27T14:48:42.960416,2026-06-27T14:48:42.960416
https://propiedades.com/inmuebles/casa-en-venta-veracruz-veracruz-30957671,"MXN 2,000,000",2000000.0,MXN,0.0,159 m² const. | 2 rec. | 2 baños,79.0,159.0,2,2,1,22 años,,"Veracruz, Veracruz, Veracruz de Ignacio de la Llave"," , Col. Veracruz C.P. 91709, Veracruz",,19.1975826,-96.1401614,2026-06-27T14:48:42.960421,2026-06-27T14:48:42.960421
https://propiedades.com/inmuebles/casa-en-venta-siglo-xxi-las-bajadas-91777-veracruz-ver-257-siglo-xxi-veracruz-30267675,"MXN 1,490,000",1490000.0,MXN,0.0,90 m² const. | 3 rec. | 2 baños,,90.0,3,2,0,10 meses en Propiedades.com,Siglo XXI,"Siglo XXI, Veracruz, Veracruz de Ignacio de la Llave","Siglo XXI, Las Bajadas, 91777 Veracruz, Ver. #257Int. casa 11, Col. Siglo XXI C.P. 91777, Veracruz",,19.1555033,-96.1613155,2026-06-27T14:48:42.960424,2026-06-27T14:48:42.960424
https://propiedades.com/inmuebles/casa-en-venta-chalchiuecan-269-reforma-veracruz-30214908,"MXN 6,000,000",6000000.0,MXN,0.0,345 m² const. | 3 rec. | 4 baños | 5 estac.,,345.0,3,4,5,10 meses en Propiedades.com,chalchiuecan  #269,"Reforma, Veracruz, Veracruz de Ignacio de la Llave","chalchiuecan  #269, Col. Reforma C.P. 91919, Veracruz",,19.1707806,-96.1248675,2026-06-27T14:48:42.960426,2026-06-27T14:48:42.960426
https://propiedades.com/inmuebles/casa-en-venta-sin-nombre-de-calle-puerta-paraiso-veracruz-29247754,"MXN 1,500,000",1500000.0,MXN,0.0,135 m² const. | 3 rec. | 3 baños | 1 estac.,,135.0,3,3,1,1 año en Propiedades.com,Sin nombre de calle,"Puerta Paraíso, Veracruz, Veracruz de Ignacio de la Llave","Sin nombre de calle, Col. Puerta Paraíso C.P. 91699, Veracruz",Seguridad privada | Aire acondicionado | Cisterna,19.129338,-96.1724279,2026-06-27T14:48:42.960428,2026-06-27T14:48:42.960428
https://propiedades.com/inmuebles/casa-en-venta-paseo-natura-valle-alto-veracruz-30207163,"MXN 1,122,000",1122000.0,MXN,0.0,60 m² const. | 2 rec. | 1 baños | 1 estac.,,60.0,2,1,1,11 meses en Propiedades.com,Paseo Natura,"Valle Alto, Veracruz, Veracruz de Ignacio de la Llave","Paseo Natura, Col. Valle Alto C.P. 91697, Veracruz",Alberca | Seguridad privada,19.1430943,-96.2166095,2026-06-27T14:48:42.960431,2026-06-27T14:48:42.960431
https://propiedades.com/inmuebles/casa-en-venta-sin-nombre-de-calle-venustiano-carranza-veracruz-30208968,"MXN 1,800,000",1800000.0,MXN,0.0,170 m² const. | 3 rec. | 2 baños | 1 estac.,,170.0,3,2,1,10 meses en Propiedades.com,Sin nombre de calle,"Venustiano Carranza, Veracruz, Veracruz de Ignacio de la Llave","Sin nombre de calle, Col. Venustiano Carranza C.P. 91759, Veracruz",,19.1818434,-96.1371248,2026-06-27T14:48:42.960433,2026-06-27T14:48:42.960433
https://propiedades.com/inmuebles/casa-en-venta-ignacio-zaragoza-veracruz-30809852,"MXN 7,000,000",7000000.0,MXN,0.0,506 m² const. | 6 rec. | 6 baños,,506.0,6,6,0,5 meses en Propiedades.com,,"Ignacio Zaragoza, Veracruz, Veracruz de Ignacio de la Llave"," , Col. Ignacio Zaragoza C.P. 91910, Veracruz",,19.1815258,-96.1283246,2026-06-27T14:48:42.960435,2026-06-27T14:48:42.960435
https://www.propiedades.com/inmuebles/casa-en-venta-sin-nombre-de-calle-sn-lomas-de-rio-medio-ii-veracruz-31073051,"MXN 1,650,000",1650000.0,MXN,0.0,101 m² const. | 2 rec. | 2 baños | 1 estac.,,101.0,2,2,1,2 meses en Propiedades.com,Sin nombre de calle #S/nInt. Sn,"Lomas de Rio Medio II, Veracruz, Veracruz de Ignacio de la Llave","Sin nombre de calle #S/nInt. Sn, Col. Lomas de Rio Medio II C.P. 91809, Veracruz",,19.2053408,-96.1977851,2026-06-27T14:48:42.960438,2026-06-27T14:48:42.960438
https://propiedades.com/inmuebles/casa-en-venta-avenida-3-rocas-1-laguna-real-veracruz-30796218,"MXN 3,150,000",3150000.0,MXN,0.0,286 m² const. | 4 rec. | 3 baños,,286.0,4,3,0,5 meses en Propiedades.com,Avenida 3 rocas #1,"Laguna Real, Veracruz, Veracruz de Ignacio de la Llave","Avenida 3 rocas #1, Col. Laguna Real C.P. 91790, Veracruz",Cisterna,19.149087,-96.1540241,2026-06-27T14:48:42.960441,2026-06-27T14:48:42.960441
https://propiedades.com/inmuebles/casa-en-venta-carretera-mata-de-pita-18-dream-lagoons-veracruz-28228005,"MXN 1,733,000",1733000.0,MXN,0.0,95 m² const. | 3 rec. | 2 baños,,95.0,3,2,0,2 años en Propiedades.com,CARRETERA MATA DE PITA #18,"Dream Lagoons, Veracruz, Veracruz de Ignacio de la Llave","CARRETERA MATA DE PITA #18, Col. Dream Lagoons C.P. 91699, Veracruz",Alberca,19.1467908,-96.1750888,2026-06-27T14:48:42.960443,2026-06-27T14:48:42.960443
https://www.propiedades.com/inmuebles/casa-en-venta-playa-del-rey-playa-linda-veracruz-30884243,"MXN 1,350,000",1350000.0,MXN,0.0,180 m² const. | 3 rec. | 2 baños | 2 estac.,,180.0,3,2,2,4 meses en Propiedades.com,Playa del Rey,"Playa Linda, Veracruz, Veracruz de Ignacio de la Llave","Playa del Rey, Col. Playa Linda C.P. 91810, Veracruz",,19.213501,-96.1752377,2026-06-27T14:48:42.960446,2026-06-27T14:48:42.960446
https://www.propiedades.com/inmuebles/casa-en-venta-av-valente-diaz-2-los-heroes-veracruz-veracruz-29432351,"MXN 1,598,000",1598000.0,MXN,0.0,89 m² const. | 3 rec. | 3 baños | 2 estac.,,89.0,3,3,2,1 año en Propiedades.com,av. Valente Díaz #2,"Los Héroes Veracruz, Veracruz, Veracruz de Ignacio de la Llave","av. Valente Díaz #2, Col. Los Héroes Veracruz C.P. 91698, Veracruz",Cisterna,19.1503163,-96.209673,2026-06-27T14:48:42.960449,2026-06-27T14:48:42.960449
https://propiedades.com/inmuebles/casa-en-venta-av-xalapa-806-pascual-ortiz-rubio-veracruz-28080964,"MXN 1,790,000",1790000.0,MXN,0.0,175 m² const. | 4 rec. | 2 baños,,175.0,4,2,0,2 años en Propiedades.com,Av xalapa #806,"Pascual Ortiz Rubio, Veracruz, Veracruz de Ignacio de la Llave","Av xalapa #806, Col. Pascual Ortiz Rubio C.P. 91750, Veracruz",,19.174225,-96.1398286,2026-06-27T14:48:42.960478,2026-06-27T14:48:42.960478
https://propiedades.com/inmuebles/casa-en-venta-fraccionamiento-del-nte-91809-veracruz-ver-lomas-de-rio-medio-ii-veracruz-30861670,"MXN 1,650,000",1650000.0,MXN,0.0,101 m² const. | 2 rec. | 2 baños,,101.0,2,2,0,4 meses en Propiedades.com,Fraccionamiento del Nte,"Lomas de Rio Medio II, Veracruz, Veracruz de Ignacio de la Llave","Fraccionamiento del Nte, 91809 Veracruz, Ver., Col. Lomas de Rio Medio II C.P. 91809, Veracruz",,19.212113300000002,-96.1944688,2026-06-27T14:48:42.960481,2026-06-27T14:48:42.960481
https://propiedades.com/inmuebles/casa-en-venta-bonaterra-veracruz-27142480,"MXN 1,330,000",1330000.0,MXN,0.0,105 m² const. | 3 rec. | 1 baños,,105.0,3,1,0,3 años en Propiedades.com,,"Bonaterra, Veracruz, Veracruz de Ignacio de la Llave"," , Col. Bonaterra C.P. 91698, Veracruz",Aire acondicionado,19.1257424,-96.1755293,2026-06-27T14:48:42.960484,2026-06-27T14:48:42.960484
https://propiedades.com/inmuebles/casa-en-venta-reforma-veracruz-30373741,"MXN 6,500,000",6500000.0,MXN,0.0,336 m² const. | 4 rec. | 3 baños,,336.0,4,3,0,9 meses en Propiedades.com,,"Reforma, Veracruz, Veracruz de Ignacio de la Llave"," , Col. Reforma C.P. 91919, Veracruz",,19.1707806,-96.1248675,2026-06-27T14:48:42.960486,2026-06-27T14:48:42.960486
https://propiedades.com/inmuebles/casa-en-venta-macaya-300-300-arboledas-veracruz-31069660,"MXN 1,850,000",1850000.0,MXN,0.0,90 m² const. | 2 rec. | 2 baños | 2 estac.,,90.0,2,2,2,2 meses en Propiedades.com,Macaya 300 #300,"Arboledas, Veracruz, Veracruz de Ignacio de la Llave","Macaya 300 #300, Col. Arboledas C.P. 91948, Veracruz",Aire acondicionado | Cisterna,19.2059243,-96.2133741,2026-06-27T14:48:42.960512,2026-06-27T14:48:42.960512
https://propiedades.com/inmuebles/casa-en-venta-catalina-100-hacienda-la-parroquia-veracruz-30466738,"MXN 743,000",743000.0,MXN,0.0,50 m² const. | 2 rec. | 1 baños,,50.0,2,1,0,8 meses en Propiedades.com,CATALINA #100,"Hacienda la Parroquia, Veracruz, Veracruz de Ignacio de la Llave","CATALINA #100, Col. Hacienda la Parroquia C.P. 91725, Veracruz",,19.190516,-96.1875051,2026-06-27T14:48:42.960515,2026-06-27T14:48:42.960515
https://propiedades.com/inmuebles/casa-en-venta-sin-nombre-de-calle-flores-del-valle-veracruz-30564366,"MXN 3,950,000",3950000.0,MXN,0.0,346 m² const. | 4 rec. | 4 baños,,346.0,4,4,0,7 meses en Propiedades.com,Sin nombre de calle,"Flores Del Valle, Veracruz, Veracruz de Ignacio de la Llave","Sin nombre de calle, Col. Flores Del Valle C.P. 91948, Veracruz",,19.1443713,-96.1401067,2026-06-27T14:48:42.960518,2026-06-27T14:48:42.960518
https://propiedades.com/inmuebles/casa-en-venta-lomas-del-rio-medio-veracruz-31086576,"MXN 1,510,000",1510000.0,MXN,0.0,123 m² const. | 2 rec. | 2 baños,,123.0,2,2,0,2 meses en Propiedades.com,,"Lomas Del Rio Medio, Veracruz, Veracruz de Ignacio de la Llave"," , Col. Lomas Del Rio Medio C.P. 91809, Veracruz",,19.2060585,-96.1984484,2026-06-27T14:48:42.960520,2026-06-27T14:48:42.960520
https://propiedades.com/inmuebles/casa-en-venta-zacatecas-65-el-coyol-veracruz-27031782,"MXN 1,620,000",1620000.0,MXN,0.0,197 m² const. | 3 rec. | 3 baños,,197.0,3,3,0,3 años en Propiedades.com,Zacatecas #65,"El Coyol, Veracruz, Veracruz de Ignacio de la Llave","Zacatecas #65, Col. El Coyol C.P. 91760, Veracruz",Seguridad privada | Aire acondicionado | Cisterna,19.1690013,-96.1560126,2026-06-27T14:48:42.960522,2026-06-27T14:48:42.960522
https://propiedades.com/inmuebles/casa-en-venta-orion-3-geovillas-del-puerto-veracruz-30272472,"MXN 1,795,000",1795000.0,MXN,0.0,124 m² const. | 2 rec. | 3 baños | 1 estac.,,124.0,2,3,1,10 meses en Propiedades.com,Orión #3,"Geovillas Del Puerto, Veracruz, Veracruz de Ignacio de la Llave","Orión #3, Col. Geovillas Del Puerto C.P. 91777, Veracruz",Terraza,19.1516924,-96.16463,2026-06-27T14:48:42.960524,2026-06-27T14:48:42.960524
https://propiedades.com/inmuebles/casa-en-venta-av-guerrero-1013-veracruz-centro-veracruz-24523062,"MXN 2,750,000",2750000.0,MXN,0.0,272 m² const. | 6 rec. | 4 baños,,272.0,6,4,0,4 años en Propiedades.com,Av. Guerrero #1013,"Veracruz Centro, Veracruz, Veracruz de Ignacio de la Llave","Av. Guerrero #1013, Col. Veracruz Centro C.P. 91700, Veracruz",Cisterna,19.189537,-96.1394441,2026-06-27T14:48:42.960536,2026-06-27T14:48:42.960536
https://propiedades.com/inmuebles/casa-en-venta-reforma-veracruz-29905586,"MXN 5,800,000",5800000.0,MXN,0.0,325 m² const. | 4 rec. | 4 baños,,325.0,4,4,0,1 año en Propiedades.com,,"Reforma, Veracruz, Veracruz de Ignacio de la Llave"," , Col. Reforma C.P. 91919, Veracruz",,19.1741594,-96.1232438,2026-06-27T14:48:42.960539,2026-06-27T14:48:42.960539
https://propiedades.com/inmuebles/casa-en-venta-vespucio-347-reforma-veracruz-29437286,"MXN 5,500,000",5500000.0,MXN,0.0,292 m² const. | 4 rec. | 4 baños,,292.0,4,4,0,1 año en Propiedades.com,VESPUCIO #347,"Reforma, Veracruz, Veracruz de Ignacio de la Llave","VESPUCIO #347, Col. Reforma C.P. 91919, Veracruz",Aire acondicionado,19.1707806,-96.1248675,2026-06-27T14:48:42.960541,2026-06-27T14:48:42.960541
https://propiedades.com/inmuebles/casa-en-venta-cto-2-geovillas-los-pinos-veracruz-31429208,"MXN 495,000",495000.0,MXN,0.0,101 m² const. | 2 rec. | 2 baños | 1 estac.,,101.0,2,2,1,23 días en Propiedades.com,CTO. #2Int. 36,"Geovillas los Pinos, Veracruz, Veracruz de Ignacio de la Llave","CTO. #2Int. 36, Col. Geovillas los Pinos C.P. 91808, Veracruz",,19.2147592,-96.2256491,2026-06-27T14:48:42.960543,2026-06-27T14:48:42.960543
https://propiedades.com/inmuebles/casa-en-venta-pizarro-reforma-veracruz-26155610,"MXN 4,200,000",4200000.0,MXN,0.0,220 m² const. | 4 rec. | 3 baños | 4 estac.,,220.0,4,3,4,3 años en Propiedades.com,Pizarro,"Reforma, Veracruz, Veracruz de Ignacio de la Llave","Pizarro, Col. Reforma C.P. 91919, Veracruz",,19.1707806,-96.1248675,2026-06-27T14:48:42.960546,2026-06-27T14:48:42.960546
https://propiedades.com/inmuebles/casa-en-venta-los-heroes-sn-los-heroes-veracruz-veracruz-28528960,"MXN 1,598,000",1598000.0,MXN,0.0,89 m² const. | 2 rec. | 3 baños,,89.0,2,3,0,2 años en Propiedades.com,Los heroes #SnInt. S/n,"Los Héroes Veracruz, Veracruz, Veracruz de Ignacio de la Llave","Los heroes #SnInt. S/n, Col. Los Héroes Veracruz C.P. 91698, Veracruz",Alberca | Seguridad privada,19.1503163,-96.209673,2026-06-27T14:48:42.960547,2026-06-27T14:48:42.960547
https://www.propiedades.com/inmuebles/casa-en-venta-la-fragua-1-puerto-de-veracruz-veracruz-30459386,"MXN 2,000,000",2000000.0,MXN,0.0,170 m² const. | 4 rec. | 2 baños | 1 estac.,,170.0,4,2,1,8 meses en Propiedades.com,La fragua #1,"Puerto de Veracruz, Veracruz, Veracruz de Ignacio de la Llave","La fragua #1, Col. Puerto de Veracruz C.P. 91709, Veracruz",Seguridad privada,19.1954273,-96.1932226,2026-06-27T14:48:42.960549,2026-06-27T14:48:42.960549
https://propiedades.com/inmuebles/casa-en-venta-sin-nombre-de-calle-sn-nuevo-veracruz-veracruz-31049759,"MXN 2,500,000",2500000.0,MXN,0.0,107 m² const. | 3 rec. | 3 baños | 1 estac.,,107.0,3,3,1,4 meses en Propiedades.com,Sin nombre de calle #S/N,"Nuevo Veracruz, Veracruz, Veracruz de Ignacio de la Llave","Sin nombre de calle #S/N, Col. Nuevo Veracruz C.P. 91726, Veracruz",Seguridad privada | Aire acondicionado,19.2183897,-96.1729171,2026-06-27T14:48:42.960552,2026-07-29T21:25:02.111626
https://propiedades.com/inmuebles/casa-en-venta-av-simon-bolivar-ignacio-zaragoza-veracruz-29195493,"MXN 12,300,000",12300000.0,MXN,0.0,450 m² const. | 3 rec. | 5 baños,,450.0,3,5,0,1 año en Propiedades.com,av simón Bolivar  #0,"Ignacio Zaragoza, Veracruz, Veracruz de Ignacio de la Llave","av simón Bolivar  #0, Col. Ignacio Zaragoza C.P. 91910, Veracruz",Alberca | Aire acondicionado | Cisterna,19.1780491,-96.1288426,2026-06-27T14:48:42.960554,2026-06-27T14:48:42.960554
https://propiedades.com/inmuebles/casa-en-venta-hernandez-y-hernandez-ricardo-flores-magon-veracruz-30786674,"MXN 2,990,000",2990000.0,MXN,0.0,196 m² const. | 5 rec. | 4 baños | 1 estac.,,196.0,5,4,1,5 meses en Propiedades.com,Hernández y Hernández,"Ricardo Flores Magón, Veracruz, Veracruz de Ignacio de la Llave","Hernández y Hernández, Col. Ricardo Flores Magón C.P. 91900, Veracruz",Cisterna,19.1914151,-96.1275175,2026-06-27T14:48:42.960557,2026-06-27T14:48:42.960557
https://propiedades.com/inmuebles/casa-en-venta-chiveria-infonavit-veracruz-28918254,"MXN 1,250,000",1250000.0,MXN,0.0,90 m² const. | 3 rec. | 2 baños,,90.0,3,2,0,2 años en Propiedades.com,,"Chivería INFONAVIT, Veracruz, Veracruz de Ignacio de la Llave"," , Col. Chivería INFONAVIT C.P. 91714, Veracruz",,19.1834243,-96.1666519,2026-06-27T14:48:42.960559,2026-06-27T14:48:42.960559
https://propiedades.com/inmuebles/casa-en-venta-tejeria-veracruz-27142481,"MXN 580,000",580000.0,MXN,0.0,90 m² const. | 2 rec. | 1 baños,,90.0,2,1,0,3 años en Propiedades.com,,"Tejería, Veracruz, Veracruz de Ignacio de la Llave"," , Col. Tejería C.P. 91697, Veracruz",,19.173408,,2026-06-27T14:48:42.960561,2026-06-27T14:48:42.960561
https://propiedades.com/inmuebles/casa-en-venta-reforma-veracruz-30488160,"MXN 11,000,000",11000000.0,MXN,0.0,509 m² const. | 9 rec. | 10 baños,281.0,509.0,9,10,0,35 años,,"Reforma, Veracruz, Veracruz de Ignacio de la Llave"," , Col. Reforma C.P. 91919, Veracruz",,19.1749931,-96.1263804,2026-06-27T14:49:06.212432,2026-06-27T14:49:06.212432
https://propiedades.com/inmuebles/casa-en-venta-las-palmas-veracruz-31024531,"MXN 5,590,000",5590000.0,MXN,0.0,280 m² const. | 4 rec. | 4 baños,,280.0,4,4,0,3 meses en Propiedades.com,,"Las Palmas, Veracruz, Veracruz de Ignacio de la Llave"," , Col. Las Palmas C.P. 91779, Veracruz",,20.495374,-97.4878305,2026-06-27T14:49:06.212446,2026-06-27T14:49:06.212446
https://propiedades.com/inmuebles/casa-en-venta-veracruz-centro-veracruz-30995770,"MXN 1,900,000",1900000.0,MXN,0.0,120 m² const. | 3 rec. | 2 baños,,120.0,3,2,0,3 meses en Propiedades.com,,"Veracruz Centro, Veracruz, Veracruz de Ignacio de la Llave"," , Col. Veracruz Centro C.P. 91700, Veracruz",,19.191632,-96.1321855,2026-06-27T14:49:06.212448,2026-06-27T14:49:06.212448
https://www.propiedades.com/inmuebles/casa-en-venta-sin-nombre-de-calle-floresta-veracruz-30466735,"MXN 1,750,000",1750000.0,MXN,0.0,170 m² const. | 3 rec. | 3 baños | 1 estac.,,170.0,3,3,1,8 meses en Propiedades.com,Sin nombre de calle,"Floresta, Veracruz, Veracruz de Ignacio de la Llave","Sin nombre de calle, Col. Floresta C.P. 91940, Veracruz",,19.1556264,-96.1354683,2026-06-27T14:49:06.212449,2026-06-27T14:49:06.212449
https://propiedades.com/inmuebles/casa-en-venta-sin-nombre-de-calle-astilleros-de-veracruz-veracruz-28036815,"MXN 2,800,000",2800000.0,MXN,0.0,160 m² const. | 4 rec. | 4 baños | 2 estac.,200.0,160.0,4,4,2,2 años,Sin nombre de calle,"Astilleros de Veracruz, Veracruz, Veracruz de Ignacio de la Llave","Sin nombre de calle, Col. Astilleros de Veracruz C.P. 91800, Veracruz",Cisterna,19.2131439,-96.1858472,2026-06-27T14:49:06.212453,2026-06-27T14:49:06.212453
https://propiedades.com/inmuebles/casa-en-venta-ver-con-alicia-rosales-111-veracruz-centro-veracruz-29181743,"MXN 9,000,000",9000000.0,MXN,0.0,590 m² const. | 4 rec. | 5 baños,332.0,590.0,4,5,5,A estrenar,Ver con Alicia rosales  #111,"Veracruz Centro, Veracruz, Veracruz de Ignacio de la Llave","Ver con Alicia rosales  #111, Col. Veracruz Centro C.P. 91700, Veracruz",,19.189537,-96.1394441,2026-06-27T14:49:06.212456,2026-06-27T14:49:06.212456
https://propiedades.com/inmuebles/casa-en-venta-2-de-abril-800-ignacio-zaragoza-veracruz-30884695,"MXN 4,800,000",4800000.0,MXN,0.0,350 m² const. | 5 rec. | 4 baños,359.0,350.0,5,4,3,A estrenar,2 DE ABRIL #800,"Ignacio Zaragoza, Veracruz, Veracruz de Ignacio de la Llave","2 DE ABRIL #800, Col. Ignacio Zaragoza C.P. 91910, Veracruz",,19.1780491,-96.1288426,2026-06-27T14:49:06.212459,2026-06-27T14:49:06.212459
https://propiedades.com/inmuebles/casa-en-venta-fraccionamiento-dorado-real-91697-valente-diaz-ver-la-querencia-residencial-veracruz-30320757,"MXN 722,055",722055.0,MXN,0.0,2 rec. | 2 baños,,,2,2,1,10 meses en Propiedades.com,Fraccionamiento Dorado Real,"La Querencia Residencial, Veracruz, Veracruz de Ignacio de la Llave","Fraccionamiento Dorado Real, 91697 Valente Díaz, Ver., Col. La Querencia Residencial C.P. 91697, Veracruz",,19.16152754056537,-96.2241320566223,2026-06-27T14:49:06.212462,2026-06-27T14:49:06.212462
https://propiedades.com/inmuebles/casa-en-venta-ignacio-zaragoza-veracruz-29895601,"MXN 7,300,000",7300000.0,MXN,0.0,330 m² const. | 5 rec. | 4 baños,625.0,330.0,5,4,4,65 años,,"Ignacio Zaragoza, Veracruz, Veracruz de Ignacio de la Llave"," , Col. Ignacio Zaragoza C.P. 91910, Veracruz",,19.1780491,-96.1288426,2026-06-27T14:49:06.212464,2026-06-27T14:49:06.212464
https://propiedades.com/inmuebles/casa-en-venta-el-coyol-veracruz-30118049,"MXN 1,718,200",1718200.0,MXN,0.0,108 m² const. | 2 rec. | 2 baños,80.0,108.0,2,2,1,A estrenar,,"El Coyol, Veracruz, Veracruz de Ignacio de la Llave"," , Col. El Coyol C.P. 91780, Veracruz",,19.1696457,-96.1487994,2026-06-27T14:49:06.212466,2026-06-27T14:49:06.212466
https://propiedades.com/inmuebles/casa-en-venta-reforma-veracruz-29966795,"MXN 5,990,000",5990000.0,MXN,0.0,440 m² const. | 4 rec. | 3 baños,,440.0,4,3,0,1 año en Propiedades.com,,"Reforma, Veracruz, Veracruz de Ignacio de la Llave"," , Col. Reforma C.P. 91919, Veracruz",,19.1666652,-96.130336,2026-06-27T14:49:06.212468,2026-06-27T14:49:06.212468
https://propiedades.com/inmuebles/casa-en-venta-floresta-veracruz-31063803,"MXN 2,600,000",2600000.0,MXN,0.0,179 m² const. | 3 rec. | 2 baños,,179.0,3,2,0,2 meses en Propiedades.com,,"Floresta, Veracruz, Veracruz de Ignacio de la Llave"," , Col. Floresta C.P. 91940, Veracruz",,19.1505214,-96.1348527,2026-06-27T14:49:06.212469,2026-06-27T14:49:06.212469
https://propiedades.com/inmuebles/casa-en-venta-crystal-lagoons-veracruz-91699-veracruz-ver-dream-lagoons-veracruz-30863940,"MXN 1,750,000",1750000.0,MXN,0.0,85 m² const. | 3 rec. | 2 baños,,85.0,3,2,0,4 meses en Propiedades.com,Crystal Lagoons Veracruz,"Dream Lagoons, Veracruz, Veracruz de Ignacio de la Llave","Crystal Lagoons Veracruz, 91699 Veracruz, Ver., Col. Dream Lagoons C.P. 91699, Veracruz",Alberca | Aire acondicionado | Gimnasio,19.133046,-96.1743546,2026-06-27T14:49:06.212470,2026-06-27T14:49:06.212470
https://propiedades.com/inmuebles/casa-en-venta-seminario-los-heroes-veracruz-veracruz-28587393,"MXN 950,000",950000.0,MXN,0.0,67 m² const. | 2 rec. | 2 baños | 2 estac.,,67.0,2,2,2,2 años en Propiedades.com,Seminario #0,"Los Héroes Veracruz, Veracruz, Veracruz de Ignacio de la Llave","Seminario #0, Col. Los Héroes Veracruz C.P. 91698, Veracruz",Seguridad privada,19.1503163,-96.209673,2026-06-27T14:49:06.212472,2026-06-27T14:49:06.212472
https://propiedades.com/inmuebles/casa-en-venta-avenida-adalberto-tejada-1-puerta-paraiso-veracruz-28093823,"MXN 2,401,005",2401005.0,MXN,0.0,88 m² const. | 3 rec. | 3 baños,,88.0,3,3,0,2 años en Propiedades.com,Avenida Adalberto Tejada #1,"Puerta Paraíso, Veracruz, Veracruz de Ignacio de la Llave","Avenida Adalberto Tejada #1, Col. Puerta Paraíso C.P. 91699, Veracruz",Alberca | Seguridad privada,19.129338,-96.1724279,2026-06-27T14:49:06.212473,2026-06-27T14:49:06.212473
https://propiedades.com/inmuebles/casa-en-venta-cortes-y-calle-10-1300-pocitos-y-rivera-veracruz-29263833,"MXN 1,250,000",1250000.0,MXN,0.0,157 m² const. | 5 rec. | 2 baños,,157.0,5,2,0,1 año en Propiedades.com,Cortes y calle 10 #1300,"Pocitos y Rivera, Veracruz, Veracruz de Ignacio de la Llave","Cortes y calle 10 #1300, Col. Pocitos y Rivera C.P. 91729, Veracruz",Terraza,19.1787772,-96.151373,2026-06-27T14:49:06.212475,2026-06-27T14:49:06.212475
https://propiedades.com/inmuebles/casa-en-venta-floresta-1-floresta-80-veracruz-30459375,"MXN 2,490,000",2490000.0,MXN,0.0,180 m² const. | 3 rec. | 3 baños | 1 estac.,,180.0,3,3,1,8 meses en Propiedades.com,Floresta #1,"Floresta 80, Veracruz, Veracruz de Ignacio de la Llave","Floresta #1, Col. Floresta 80 C.P. 91948, Veracruz",,19.158009,-96.1395614,2026-06-27T14:49:06.212475,2026-06-27T14:49:06.212475
https://propiedades.com/inmuebles/casa-en-venta-paseo-los-robles-000-floresta-veracruz-29186834,"MXN 2,820,000",2820000.0,MXN,0.0,200 m² const. | 3 rec. | 4 baños,,200.0,3,4,0,1 año en Propiedades.com,paseo los robles #000,"Floresta, Veracruz, Veracruz de Ignacio de la Llave","paseo los robles #000, Col. Floresta C.P. 91940, Veracruz",Aire acondicionado | Cisterna,19.1556264,-96.1354683,2026-06-27T14:49:06.212476,2026-06-27T14:49:06.212476
https://propiedades.com/inmuebles/casa-en-venta-ignacio-zaragoza-veracruz-28672557,"MXN 6,500,000",6500000.0,MXN,0.0,470 m² const. | 6 rec. | 3 baños,,470.0,6,3,0,2 años en Propiedades.com,,"Ignacio Zaragoza, Veracruz, Veracruz de Ignacio de la Llave"," , Col. Ignacio Zaragoza C.P. 91910, Veracruz",,19.178105,-96.1276464,2026-06-27T14:49:06.212477,2026-06-27T14:49:06.212477
https://propiedades.com/inmuebles/casa-en-venta-lomas-del-rio-medio-veracruz-30801825,"MXN 1,260,000",1260000.0,MXN,0.0,91 m² const.,,91.0,0,0,0,5 meses en Propiedades.com,,"Lomas Del Rio Medio, Veracruz, Veracruz de Ignacio de la Llave"," , Col. Lomas Del Rio Medio C.P. 91809, Veracruz",,19.2114522,-96.1966186,2026-06-27T14:49:06.212478,2026-06-27T14:49:06.212478
https://propiedades.com/inmuebles/casa-en-venta-puerto-de-veracruz-veracruz-27626732,"MXN 1,130,000",1130000.0,MXN,0.0,86 m² const. | 3 rec. | 1 baños,,86.0,3,1,0,2 años en Propiedades.com,,"Puerto de Veracruz, Veracruz, Veracruz de Ignacio de la Llave"," , Col. Puerto de Veracruz C.P. 91709, Veracruz",,19.2023808,-96.21967719999999,2026-06-27T14:49:06.212479,2026-06-27T14:49:06.212479
https://propiedades.com/inmuebles/casa-en-venta-veracruz-veracruz-30389300,"MXN 3,970,000",3970000.0,MXN,0.0,235 m² const. | 3 rec. | 2 baños,,235.0,3,2,0,9 meses en Propiedades.com,,"Veracruz, Veracruz, Veracruz de Ignacio de la Llave"," , Col. Veracruz C.P. 91709, Veracruz",,19.0526387,-96.06097,2026-06-27T14:49:06.212480,2026-06-27T14:49:06.212480
https://propiedades.com/inmuebles/casa-en-venta-astilleros-de-veracruz-veracruz-31040642,"MXN 5,600,000",5600000.0,MXN,0.0,380 m² const. | 5 rec. | 4 baños,,380.0,5,4,0,3 meses en Propiedades.com,Col. Astilleros de Veracruz,"Astilleros de Veracruz, Veracruz, Veracruz de Ignacio de la Llave",", Col. Astilleros de Veracruz C.P. 91800, Veracruz",,19.2102729,-96.1831947,2026-06-27T14:49:06.212499,2026-06-27T14:49:06.212499
https://propiedades.com/inmuebles/casa-en-venta-playa-boca-andrea-playa-linda-91810-veracruz-ver-20-playa-linda-veracruz-30615766,"MXN 542,000",542000.0,MXN,0.0,39 m² const. | 1 rec. | 1 baños,,39.0,1,1,0,7 meses en Propiedades.com,Playa Boca Andrea,"Playa Linda, Veracruz, Veracruz de Ignacio de la Llave","Playa Boca Andrea, Playa Linda, 91810 Veracruz, Ver. #20, Col. Playa Linda C.P. 91810, Veracruz",,19.2125446,-96.1766882,2026-06-27T14:49:06.212500,2026-06-27T14:49:06.212500
https://propiedades.com/inmuebles/casa-en-venta-renacimiento-veracruz-27530201,"MXN 550,000",550000.0,MXN,0.0,50 m² const. | 2 rec. | 1 baños,,50.0,2,1,0,2 años en Propiedades.com,,"Renacimiento, Veracruz, Veracruz de Ignacio de la Llave"," , Col. Renacimiento C.P. 91808, Veracruz",,19.2239997,-96.21503279999999,2026-06-27T14:49:06.212501,2026-06-27T14:49:06.212501
https://propiedades.com/inmuebles/casa-en-venta-sin-nombre-de-calle-sn-siglo-xxi-veracruz-30394261,"MXN 1,800,000",1800000.0,MXN,0.0,90 m² const. | 3 rec. | 2 baños,,90.0,3,2,0,9 meses en Propiedades.com,Sin nombre de calle #snInt. s/n,"Siglo XXI, Veracruz, Veracruz de Ignacio de la Llave","Sin nombre de calle #snInt. s/n, Col. Siglo XXI C.P. 91777, Veracruz",Aire acondicionado,19.1555033,-96.1613155,2026-06-27T14:49:06.212503,2026-06-27T14:49:06.212503
https://www.propiedades.com/inmuebles/casa-en-venta-sin-nombre-de-calle-san-carlos-los-heroes-veracruz-veracruz-27993450,"MXN 1,388,000",1388000.0,MXN,0.0,74 m² const. | 3 rec. | 3 baños | 2 estac.,,74.0,3,3,2,2 años en Propiedades.com,Sin nombre de calle #San CarlosInt. Sn,"Los Héroes Veracruz, Veracruz, Veracruz de Ignacio de la Llave","Sin nombre de calle #San CarlosInt. Sn, Col. Los Héroes Veracruz C.P. 91698, Veracruz",Alberca | Seguridad privada | Cisterna,19.1503163,-96.209673,2026-06-27T14:49:06.212504,2026-06-27T14:49:06.212504
https://propiedades.com/inmuebles/casa-en-venta-sin-nombre-de-calle-ignacio-zaragoza-veracruz-28600404,"MXN 7,300,000",7300000.0,MXN,0.0,330 m² const. | 3 rec. | 2 baños,,330.0,3,2,0,2 años en Propiedades.com,Sin nombre de calle #.,"Ignacio Zaragoza, Veracruz, Veracruz de Ignacio de la Llave","Sin nombre de calle #., Col. Ignacio Zaragoza C.P. 91910, Veracruz",,19.1780491,-96.1288426,2026-06-27T14:49:06.212505,2026-06-27T14:49:06.212505
https://propiedades.com/inmuebles/casa-en-venta-nuevo-veracruz-veracruz-30634343,"MXN 4,800,000",4800000.0,MXN,0.0,285 m² const. | 4 rec. | 3 baños,,285.0,4,3,0,6 meses en Propiedades.com,,"Nuevo Veracruz, Veracruz, Veracruz de Ignacio de la Llave"," , Col. Nuevo Veracruz C.P. 91726, Veracruz",,19.1757016,-96.1858481,2026-06-27T14:49:06.212506,2026-06-27T14:49:06.212506
https://propiedades.com/inmuebles/casa-en-venta-santa-ines-204-colinas-de-santa-fe-veracruz-31314470,"MXN 1,100,000",1100000.0,MXN,0.0,118 m² const. | 3 rec. | 2 baños | 2 estac.,,118.0,3,2,2,1 mes en Propiedades.com,Santa Inés #204,"Colinas de Santa Fe, Veracruz, Veracruz de Ignacio de la Llave","Santa Inés #204, Col. Colinas de Santa Fe C.P. 91808, Veracruz",,19.1796098,-96.2501104,2026-06-27T14:49:06.212507,2026-06-27T14:49:06.212507
https://propiedades.com/inmuebles/casa-en-venta-casa-reforma-veracruz-30724197,"MXN 10,850,000",10850000.0,MXN,0.0,10 m² const. | 4 rec. | 4 baños,,10.0,4,4,0,5 meses en Propiedades.com,Casa,"Reforma, Veracruz, Veracruz de Ignacio de la Llave","Casa, Col. Reforma C.P. 91919, Veracruz",Alberca | Aire acondicionado,19.16642,-96.12901,2026-06-27T14:49:06.212508,2026-06-27T14:49:06.212508
https://propiedades.com/inmuebles/casa-en-venta-punta-del-este-155-playa-linda-veracruz-30595064,"MXN 530,000",530000.0,MXN,0.0,40 m² const. | 1 rec. | 1 baños,,40.0,1,1,0,7 meses en Propiedades.com,PUNTA DEL ESTE #155,"Playa Linda, Veracruz, Veracruz de Ignacio de la Llave","PUNTA DEL ESTE #155, Col. Playa Linda C.P. 91810, Veracruz",,19.213501,-96.1752377,2026-06-27T14:49:06.212509,2026-06-27T14:49:06.212509
https://propiedades.com/inmuebles/casa-en-venta-orquideas-4-2-caminos-veracruz-30439766,"MXN 1,635,000",1635000.0,MXN,0.0,115 m² const. | 3 rec. | 1 baños,,115.0,3,1,0,8 meses en Propiedades.com,ORQUIDEAS #4,"2 Caminos, Veracruz, Veracruz de Ignacio de la Llave","ORQUIDEAS #4, Col. 2 Caminos C.P. 91726, Veracruz",,19.1751065,-96.17258559999999,2026-06-27T14:49:06.212510,2026-06-27T14:49:06.212510
https://propiedades.com/inmuebles/casa-en-venta-1-de-mayo-veracruz-centro-veracruz-30893721,"MXN 6,300,000",6300000.0,MXN,0.0,425 m² const. | 5 rec. | 4 baños | 3 estac.,,425.0,5,4,3,4 meses en Propiedades.com,1 de mayo,"Veracruz Centro, Veracruz, Veracruz de Ignacio de la Llave","1 de mayo, Col. Veracruz Centro C.P. 91700, Veracruz",Cisterna,19.189537,-96.1394441,2026-06-27T14:49:06.212511,2026-06-27T14:49:06.212511
https://propiedades.com/inmuebles/casa-en-venta-diodoro-gonzalez-564-las-brisas-veracruz-28557990,"MXN 2,000,000",2000000.0,MXN,0.0,203 m² const. | 4 rec. | 2 baños | 1 estac.,,203.0,4,2,1,2 años en Propiedades.com,Diodoro González  #564Int. 0,"Las Brisas, Veracruz, Veracruz de Ignacio de la Llave","Diodoro González  #564Int. 0, Col. Las Brisas C.P. 91809, Veracruz",,19.2043522,-96.1831947,2026-06-27T14:49:06.212512,2026-06-27T14:49:06.212512
https://propiedades.com/inmuebles/casa-en-venta-lomas-00-dos-lomas-veracruz-30854595,"MXN 1,338,000",1338000.0,MXN,0.0,74 m² const. | 3 rec. | 3 baños,,74.0,3,3,0,4 meses en Propiedades.com,lomas #00,"Dos Lomas, Veracruz, Veracruz de Ignacio de la Llave","lomas #00, Col. Dos Lomas C.P. 91697, Veracruz",Seguridad privada | Aire acondicionado | Cisterna,19.1462309,-96.2389221,2026-06-27T14:49:06.212513,2026-06-27T14:49:06.212513
https://propiedades.com/inmuebles/casa-en-venta-veracruz-veracruz-31461119,"MXN 970,000",970000.0,MXN,0.0,68 m² const. | 3 rec. | 1 baños,,68.0,3,1,0,14 días en Propiedades.com,,"Veracruz, Veracruz, Veracruz de Ignacio de la Llave"," , Col. Veracruz C.P. 91709, Veracruz",,19.149604133,-96.159438797,2026-06-27T14:49:06.212514,2026-06-27T14:49:06.212514
https://propiedades.com/inmuebles/casa-en-venta-pte-5-sn-articulo-123-veracruz-30745996,"MXN 900,000",900000.0,MXN,0.0,90 m² const. | 2 rec. | 2 baños,,90.0,2,2,0,5 meses en Propiedades.com,pte 5 #s/n,"Articulo 123, Veracruz, Veracruz de Ignacio de la Llave","pte 5 #s/n, Col. Articulo 123 C.P. 91947, Veracruz",,19.1488115,-96.1401067,2026-06-27T14:49:06.212515,2026-06-27T14:49:06.212515
https://propiedades.com/inmuebles/casa-en-venta-uxmal-100-siglo-xxi-veracruz-30277717,"MXN 1,384,000",1384000.0,MXN,0.0,91 m² const. | 2 rec. | 2 baños,,91.0,2,2,0,10 meses en Propiedades.com,UXMAL #100,"Siglo XXI, Veracruz, Veracruz de Ignacio de la Llave","UXMAL #100, Col. Siglo XXI C.P. 91777, Veracruz",,19.1555033,-96.1613155,2026-06-27T14:49:06.212516,2026-06-27T14:49:06.212516
https://propiedades.com/inmuebles/casa-en-venta-artesanos-273-populares-veracruz-30122686,"MXN 2,500,000",2500000.0,MXN,0.0,270 m² const. | 4 rec. | 3 baños | 4 estac.,,270.0,4,3,4,11 meses en Propiedades.com,Artesanos #273,"Populares, Veracruz, Veracruz de Ignacio de la Llave","Artesanos #273, Col. Populares C.P. 91713, Veracruz",Aire acondicionado | Terraza,19.1753732,-96.16463,2026-06-27T14:49:06.212518,2026-06-27T14:49:06.212518
https://propiedades.com/inmuebles/casa-en-venta-la-querencia-residencial-veracruz-30712647,"MXN 1,415,000",1415000.0,MXN,0.0,2 rec. | 1 baños,,,2,1,0,5 meses en Propiedades.com,Col. La Querencia Residencial,"La Querencia Residencial, Veracruz, Veracruz de Ignacio de la Llave",", Col. La Querencia Residencial C.P. 91697, Veracruz",,18.7253172,-95.9864296,2026-06-27T14:49:06.212525,2026-06-27T14:49:06.212525
https://propiedades.com/inmuebles/casa-en-venta-ursulo-galvan-00-veracruz-centro-veracruz-28043135,"MXN 2,059,531",2059531.0,MXN,0.0,280 m² const. | 3 rec. | 2 baños,,280.0,3,2,0,2 años en Propiedades.com,URSULO GALVAN #00,"Veracruz Centro, Veracruz, Veracruz de Ignacio de la Llave","URSULO GALVAN #00, Col. Veracruz Centro C.P. 91700, Veracruz",,19.189537,-96.1394441,2026-06-27T14:49:06.212526,2026-06-27T14:49:06.212526
https://propiedades.com/inmuebles/casa-en-venta-lomas-de-rio-medio-ii-veracruz-29143261,"MXN 750,000",750000.0,MXN,0.0,70 m² const. | 2 rec. | 1 baños,,70.0,2,1,0,1 año en Propiedades.com,,"Lomas de Rio Medio II, Veracruz, Veracruz de Ignacio de la Llave"," , Col. Lomas de Rio Medio II C.P. 91809, Veracruz",,19.2060585,-96.1984484,2026-06-27T14:49:06.212527,2026-06-27T14:49:06.212527
https://propiedades.com/inmuebles/casa-en-venta-faros-veracruz-30303168,"MXN 5,500,000",5500000.0,MXN,0.0,402 m² const. | 4 rec. | 4 baños,,402.0,4,4,0,10 meses en Propiedades.com,,"Faros, Veracruz, Veracruz de Ignacio de la Llave"," , Col. Faros C.P. 91709, Veracruz",,19.1997243,-96.1323551,2026-06-27T14:49:06.212528,2026-06-27T14:49:06.212528
https://propiedades.com/inmuebles/casa-en-venta-cosntitucion-105-veracruz-centro-veracruz-25763106,"MXN 11,000,000",11000000.0,MXN,0.0,"1,160 m² const. | 9 rec. | 9 baños",,1160.0,9,9,0,4 años en Propiedades.com,Cosntitución #105,"Veracruz Centro, Veracruz, Veracruz de Ignacio de la Llave","Cosntitución #105, Col. Veracruz Centro C.P. 91700, Veracruz",,19.2007431,-96.1432819,2026-06-27T14:49:06.212529,2026-06-27T14:49:06.212529
https://propiedades.com/inmuebles/casa-en-venta-geovillas-campestre-veracruz-30049563,"MXN 8,500,000",8500000.0,MXN,0.0,500 m² const. | 3 rec. | 3 baños,2266.0,500.0,3,3,12,2 años,,"Geovillas Campestre, Veracruz, Veracruz de Ignacio de la Llave"," , Col. Geovillas Campestre C.P. 91826, Veracruz",,19.1513858,-96.1306182,2026-06-27T14:49:31.042655,2026-06-27T14:49:31.042655
https://propiedades.com/inmuebles/casa-en-venta-sin-nombre-de-calle-colinas-de-san-jorge-veracruz-26707759,"MXN 1,200,000",1200000.0,MXN,0.0,115 m² const. | 4 rec. | 2 baños | 2 estac.,135.0,115.0,4,2,2,10 años,Sin nombre de calle,"Colinas de San Jorge, Veracruz, Veracruz de Ignacio de la Llave","Sin nombre de calle, Col. Colinas de San Jorge C.P. 91808, Veracruz",Seguridad privada,19.2091527,-96.2273081,2026-06-27T14:49:31.042670,2026-06-27T14:49:31.042670
https://www.propiedades.com/inmuebles/casa-en-venta-floresta-00-floresta-veracruz-29899177,"MXN 2,300,000",2300000.0,MXN,0.0,200 m² const. | 2 rec. | 3 baños | 2 estac.,,200.0,2,3,2,1 año en Propiedades.com,FLORESTA #00,"Floresta, Veracruz, Veracruz de Ignacio de la Llave","FLORESTA #00, Col. Floresta C.P. 91940, Veracruz",Cisterna,19.1556264,-96.1354683,2026-06-27T14:49:31.042673,2026-06-27T14:49:31.042673
https://propiedades.com/inmuebles/casa-en-venta-veracruz-veracruz-30177533,"MXN 1,360,000",1360000.0,MXN,0.0,Sin caracteristicas,,,0,0,0,A estrenar,,"Veracruz, Veracruz, Veracruz de Ignacio de la Llave"," , Col. Veracruz C.P. 91709, Veracruz",,19.1668781,-96.1454603,2026-06-27T14:49:31.042676,2026-06-27T14:49:31.042676
https://propiedades.com/inmuebles/casa-en-venta-cabo-romain-sn-lomas-de-rio-medio-iii-veracruz-30800899,"MXN 1,250,000",1250000.0,MXN,0.0,115 m² const. | 2 rec. | 3 baños | 1 estac.,,115.0,2,3,1,5 meses en Propiedades.com,Cabo Romain #sn,"Lomas de Rio Medio III, Veracruz, Veracruz de Ignacio de la Llave","Cabo Romain #sn, Col. Lomas de Rio Medio III C.P. 91809, Veracruz",,19.2058793,-96.2037549,2026-06-27T14:49:31.042677,2026-06-27T14:49:31.042677
https://propiedades.com/inmuebles/casa-en-venta-carlos-cruz-732-veracruz-centro-veracruz-30659775,"MXN 3,350,000",3350000.0,MXN,0.0,284 m² const. | 5 rec. | 7 baños,142.0,284.0,5,7,3,A estrenar,Carlos Cruz  #732,"Veracruz Centro, Veracruz, Veracruz de Ignacio de la Llave","Carlos Cruz  #732, Col. Veracruz Centro C.P. 91700, Veracruz",Aire acondicionado | Cisterna,19.189537,-96.1394441,2026-06-27T14:49:31.042680,2026-06-27T14:49:31.042680
https://propiedades.com/inmuebles/casa-en-venta-sin-nombre-de-calle-playa-linda-veracruz-30063162,"MXN 1,450,000",1450000.0,MXN,0.0,111 m² const. | 3 rec. | 2 baños | 1 estac.,175.0,111.0,3,2,1,A estrenar,Sin nombre de calle,"Playa Linda, Veracruz, Veracruz de Ignacio de la Llave","Sin nombre de calle, Col. Playa Linda C.P. 91810, Veracruz",,19.213501,-96.1752377,2026-06-27T14:49:31.042683,2026-06-27T14:49:31.042683
https://propiedades.com/inmuebles/casa-en-venta-av-lafragua-sn-veracruz-centro-veracruz-24761321,"MXN 4,293,000",4293000.0,MXN,0.0,584 m² const. | 1 rec. | 1 baños,,584.0,1,1,0,4 años en Propiedades.com,Av. Lafragua #s/n,"Veracruz Centro, Veracruz, Veracruz de Ignacio de la Llave","Av. Lafragua #s/n, Col. Veracruz Centro C.P. 91700, Veracruz",,19.189537,-96.1394441,2026-06-27T14:49:31.042685,2026-06-27T14:49:31.042685
https://propiedades.com/inmuebles/casa-en-venta-moctezuma-378-buenavista-91850-veracruz-ver-mexico-reserva-tarimoya-i-veracruz-31303940,"MXN 1,550,000",1550000.0,MXN,0.0,165 m² const. | 2 rec. | 2 baños,119.0,165.0,2,2,1,1 años,Moctezuma 378,"Reserva Tarimoya I, Veracruz, Veracruz de Ignacio de la Llave","Moctezuma 378, Buenavista, 91850 Veracruz, Ver., México, Col. Reserva Tarimoya I C.P. 91850, Veracruz",,19.1927736,-96.1720712,2026-06-27T14:49:31.042688,2026-06-27T14:49:31.042688
https://propiedades.com/inmuebles/casa-en-venta-echeven-732-veracruz-centro-veracruz-30159030,"MXN 1,584,000",1584000.0,MXN,0.0,125 m² const. | 3 rec. | 2 baños,,125.0,3,2,0,11 meses en Propiedades.com,Echeven #732,"Veracruz Centro, Veracruz, Veracruz de Ignacio de la Llave","Echeven #732, Col. Veracruz Centro C.P. 91700, Veracruz",,19.1854,-96.1427,2026-06-27T14:49:31.042705,2026-06-27T14:49:31.042705
https://propiedades.com/inmuebles/casa-en-venta-sin-nombre-de-calle-tulipan-colina-de-los-pajaros-veracruz-30715942,"MXN 1,195,000",1195000.0,MXN,0.0,85 m² const. | 3 rec. | 3 baños,,85.0,3,3,0,5 meses en Propiedades.com,Sin nombre de calle #tulipanInt. s/n,"Colina de los Pájaros, Veracruz, Veracruz de Ignacio de la Llave","Sin nombre de calle #tulipanInt. s/n, Col. Colina de los Pájaros C.P. 91697, Veracruz",,19.2105171,-96.2265195,2026-06-27T14:49:31.042706,2026-06-27T14:49:31.042706
https://propiedades.com/inmuebles/casa-en-venta-paseo-de-las-palmas-veracruz-31510528,"USD 612,600",612600.0,USD,0.0,36 m² const. | 2 rec. | 1 baños,,36.0,2,1,0,A estrenar,,"Paseo de las Palmas, Veracruz, Veracruz de Ignacio de la Llave"," , Col. Paseo de las Palmas C.P. 91697, Veracruz",,19.1443256,-96.2306678,2026-06-27T14:49:31.042708,2026-06-27T14:49:31.042708
https://propiedades.com/inmuebles/casa-en-venta-ver-con-wilson-111-puerta-paraiso-veracruz-29210611,"MXN 1,350,000",1350000.0,MXN,0.0,120 m² const. | 3 rec. | 3 baños,,120.0,3,3,0,1 año en Propiedades.com,Ver con Wilson  #111,"Puerta Paraíso, Veracruz, Veracruz de Ignacio de la Llave","Ver con Wilson  #111, Col. Puerta Paraíso C.P. 91699, Veracruz",,19.129338,-96.1724279,2026-06-27T14:49:31.042710,2026-06-27T14:49:31.042710
https://www.propiedades.com/inmuebles/casa-en-venta-sin-nombre-de-calle-sn-xana-veracruz-25055772,"MXN 1,797,000",1797000.0,MXN,0.0,95 m² const. | 3 rec. | 3 baños | 2 estac.,,95.0,3,3,2,4 años en Propiedades.com,Sin nombre de calle #SnInt. Cedro,"Xana, Veracruz, Veracruz de Ignacio de la Llave","Sin nombre de calle #SnInt. Cedro , Col. Xana C.P. 91726, Veracruz",Alberca | Seguridad privada,19.1583382,-96.1784342,2026-06-27T14:49:31.042712,2026-06-27T14:49:31.042712
https://propiedades.com/inmuebles/casa-en-venta-lago-de-patzcuaro-678-coyol-fovissste-veracruz-27575582,"MXN 2,590,000",2590000.0,MXN,0.0,268 m² const. | 4 rec. | 5 baños,,268.0,4,5,0,2 años en Propiedades.com,LAGO  DE PATZCUARO #678,"Coyol FOVISSSTE, Veracruz, Veracruz de Ignacio de la Llave","LAGO  DE PATZCUARO #678, Col. Coyol FOVISSSTE C.P. 91779, Veracruz",Aire acondicionado | Cisterna,19.1630367,-96.1573383,2026-06-27T14:49:31.042714,2026-06-27T14:49:31.042714
https://propiedades.com/inmuebles/casa-en-venta-calle-circuito-11-648-geovillas-los-pinos-ii-veracruz-28427863,"MXN 1,200,000",1200000.0,MXN,0.0,78 m² const. | 3 rec. | 2 baños,,78.0,3,2,0,2 años en Propiedades.com,Calle Circuito 11 #648,"Geovillas los Pinos II, Veracruz, Veracruz de Ignacio de la Llave","Calle Circuito 11 #648, Col. Geovillas los Pinos II C.P. 91808, Veracruz",Terraza,19.2155698,-96.2276322,2026-06-27T14:49:31.042715,2026-06-27T14:49:31.042715
https://propiedades.com/inmuebles/casa-en-venta-sin-nombre-de-calle-enrique-c-rebsamen-veracruz-30137353,"MXN 2,850,000",2850000.0,MXN,0.0,200 m² const. | 5 rec. | 3 baños | 2 estac.,,200.0,5,3,2,11 meses en Propiedades.com,Sin nombre de calle,"Enrique C Rebsamen, Veracruz, Veracruz de Ignacio de la Llave","Sin nombre de calle, Col. Enrique C Rebsamen C.P. 91968, Veracruz",Seguridad privada,19.1587224,-96.13347,2026-06-27T14:49:31.042716,2026-06-27T14:49:31.042716
https://propiedades.com/inmuebles/casa-en-venta-av-encino-000-floresta-veracruz-29173552,"MXN 2,289,458",2289458.0,MXN,0.0,70 m² const. | 3 rec. | 2 baños,,70.0,3,2,0,1 año en Propiedades.com,AV. ENCINO #000,"Floresta, Veracruz, Veracruz de Ignacio de la Llave","AV. ENCINO #000, Col. Floresta C.P. 91940, Veracruz",Cisterna,19.1556264,-96.1354683,2026-06-27T14:49:31.042717,2026-06-27T14:49:31.042717
https://propiedades.com/inmuebles/casa-en-venta-residencial-alika-geovillas-los-pinos-veracruz-29742441,"MXN 1,300,000",1300000.0,MXN,0.0,73 m² const. | 2 rec. | 2 baños | 1 estac.,,73.0,2,2,1,1 año en Propiedades.com,RESIDENCIAL ALIKA #0,"Geovillas los Pinos, Veracruz, Veracruz de Ignacio de la Llave","RESIDENCIAL ALIKA #0, Col. Geovillas los Pinos C.P. 91808, Veracruz",Seguridad privada | Aire acondicionado,19.2147592,-96.2256491,2026-06-27T14:49:31.042719,2026-06-27T14:49:31.042719
https://propiedades.com/inmuebles/casa-en-venta-centro-00-veracruz-centro-veracruz-30789812,"MXN 2,800,000",2800000.0,MXN,0.0,139 m² const. | 3 rec. | 2 baños,,139.0,3,2,0,5 meses en Propiedades.com,centro #00,"Veracruz Centro, Veracruz, Veracruz de Ignacio de la Llave","centro #00, Col. Veracruz Centro C.P. 91700, Veracruz",Aire acondicionado | Cisterna,19.189537,-96.1394441,2026-06-27T14:49:31.042727,2026-06-27T14:49:31.042727
https://propiedades.com/inmuebles/casa-en-venta-av-zapotecas-185-francisco-villa-veracruz-31036582,"MXN 1,800,000",1800000.0,MXN,0.0,160 m² const. | 3 rec. | 2 baños,,160.0,3,2,0,3 meses en Propiedades.com,Av. Zapotecas #185,"Francisco Villa, Veracruz, Veracruz de Ignacio de la Llave","Av. Zapotecas #185, Col. Francisco Villa C.P. 91960, Veracruz",,19.14283,-96.14283,2026-06-27T14:49:31.042729,2026-06-27T14:49:31.042729
https://propiedades.com/inmuebles/casa-en-venta-sin-nombre-de-calle-sn-las-brisas-veracruz-31056293,"MXN 2,400,000",2400000.0,MXN,0.0,240 m² const. | 5 rec. | 4 baños | 1 estac.,,240.0,5,4,1,4 meses en Propiedades.com,Sin nombre de calle #S/N,"Las Brisas, Veracruz, Veracruz de Ignacio de la Llave","Sin nombre de calle #S/N, Col. Las Brisas C.P. 91809, Veracruz",Seguridad privada | Aire acondicionado,19.2043522,-96.1831947,2026-06-27T14:49:31.042730,2026-07-29T21:25:02.111664
https://propiedades.com/inmuebles/casa-en-venta-dream-lagoons-ara-crystal-lagoons-veracruz-30818877,"MXN 4,000,000",4000000.0,MXN,0.0,140 m² const. | 3 rec. | 2 baños | 1 estac.,,140.0,3,2,1,5 meses en Propiedades.com,Dream Lagoons,"ARA Crystal Lagoons, Veracruz, Veracruz de Ignacio de la Llave","Dream Lagoons, Col. ARA Crystal Lagoons C.P. 91775, Veracruz",Alberca | Seguridad privada | Aire acondicionado,19.1902778,-96.1533333,2026-06-27T14:49:31.042731,2026-06-27T14:49:31.042731
https://propiedades.com/inmuebles/casa-en-venta-sin-nombre-de-calle-los-pinos-veracruz-29732743,"MXN 3,100,000",3100000.0,MXN,0.0,300 m² const. | 4 rec. | 3 baños,,300.0,4,3,0,1 año en Propiedades.com,Sin nombre de calle,"Los Pinos, Veracruz, Veracruz de Ignacio de la Llave","Sin nombre de calle, Col. Los Pinos C.P. 91870, Veracruz",Cisterna,19.2080254,-96.1619784,2026-06-27T14:49:31.042732,2026-06-27T14:49:31.042732
https://propiedades.com/inmuebles/casa-en-venta-floresta-veracruz-29369123,"MXN 4,200,000",4200000.0,MXN,0.0,450 m² const. | 5 rec. | 8 baños,,450.0,5,8,0,1 año en Propiedades.com,,"Floresta, Veracruz, Veracruz de Ignacio de la Llave"," , Col. Floresta C.P. 91940, Veracruz",,19.1519902,-96.1343345,2026-06-27T14:49:31.042734,2026-06-27T14:49:31.042734
https://propiedades.com/inmuebles/casa-en-venta-sin-nombre-de-calle-ricardo-flores-magon-veracruz-29295469,"MXN 6,800,000",6800000.0,MXN,0.0,375 m² const. | 4 rec. | 5 baños,,375.0,4,5,0,1 año en Propiedades.com,Sin nombre de calle,"Ricardo Flores Magón, Veracruz, Veracruz de Ignacio de la Llave","Sin nombre de calle, Col. Ricardo Flores Magón C.P. 91900, Veracruz",Alberca | Terraza,19.1914151,-96.1275175,2026-06-27T14:49:31.042735,2026-06-27T14:49:31.042735
https://propiedades.com/inmuebles/casa-en-venta-veracruz-veracruz-30928840,"MXN 2,600,000",2600000.0,MXN,0.0,110 m² const. | 3 rec. | 2 baños,,110.0,3,2,0,4 meses en Propiedades.com,,"Veracruz, Veracruz, Veracruz de Ignacio de la Llave"," , Col. Veracruz C.P. 91709, Veracruz",,,,2026-06-27T14:49:31.042736,2026-06-27T14:49:31.042736
https://propiedades.com/inmuebles/casa-en-venta-floresta-000-floresta-veracruz-30850332,"MXN 2,950,000",2950000.0,MXN,0.0,265 m² const. | 3 rec. | 4 baños,,265.0,3,4,0,4 meses en Propiedades.com,FLORESTA #000,"Floresta, Veracruz, Veracruz de Ignacio de la Llave","FLORESTA #000, Col. Floresta C.P. 91940, Veracruz",Aire acondicionado | Cisterna,19.1556264,-96.1354683,2026-06-27T14:49:31.042737,2026-06-27T14:49:31.042737
https://propiedades.com/inmuebles/casa-en-venta-xana-veracruz-31066611,"MXN 2,600,000",2600000.0,MXN,0.0,110 m² const. | 3 rec. | 2 baños,,110.0,3,2,0,2 meses en Propiedades.com,,"Xana, Veracruz, Veracruz de Ignacio de la Llave"," , Col. Xana C.P. 91726, Veracruz",,19.1617397,-96.1814665,2026-06-27T14:49:31.042739,2026-06-27T14:49:31.042739
https://propiedades.com/inmuebles/casa-en-venta-circuito-32-27-las-palmas-veracruz-26098572,"MXN 4,300,000",4300000.0,MXN,0.0,310 m² const. | 3 rec. | 5 baños,,310.0,3,5,0,3 años en Propiedades.com,CIRCUITO  32 #27,"Las Palmas, Veracruz, Veracruz de Ignacio de la Llave","CIRCUITO  32 #27, Col. Las Palmas C.P. 91779, Veracruz",Alberca | Seguridad privada | Aire acondicionado | Cisterna,19.1616453,-96.154687,2026-06-27T14:49:31.042745,2026-06-27T14:49:31.042745
https://propiedades.com/inmuebles/casa-en-venta-laguna-real-veracruz-30799773,"MXN 2,200,000",2200000.0,MXN,0.0,220 m² const. | 4 rec. | 4 baños,,220.0,4,4,0,5 meses en Propiedades.com,Col. Laguna Real,"Laguna Real, Veracruz, Veracruz de Ignacio de la Llave",", Col. Laguna Real C.P. 91790, Veracruz",,19.149087,-96.1540241,2026-06-27T14:49:31.042747,2026-06-27T14:49:31.042747
https://www.propiedades.com/inmuebles/casa-en-venta-anton-lizardo-sur-0-costa-dorada-veracruz-29704488,"MXN 675,000",675000.0,MXN,0.0,170 m² const. | 3 rec. | 3 baños | 2 estac.,,170.0,3,3,2,1 año en Propiedades.com,Anton Lizardo sur #0,"Costa Dorada, Veracruz, Veracruz de Ignacio de la Llave","Anton Lizardo sur #0, Col. Costa Dorada C.P. 91808, Veracruz",Terraza,19.211667,-96.1820373,2026-06-27T14:49:31.042748,2026-06-27T14:49:31.042748
https://propiedades.com/inmuebles/casa-en-venta-estadios-21-de-abril-veracruz-28595573,"MXN 1,600,000",1600000.0,MXN,0.0,276 m² const. | 4 rec. | 2 baños,,276.0,4,2,0,2 años en Propiedades.com,ESTADIOS #0,"21 de Abril, Veracruz, Veracruz de Ignacio de la Llave","ESTADIOS #0, Col. 21 de Abril C.P. 91720, Veracruz",Seguridad privada | Aire acondicionado | Cisterna,19.1847864,-96.1487219,2026-06-27T14:49:31.042749,2026-06-27T14:49:31.042749
https://propiedades.com/inmuebles/casa-en-venta-sin-nombre-de-calle-las-brisas-veracruz-29205639,"MXN 1,400,000",1400000.0,MXN,0.0,245 m² const. | 4 rec. | 4 baños,,245.0,4,4,0,1 año en Propiedades.com,Sin nombre de calle,"Las Brisas, Veracruz, Veracruz de Ignacio de la Llave","Sin nombre de calle, Col. Las Brisas C.P. 91809, Veracruz",Cisterna,19.2043522,-96.1831947,2026-06-27T14:49:31.042750,2026-06-27T14:49:31.042750
https://www.propiedades.com/inmuebles/casa-en-venta-san-arturo-sn-hacienda-paraiso-veracruz-30736444,"MXN 1,598,000",1598000.0,MXN,0.0,135 m² const. | 3 rec. | 3 baños | 1 estac.,,135.0,3,3,1,5 meses en Propiedades.com,san arturo #SnInt. S/n,"Hacienda Paraíso, Veracruz, Veracruz de Ignacio de la Llave","san arturo #SnInt. S/n, Col. Hacienda Paraíso C.P. 91775, Veracruz",Seguridad privada | Cisterna,19.1902778,-96.1533333,2026-06-27T14:49:31.042752,2026-06-27T14:49:31.042752
https://propiedades.com/inmuebles/casa-en-venta-floresta-veracruz-30846098,"MXN 4,800,000",4800000.0,MXN,0.0,600 m² const. | 10 rec.,,600.0,10,0,0,4 meses en Propiedades.com,,"Floresta, Veracruz, Veracruz de Ignacio de la Llave"," , Col. Floresta C.P. 91940, Veracruz",,19.175196,-96.125678,2026-06-27T14:49:31.042753,2026-06-27T14:49:31.042753
https://propiedades.com/inmuebles/casa-en-venta-ignacio-zaragoza-veracruz-27735120,"MXN 7,000,000",7000000.0,MXN,0.0,812 m² const. | 6 rec. | 4 baños,,812.0,6,4,0,2 años en Propiedades.com,,"Ignacio Zaragoza, Veracruz, Veracruz de Ignacio de la Llave"," , Col. Ignacio Zaragoza C.P. 91910, Veracruz",,19.1762384,-96.1241843,2026-06-27T14:49:31.042754,2026-06-27T14:49:31.042754
https://propiedades.com/inmuebles/casa-en-venta-valente-diaz-veracruz-26544370,"MXN 1,280,000",1280000.0,MXN,0.0,95 m² const. | 3 rec. | 2 baños,,95.0,3,2,0,3 años en Propiedades.com,,"Valente Diaz, Veracruz, Veracruz de Ignacio de la Llave"," , Col. Valente Diaz C.P. 91725, Veracruz",,19.1719732,-96.22166779999999,2026-06-27T14:49:31.042755,2026-06-27T14:49:31.042755
https://propiedades.com/inmuebles/casa-en-venta-jimenez-267-veracruz-centro-veracruz-31311690,"MXN 1,850,000",1850000.0,MXN,0.0,125 m² const. | 2 rec. | 2 baños | 3 estac.,,125.0,2,2,3,1 mes en Propiedades.com,Jiménez #267,"Veracruz Centro, Veracruz, Veracruz de Ignacio de la Llave","Jiménez #267, Col. Veracruz Centro C.P. 91700, Veracruz",Cisterna,19.189537,-96.1394441,2026-06-27T14:49:31.042757,2026-06-27T14:49:31.042757
https://propiedades.com/inmuebles/casa-en-venta-21-de-abril-veracruz-30557362,"MXN 1,450,000",1450000.0,MXN,0.0,158 m² const. | 3 rec. | 2 baños,,158.0,3,2,0,7 meses en Propiedades.com,Col. 21 de Abril,"21 de Abril, Veracruz, Veracruz de Ignacio de la Llave",", Col. 21 de Abril C.P. 91720, Veracruz",Terraza,19.1847864,-96.1487219,2026-06-27T14:49:31.042758,2026-06-27T14:49:31.042758
https://propiedades.com/inmuebles/casa-en-venta-casa-en-venta-av-bolivar-reforma-veracruz-31440722,"MXN 11,000,000",11000000.0,MXN,0.0,570 m² const. | 3 rec. | 3 baños | 4 estac.,,570.0,3,3,4,19 días en Propiedades.com,Casa en Venta Av. Bolívar,"Reforma, Veracruz, Veracruz de Ignacio de la Llave","Casa en Venta Av. Bolívar, Col. Reforma C.P. 91919, Veracruz",,19.1707806,-96.1248675,2026-06-27T14:49:31.042759,2026-06-27T14:49:31.042759
https://propiedades.com/inmuebles/casa-en-venta-calle-1-47-malibran-veracruz-30241878,"MXN 2,000,000",2000000.0,MXN,0.0,136 m² const. | 3 rec. | 3 baños,,136.0,3,3,0,10 meses en Propiedades.com,Calle 1 #47,"Malibran, Veracruz, Veracruz de Ignacio de la Llave","Calle 1 #47, Col. Malibran C.P. 91947, Veracruz",Seguridad privada,19.1496,-96.142,2026-06-27T14:49:31.042760,2026-06-27T14:49:31.042760
https://propiedades.com/inmuebles/casa-en-venta-veracruz-centro-veracruz-29227886,"MXN 9,500,000",9500000.0,MXN,0.0,357 m² const. | 5 rec.,,357.0,5,0,0,1 año en Propiedades.com,,"Veracruz Centro, Veracruz, Veracruz de Ignacio de la Llave"," , Col. Veracruz Centro C.P. 91700, Veracruz",,19.192519,-96.1300346,2026-06-27T14:49:31.042761,2026-06-27T14:49:31.042761
https://propiedades.com/inmuebles/casa-en-venta-av-de-la-amistad-25-xana-ii-veracruz-30283372,"MXN 1,540,000",1540000.0,MXN,0.0,95 m² const. | 3 rec. | 2 baños,,95.0,3,2,0,10 meses en Propiedades.com,AV DE LA AMISTAD #25,"Xana II, Veracruz, Veracruz de Ignacio de la Llave","AV DE LA AMISTAD #25, Col. Xana II C.P. 91726, Veracruz",,19.1617397,-96.18146650000001,2026-06-27T14:49:31.042762,2026-06-27T14:49:31.042762
https://propiedades.com/inmuebles/casa-en-venta-playa-escondida-123-playa-linda-veracruz-29899248,"MXN 1,500,000",1500000.0,MXN,0.0,98 m² const. | 3 rec. | 3 baños,90.0,98.0,3,3,0,A estrenar,playa escondida #123,"Playa Linda, Veracruz, Veracruz de Ignacio de la Llave","playa escondida #123, Col. Playa Linda C.P. 91810, Veracruz",,19.213501,-96.1752377,2026-06-27T14:49:54.439764,2026-06-27T14:49:54.439764
https://propiedades.com/inmuebles/casa-en-venta-arboledas-000-floresta-veracruz-30901581,"MXN 2,100,000",2100000.0,MXN,0.0,85 m² const. | 3 rec. | 2 baños,160.0,85.0,3,2,2,A estrenar,ARBOLEDAS #000,"Floresta, Veracruz, Veracruz de Ignacio de la Llave","ARBOLEDAS #000, Col. Floresta C.P. 91940, Veracruz",Seguridad privada | Aire acondicionado | Cisterna,19.1556264,-96.1354683,2026-06-27T14:49:54.439790,2026-06-27T14:49:54.439790
https://propiedades.com/inmuebles/casa-en-venta-arco-de-constantito-829-puerta-paraiso-veracruz-31014051,"MXN 1,591,000",1591000.0,MXN,0.0,72 m² const. | 2 rec. | 2 baños,,72.0,2,2,0,3 meses en Propiedades.com,ARCO DE CONSTANTITO #829,"Puerta Paraíso, Veracruz, Veracruz de Ignacio de la Llave","ARCO DE CONSTANTITO #829, Col. Puerta Paraíso C.P. 91699, Veracruz",Alberca,19.129338,-96.1724279,2026-06-27T14:49:54.439794,2026-06-27T14:49:54.439794
https://propiedades.com/inmuebles/casa-en-venta-pensador-mexicano-100-miguel-angel-de-quevedo-veracruz-29434613,"MXN 2,500,000",2500000.0,MXN,0.0,250 m² const. | 4 rec. | 5 baños,185.0,250.0,4,5,3,A estrenar,pensador mexicano #100,"Miguel Ángel de Quevedo, Veracruz, Veracruz de Ignacio de la Llave","pensador mexicano #100, Col. Miguel Ángel de Quevedo C.P. 91860, Veracruz",Terraza,19.2045949,-96.1649615,2026-06-27T14:49:54.439800,2026-06-27T14:49:54.439800
https://propiedades.com/inmuebles/casa-en-venta-rio-era-18-lomas-de-rio-medio-iii-veracruz-30347419,"MXN 655,000",655000.0,MXN,0.0,45 m² const. | 2 rec. | 1 baños,70.0,45.0,2,1,1,20 años,RIO ERA #18,"Lomas de Rio Medio III, Veracruz, Veracruz de Ignacio de la Llave","RIO ERA #18, Col. Lomas de Rio Medio III C.P. 91809, Veracruz",,19.2058793,-96.20375489999999,2026-06-27T14:49:54.439806,2026-06-27T14:49:54.439806
https://propiedades.com/inmuebles/casa-en-venta-reyes-heroles-265-nueva-esperanza-veracruz-27924350,"MXN 1,700,000",1700000.0,MXN,0.0,159 m² const. | 3 rec. | 3 baños | 2 estac.,,159.0,3,3,2,2 años en Propiedades.com,REYES HEROLES  #265,"Nueva Esperanza, Veracruz, Veracruz de Ignacio de la Llave","REYES HEROLES  #265, Col. Nueva Esperanza C.P. 91713, Veracruz",,19.1836769,-96.1648234,2026-06-27T14:49:54.439833,2026-06-27T14:49:54.439833
https://propiedades.com/inmuebles/casa-en-venta-chalahuite-20-floresta-veracruz-31036577,"MXN 2,900,000",2900000.0,MXN,0.0,280 m² const. | 3 rec. | 2 baños,,280.0,3,2,0,3 meses en Propiedades.com,Chalahuite #20,"Floresta, Veracruz, Veracruz de Ignacio de la Llave","Chalahuite #20, Col. Floresta C.P. 91940, Veracruz",,19.148072,-96.1384069,2026-06-27T14:49:54.439837,2026-06-27T14:49:54.439837
https://propiedades.com/inmuebles/casa-en-venta-ignacio-zaragoza-veracruz-31086191,"MXN 9,900,000",9900000.0,MXN,0.0,718 m² const. | 3 rec. | 3 baños,230.0,718.0,3,3,2,A estrenar,,"Ignacio Zaragoza, Veracruz, Veracruz de Ignacio de la Llave"," , Col. Ignacio Zaragoza C.P. 91910, Veracruz",,19.1790922,-96.1233862,2026-06-27T14:49:54.439854,2026-06-27T14:49:54.439854
https://propiedades.com/inmuebles/casa-en-venta-floresta-veracruz-30931270,"MXN 2,750,000",2750000.0,MXN,0.0,3 rec.,,,3,0,0,4 meses en Propiedades.com,,"Floresta, Veracruz, Veracruz de Ignacio de la Llave"," , Col. Floresta C.P. 91940, Veracruz",,,,2026-06-27T14:49:54.439856,2026-06-27T14:49:54.439856
https://propiedades.com/inmuebles/casa-en-venta-unidad-veracruzana-veracruz-29895682,"MXN 2,200,000",2200000.0,MXN,0.0,250 m² const. | 5 rec. | 3 baños,,250.0,5,3,0,1 año en Propiedades.com,,"Unidad Veracruzana, Veracruz, Veracruz de Ignacio de la Llave"," , Col. Unidad Veracruzana C.P. 91710, Veracruz",,19.1898562,-96.1520358,2026-06-27T14:49:54.439859,2026-06-27T14:49:54.439859
https://propiedades.com/inmuebles/casa-en-venta-ignacio-zaragoza-veracruz-30547178,"MXN 4,800,000",4800000.0,MXN,0.0,350 m² const. | 5 rec. | 3 baños,,350.0,5,3,0,7 meses en Propiedades.com,,"Ignacio Zaragoza, Veracruz, Veracruz de Ignacio de la Llave"," , Col. Ignacio Zaragoza C.P. 91910, Veracruz",,19.2023302,-96.1387671,2026-06-27T14:49:54.439862,2026-06-27T14:49:54.439862
https://www.propiedades.com/inmuebles/casa-en-venta-sin-nombre-de-calle-sn-flores-del-valle-veracruz-30997238,"MXN 1,900,000",1900000.0,MXN,0.0,154 m² const. | 3 rec. | 2 baños | 1 estac.,,154.0,3,2,1,3 meses en Propiedades.com,Sin nombre de calle #SNInt. S/N,"Flores Del Valle, Veracruz, Veracruz de Ignacio de la Llave","Sin nombre de calle #SNInt. S/N, Col. Flores Del Valle C.P. 91948, Veracruz",,19.1443713,-96.1401067,2026-06-27T14:49:54.439864,2026-06-27T14:49:54.439864
https://propiedades.com/inmuebles/casa-en-venta-veracruz-centro-veracruz-31086192,"MXN 1,890,000",1890000.0,MXN,0.0,106 m² const. | 4 rec. | 1 baños,,106.0,4,1,0,2 meses en Propiedades.com,,"Veracruz Centro, Veracruz, Veracruz de Ignacio de la Llave"," , Col. Veracruz Centro C.P. 91700, Veracruz",,19.1916314,-96.1339511,2026-06-27T14:49:54.439866,2026-06-27T14:49:54.439866
https://propiedades.com/inmuebles/casa-en-venta-faros-veracruz-30216613,"MXN 7,350,000",7350000.0,MXN,0.0,330 m² const. | 4 rec. | 4 baños,,330.0,4,4,0,10 meses en Propiedades.com,,"Faros, Veracruz, Veracruz de Ignacio de la Llave"," , Col. Faros C.P. 91709, Veracruz",,19.1781566,-96.1283051,2026-06-27T14:49:54.439869,2026-06-27T14:49:54.439869
https://www.propiedades.com/inmuebles/casa-en-venta-victoria-y-cuahutemoc-sn-veracruz-centro-veracruz-24284984,"MXN 3,400,000",3400000.0,MXN,0.0,195 m² const. | 4 rec. | 3 baños,,195.0,4,3,0,4 años en Propiedades.com,Victoria y Cuahutémoc #SnInt. S/n,"Veracruz Centro, Veracruz, Veracruz de Ignacio de la Llave","Victoria y Cuahutémoc #SnInt. S/n, Col. Veracruz Centro C.P. 91700, Veracruz",,19.189537,-96.1394441,2026-06-27T14:49:54.439872,2026-06-27T14:49:54.439872
https://propiedades.com/inmuebles/casa-en-venta-poniente-85-85-floresta-veracruz-30493741,"MXN 3,200,000",3200000.0,MXN,0.0,265 m² const. | 3 rec. | 4 baños,,265.0,3,4,0,8 meses en Propiedades.com,Poniente 85 #85,"Floresta, Veracruz, Veracruz de Ignacio de la Llave","Poniente 85 #85, Col. Floresta C.P. 91940, Veracruz",Aire acondicionado | Cisterna,19.1556264,-96.1354683,2026-06-27T14:49:54.439874,2026-06-27T14:49:54.439874
https://propiedades.com/inmuebles/casa-en-venta-granjas-sn-granjas-veracruz-veracruz-26097229,"MXN 3,400,000",3400000.0,MXN,0.0,250 m² const. | 4 rec. | 4 baños,,250.0,4,4,0,3 años en Propiedades.com,GRANJAS #S/N,"Granjas Veracruz, Veracruz, Veracruz de Ignacio de la Llave","GRANJAS #S/N, Col. Granjas Veracruz C.P. 91938, Veracruz",,19.1507911,-96.1306646,2026-06-27T14:49:54.439876,2026-06-27T14:49:54.439876
https://propiedades.com/inmuebles/casa-en-venta-juncos-100-floresta-veracruz-31064070,"MXN 1,750,000",1750000.0,MXN,0.0,170 m² const. | 3 rec. | 3 baños,,170.0,3,3,0,2 meses en Propiedades.com,Juncos #100,"Floresta, Veracruz, Veracruz de Ignacio de la Llave","Juncos #100, Col. Floresta C.P. 91940, Veracruz",Cisterna,19.1556264,-96.1354683,2026-06-27T14:49:54.439877,2026-06-27T14:49:54.439877
https://propiedades.com/inmuebles/casa-en-venta-vicente-guerrer-sn-veracruz-centro-veracruz-27941156,"MXN 3,814,000",3814000.0,MXN,0.0,271 m² const. | 6 rec. | 4 baños,,271.0,6,4,0,2 años en Propiedades.com,vicente guerrer #s/n,"Veracruz Centro, Veracruz, Veracruz de Ignacio de la Llave","vicente guerrer #s/n, Col. Veracruz Centro C.P. 91700, Veracruz",,19.189537,-96.1394441,2026-06-27T14:49:54.439880,2026-06-27T14:49:54.439880
https://propiedades.com/inmuebles/casa-en-venta-paseo-coatzacoalcos-sn-palma-real-veracruz-27661773,"MXN 701,800",701800.0,MXN,0.0,67 m² const. | 3 rec. | 1 baños,,67.0,3,1,0,2 años en Propiedades.com,paseo coatzacoalcos #s/n,"Palma Real, Veracruz, Veracruz de Ignacio de la Llave","paseo coatzacoalcos #s/n, Col. Palma Real C.P. 91826, Veracruz",,19.1957054,-96.1847084,2026-06-27T14:49:54.439891,2026-06-27T14:49:54.439891
https://propiedades.com/inmuebles/casa-en-venta-floresta-000-floresta-veracruz-30901589,"MXN 1,900,000",1900000.0,MXN,0.0,160 m² const. | 3 rec. | 2 baños,,160.0,3,2,0,4 meses en Propiedades.com,floresta #000,"Floresta, Veracruz, Veracruz de Ignacio de la Llave","floresta #000, Col. Floresta C.P. 91940, Veracruz",Aire acondicionado | Cisterna,19.1556264,-96.1354683,2026-06-27T14:49:54.439893,2026-06-27T14:49:54.439893
https://propiedades.com/inmuebles/casa-en-venta-sin-nombre-de-calle-veracruz-centro-veracruz-22351914,"MXN 4,500,000",4500000.0,MXN,0.0,280 m² const. | 3 rec. | 6 baños | 4 estac.,,280.0,3,6,4,5 años en Propiedades.com,Sin nombre de calle,"Veracruz Centro, Veracruz, Veracruz de Ignacio de la Llave","Sin nombre de calle, Col. Veracruz Centro C.P. 91700, Veracruz",Aire acondicionado | Cisterna,19.189537,-96.1394441,2026-06-27T14:49:54.439895,2026-06-27T14:49:54.439895
https://propiedades.com/inmuebles/casa-en-venta-sin-nombre-de-calle-puerta-paraiso-veracruz-29155089,"MXN 1,733,000",1733000.0,MXN,0.0,96 m² const. | 3 rec. | 3 baños,,96.0,3,3,0,1 año en Propiedades.com,Sin nombre de calle,"Puerta Paraíso, Veracruz, Veracruz de Ignacio de la Llave","Sin nombre de calle, Col. Puerta Paraíso C.P. 91699, Veracruz",Alberca,19.129338,-96.1724279,2026-06-27T14:49:54.439897,2026-06-27T14:49:54.439897
https://propiedades.com/inmuebles/casa-en-venta--moderno-veracruz-29728958,"MXN 2,963,800",2963800.0,MXN,0.0,368 m² const. | 1 rec. | 1 baños,,368.0,1,1,0,1 año en Propiedades.com,------------ #----------Int. ID22442,"Moderno, Veracruz, Veracruz de Ignacio de la Llave","------------ #----------Int. ID22442, Col. Moderno C.P. 91918, Veracruz",Alberca,19.1712338,-96.1334805,2026-06-27T14:49:54.439900,2026-06-27T14:49:54.439900
https://propiedades.com/inmuebles/casa-en-venta-xana-veracruz-28954106,"MXN 1,733,000",1733000.0,MXN,0.0,3 rec. | 2 baños,,,3,2,0,2 años en Propiedades.com,,"Xana, Veracruz, Veracruz de Ignacio de la Llave"," , Col. Xana C.P. 91726, Veracruz",,19.1948201,-96.1430354,2026-06-27T14:49:54.439902,2026-06-27T14:49:54.439902
https://propiedades.com/inmuebles/casa-en-venta-sin-nombre-de-calle-floresta-veracruz-30821900,"MXN 1,800,000",1800000.0,MXN,0.0,73 m² const. | 3 rec. | 2 baños,,73.0,3,2,0,5 meses en Propiedades.com,Sin nombre de calle,"Floresta, Veracruz, Veracruz de Ignacio de la Llave","Sin nombre de calle, Col. Floresta C.P. 91940, Veracruz",,19.1556264,-96.1354683,2026-06-27T14:49:54.439903,2026-06-27T14:49:54.439903
https://propiedades.com/inmuebles/casa-en-venta-primero-de-mayo-veracruz-ver-primero-de-mayo-veracruz-31045355,"MXN 4,700,000",4700000.0,MXN,0.0,275 m² const. | 3 rec. | 3 baños,,275.0,3,3,0,3 meses en Propiedades.com,Primero de Mayo,"Primero de Mayo, Veracruz, Veracruz de Ignacio de la Llave","Primero de Mayo, Veracruz, Ver., Col. Primero de Mayo C.P. 91757, Veracruz",,19.17844537811701,-96.14477442117918,2026-06-27T14:49:54.439905,2026-06-27T14:49:54.439905
https://propiedades.com/inmuebles/casa-en-venta-paseo-1-paseo-de-las-palmas-casas-ruba-veracruz-30815563,"MXN 710,000",710000.0,MXN,0.0,78 m² const. | 2 rec. | 1 baños,,78.0,2,1,0,5 meses en Propiedades.com,paseo #1,"Paseo de las Palmas (Casas Ruba), Veracruz, Veracruz de Ignacio de la Llave","paseo #1, Col. Paseo de las Palmas (Casas Ruba) C.P. 91697, Veracruz",Seguridad privada | Aire acondicionado,19.1469724,-96.1372068,2026-06-27T14:49:54.439908,2026-06-27T14:49:54.439908
https://propiedades.com/inmuebles/casa-en-venta-playa-linda-veracruz-30712637,"MXN 1,650,000",1650000.0,MXN,0.0,101 m² const. | 2 rec.,,101.0,2,0,0,5 meses en Propiedades.com,Col. Playa Linda,"Playa Linda, Veracruz, Veracruz de Ignacio de la Llave",", Col. Playa Linda C.P. 91810, Veracruz",,19.209349,-96.1929108,2026-06-27T14:49:54.439910,2026-06-27T14:49:54.439910
https://propiedades.com/inmuebles/casa-en-venta-sin-nombre-de-calle-pocitos-y-rivera-veracruz-29140438,"MXN 1,150,000",1150000.0,MXN,0.0,231 m² const. | 4 rec. | 2 baños,,231.0,4,2,0,1 año en Propiedades.com,Sin nombre de calle,"Pocitos y Rivera, Veracruz, Veracruz de Ignacio de la Llave","Sin nombre de calle, Col. Pocitos y Rivera C.P. 91729, Veracruz",,19.1787772,-96.151373,2026-06-27T14:49:54.439911,2026-06-27T14:49:54.439911
https://propiedades.com/inmuebles/casa-en-venta-flores-magon-ignacio-zaragoza-veracruz-10937225,"MXN 8,350,000",8350000.0,MXN,0.0,613 m² const. | 3 rec. | 3 baños | 2 estac.,,613.0,3,3,2,7 años en Propiedades.com,Flores Magón,"Ignacio Zaragoza, Veracruz, Veracruz de Ignacio de la Llave","Flores Magón, Col. Ignacio Zaragoza C.P. 91910, Veracruz",Aire acondicionado | Terraza,19.1780491,-96.1288426,2026-06-27T14:49:54.439913,2026-06-27T14:49:54.439913
https://propiedades.com/inmuebles/casa-en-venta-xana-veracruz-29816803,"MXN 1,891,000",1891000.0,MXN,0.0,97 m² const. | 3 rec. | 2 baños,,97.0,3,2,0,1 año en Propiedades.com,,"Xana, Veracruz, Veracruz de Ignacio de la Llave"," , Col. Xana C.P. 91726, Veracruz",,19.1617397,-96.1814665,2026-06-27T14:49:54.439915,2026-06-27T14:49:54.439915
https://propiedades.com/inmuebles/casa-en-venta-veracruz-veracruz-11247698,"MXN 1,200,000",1200000.0,MXN,0.0,Sin caracteristicas,,,0,0,0,6 años en Propiedades.com,,"Veracruz, Veracruz, Veracruz de Ignacio de la Llave"," , Col. Veracruz C.P. 91709, Veracruz",Aire acondicionado,,,2026-06-27T14:49:54.439916,2026-06-27T14:49:54.439916
https://propiedades.com/inmuebles/casa-en-venta-veracruz-centro-veracruz-27278139,"MXN 4,000,000",4000000.0,MXN,0.0,280 m² const. | 3 rec. | 4 baños,,280.0,3,4,0,3 años en Propiedades.com,,"Veracruz Centro, Veracruz, Veracruz de Ignacio de la Llave"," , Col. Veracruz Centro C.P. 91700, Veracruz",,19.1914376,-96.1353148,2026-06-27T14:49:54.439917,2026-06-27T14:49:54.439917
https://propiedades.com/inmuebles/casa-en-venta-floresta-sur-360-floresta-veracruz-28521019,"MXN 2,500,000",2500000.0,MXN,0.0,120 m² const. | 3 rec. | 3 baños,,120.0,3,3,0,2 años en Propiedades.com,Floresta Sur #360,"Floresta, Veracruz, Veracruz de Ignacio de la Llave","Floresta Sur #360, Col. Floresta C.P. 91940, Veracruz",Aire acondicionado | Cisterna,19.1556264,-96.1354683,2026-06-27T14:49:54.439919,2026-06-27T14:49:54.439919
https://propiedades.com/inmuebles/casa-en-venta-francisco-garcia-catarines-y-mateos-72-amapolas-ii-veracruz-27204477,"MXN 1,150,000",1150000.0,MXN,0.0,89 m² const. | 3 rec. | 3 baños,,89.0,3,3,0,3 años en Propiedades.com,Francisco García Catarines y Mateos #72,"Amapolas II, Veracruz, Veracruz de Ignacio de la Llave","Francisco García Catarines y Mateos #72, Col. Amapolas II C.P. 91775, Veracruz",Alberca,19.2073107,-96.1674268,2026-06-27T14:49:54.439922,2026-06-27T14:49:54.439922
https://propiedades.com/inmuebles/casa-en-venta-las-garzas-65-laguna-real-veracruz-29743800,"MXN 1,600,000",1600000.0,MXN,0.0,110 m² const. | 2 rec. | 1 baños,,110.0,2,1,0,1 año en Propiedades.com,Las Garzas #65,"Laguna Real, Veracruz, Veracruz de Ignacio de la Llave","Las Garzas #65, Col. Laguna Real C.P. 91790, Veracruz",,19.1502189,-96.1546208,2026-06-27T14:49:54.439924,2026-06-27T14:49:54.439924
https://www.propiedades.com/inmuebles/casa-en-venta-macaya-floresta-veracruz-29987707,"MXN 1,850,000",1850000.0,MXN,0.0,130 m² const. | 2 rec. | 2 baños | 1 estac.,,130.0,2,2,1,1 año en Propiedades.com,Macaya,"Floresta, Veracruz, Veracruz de Ignacio de la Llave","Macaya, Col. Floresta C.P. 91940, Veracruz",Cisterna,19.1556264,-96.1354683,2026-06-27T14:49:54.439926,2026-06-27T14:49:54.439926
https://propiedades.com/inmuebles/casa-en-venta-veracruz-veracruz-29062433,"MXN 2,500,000",2500000.0,MXN,0.0,180 m² const. | 3 rec. | 3 baños,,180.0,3,3,0,1 año en Propiedades.com,,"Veracruz, Veracruz, Veracruz de Ignacio de la Llave"," , Col. Veracruz C.P. 91709, Veracruz",,19.1707806,-96.1248675,2026-06-27T14:49:54.439927,2026-06-27T14:49:54.439927
https://propiedades.com/inmuebles/casa-en-venta-bruno-pagliai-veracruz-29818839,"MXN 1,195,000",1195000.0,MXN,0.0,82 m² const. | 3 rec. | 3 baños,,82.0,3,3,0,1 año en Propiedades.com,,"Bruno Pagliai, Veracruz, Veracruz de Ignacio de la Llave"," , Col. Bruno Pagliai C.P. 91697, Veracruz",,19.1522255,-96.2281426,2026-06-27T14:49:54.439929,2026-06-27T14:49:54.439929
https://propiedades.com/inmuebles/casa-en-venta-reforma-veracruz-31439425,"MXN 3,750,000",3750000.0,MXN,0.0,136 m² const. | 3 rec. | 2 baños,,136.0,3,2,0,19 días en Propiedades.com,,"Reforma, Veracruz, Veracruz de Ignacio de la Llave"," , Col. Reforma C.P. 91919, Veracruz",,19.1707806,-96.1248675,2026-06-27T14:49:54.439932,2026-06-27T14:49:54.439932
https://propiedades.com/inmuebles/casa-en-venta-flores-del-valle-veracruz-30374013,"MXN 3,250,000",3250000.0,MXN,0.0,300 m² const. | 3 rec. | 2 baños,,300.0,3,2,0,9 meses en Propiedades.com,,"Flores Del Valle, Veracruz, Veracruz de Ignacio de la Llave"," , Col. Flores Del Valle C.P. 91948, Veracruz",,19.1427251,-96.1411274,2026-06-27T14:49:54.439933,2026-06-27T14:49:54.439933
https://propiedades.com/inmuebles/casa-en-venta-ignacio-zaragoza-veracruz-15212090,"MXN 7,500,000",7500000.0,MXN,0.0,400 m² const. | 4 rec. | 2 baños | 10 estac.,,400.0,4,2,10,6 años en Propiedades.com,Col. Ignacio Zaragoza,"Ignacio Zaragoza, Veracruz, Veracruz de Ignacio de la Llave",", Col. Ignacio Zaragoza C.P. 91910, Veracruz",,19.1780491,-96.1288426,2026-06-27T14:49:54.439935,2026-06-27T14:49:54.439935
https://propiedades.com/inmuebles/casa-en-venta-rio-besaya-1472-lomas-de-rio-medio-iii-veracruz-30444413,"MXN 1,307,000",1307000.0,MXN,0.0,86 m² const. | 3 rec. | 1 baños,,86.0,3,1,0,8 meses en Propiedades.com,RIO BESAYA #1472,"Lomas de Rio Medio III, Veracruz, Veracruz de Ignacio de la Llave","RIO BESAYA #1472, Col. Lomas de Rio Medio III C.P. 91809, Veracruz",,19.2058793,-96.20375489999999,2026-06-27T14:49:54.439936,2026-06-27T14:49:54.439936
https://www.propiedades.com/inmuebles/casa-en-venta-gonzalo-de-sandoval-66-reforma-veracruz-30512895,"MXN 3,950,000",3950000.0,MXN,0.0,280 m² const. | 4 rec. | 4 baños | 2 estac.,,280.0,4,4,2,8 meses en Propiedades.com,Gonzalo de sandoval #66,"Reforma, Veracruz, Veracruz de Ignacio de la Llave","Gonzalo de sandoval #66, Col. Reforma C.P. 91919, Veracruz",,19.1707806,-96.1248675,2026-06-27T14:50:18.870392,2026-06-27T14:50:18.870392
https://propiedades.com/inmuebles/casa-en-venta-flores-del-valle-veracruz-30957437,"MXN 2,150,000",2150000.0,MXN,0.0,160 m² const. | 3 rec. | 3 baños,170.0,160.0,3,3,1,A estrenar,Col. Flores Del Valle,"Flores Del Valle, Veracruz, Veracruz de Ignacio de la Llave",", Col. Flores Del Valle C.P. 91948, Veracruz",,19.1443713,-96.1401067,2026-06-27T14:50:18.870420,2026-06-27T14:50:18.870420
https://propiedades.com/inmuebles/casa-en-venta-bruno-pagliai-veracruz-31004041,"MXN 1,045,000",1045000.0,MXN,0.0,72 m² const. | 3 rec. | 2 baños,,72.0,3,2,0,3 meses en Propiedades.com,Col. Bruno Pagliai,"Bruno Pagliai, Veracruz, Veracruz de Ignacio de la Llave",", Col. Bruno Pagliai C.P. 91697, Veracruz",,19.1662139,-96.2262878,2026-06-27T14:50:18.870422,2026-06-27T14:50:18.870422
https://propiedades.com/inmuebles/casa-en-venta-sin-nombre-de-calle-primero-de-mayo-veracruz-22587972,"MXN 2,100,000",2100000.0,MXN,0.0,190 m² const. | 3 rec. | 4 baños,172.0,190.0,3,4,2,14 años,Sin nombre de calle,"Primero de Mayo, Veracruz, Veracruz de Ignacio de la Llave","Sin nombre de calle, Col. Primero de Mayo C.P. 91757, Veracruz",Aire acondicionado | Cisterna,22.2247356,-97.8191196,2026-06-27T14:50:18.870428,2026-06-27T14:50:18.870428
https://propiedades.com/inmuebles/casa-en-venta-laguna-real-624-laguna-real-veracruz-29193799,"MXN 1,359,000",1359000.0,MXN,0.0,250 m² const. | 3 rec. | 2 baños,192.0,250.0,3,2,1,A estrenar,LAGUNA REAL #624,"Laguna Real, Veracruz, Veracruz de Ignacio de la Llave","LAGUNA REAL #624, Col. Laguna Real C.P. 91790, Veracruz",Seguridad privada | Aire acondicionado | Cisterna,19.149087,-96.1540241,2026-06-27T14:50:18.870432,2026-06-27T14:50:18.870432
https://www.propiedades.com/inmuebles/casa-en-venta-lomas-2-dos-lomas-veracruz-30854596,"MXN 1,198,000",1198000.0,MXN,0.0,67 m² const. | 2 rec. | 2 baños | 2 estac.,,67.0,2,2,2,5 meses en Propiedades.com,LOMAS #2,"Dos Lomas, Veracruz, Veracruz de Ignacio de la Llave","LOMAS #2, Col. Dos Lomas C.P. 91697, Veracruz",Seguridad privada | Aire acondicionado | Cisterna,19.1462309,-96.2389221,2026-06-27T14:50:18.870435,2026-07-29T21:25:02.111658
https://propiedades.com/inmuebles/casa-en-venta-villa-escondida-campestre-las-bajadas-veracruz-27212012,"MXN 950,000",950000.0,MXN,0.0,89 m² const. | 3 rec. | 2 baños | 1 estac.,67.0,89.0,3,2,1,4 años,Villa Escondida #0,"Campestre las Bajadas, Veracruz, Veracruz de Ignacio de la Llave","Villa Escondida #0, Col. Campestre las Bajadas C.P. 91698, Veracruz",,19.1513858,-96.1306182,2026-06-27T14:50:18.870439,2026-06-27T14:50:18.870439
https://propiedades.com/inmuebles/casa-en-venta-las-amapolas-veracruz-29303328,"MXN 2,850,000",2850000.0,MXN,0.0,194 m² const. | 3 rec. | 3 baños,117.0,194.0,3,3,2,A estrenar,,"Las Amapolas, Veracruz, Veracruz de Ignacio de la Llave"," , Col. Las Amapolas C.P. 91698, Veracruz",,19.1378896,-96.1332632,2026-06-27T14:50:18.870444,2026-06-27T14:50:18.870444
https://propiedades.com/inmuebles/casa-en-venta-tulipan-18-campestre-las-bajadas-veracruz-25963406,"MXN 1,350,000",1350000.0,MXN,0.0,185 m² const. | 3 rec. | 4 baños | 4 estac.,500.0,185.0,3,4,4,11 años,TULIPAN  #18,"Campestre las Bajadas, Veracruz, Veracruz de Ignacio de la Llave","TULIPAN  #18, Col. Campestre las Bajadas C.P. 91698, Veracruz",Alberca,19.1513858,-96.1306182,2026-06-27T14:50:18.870449,2026-06-27T14:50:18.870449
https://propiedades.com/inmuebles/casa-en-venta-sin-nombre-de-calle-bosques-de-tarimoya-veracruz-29399532,"MXN 820,000",820000.0,MXN,0.0,82 m² const. | 2 rec. | 1 baños | 1 estac.,75.0,82.0,2,1,1,A estrenar,Sin nombre de calle,"Bosques de Tarimoya, Veracruz, Veracruz de Ignacio de la Llave","Sin nombre de calle, Col. Bosques de Tarimoya C.P. 91855, Veracruz",,19.1893859,-96.18239760000002,2026-06-27T14:50:18.870453,2026-06-27T14:50:18.870453
https://www.propiedades.com/inmuebles/casa-en-venta-paseo-minatitlan-palma-real-veracruz-23165335,"MXN 790,000",790000.0,MXN,0.0,110 m² const. | 2 rec. | 1 baños | 1 estac.,,110.0,2,1,1,5 años en Propiedades.com,Paseo Minatitlán,"Palma Real, Veracruz, Veracruz de Ignacio de la Llave","Paseo Minatitlán, Col. Palma Real C.P. 91826, Veracruz",Aire acondicionado,19.1957054,-96.1847084,2026-06-27T14:50:18.870454,2026-06-27T14:50:18.870454
https://propiedades.com/inmuebles/casa-en-venta-91808-rio-medio-ver-sn-riveras-de-rio-medio-veracruz-31253066,"MXN 975,000",975000.0,MXN,0.0,64 m² const. | 2 rec. | 1 baños,,64.0,2,1,0,1 mes en Propiedades.com,91808 Río Medio,"Riveras de Río Medio, Veracruz, Veracruz de Ignacio de la Llave","91808 Río Medio, Ver. #s/n, Col. Riveras de Río Medio C.P. 91808, Veracruz",,19.210140400000004,-96.2090619,2026-06-27T14:50:18.870456,2026-06-27T14:50:18.870456
https://propiedades.com/inmuebles/casa-en-venta-tepetl-417-palma-real-veracruz-30800891,"MXN 650,000",650000.0,MXN,0.0,55 m² const. | 1 rec. | 1 baños | 1 estac.,,55.0,1,1,1,5 meses en Propiedades.com,Tepetl  #417,"Palma Real, Veracruz, Veracruz de Ignacio de la Llave","Tepetl  #417, Col. Palma Real C.P. 91826, Veracruz",,19.1957054,-96.1847084,2026-06-27T14:50:18.870457,2026-06-27T14:50:18.870457
https://propiedades.com/inmuebles/casa-en-venta-alfonso-valencia-rios-27-libertad-de-expresion-veracruz-29175326,"MXN 1,700,000",1700000.0,MXN,0.0,350 m² const. | 4 rec. | 3 baños | 2 estac.,,350.0,4,3,2,1 año en Propiedades.com,Alfonso Valencia Ríos  #27,"Libertad de Expresión, Veracruz, Veracruz de Ignacio de la Llave","Alfonso Valencia Ríos  #27, Col. Libertad de Expresión C.P. 91726, Veracruz",,20.5442351,-97.4547818,2026-06-27T14:50:18.870459,2026-06-27T14:50:18.870459
https://propiedades.com/inmuebles/casa-en-venta-closter-capital-49-puerta-paraiso-veracruz-30725138,"MXN 1,600,000",1600000.0,MXN,0.0,71 m² const. | 3 rec. | 1 baños,,71.0,3,1,0,5 meses en Propiedades.com,Closter capital #49,"Puerta Paraíso, Veracruz, Veracruz de Ignacio de la Llave","Closter capital #49, Col. Puerta Paraíso C.P. 91699, Veracruz",Alberca | Seguridad privada,19.1253974,-96.1719368,2026-06-27T14:50:18.870462,2026-06-27T14:50:18.870462
https://propiedades.com/inmuebles/casa-en-venta-veracruz-veracruz-30887178,"MXN 2,650,000",2650000.0,MXN,0.0,213 m² const. | 3 rec. | 3 baños,,213.0,3,3,0,4 meses en Propiedades.com,,"Veracruz, Veracruz, Veracruz de Ignacio de la Llave"," , Col. Veracruz C.P. 91709, Veracruz",,19.0605896,-96.1563384,2026-06-27T14:50:18.870464,2026-06-27T14:50:18.870464
https://propiedades.com/inmuebles/casa-en-venta-las-razas-veracruz-30303161,"MXN 1,750,000",1750000.0,MXN,0.0,150 m² const. | 3 rec. | 2 baños,,150.0,3,2,0,10 meses en Propiedades.com,,"Las Razas, Veracruz, Veracruz de Ignacio de la Llave"," , Col. Las Razas C.P. 91969, Veracruz",,19.1455725,-96.1429231,2026-06-27T14:50:18.870466,2026-06-27T14:50:18.870466
https://propiedades.com/inmuebles/casa-en-venta-veracruz-765-las-brisas-veracruz-28549041,"MXN 830,000",830000.0,MXN,0.0,90 m² const. | 2 rec. | 1 baños,,90.0,2,1,0,2 años en Propiedades.com,Veracruz  #765Int. 0,"Las Brisas, Veracruz, Veracruz de Ignacio de la Llave","Veracruz  #765Int. 0, Col. Las Brisas C.P. 91809, Veracruz",,19.2043522,-96.1831947,2026-06-27T14:50:18.870467,2026-06-27T14:50:18.870467
https://propiedades.com/inmuebles/casa-en-venta-pirul-81-floresta-veracruz-31425041,"MXN 1,470,000",1470000.0,MXN,0.0,161 m² const. | 3 rec. | 1 baños | 1 estac.,,161.0,3,1,1,24 días en Propiedades.com,Pirul #81,"Floresta, Veracruz, Veracruz de Ignacio de la Llave","Pirul #81, Col. Floresta C.P. 91940, Veracruz",,19.1556264,-96.1354683,2026-06-27T14:50:18.870469,2026-06-27T14:50:18.870469
https://propiedades.com/inmuebles/casa-en-venta-residencial-tabachines-i-152-hacienda-los-portales-seccion-sur-veracruz-30077087,"MXN 3,300,000",3300000.0,MXN,0.0,344 m² const. | 4 rec. | 3 baños,,344.0,4,3,0,12 meses en Propiedades.com,Residencial Tabachines I #152Int. 11,"Hacienda los Portales Sección Sur, Veracruz, Veracruz de Ignacio de la Llave","Residencial Tabachines I #152Int. 11, Col. Hacienda los Portales Sección Sur C.P. 91726, Veracruz",,19.1751065,-96.1725856,2026-06-27T14:50:18.870471,2026-06-27T14:50:18.870471
https://propiedades.com/inmuebles/casa-en-venta-veracruz-veracruz-30857759,"MXN 4,660,000",4660000.0,MXN,0.0,194 m² const. | 3 rec. | 5 baños,,194.0,3,5,0,4 meses en Propiedades.com,,"Veracruz, Veracruz, Veracruz de Ignacio de la Llave"," , Col. Veracruz C.P. 91709, Veracruz",,19.1948201,-96.1430354,2026-06-27T14:50:18.870474,2026-06-27T14:50:18.870474
https://propiedades.com/inmuebles/casa-en-venta-ignacio-zaragoza-sn-ignacio-zaragoza-veracruz-30427056,"MXN 2,209,000",2209000.0,MXN,0.0,94 m² const. | 2 rec. | 1 baños,,94.0,2,1,0,9 meses en Propiedades.com,IGNACIO ZARAGOZA #SN,"Ignacio Zaragoza, Veracruz, Veracruz de Ignacio de la Llave","IGNACIO ZARAGOZA #SN, Col. Ignacio Zaragoza C.P. 91910, Veracruz",,19.1780491,-96.1288426,2026-06-27T14:50:18.870475,2026-06-27T14:50:18.870475
https://propiedades.com/inmuebles/casa-en-venta-av-43-279-venustiano-carranza-veracruz-29166630,"MXN 1,500,000",1500000.0,MXN,0.0,144 m² const. | 3 rec. | 4 baños | 2 estac.,,144.0,3,4,2,1 año en Propiedades.com,av. 43 #279,"Venustiano Carranza, Veracruz, Veracruz de Ignacio de la Llave","av. 43 #279, Col. Venustiano Carranza C.P. 91759, Veracruz",,19.1818434,-96.1371248,2026-06-27T14:50:18.870477,2026-06-27T14:50:18.870477
https://propiedades.com/inmuebles/casa-en-venta-sin-nombre-de-calle-setse-veracruz-28097066,"MXN 1,295,000",1295000.0,MXN,0.0,85 m² const. | 2 rec. | 1 baños,,85.0,2,1,0,2 años en Propiedades.com,Sin nombre de calle,"Setse, Veracruz, Veracruz de Ignacio de la Llave","Sin nombre de calle, Col. Setse C.P. 91788, Veracruz",,19.1834234,-96.1348264,2026-06-27T14:50:18.870478,2026-06-27T14:50:18.870478
https://propiedades.com/inmuebles/casa-en-venta-manlio-fabio-altamirano-549-ignacio-zaragoza-veracruz-30683295,"MXN 3,300,000",3300000.0,MXN,0.0,210 m² const. | 3 rec. | 3 baños,,210.0,3,3,0,6 meses en Propiedades.com,Manlio Fabio Altamirano #549,"Ignacio Zaragoza, Veracruz, Veracruz de Ignacio de la Llave","Manlio Fabio Altamirano #549, Col. Ignacio Zaragoza C.P. 91910, Veracruz",,19.183815,-96.1281741,2026-06-27T14:50:18.870480,2026-06-27T14:50:18.870480
https://propiedades.com/inmuebles/casa-en-venta-siglo-xxi-veracruz-28758048,"MXN 2,000,000",2000000.0,MXN,0.0,114 m² const. | 3 rec. | 2 baños,,114.0,3,2,0,2 años en Propiedades.com,,"Siglo XXI, Veracruz, Veracruz de Ignacio de la Llave"," , Col. Siglo XXI C.P. 91777, Veracruz",,19.1547263,-96.1630667,2026-06-27T14:50:18.870482,2026-06-27T14:50:18.870482
https://propiedades.com/inmuebles/casa-en-venta-ignacio-allende-norte-245-miguel-aleman-veracruz-30585514,"MXN 1,100,000",1100000.0,MXN,0.0,190 m² const. | 2 rec. | 2 baños,,190.0,2,2,0,7 meses en Propiedades.com,Ignacio Allende Norte #245,"Miguel Alemán, Veracruz, Veracruz de Ignacio de la Llave","Ignacio Allende Norte #245, Col. Miguel Alemán C.P. 91898, Veracruz",,19.20732,-96.15225,2026-06-27T14:50:18.870483,2026-06-27T14:50:18.870483
https://propiedades.com/inmuebles/casa-en-venta-rio-pas-sn-lomas-de-rio-medio-cuatro-veracruz-27862209,"MXN 977,000",977000.0,MXN,0.0,80 m² const. | 3 rec. | 2 baños,,80.0,3,2,0,2 años en Propiedades.com,rio pas #s/n,"Lomas de Río Medio Cuatro, Veracruz, Veracruz de Ignacio de la Llave","rio pas #s/n, Col. Lomas de Río Medio Cuatro C.P. 91808, Veracruz",,19.2060585,-96.1984484,2026-06-27T14:50:18.870508,2026-06-27T14:50:18.870508
https://www.propiedades.com/inmuebles/casa-en-venta-adalberto-tejeda-533-valle-alto-veracruz-30987005,"MXN 1,750,000",1750000.0,MXN,0.0,139 m² const. | 3 rec. | 3 baños | 2 estac.,,139.0,3,3,2,3 meses en Propiedades.com,ADALBERTO TEJEDA #533,"Valle Alto, Veracruz, Veracruz de Ignacio de la Llave","ADALBERTO TEJEDA #533, Col. Valle Alto C.P. 91697, Veracruz",Aire acondicionado | Cisterna,19.1430943,-96.2166095,2026-06-27T14:50:18.870511,2026-06-27T14:50:18.870511
https://propiedades.com/inmuebles/casa-en-venta-rafael-o-sn-primero-de-mayo-veracruz-31044347,"MXN 4,150,000",4150000.0,MXN,0.0,270 m² const. | 3 rec. | 2 baños,,270.0,3,2,0,3 meses en Propiedades.com,rafael o #s/n,"Primero de Mayo, Veracruz, Veracruz de Ignacio de la Llave","rafael o #s/n, Col. Primero de Mayo C.P. 91757, Veracruz",,19.172182826603304,-96.1449031672119,2026-06-27T14:50:18.870523,2026-06-27T14:50:18.870523
https://propiedades.com/inmuebles/casa-en-venta-sin-nombre-de-calle-adolfo-lopez-mateos-veracruz-29333116,"MXN 2,390,000",2390000.0,MXN,0.0,201 m² const. | 3 rec. | 3 baños,,201.0,3,3,0,1 año en Propiedades.com,Sin nombre de calle,"Adolfo López Mateos, Veracruz, Veracruz de Ignacio de la Llave","Sin nombre de calle, Col. Adolfo López Mateos C.P. 91780, Veracruz",Cisterna,19.1612816,-96.1434201,2026-06-27T14:50:18.870525,2026-06-27T14:50:18.870525
https://propiedades.com/inmuebles/casa-en-venta-oriente-80-floresta-veracruz-31462822,"MXN 2,200,000",2200000.0,MXN,0.0,170 m² const. | 3 rec. | 2 baños | 1 estac.,,170.0,3,2,1,14 días en Propiedades.com,Oriente #80,"Floresta, Veracruz, Veracruz de Ignacio de la Llave","Oriente #80, Col. Floresta C.P. 91940, Veracruz",Aire acondicionado,19.1556264,-96.1354683,2026-06-27T14:50:18.870527,2026-06-27T14:50:18.870527
https://propiedades.com/inmuebles/casa-en-venta-sin-nombre-de-calle-sn-formando-hogar-veracruz-30620603,"MXN 1,350,000",1350000.0,MXN,0.0,100 m² const. | 3 rec. | 1 baños,,100.0,3,1,0,7 meses en Propiedades.com,Sin nombre de calle #snInt. s/n,"Formando Hogar, Veracruz, Veracruz de Ignacio de la Llave","Sin nombre de calle #snInt. s/n, Col. Formando Hogar C.P. 91897, Veracruz",,19.2022824,-96.1566754,2026-06-27T14:50:18.870528,2026-06-27T14:50:18.870528
https://propiedades.com/inmuebles/casa-en-venta-veracruz-veracruz-27061074,"MXN 380,000",380000.0,MXN,0.0,50 m² const. | 1 rec. | 1 baños,,50.0,1,1,0,3 años en Propiedades.com,,"Veracruz, Veracruz, Veracruz de Ignacio de la Llave"," , Col. Veracruz C.P. 91709, Veracruz",,19.2001197,-96.1328179,2026-06-27T14:50:18.870530,2026-06-27T14:50:18.870530
https://propiedades.com/inmuebles/casa-en-venta-veracruz-veracruz-30309866,"MXN 2,400,000",2400000.0,MXN,0.0,161 m² const. | 2 rec. | 1 baños,,161.0,2,1,0,10 meses en Propiedades.com,,"Veracruz, Veracruz, Veracruz de Ignacio de la Llave"," , Col. Veracruz C.P. 91709, Veracruz",,19.194597,-96.1761917,2026-06-27T14:50:18.870532,2026-06-27T14:50:18.870532
https://propiedades.com/inmuebles/casa-en-venta-sin-nombre-de-calle-playa-linda-veracruz-30263687,"MXN 1,980,000",1980000.0,MXN,0.0,360 m² const. | 3 rec. | 4 baños | 2 estac.,,360.0,3,4,2,10 meses en Propiedades.com,Sin nombre de calle,"Playa Linda, Veracruz, Veracruz de Ignacio de la Llave","Sin nombre de calle, Col. Playa Linda C.P. 91810, Veracruz",Aire acondicionado,19.213501,-96.1752377,2026-06-27T14:50:18.870534,2026-06-27T14:50:18.870534
https://propiedades.com/inmuebles/casa-en-venta-sin-nombre-de-calle-colinas-de-san-jorge-veracruz-26707758,"MXN 695,000",695000.0,MXN,0.0,75 m² const. | 2 rec. | 1 baños | 1 estac.,,75.0,2,1,1,3 años en Propiedades.com,Sin nombre de calle,"Colinas de San Jorge, Veracruz, Veracruz de Ignacio de la Llave","Sin nombre de calle, Col. Colinas de San Jorge C.P. 91808, Veracruz",,19.2091527,-96.2273081,2026-06-27T14:50:18.870536,2026-06-27T14:50:18.870536
https://propiedades.com/inmuebles/casa-en-venta-del-maestro-veracruz-7650400,"MXN 2,600,000",2600000.0,MXN,0.0,189 m² const. | 5 rec. | 2 baños,,189.0,5,2,0,7 años en Propiedades.com,,"Del Maestro, Veracruz, Veracruz de Ignacio de la Llave"," , Col. Del Maestro C.P. 91920, Veracruz",Aire acondicionado,19.1579145,-96.1322554,2026-06-27T14:50:18.870538,2026-06-27T14:50:18.870538
https://propiedades.com/inmuebles/casa-en-venta-los-pinos-veracruz-28835799,"MXN 2,600,000",2600000.0,MXN,0.0,246 m² const. | 6 rec. | 3 baños,,246.0,6,3,0,2 años en Propiedades.com,,"Los Pinos, Veracruz, Veracruz de Ignacio de la Llave"," , Col. Los Pinos C.P. 91870, Veracruz",,19.2078511,-96.1622433,2026-06-27T14:50:18.870539,2026-06-27T14:50:18.870539
https://propiedades.com/inmuebles/casa-en-venta-pino-maritimo-31-geovillas-los-pinos-ii-veracruz-30173826,"MXN 1,200,000",1200000.0,MXN,0.0,135 m² const. | 3 rec. | 2 baños,,135.0,3,2,0,11 meses en Propiedades.com,pino maritimo #31,"Geovillas los Pinos II, Veracruz, Veracruz de Ignacio de la Llave","pino maritimo #31, Col. Geovillas los Pinos II C.P. 91808, Veracruz",,19.1667655,-96.1786421,2026-06-27T14:50:18.870542,2026-06-27T14:50:18.870542
https://propiedades.com/inmuebles/casa-en-venta-reforma-veracruz-30993083,"MXN 2,900,000",2900000.0,MXN,0.0,213 m² const. | 5 rec. | 3 baños,,213.0,5,3,0,3 meses en Propiedades.com,,"Reforma, Veracruz, Veracruz de Ignacio de la Llave"," , Col. Reforma C.P. 91919, Veracruz",,19.1707806,-96.1248675,2026-06-27T14:50:18.870561,2026-06-27T14:50:18.870561
https://propiedades.com/inmuebles/casa-en-venta-ortiz-rubio-300-adolfo-lopez-mateos-veracruz-27884899,"MXN 2,600,000",2600000.0,MXN,0.0,231 m² const. | 3 rec. | 4 baños,,231.0,3,4,0,2 años en Propiedades.com,Ortiz rubio #300,"Adolfo López Mateos, Veracruz, Veracruz de Ignacio de la Llave","Ortiz rubio #300 , Col. Adolfo López Mateos C.P. 91780, Veracruz",Aire acondicionado | Cisterna,19.1612816,-96.1434201,2026-06-27T14:50:18.870563,2026-06-27T14:50:18.870563
https://propiedades.com/inmuebles/casa-en-venta-costa-de-oro-6-puerto-de-veracruz-veracruz-29088465,"MXN 460,000",460000.0,MXN,0.0,700 m² const. | 6 rec. | 4 baños,,700.0,6,4,0,1 año en Propiedades.com,COSTA DE ORO #6,"Puerto de Veracruz, Veracruz, Veracruz de Ignacio de la Llave","COSTA DE ORO #6, Col. Puerto de Veracruz C.P. 91709, Veracruz",,19.1954273,-96.1932226,2026-06-27T14:50:18.870564,2026-06-27T14:50:18.870564
https://propiedades.com/inmuebles/casa-en-venta-bruno-pagliai-veracruz-29818837,"MXN 999,500",999500.0,MXN,0.0,61 m² const. | 2 rec. | 1 baños,61.0,61.0,2,1,0,A estrenar,,"Bruno Pagliai, Veracruz, Veracruz de Ignacio de la Llave"," , Col. Bruno Pagliai C.P. 91697, Veracruz",,19.1662139,-96.2262878,2026-06-27T14:50:45.531358,2026-06-27T14:50:45.531358
https://propiedades.com/inmuebles/casa-en-venta-reforma-veracruz-30712538,"MXN 5,800,000",5800000.0,MXN,0.0,325 m² const. | 3 rec. | 4 baños,,325.0,3,4,0,5 meses en Propiedades.com,,"Reforma, Veracruz, Veracruz de Ignacio de la Llave"," , Col. Reforma C.P. 91919, Veracruz",,19.1707806,-96.1248675,2026-06-27T14:50:45.531386,2026-06-27T14:50:45.531386
https://propiedades.com/inmuebles/casa-en-venta-reforma-veracruz-11250023,"MXN 7,300,000",7300000.0,MXN,0.0,250 m² const. | 3 rec. | 4 baños,364.0,250.0,3,4,2,A estrenar,Col. Reforma,"Reforma, Veracruz, Veracruz de Ignacio de la Llave",", Col. Reforma C.P. 91919, Veracruz",Aire acondicionado,19.1707806,-96.1248675,2026-06-27T14:50:45.531399,2026-06-27T14:50:45.531399
https://propiedades.com/inmuebles/casa-en-venta-luis-pirata-fuentes-sn-lomas-del-angel-veracruz-29175320,"MXN 900,000",900000.0,MXN,0.0,125 m² const. | 4 rec. | 3 baños,105.0,125.0,4,3,0,A estrenar,Luis Pirata Fuentes #S/N,"Lomas Del Angel, Veracruz, Veracruz de Ignacio de la Llave","Luis Pirata Fuentes #S/N, Col. Lomas Del Angel C.P. 91855, Veracruz",Seguridad privada,19.1993074,-96.1901578,2026-06-27T14:50:45.531448,2026-06-27T14:50:45.531448
https://propiedades.com/inmuebles/casa-en-venta-reforma-veracruz-29912426,"MXN 10,850,000",10850000.0,MXN,0.0,580 m² const. | 4 rec. | 3 baños,600.0,580.0,4,3,4,20 años,,"Reforma, Veracruz, Veracruz de Ignacio de la Llave"," , Col. Reforma C.P. 91919, Veracruz",,19.1780491,-96.1288426,2026-06-27T14:50:45.531457,2026-06-27T14:50:45.531457
https://propiedades.com/inmuebles/casa-en-venta-carretera-mata-de-pita-818-dream-lagoons-veracruz-28228003,"MXN 1,733,000",1733000.0,MXN,0.0,95 m² const. | 3 rec. | 2 baños,80.0,95.0,3,2,1,A estrenar,CARRETERA MATA DE PITA 818,"Dream Lagoons, Veracruz, Veracruz de Ignacio de la Llave","CARRETERA MATA DE PITA 818, Col. Dream Lagoons C.P. 91699, Veracruz",Alberca,19.1441382,-96.1760327,2026-06-27T14:50:45.531464,2026-06-27T14:50:45.531464
https://www.propiedades.com/inmuebles/casa-en-venta-diaz-aragon-y-21-de-febrero--sn--ricardo-flores-magon-veracruz-26945530,"MXN 4,800,000",4800000.0,MXN,0.0,345 m² const. | 3 rec. | 4 baños | 2 estac.,,345.0,3,4,2,3 años en Propiedades.com,Díaz Aragón y 21 de febrero  #SN,"Ricardo Flores Magón, Veracruz, Veracruz de Ignacio de la Llave","Díaz Aragón y 21 de febrero  #SN , Col. Ricardo Flores Magón C.P. 91900, Veracruz",,19.1914151,-96.1275175,2026-06-27T14:50:45.531469,2026-06-27T14:50:45.531469
https://propiedades.com/inmuebles/casa-en-venta-los-pinos-veracruz-31497486,"MXN 1,500,000",1500000.0,MXN,0.0,140 m² const. | 2 rec. | 2 baños,156.0,140.0,2,2,1,A estrenar,Col. Los Pinos,"Los Pinos, Veracruz, Veracruz de Ignacio de la Llave",", Col. Los Pinos C.P. 91870, Veracruz",,19.2041763,-96.1600339,2026-06-27T14:50:45.531476,2026-06-27T14:50:45.531476
https://propiedades.com/inmuebles/casa-en-venta-palma-real-veracruz-31343648,"MXN 1,500,000",1500000.0,MXN,0.0,3 rec. | 2 baños,,,3,2,0,1 mes en Propiedades.com,,"Palma Real, Veracruz, Veracruz de Ignacio de la Llave"," , Col. Palma Real C.P. 91826, Veracruz",,20.7513141,-105.2582463,2026-06-27T14:50:45.531638,2026-06-27T14:50:45.531638
https://propiedades.com/inmuebles/casa-en-venta-flores-del-valle-veracruz-30329520,"MXN 2,000,000",2000000.0,MXN,0.0,160 m² const. | 3 rec. | 2 baños,,160.0,3,2,0,9 meses en Propiedades.com,,"Flores Del Valle, Veracruz, Veracruz de Ignacio de la Llave"," , Col. Flores Del Valle C.P. 91948, Veracruz",,19.1427251,-96.1411274,2026-06-27T14:50:45.531645,2026-06-27T14:50:45.531645
https://propiedades.com/inmuebles/casa-en-venta-veracruz-veracruz-29062432,"MXN 788,000",788000.0,MXN,0.0,68 m² const. | 2 rec. | 2 baños,,68.0,2,2,0,1 año en Propiedades.com,,"Veracruz, Veracruz, Veracruz de Ignacio de la Llave"," , Col. Veracruz C.P. 91709, Veracruz",,19.1530844,-96.2123595,2026-06-27T14:50:45.531649,2026-06-27T14:50:45.531649
https://www.propiedades.com/inmuebles/casa-en-venta-vicente-suarez-820-chapultepec-veracruz-29175319,"MXN 870,000",870000.0,MXN,0.0,90 m² const. | 3 rec. | 1 baños,,90.0,3,1,0,1 año en Propiedades.com,Vicente Suarez #820,"Chapultepec, Veracruz, Veracruz de Ignacio de la Llave","Vicente Suarez #820, Col. Chapultepec C.P. 91740, Veracruz",,19.1722717,-96.1467337,2026-06-27T14:50:45.531652,2026-06-27T14:50:45.531652
https://propiedades.com/inmuebles/casa-en-venta-veracruz-centro-veracruz-30329521,"MXN 2,800,000",2800000.0,MXN,0.0,254 m² const. | 4 rec. | 2 baños,,254.0,4,2,0,9 meses en Propiedades.com,,"Veracruz Centro, Veracruz, Veracruz de Ignacio de la Llave"," , Col. Veracruz Centro C.P. 91700, Veracruz",,19.1981423,-96.134991,2026-06-27T14:50:45.531656,2026-06-27T14:50:45.531656
https://propiedades.com/inmuebles/casa-en-venta-sin-nombre-de-calle-san-jose-veracruz-29399531,"MXN 1,260,000",1260000.0,MXN,0.0,180 m² const. | 3 rec. | 2 baños | 2 estac.,,180.0,3,2,2,1 año en Propiedades.com,Sin nombre de calle,"San José, Veracruz, Veracruz de Ignacio de la Llave","Sin nombre de calle, Col. San José C.P. 91698, Veracruz",Seguridad privada,19.1219707,-96.1071483,2026-06-27T14:50:45.531661,2026-06-27T14:50:45.531661
https://propiedades.com/inmuebles/casa-en-venta-tejeria-valle-alto-veracruz-29464042,"MXN 1,380,000",1380000.0,MXN,0.0,90 m² const. | 3 rec. | 3 baños,,90.0,3,3,0,1 año en Propiedades.com,Tejería  #0Int. 0,"Valle Alto, Veracruz, Veracruz de Ignacio de la Llave","Tejería  #0Int. 0, Col. Valle Alto C.P. 91697, Veracruz",,19.1430943,-96.2166095,2026-06-27T14:50:45.531666,2026-06-27T14:50:45.531666
https://propiedades.com/inmuebles/casa-en-venta-2-caminos-veracruz-31092645,"MXN 2,000,000",2000000.0,MXN,0.0,199 m² const. | 5 rec. | 5 baños,,199.0,5,5,0,2 meses en Propiedades.com,,"2 Caminos, Veracruz, Veracruz de Ignacio de la Llave"," , Col. 2 Caminos C.P. 91726, Veracruz",,19.1831546,-96.1631973,2026-06-27T14:50:45.531671,2026-06-27T14:50:45.531671
https://propiedades.com/inmuebles/casa-en-venta-los-pinos-veracruz-28572161,"MXN 2,190,000",2190000.0,MXN,0.0,259 m² const. | 3 rec. | 2 baños | 1 estac.,,259.0,3,2,1,2 años en Propiedades.com,Col. Los Pinos,"Los Pinos, Veracruz, Veracruz de Ignacio de la Llave",", Col. Los Pinos C.P. 91870, Veracruz",Alberca,19.2080254,-96.1619784,2026-06-27T14:50:45.531674,2026-06-27T14:50:45.531674
https://propiedades.com/inmuebles/casa-en-venta-lago-valle-bravo-23-coyol-fovissste-veracruz-30095890,"MXN 1,136,070",1136070.0,MXN,0.0,78 m² const. | 2 rec. | 2 baños,,78.0,2,2,0,11 meses en Propiedades.com,LAGO VALLE BRAVO #23,"Coyol FOVISSSTE, Veracruz, Veracruz de Ignacio de la Llave","LAGO VALLE BRAVO #23, Col. Coyol FOVISSSTE C.P. 91779, Veracruz",,19.1630367,-96.1573383,2026-06-27T14:50:45.531678,2026-06-27T14:50:45.531678
https://propiedades.com/inmuebles/casa-en-venta-paso-y-troncoso-1109-ignacio-zaragoza-veracruz-30426962,"MXN 1,638,000",1638000.0,MXN,0.0,78 m² const. | 2 rec. | 1 baños,,78.0,2,1,0,9 meses en Propiedades.com,PASO Y TRONCOSO #1109,"Ignacio Zaragoza, Veracruz, Veracruz de Ignacio de la Llave","PASO Y TRONCOSO #1109, Col. Ignacio Zaragoza C.P. 91910, Veracruz",,19.1780491,-96.1288426,2026-06-27T14:50:45.531684,2026-06-27T14:50:45.531684
https://propiedades.com/inmuebles/casa-en-venta-prof-alicia-moreno-257-buenavista-veracruz-30857662,"MXN 1,300,000",1300000.0,MXN,0.0,168 m² const. | 4 rec. | 3 baños,,168.0,4,3,0,4 meses en Propiedades.com,Prof. Alicia Moreno #257,"Buenavista, Veracruz, Veracruz de Ignacio de la Llave","Prof. Alicia Moreno #257, Col. Buenavista C.P. 91826, Veracruz",Terraza,19.1833329,-96.2333331,2026-06-27T14:50:45.531688,2026-06-27T14:50:45.531688
https://propiedades.com/inmuebles/casa-en-venta-sin-nombre-de-calle-las-palmas-veracruz-26896163,"MXN 2,700,000",2700000.0,MXN,0.0,299 m² const. | 4 rec. | 2 baños,,299.0,4,2,0,3 años en Propiedades.com,Sin nombre de calle,"Las Palmas, Veracruz, Veracruz de Ignacio de la Llave","Sin nombre de calle, Col. Las Palmas C.P. 91779, Veracruz",Alberca | Seguridad privada | Cisterna,19.1616453,-96.154687,2026-06-27T14:50:45.531693,2026-06-27T14:50:45.531693
https://propiedades.com/inmuebles/casa-en-venta-dos-15-malibran-veracruz-30145000,"MXN 1,250,000",1250000.0,MXN,0.0,122 m² const. | 4 rec. | 3 baños,,122.0,4,3,0,11 meses en Propiedades.com,Dos #15,"Malibran, Veracruz, Veracruz de Ignacio de la Llave","Dos #15, Col. Malibran C.P. 91947, Veracruz",Seguridad privada,19.1491041,-96.1424261,2026-06-27T14:50:45.531697,2026-06-27T14:50:45.531697
https://propiedades.com/inmuebles/casa-en-venta-circuito-14-25-geovillas-los-pinos-veracruz-30216926,"MXN 1,000,000",1000000.0,MXN,0.0,100 m² const. | 4 rec. | 3 baños,,100.0,4,3,0,10 meses en Propiedades.com,circuito 14 #25,"Geovillas los Pinos, Veracruz, Veracruz de Ignacio de la Llave","circuito 14 #25, Col. Geovillas los Pinos C.P. 91808, Veracruz",,19.2147592,-96.2256491,2026-06-27T14:50:45.531700,2026-06-27T14:50:45.531700
https://propiedades.com/inmuebles/casa-en-venta-mazatlan-300-fernando-lopez-arias-veracruz-30176249,"MXN 1,100,000",1100000.0,MXN,0.0,100 m² const. | 4 rec. | 3 baños,,100.0,4,3,0,11 meses en Propiedades.com,Mazatlan #300,"Fernando López Arias, Veracruz, Veracruz de Ignacio de la Llave","Mazatlan #300, Col. Fernando López Arias C.P. 91820, Veracruz",,19.2105993,-96.1704985,2026-06-27T14:50:45.531704,2026-06-27T14:50:45.531704
https://propiedades.com/inmuebles/casa-en-venta-sin-nombre-de-calle-veracruz-centro-veracruz-29155087,"MXN 2,200,000",2200000.0,MXN,0.0,270 m² const. | 3 rec. | 2 baños,,270.0,3,2,0,1 año en Propiedades.com,Sin nombre de calle,"Veracruz Centro, Veracruz, Veracruz de Ignacio de la Llave","Sin nombre de calle, Col. Veracruz Centro C.P. 91700, Veracruz",,19.189537,-96.1394441,2026-06-27T14:50:45.531708,2026-06-27T14:50:45.531708
https://propiedades.com/inmuebles/casa-en-venta-centro-veracruz-centro-veracruz-30200452,"MXN 2,600,000",2600000.0,MXN,0.0,110 m² const. | 3 rec. | 2 baños,,110.0,3,2,0,11 meses en Propiedades.com,Centro,"Veracruz Centro, Veracruz, Veracruz de Ignacio de la Llave","Centro, Col. Veracruz Centro C.P. 91700, Veracruz",Terraza,19.189537,-96.1394441,2026-06-27T14:50:45.531712,2026-06-27T14:50:45.531712
https://www.propiedades.com/inmuebles/casa-en-venta-sin-nombre-de-calle-nuevo-veracruz-veracruz-31085676,"MXN 2,900,000",2900000.0,MXN,0.0,248 m² const. | 4 rec. | 6 baños | 2 estac.,,248.0,4,6,2,2 meses en Propiedades.com,Sin nombre de calle,"Nuevo Veracruz, Veracruz, Veracruz de Ignacio de la Llave","Sin nombre de calle, Col. Nuevo Veracruz C.P. 91726, Veracruz",Aire acondicionado | Terraza,19.2183897,-96.1729171,2026-06-27T14:50:45.531715,2026-06-27T14:50:45.531715
https://propiedades.com/inmuebles/casa-en-venta-jp-molina-68-los-pinos-veracruz-25929260,"MXN 2,000,000",2000000.0,MXN,0.0,185 m² const. | 3 rec. | 3 baños | 1 estac.,,185.0,3,3,1,3 años en Propiedades.com,J.P. MOLINA  #68,"Los Pinos, Veracruz, Veracruz de Ignacio de la Llave","J.P. MOLINA  #68, Col. Los Pinos C.P. 91870, Veracruz",Aire acondicionado,19.2080254,-96.1619784,2026-06-27T14:50:45.531720,2026-06-27T14:50:45.531720
https://propiedades.com/inmuebles/casa-en-venta-circuito-3-87-geovillas-los-pinos-ii-veracruz-26199404,"MXN 950,000",950000.0,MXN,0.0,114 m² const. | 3 rec. | 2 baños,,114.0,3,2,0,3 años en Propiedades.com,circuito 3 #87,"Geovillas los Pinos II, Veracruz, Veracruz de Ignacio de la Llave","circuito 3 #87, Col. Geovillas los Pinos II C.P. 91808, Veracruz",,19.2154131,-96.22580459999999,2026-06-27T14:50:45.531724,2026-06-27T14:50:45.531724
https://propiedades.com/inmuebles/casa-en-venta-florida-1-la-florida-veracruz-29155309,"MXN 750,000",750000.0,MXN,0.0,80 m² const. | 2 rec. | 2 baños | 1 estac.,,80.0,2,2,1,1 año en Propiedades.com,florida #1,"La Florida, Veracruz, Veracruz de Ignacio de la Llave","florida #1, Col. La Florida C.P. 91698, Veracruz",,19.8986829,-96.590342,2026-06-27T14:50:45.531728,2026-06-27T14:50:45.531728
https://propiedades.com/inmuebles/casa-en-venta-ruby-30-2-caminos-veracruz-29188352,"MXN 1,350,000",1350000.0,MXN,0.0,96 m² const. | 2 rec. | 2 baños,,96.0,2,2,0,1 año en Propiedades.com,Ruby #30,"2 Caminos, Veracruz, Veracruz de Ignacio de la Llave","Ruby #30, Col. 2 Caminos C.P. 91726, Veracruz",,19.1781556,-96.1699336,2026-06-27T14:50:45.531732,2026-06-27T14:50:45.531732
https://propiedades.com/inmuebles/casa-en-venta-cto-14-sn-geovillas-los-pinos-veracruz-28897791,"MXN 900,000",900000.0,MXN,0.0,121 m² const. | 3 rec. | 2 baños | 1 estac.,,121.0,3,2,1,2 años en Propiedades.com,CTO 14 #S/N,"Geovillas los Pinos, Veracruz, Veracruz de Ignacio de la Llave","CTO 14 #S/N, Col. Geovillas los Pinos C.P. 91808, Veracruz",Seguridad privada | Aire acondicionado,19.2147592,-96.2256491,2026-06-27T14:50:45.531736,2026-06-27T14:50:45.531736
https://propiedades.com/inmuebles/casa-en-venta-guadalupe-victoria-2383-veracruz-centro-veracruz-29975289,"MXN 2,400,000",2400000.0,MXN,0.0,170 m² const. | 4 rec. | 3 baños,,170.0,4,3,0,1 año en Propiedades.com,Guadalupe Victoria #2383,"Veracruz Centro, Veracruz, Veracruz de Ignacio de la Llave","Guadalupe Victoria #2383, Col. Veracruz Centro C.P. 91700, Veracruz",,19.189537,-96.1394441,2026-06-27T14:50:45.531740,2026-06-27T14:50:45.531740
https://propiedades.com/inmuebles/casa-en-venta-veracruz-centro-veracruz-30857703,"MXN 1,600,000",1600000.0,MXN,0.0,185 m² const. | 3 rec. | 2 baños,,185.0,3,2,0,4 meses en Propiedades.com,,"Veracruz Centro, Veracruz, Veracruz de Ignacio de la Llave"," , Col. Veracruz Centro C.P. 91700, Veracruz",,19.1888869,-96.137397,2026-06-27T14:50:45.531743,2026-06-27T14:50:45.531743
https://propiedades.com/inmuebles/casa-en-venta-tres-rocas-13-laguna-real-veracruz-25624540,"MXN 1,750,000",1750000.0,MXN,0.0,200 m² const. | 3 rec. | 2 baños,,200.0,3,2,0,4 años en Propiedades.com,TRES ROCAS #13,"Laguna Real, Veracruz, Veracruz de Ignacio de la Llave","TRES ROCAS #13, Col. Laguna Real C.P. 91790, Veracruz",Seguridad privada | Aire acondicionado,19.149087,-96.1540241,2026-06-27T14:50:45.531765,2026-06-27T14:50:45.531765
https://propiedades.com/inmuebles/casa-en-venta-doblado-174-veracruz-centro-veracruz-20960532,"MXN 3,000,000",3000000.0,MXN,0.0,325 m² const. | 11 rec. | 2 baños,,325.0,11,2,0,5 años en Propiedades.com,DOBLADO #174,"Veracruz Centro, Veracruz, Veracruz de Ignacio de la Llave","DOBLADO #174, Col. Veracruz Centro C.P. 91700, Veracruz",,19.196811,-96.1314201,2026-06-27T14:50:45.531769,2026-06-27T14:50:45.531769
https://propiedades.com/inmuebles/casa-en-venta-venustiano-carranza-valle-alto-veracruz-29742443,"MXN 2,450,000",2450000.0,MXN,0.0,180 m² const. | 4 rec. | 4 baños | 1 estac.,,180.0,4,4,1,1 año en Propiedades.com,VENUSTIANO CARRANZA #0,"Valle Alto, Veracruz, Veracruz de Ignacio de la Llave","VENUSTIANO CARRANZA #0, Col. Valle Alto C.P. 91697, Veracruz",Seguridad privada | Aire acondicionado | Cisterna,19.1430943,-96.2166095,2026-06-27T14:50:45.531773,2026-06-27T14:50:45.531773
https://propiedades.com/inmuebles/casa-en-venta-veracruz-centro-veracruz-24700375,"MXN 1,600,000",1600000.0,MXN,0.0,250 m² const.,,250.0,0,0,0,4 años en Propiedades.com,,"Veracruz Centro, Veracruz, Veracruz de Ignacio de la Llave"," , Col. Veracruz Centro C.P. 91700, Veracruz",,19.1956317,-96.1438736,2026-06-27T14:50:45.531776,2026-06-27T14:50:45.531776
https://propiedades.com/inmuebles/casa-en-venta-dorado-real-veracruz-30465356,"MXN 1,095,000",1095000.0,MXN,0.0,70 m² const. | 3 rec. | 1 baños,,70.0,3,1,0,8 meses en Propiedades.com,,"Dorado Real, Veracruz, Veracruz de Ignacio de la Llave"," , Col. Dorado Real C.P. 91698, Veracruz",,,,2026-06-27T14:50:45.531797,2026-06-27T14:50:45.531797
https://propiedades.com/inmuebles/casa-en-venta-moderno-veracruz-6707816,"MXN 7,500,000",7500000.0,MXN,0.0,603 m² const. | 5 rec. | 4 baños,,603.0,5,4,0,7 años en Propiedades.com,,"Moderno, Veracruz, Veracruz de Ignacio de la Llave"," , Col. Moderno C.P. 91918, Veracruz",Aire acondicionado,19.172714,-96.13348049999999,2026-06-27T14:50:45.531801,2026-06-27T14:50:45.531801
https://propiedades.com/inmuebles/casa-en-venta-maria-vargas-de-quevedo-299-villa-rica-1-veracruz-29150501,"MXN 1,200,000",1200000.0,MXN,0.0,200 m² const. | 3 rec. | 3 baños | 1 estac.,,200.0,3,3,1,1 año en Propiedades.com,MARIA VARGAS DE QUEVEDO  #299,"Villa Rica 1, Veracruz, Veracruz de Ignacio de la Llave","MARIA VARGAS DE QUEVEDO  #299, Col. Villa Rica 1 C.P. 91800, Veracruz",,19.1313143,-96.1121467,2026-06-27T14:50:45.531805,2026-06-27T14:50:45.531805
https://propiedades.com/inmuebles/casa-en-venta-sin-nombre-de-calle-astilleros-de-veracruz-veracruz-29205613,"MXN 1,500,000",1500000.0,MXN,0.0,180 m² const. | 3 rec. | 4 baños,,180.0,3,4,0,1 año en Propiedades.com,Sin nombre de calle,"Astilleros de Veracruz, Veracruz, Veracruz de Ignacio de la Llave","Sin nombre de calle, Col. Astilleros de Veracruz C.P. 91800, Veracruz",,19.2131439,-96.1858472,2026-06-27T14:50:45.531810,2026-06-27T14:50:45.531810
https://propiedades.com/inmuebles/casa-en-venta-primero-de-mayo-veracruz-11250011,"MXN 1,800,000",1800000.0,MXN,0.0,165 m² const. | 3 rec. | 3 baños,,165.0,3,3,0,6 años en Propiedades.com,Col. Primero de Mayo,"Primero de Mayo, Veracruz, Veracruz de Ignacio de la Llave",", Col. Primero de Mayo C.P. 91757, Veracruz",Aire acondicionado,19.1753648,-96.1427574,2026-06-27T14:50:45.531814,2026-06-27T14:50:45.531814
https://propiedades.com/inmuebles/casa-en-venta-reserva-tarimoya-i-veracruz-30887284,"MXN 2,586,000",2586000.0,MXN,0.0,237 m² const. | 5 rec. | 2 baños,150.0,237.0,5,2,1,20 años,,"Reserva Tarimoya I, Veracruz, Veracruz de Ignacio de la Llave"," , Col. Reserva Tarimoya I C.P. 91850, Veracruz",,19.1978159,-96.1729768,2026-06-27T14:51:09.762746,2026-06-27T14:51:09.762746
https://propiedades.com/inmuebles/casa-en-venta-jacarandas-42-geovillas-los-pinos-veracruz-29160567,"MXN 550,000",550000.0,MXN,0.0,105 m² const. | 3 rec. | 2 baños,,105.0,3,2,0,1 año en Propiedades.com,Jacarandas #42,"Geovillas los Pinos, Veracruz, Veracruz de Ignacio de la Llave","Jacarandas #42, Col. Geovillas los Pinos C.P. 91808, Veracruz",Seguridad privada,19.2147592,-96.2256491,2026-06-27T14:51:09.762769,2026-06-27T14:51:09.762769
https://propiedades.com/inmuebles/casa-en-venta-veracruz-veracruz-29062411,"MXN 4,000,000",4000000.0,MXN,0.0,146 m² const. | 3 rec. | 2 baños,327.0,146.0,3,2,3,25 años,,"Veracruz, Veracruz, Veracruz de Ignacio de la Llave"," , Col. Veracruz C.P. 91709, Veracruz",,19.181989,-96.1265838,2026-06-27T14:51:09.762779,2026-06-27T14:51:09.762779
https://www.propiedades.com/inmuebles/casa-en-venta-av-del-fuerte-32-puerto-de-veracruz-veracruz-31487659,"MXN 800,000",800000.0,MXN,0.0,90 m² const. | 3 rec. | 2 baños | 1 estac.,,90.0,3,2,1,A estrenar,AV DEL FUERTE #32,"Puerto de Veracruz, Veracruz, Veracruz de Ignacio de la Llave","AV DEL FUERTE #32, Col. Puerto de Veracruz C.P. 91709, Veracruz",Seguridad privada,19.1954273,-96.1932226,2026-06-27T14:51:09.762785,2026-06-27T14:51:09.762785
https://propiedades.com/inmuebles/casa-en-venta-sin-nombre-de-calle-geovillas-los-pinos-veracruz-31506796,"MXN 415,000",415000.0,MXN,0.0,60 m² const. | 2 rec. | 1 baños,70.0,60.0,2,1,0,A estrenar,Sin nombre de calle,"Geovillas los Pinos, Veracruz, Veracruz de Ignacio de la Llave","Sin nombre de calle, Col. Geovillas los Pinos C.P. 91808, Veracruz",Seguridad privada | Aire acondicionado | Cisterna | Gimnasio,19.2147592,-96.2256491,2026-06-27T14:51:09.762791,2026-06-27T14:51:09.762791
https://propiedades.com/inmuebles/casa-en-venta-cempoala-10-palma-real-veracruz-29174959,"MXN 425,000",425000.0,MXN,0.0,46 m² const. | 1 rec. | 1 baños | 1 estac.,56.0,46.0,1,1,1,9 años,Cempoala  #10,"Palma Real, Veracruz, Veracruz de Ignacio de la Llave","Cempoala  #10, Col. Palma Real C.P. 91826, Veracruz",,19.1957054,-96.1847084,2026-06-27T14:51:09.762798,2026-06-27T14:51:09.762798
https://propiedades.com/inmuebles/casa-en-venta-el-coyol-veracruz-27060726,"MXN 1,495,000",1495000.0,MXN,0.0,135 m² const. | 3 rec. | 2 baños,100.0,135.0,3,2,2,A estrenar,,"El Coyol, Veracruz, Veracruz de Ignacio de la Llave"," , Col. El Coyol C.P. 91780, Veracruz",,19.1630367,-96.1573383,2026-06-27T14:51:09.762804,2026-06-27T14:51:09.762804
https://propiedades.com/inmuebles/casa-en-venta-calle-nogal-274-274-colinas-de-san-jorge-veracruz-30053184,"MXN 397,520",397520.0,MXN,0.0,40 m² const. | 2 rec. | 1 baños,,40.0,2,1,0,12 meses en Propiedades.com,Calle Nogal 274 #274,"Colinas de San Jorge, Veracruz, Veracruz de Ignacio de la Llave","Calle Nogal 274 #274, Col. Colinas de San Jorge C.P. 91808, Veracruz",,19.2067582,-96.2293559,2026-06-27T14:51:09.762807,2026-06-27T14:51:09.762807
https://propiedades.com/inmuebles/casa-en-venta-puerta-paraiso-veracruz-30895133,"MXN 1,591,000",1591000.0,MXN,0.0,72 m² const. | 2 rec. | 2 baños,,72.0,2,2,0,4 meses en Propiedades.com,,"Puerta Paraíso, Veracruz, Veracruz de Ignacio de la Llave"," , Col. Puerta Paraíso C.P. 91699, Veracruz",,19.173773,-96.1342241,2026-06-27T14:51:09.762810,2026-06-27T14:51:09.762810
https://propiedades.com/inmuebles/casa-en-venta-sierra-apiacas-las-brisas-91809-veracruz-ver-las-brisas-veracruz-30980212,"MXN 1,328,000",1328000.0,MXN,0.0,76 m² const. | 2 rec. | 1 baños,90.0,76.0,2,1,1,4 años,Sierra Apiacas,"Las Brisas, Veracruz, Veracruz de Ignacio de la Llave","Sierra Apiacas, Las Brisas, 91809 Veracruz, Ver., Col. Las Brisas C.P. 91809, Veracruz",Cisterna,19.2040057,-96.1833957,2026-06-27T14:51:09.762816,2026-06-27T14:51:09.762816
https://propiedades.com/inmuebles/casa-en-venta-veracruz-veracruz-25095388,"MXN 3,000,000",3000000.0,MXN,0.0,395 m² const. | 10 rec. | 5 baños,,395.0,10,5,0,4 años en Propiedades.com,,"Veracruz, Veracruz, Veracruz de Ignacio de la Llave"," , Col. Veracruz C.P. 91709, Veracruz",,19.2001197,-96.1328179,2026-06-27T14:51:09.762819,2026-06-27T14:51:09.762819
https://propiedades.com/inmuebles/casa-en-venta-primero-de-mayo-veracruz-11250015,"MXN 2,600,000",2600000.0,MXN,0.0,226 m² const.,,226.0,0,0,0,6 años en Propiedades.com,Col. Primero de Mayo,"Primero de Mayo, Veracruz, Veracruz de Ignacio de la Llave",", Col. Primero de Mayo C.P. 91757, Veracruz",Aire acondicionado,19.1753648,-96.1427574,2026-06-27T14:51:09.762858,2026-06-27T14:51:09.762858
https://propiedades.com/inmuebles/casa-en-venta-floresta-veracruz-26375350,"MXN 2,800,000",2800000.0,MXN,0.0,265 m² const. | 5 rec. | 2 baños,,265.0,5,2,0,3 años en Propiedades.com,,"Floresta, Veracruz, Veracruz de Ignacio de la Llave"," , Col. Floresta C.P. 91940, Veracruz",,19.1556264,-96.1354683,2026-06-27T14:51:09.762862,2026-06-27T14:51:09.762862
https://propiedades.com/inmuebles/casa-en-venta-gaviota-sn-reserva-tarimoya-i-veracruz-30024972,"MXN 880,000",880000.0,MXN,0.0,65 m² const. | 2 rec. | 1 baños,,65.0,2,1,0,1 año en Propiedades.com,GAVIOTA #SN,"Reserva Tarimoya I, Veracruz, Veracruz de Ignacio de la Llave","GAVIOTA #SN, Col. Reserva Tarimoya I C.P. 91850, Veracruz",,19.1927736,-96.1720712,2026-06-27T14:51:09.762884,2026-06-27T14:51:09.762884
https://propiedades.com/inmuebles/casa-en-venta-echeven-2259-veracruz-centro-veracruz-30766068,"MXN 1,321,000",1321000.0,MXN,0.0,100 m² const. | 2 rec. | 1 baños,,100.0,2,1,0,5 meses en Propiedades.com,ECHEVEN #2259,"Veracruz Centro, Veracruz, Veracruz de Ignacio de la Llave","ECHEVEN #2259, Col. Veracruz Centro C.P. 91700, Veracruz",,19.189536999999998,-96.13944409999999,2026-06-27T14:51:09.762887,2026-06-27T14:51:09.762887
https://propiedades.com/inmuebles/casa-en-venta-playa-roqueta-1572-playa-linda-veracruz-27204147,"MXN 1,120,000",1120000.0,MXN,0.0,148 m² const. | 2 rec. | 2 baños,,148.0,2,2,0,3 años en Propiedades.com,Playa Roqueta #1572,"Playa Linda, Veracruz, Veracruz de Ignacio de la Llave","Playa Roqueta #1572, Col. Playa Linda C.P. 91810, Veracruz",,19.213501,-96.1752377,2026-06-27T14:51:09.762892,2026-06-27T14:51:09.762892
https://propiedades.com/inmuebles/casa-en-venta-veracruz-veracruz-30887285,"MXN 1,774,000",1774000.0,MXN,0.0,134 m² const. | 2 rec. | 1 baños,,134.0,2,1,0,4 meses en Propiedades.com,,"Veracruz, Veracruz, Veracruz de Ignacio de la Llave"," , Col. Veracruz C.P. 91709, Veracruz",,20.1814039,-96.8627206,2026-06-27T14:51:09.762895,2026-06-27T14:51:09.762895
https://propiedades.com/inmuebles/casa-en-venta-arco-de-constantino-589-puerta-paraiso-veracruz-31495155,"MXN 1,813,000",1813000.0,MXN,0.0,71 m² const. | 3 rec. | 2 baños | 1 estac.,,71.0,3,2,1,A estrenar,ARCO DE CONSTANTINO #589,"Puerta Paraíso, Veracruz, Veracruz de Ignacio de la Llave","ARCO DE CONSTANTINO #589, Col. Puerta Paraíso C.P. 91699, Veracruz",,19.129338,-96.1724279,2026-06-27T14:51:09.762899,2026-06-27T14:51:09.762899
https://propiedades.com/inmuebles/casa-en-venta-floresta-veracruz-31043730,"MXN 2,490,000",2490000.0,MXN,0.0,190 m² const. | 3 rec. | 2 baños,,190.0,3,2,0,3 meses en Propiedades.com,,"Floresta, Veracruz, Veracruz de Ignacio de la Llave"," , Col. Floresta C.P. 91940, Veracruz",,19.1588194,-96.1341211,2026-06-27T14:51:09.762903,2026-06-27T14:51:09.762903
https://propiedades.com/inmuebles/casa-en-venta-concepcion-30-costa-dorada-veracruz-30043847,"MXN 970,000",970000.0,MXN,0.0,75 m² const. | 1 rec. | 1 baños,,75.0,1,1,0,12 meses en Propiedades.com,CONCEPCION  #30,"Costa Dorada, Veracruz, Veracruz de Ignacio de la Llave","CONCEPCION  #30, Col. Costa Dorada C.P. 91808, Veracruz",,19.211667,-96.1820373,2026-06-27T14:51:09.762906,2026-06-27T14:51:09.762906
https://propiedades.com/inmuebles/casa-en-venta-luz-nava-95-ignacio-zaragoza-veracruz-30048409,"MXN 1,365,000",1365000.0,MXN,0.0,80 m² const. | 2 rec. | 1 baños,,80.0,2,1,0,12 meses en Propiedades.com,LUZ NAVA #95,"Ignacio Zaragoza, Veracruz, Veracruz de Ignacio de la Llave","LUZ NAVA #95, Col. Ignacio Zaragoza C.P. 91910, Veracruz",,19.1780491,-96.1288426,2026-06-27T14:51:09.762909,2026-06-27T14:51:09.762909
https://propiedades.com/inmuebles/casa-en-venta-el-coyol-veracruz-27060725,"MXN 1,630,000",1630000.0,MXN,0.0,135 m² const. | 3 rec. | 2 baños,,135.0,3,2,0,3 años en Propiedades.com,,"El Coyol, Veracruz, Veracruz de Ignacio de la Llave"," , Col. El Coyol C.P. 91780, Veracruz",,19.1630367,-96.1573383,2026-06-27T14:51:09.762913,2026-06-27T14:51:09.762913
https://propiedades.com/inmuebles/casa-en-venta-aurelio-lopez-63-miguel-angel-de-quevedo-veracruz-29130293,"MXN 2,200,000",2200000.0,MXN,0.0,290 m² const. | 4 rec. | 2 baños | 1 estac.,,290.0,4,2,1,1 año en Propiedades.com,Aurelio Lopéz #63,"Miguel Ángel de Quevedo, Veracruz, Veracruz de Ignacio de la Llave","Aurelio Lopéz #63, Col. Miguel Ángel de Quevedo C.P. 91860, Veracruz",Cisterna,19.2045949,-96.1649615,2026-06-27T14:51:09.762915,2026-06-27T14:51:09.762915
https://propiedades.com/inmuebles/casa-en-venta-veracruz-ampliacion-las-bajadas-veracruz-30910888,"MXN 980,000",980000.0,MXN,0.0,140 m² const. | 3 rec. | 1 baños,,140.0,3,1,0,4 meses en Propiedades.com,Veracruz,"Ampliación Las Bajadas, Veracruz, Veracruz de Ignacio de la Llave","Veracruz, Col. Ampliación Las Bajadas C.P. 91726, Veracruz",,19.1660481,-96.1778899,2026-06-27T14:51:09.762919,2026-06-27T14:51:09.762919
https://www.propiedades.com/inmuebles/casa-en-venta-cardenal-2442-veracruz-centro-veracruz-31487631,"MXN 500,000",500000.0,MXN,0.0,60 m² const. | 2 rec. | 1 baños | 1 estac.,,60.0,2,1,1,A estrenar,CARDENAL #2442,"Veracruz Centro, Veracruz, Veracruz de Ignacio de la Llave","CARDENAL #2442, Col. Veracruz Centro C.P. 91700, Veracruz",,19.189537,-96.1394441,2026-06-27T14:51:09.762922,2026-06-27T14:51:09.762922
https://propiedades.com/inmuebles/casa-en-venta-ricardo-flores-magon-801-ignacio-zaragoza-veracruz-26209355,"MXN 10,000,000",10000000.0,MXN,0.0,523 m² const. | 6 rec. | 5 baños,,523.0,6,5,0,3 años en Propiedades.com,RICARDO FLORES MAGON #801,"Ignacio Zaragoza, Veracruz, Veracruz de Ignacio de la Llave","RICARDO FLORES MAGON #801, Col. Ignacio Zaragoza C.P. 91910, Veracruz",,19.182005,-96.126763,2026-06-27T14:51:09.762925,2026-06-27T14:51:09.762925
https://propiedades.com/inmuebles/casa-en-venta-veracruz-centro-veracruz-25636893,"MXN 3,500,000",3500000.0,MXN,0.0,450 m² const. | 4 rec.,,450.0,4,0,0,4 años en Propiedades.com,Col. Veracruz Centro,"Veracruz Centro, Veracruz, Veracruz de Ignacio de la Llave",", Col. Veracruz Centro C.P. 91700, Veracruz",,19.189537,-96.1394441,2026-06-27T14:51:09.762928,2026-06-27T14:51:09.762928
https://www.propiedades.com/inmuebles/casa-en-venta-maruca-del-puerto-rementeria-325-villa-rica-2-veracruz-31487634,"MXN 600,000",600000.0,MXN,0.0,68 m² const. | 2 rec. | 2 baños | 1 estac.,,68.0,2,2,1,A estrenar,MARUCA DEL PUERTO REMENTERIA #325,"Villa Rica 2, Veracruz, Veracruz de Ignacio de la Llave","MARUCA DEL PUERTO REMENTERIA #325, Col. Villa Rica 2 C.P. 91800, Veracruz",,19.2113359,-96.1661554,2026-06-27T14:51:09.762931,2026-06-27T14:51:09.762931
https://propiedades.com/inmuebles/casa-en-venta-reforma-veracruz-28436602,"MXN 6,900,000",6900000.0,MXN,0.0,540 m² const. | 4 rec. | 5 baños,,540.0,4,5,0,2 años en Propiedades.com,Col. Reforma,"Reforma, Veracruz, Veracruz de Ignacio de la Llave",", Col. Reforma C.P. 91919, Veracruz",,19.1781566,-96.1283051,2026-06-27T14:51:09.762935,2026-06-27T14:51:09.762935
https://www.propiedades.com/inmuebles/casa-en-venta-bahamas-sn-floresta-veracruz-31487949,"MXN 857,000",857000.0,MXN,0.0,190 m² const. | 3 rec. | 3 baños | 2 estac.,,190.0,3,3,2,A estrenar,BAHAMAS #S/N,"Floresta, Veracruz, Veracruz de Ignacio de la Llave","BAHAMAS #S/N, Col. Floresta C.P. 91940, Veracruz",Cisterna,19.1556264,-96.1354683,2026-06-27T14:51:09.762938,2026-06-27T14:51:09.762938
https://propiedades.com/inmuebles/casa-en-venta-las-bajadas-veracruz-29817000,"MXN 1,200,000",1200000.0,MXN,0.0,75 m² const. | 2 rec. | 1 baños,,75.0,2,1,0,1 año en Propiedades.com,,"Las Bajadas, Veracruz, Veracruz de Ignacio de la Llave"," , Col. Las Bajadas C.P. 91726, Veracruz",,19.1948201,-96.1430354,2026-06-27T14:51:09.762941,2026-06-27T14:51:09.762941
https://propiedades.com/inmuebles/casa-en-venta-sin-nombre-de-calle-geovillas-los-pinos-veracruz-31506995,"MXN 349,000",349000.0,MXN,0.0,75 m² const. | 2 rec. | 1 baños | 1 estac.,,75.0,2,1,1,A estrenar,Sin nombre de calle,"Geovillas los Pinos, Veracruz, Veracruz de Ignacio de la Llave","Sin nombre de calle, Col. Geovillas los Pinos C.P. 91808, Veracruz",Seguridad privada | Aire acondicionado | Cisterna | Gimnasio,19.2147592,-96.2256491,2026-06-27T14:51:09.762944,2026-06-27T14:51:09.762944
https://propiedades.com/inmuebles/casa-en-venta-veracruz-tecnologico-veracruz-30927829,"MXN 1,750,000",1750000.0,MXN,0.0,85 m² const. | 3 rec. | 1 baños,,85.0,3,1,0,4 meses en Propiedades.com,Veracruz,"Tecnológico, Veracruz, Veracruz de Ignacio de la Llave","Veracruz, Col. Tecnológico C.P. 91870, Veracruz",,19.2141049,-96.1682762,2026-06-27T14:51:09.762947,2026-06-27T14:51:09.762947
https://propiedades.com/inmuebles/casa-en-venta-veracruz-veracruz-29062428,"MXN 1,000,000",1000000.0,MXN,0.0,126 m² const. | 3 rec. | 3 baños,,126.0,3,3,0,1 año en Propiedades.com,,"Veracruz, Veracruz, Veracruz de Ignacio de la Llave"," , Col. Veracruz C.P. 91709, Veracruz",,19.1707806,-96.1248675,2026-06-27T14:51:09.762949,2026-06-27T14:51:09.762949
https://propiedades.com/inmuebles/casa-en-venta-sin-calle-las-palmas-veracruz-30719611,"MXN 10,490,000",10490000.0,MXN,0.0,10 m² const. | 1 rec. | 1 baños,,10.0,1,1,0,5 meses en Propiedades.com,Sin Calle,"Las Palmas, Veracruz, Veracruz de Ignacio de la Llave","Sin Calle, Col. Las Palmas C.P. 91779, Veracruz",Alberca,19.16165,-96.15469,2026-06-27T14:51:09.762953,2026-06-27T14:51:09.762953
https://www.propiedades.com/inmuebles/casa-en-venta-almendros-sn-floresta-veracruz-31488469,"MXN 3,500,000",3500000.0,MXN,0.0,396 m² const. | 6 rec. | 6 baños | 2 estac.,,396.0,6,6,2,A estrenar,Almendros #S/N,"Floresta, Veracruz, Veracruz de Ignacio de la Llave","Almendros #S/N, Col. Floresta C.P. 91940, Veracruz",Aire acondicionado,19.1556264,-96.1354683,2026-06-27T14:51:09.762956,2026-06-27T14:51:09.762956
https://propiedades.com/inmuebles/casa-en-venta-valente-diaz-veracruz-28695605,"MXN 4,730,000",4730000.0,MXN,0.0,278 m² const. | 3 rec. | 4 baños,,278.0,3,4,0,2 años en Propiedades.com,Col. Valente Diaz,"Valente Diaz, Veracruz, Veracruz de Ignacio de la Llave",", Col. Valente Diaz C.P. 91725, Veracruz",,19.1791373,-96.134679,2026-06-27T14:51:09.762974,2026-06-27T14:51:09.762974
https://propiedades.com/inmuebles/casa-en-venta-dovela-4320-residencial-el-campanario-veracruz-31506950,"MXN 297,600",297600.0,MXN,0.0,65 m² const. | 2 rec. | 1 baños | 1 estac.,,65.0,2,1,1,A estrenar,Dovela #4320,"Residencial El Campanario, Veracruz, Veracruz de Ignacio de la Llave","Dovela #4320, Col. Residencial El Campanario C.P. 91808, Veracruz",Seguridad privada | Aire acondicionado | Cisterna | Gimnasio,19.2060586,-96.2203407,2026-06-27T14:51:09.762977,2026-06-27T14:51:09.762977
https://propiedades.com/inmuebles/casa-en-venta-sin-nombre-de-calle-geovillas-los-pinos-veracruz-31506896,"MXN 409,000",409000.0,MXN,0.0,50 m² const. | 2 rec. | 1 baños,,50.0,2,1,0,A estrenar,Sin nombre de calle,"Geovillas los Pinos, Veracruz, Veracruz de Ignacio de la Llave","Sin nombre de calle, Col. Geovillas los Pinos C.P. 91808, Veracruz",Seguridad privada | Cisterna | Gimnasio,19.2147592,-96.2256491,2026-06-27T14:51:09.762981,2026-06-27T14:51:09.762981
https://propiedades.com/inmuebles/casa-en-venta-heriberto-jara-corona-veracruz-11760587,"MXN 900,000",900000.0,MXN,0.0,2 rec. | 1 baños,,,2,1,0,6 años en Propiedades.com,Col. Heriberto Jara Corona,"Heriberto Jara Corona, Veracruz, Veracruz de Ignacio de la Llave",", Col. Heriberto Jara Corona C.P. 91739, Veracruz",,19.1706587,-96.15071019999999,2026-06-27T14:51:09.762984,2026-06-27T14:51:09.762984
https://propiedades.com/inmuebles/casa-en-venta-sin-nombre-de-calle-geovillas-los-pinos-ii-veracruz-31506828,"MXN 378,000",378000.0,MXN,0.0,50 m² const. | 3 rec. | 1 baños | 1 estac.,,50.0,3,1,1,A estrenar,Sin nombre de calle,"Geovillas los Pinos II, Veracruz, Veracruz de Ignacio de la Llave","Sin nombre de calle, Col. Geovillas los Pinos II C.P. 91808, Veracruz",Seguridad privada | Aire acondicionado | Cisterna | Gimnasio,19.1667655,-96.1786421,2026-06-27T14:51:09.762987,2026-06-27T14:51:09.762987
https://propiedades.com/inmuebles/casa-en-venta-av-netzahualcoyotl-sn-ignacio-zaragoza-veracruz-30048401,"MXN 1,688,000",1688000.0,MXN,0.0,100 m² const. | 2 rec. | 1 baños,,100.0,2,1,0,12 meses en Propiedades.com,AV NETZAHUALCOYOTL #s/n,"Ignacio Zaragoza, Veracruz, Veracruz de Ignacio de la Llave","AV NETZAHUALCOYOTL #s/n, Col. Ignacio Zaragoza C.P. 91910, Veracruz",,19.1780491,-96.1288426,2026-06-27T14:51:09.762990,2026-06-27T14:51:09.762990
https://www.propiedades.com/inmuebles/casa-en-venta-fraternidad-sn-unidad-veracruzana-veracruz-31488006,"MXN 1,042,000",1042000.0,MXN,0.0,190 m² const. | 3 rec. | 2 baños | 2 estac.,,190.0,3,2,2,A estrenar,FRATERNIDAD #S/N,"Unidad Veracruzana, Veracruz, Veracruz de Ignacio de la Llave","FRATERNIDAD #S/N, Col. Unidad Veracruzana C.P. 91710, Veracruz",Cisterna,19.1898562,-96.1520358,2026-06-27T14:51:09.762993,2026-06-27T14:51:09.762993
https://propiedades.com/inmuebles/casa-en-venta-hacienda-paraiso-veracruz-30887288,"MXN 1,813,000",1813000.0,MXN,0.0,71 m² const. | 3 rec. | 1 baños,,71.0,3,1,0,4 meses en Propiedades.com,,"Hacienda Paraíso, Veracruz, Veracruz de Ignacio de la Llave"," , Col. Hacienda Paraíso C.P. 91775, Veracruz",,19.1253974,-96.1719368,2026-06-27T14:51:09.762996,2026-06-27T14:51:09.762996
https://propiedades.com/inmuebles/casa-en-venta-sin-nombre-de-calle-geovillas-los-pinos-veracruz-31507038,"MXN 370,000",370000.0,MXN,0.0,40 m² const. | 2 rec. | 1 baños | 1 estac.,50.0,40.0,2,1,1,A estrenar,Sin nombre de calle,"Geovillas los Pinos, Veracruz, Veracruz de Ignacio de la Llave","Sin nombre de calle, Col. Geovillas los Pinos C.P. 91808, Veracruz",Seguridad privada | Aire acondicionado | Cisterna | Gimnasio,19.2147592,-96.2256491,2026-06-27T14:51:34.579459,2026-06-27T14:51:34.579459
https://propiedades.com/inmuebles/casa-en-venta-coyol-sur-coyol-sur-veracruz-18686801,"MXN 1,400,000",1400000.0,MXN,0.0,180 m² const. | 3 rec. | 3 baños,90.0,180.0,3,3,1,10 años,Coyol Sur,"Coyol Sur, Veracruz, Veracruz de Ignacio de la Llave","Coyol Sur, Col. Coyol Sur C.P. 91779, Veracruz",,19.160563198,-96.1547684506,2026-06-27T14:51:34.579478,2026-06-27T14:51:34.579478
https://propiedades.com/inmuebles/casa-en-venta-hacienda-mandinga-38-hacienda-paraiso-veracruz-31080559,"MXN 1,215,000",1215000.0,MXN,0.0,75 m² const. | 2 rec. | 1 baños,,75.0,2,1,0,2 meses en Propiedades.com,HACIENDA MANDINGA #38,"Hacienda Paraíso, Veracruz, Veracruz de Ignacio de la Llave","HACIENDA MANDINGA #38, Col. Hacienda Paraíso C.P. 91775, Veracruz",,19.1902778,-96.1533333,2026-06-27T14:51:34.579481,2026-06-27T14:51:34.579481
https://propiedades.com/inmuebles/casa-en-venta-sin-nombre-de-calle-geovillas-los-pinos-veracruz-31507074,"MXN 388,000",388000.0,MXN,0.0,55 m² const. | 2 rec. | 1 baños,70.0,55.0,2,1,0,A estrenar,Sin nombre de calle,"Geovillas los Pinos, Veracruz, Veracruz de Ignacio de la Llave","Sin nombre de calle, Col. Geovillas los Pinos C.P. 91808, Veracruz",Seguridad privada | Aire acondicionado | Cisterna | Gimnasio,19.2147592,-96.2256491,2026-06-27T14:51:34.579484,2026-06-27T14:51:34.579484
https://propiedades.com/inmuebles/casa-en-venta-calle-12-1212-las-bajadas-veracruz-31008486,"MXN 875,000",875000.0,MXN,0.0,70 m² const. | 1 rec. | 1 baños,158.0,70.0,1,1,0,13 años,CALLE 12 #1212,"Las Bajadas, Veracruz, Veracruz de Ignacio de la Llave","CALLE 12 #1212, Col. Las Bajadas C.P. 91726, Veracruz",,19.1751065,-96.1725856,2026-06-27T14:51:34.579486,2026-06-27T14:51:34.579486
https://propiedades.com/inmuebles/casa-en-venta-andador-triton-197-buenavista-infonavit-veracruz-31257360,"MXN 1,240,000",1240000.0,MXN,0.0,110 m² const. | 2 rec. | 1 baños,120.0,110.0,2,1,0,36 años,Andador Triton #197,"Buenavista INFONAVIT, Veracruz, Veracruz de Ignacio de la Llave","Andador Triton #197, Col. Buenavista INFONAVIT C.P. 91850, Veracruz",Aire acondicionado,19.200313,-96.1712596,2026-06-27T14:51:34.579490,2026-06-27T14:51:34.579490
https://www.propiedades.com/inmuebles/casa-en-venta-andador-baluarte-4-lomas-de-rio-medio-ii-veracruz-30986923,"MXN 1,050,000",1050000.0,MXN,0.0,74 m² const. | 3 rec. | 1 baños | 1 estac.,,74.0,3,1,1,3 meses en Propiedades.com,ANDADOR BALUARTE #4,"Lomas de Rio Medio II, Veracruz, Veracruz de Ignacio de la Llave","ANDADOR BALUARTE #4, Col. Lomas de Rio Medio II C.P. 91809, Veracruz",,19.2053408,-96.1977851,2026-06-27T14:51:34.579493,2026-06-27T14:51:34.579493
https://www.propiedades.com/inmuebles/casa-en-venta-hacienda-sayula-135-costa-dorada-veracruz-31487887,"MXN 750,000",750000.0,MXN,0.0,150 m² const. | 3 rec. | 2 baños | 1 estac.,,150.0,3,2,1,A estrenar,HACIENDA SAYULA #135,"Costa Dorada, Veracruz, Veracruz de Ignacio de la Llave","HACIENDA SAYULA #135, Col. Costa Dorada C.P. 91808, Veracruz",,19.211667,-96.1820373,2026-06-27T14:51:34.579495,2026-06-27T14:51:34.579495
https://propiedades.com/inmuebles/casa-en-venta-ceiba-415-floresta-veracruz-31366932,"MXN 3,680,000",3680000.0,MXN,0.0,163 m² const. | 4 rec. | 4 baños,155.0,163.0,4,4,1,8 años,CEIBA #415,"Floresta, Veracruz, Veracruz de Ignacio de la Llave","CEIBA #415, Col. Floresta C.P. 91940, Veracruz",,19.1526662,-96.1354683,2026-06-27T14:51:34.579498,2026-06-27T14:51:34.579498
https://propiedades.com/inmuebles/casa-en-venta-mezquite-176-floresta-veracruz-31366821,"MXN 3,640,000",3640000.0,MXN,0.0,166 m² const. | 4 rec. | 2 baños,,166.0,4,2,0,1 mes en Propiedades.com,MEZQUITE #176,"Floresta, Veracruz, Veracruz de Ignacio de la Llave","MEZQUITE #176, Col. Floresta C.P. 91940, Veracruz",,19.1526662,-96.1354683,2026-06-27T14:51:34.579500,2026-06-27T14:51:34.579500
https://propiedades.com/inmuebles/casa-en-venta-fresnos-151-floresta-veracruz-31366848,"MXN 3,900,000",3900000.0,MXN,0.0,177 m² const. | 3 rec. | 3 baños,,177.0,3,3,0,1 mes en Propiedades.com,FRESNOS #151Int. B,"Floresta, Veracruz, Veracruz de Ignacio de la Llave","FRESNOS #151Int. B, Col. Floresta C.P. 91940, Veracruz",,19.1526662,-96.1354683,2026-06-27T14:51:34.579502,2026-06-27T14:51:34.579502
https://propiedades.com/inmuebles/casa-en-venta-coyol-framboyanes-veracruz-31113584,"MXN 2,213,200,000",2213200000.0,MXN,0.0,145 m² const. | 3 rec. | 2 baños,,145.0,3,2,0,2 meses en Propiedades.com,Col. Coyol Framboyanes,"Coyol Framboyanes, Veracruz, Veracruz de Ignacio de la Llave",", Col. Coyol Framboyanes C.P. 91779, Veracruz",,19.1563671,-96.1551944,2026-06-27T14:51:34.579503,2026-06-27T14:51:34.579503
https://propiedades.com/inmuebles/casa-en-venta-sin-nombre-de-calle-sn-pascual-ortiz-rubio-veracruz-29174956,"MXN 2,350,000",2350000.0,MXN,0.0,70 m² const. | 2 rec. | 1 baños,,70.0,2,1,0,1 año en Propiedades.com,Sin nombre de calle #S/N,"Pascual Ortiz Rubio, Veracruz, Veracruz de Ignacio de la Llave","Sin nombre de calle #S/N, Col. Pascual Ortiz Rubio C.P. 91750, Veracruz",,19.174225,-96.1398286,2026-06-27T14:51:34.579505,2026-06-27T14:51:34.579505
https://propiedades.com/inmuebles/casa-en-venta-sin-nombre-de-calle-geovillas-los-pinos-veracruz-31507031,"MXN 389,000",389000.0,MXN,0.0,50 m² const. | 2 rec. | 1 baños | 1 estac.,,50.0,2,1,1,A estrenar,Sin nombre de calle,"Geovillas los Pinos, Veracruz, Veracruz de Ignacio de la Llave","Sin nombre de calle, Col. Geovillas los Pinos C.P. 91808, Veracruz",Seguridad privada | Cisterna | Gimnasio,19.2147592,-96.2256491,2026-06-27T14:51:34.579506,2026-06-27T14:51:34.579506
https://propiedades.com/inmuebles/casa-en-venta-miguel-hidalgo-veracruz-27142482,"MXN 1,600,000",1600000.0,MXN,0.0,229 m² const. | 4 rec. | 2 baños,,229.0,4,2,0,3 años en Propiedades.com,,"Miguel Hidalgo, Veracruz, Veracruz de Ignacio de la Llave"," , Col. Miguel Hidalgo C.P. 91712, Veracruz",,19.1919638,-96.15850859999999,2026-06-27T14:51:34.579507,2026-06-27T14:51:34.579507
https://propiedades.com/inmuebles/casa-en-venta-nogal-91-las-bajadas-veracruz-30997206,"MXN 827,750",827750.0,MXN,0.0,50 m² const. | 2 rec. | 1 baños,,50.0,2,1,0,3 meses en Propiedades.com,NOGAL #91,"Las Bajadas, Veracruz, Veracruz de Ignacio de la Llave","NOGAL #91, Col. Las Bajadas C.P. 91726, Veracruz",,19.1751065,-96.1725856,2026-06-27T14:51:34.579508,2026-06-27T14:51:34.579508
https://propiedades.com/inmuebles/casa-en-venta-hacienda-virginia-83-hacienda-paraiso-veracruz-31084402,"MXN 1,188,000",1188000.0,MXN,0.0,72 m² const. | 2 rec. | 1 baños,,72.0,2,1,0,2 meses en Propiedades.com,HACIENDA VIRGINIA #83,"Hacienda Paraíso, Veracruz, Veracruz de Ignacio de la Llave","HACIENDA VIRGINIA #83, Col. Hacienda Paraíso C.P. 91775, Veracruz",,19.1902778,-96.1533333,2026-06-27T14:51:34.579510,2026-06-27T14:51:34.579510
https://propiedades.com/inmuebles/casa-en-venta-sierra-apiacas-las-brisas-91809-veracruz-ver-00-las-brisas-veracruz-30980082,"MXN 1,328,000",1328000.0,MXN,0.0,76 m² const. | 2 rec. | 1 baños,,76.0,2,1,0,3 meses en Propiedades.com,Sierra Apiacas,"Las Brisas, Veracruz, Veracruz de Ignacio de la Llave","Sierra Apiacas, Las Brisas, 91809 Veracruz, Ver. #00Int. 00, Col. Las Brisas C.P. 91809, Veracruz",,19.2040057,-96.1833957,2026-06-27T14:51:34.579512,2026-06-27T14:51:34.579512
https://www.propiedades.com/inmuebles/casa-en-venta-tetlelpa-442-palma-real-veracruz-31487636,"MXN 550,000",550000.0,MXN,0.0,67 m² const. | 2 rec. | 2 baños | 1 estac.,,67.0,2,2,1,A estrenar,TETLELPA #442,"Palma Real, Veracruz, Veracruz de Ignacio de la Llave","TETLELPA #442, Col. Palma Real C.P. 91826, Veracruz",,19.1957054,-96.1847084,2026-06-27T14:51:34.579513,2026-06-27T14:51:34.579513
https://propiedades.com/inmuebles/casa-en-venta-gomez-farias-100-ricardo-flores-magon-veracruz-30921370,"MXN 1,820,000",1820000.0,MXN,0.0,95 m² const. | 2 rec. | 1 baños,,95.0,2,1,0,4 meses en Propiedades.com,GOMEZ FARIAS #100,"Ricardo Flores Magón, Veracruz, Veracruz de Ignacio de la Llave","GOMEZ FARIAS #100, Col. Ricardo Flores Magón C.P. 91900, Veracruz",,19.1914151,-96.1275175,2026-06-27T14:51:34.579514,2026-06-27T14:51:34.579514
https://propiedades.com/inmuebles/casa-en-venta-ignacio-zaragoza-veracruz-veracruz-reforma-veracruz-20174541,"MXN 2,350,000",2350000.0,MXN,0.0,125 m² const. | 4 rec. | 2 baños,,125.0,4,2,0,5 años en Propiedades.com,Ignacio Zaragoza,"Reforma, Veracruz, Veracruz de Ignacio de la Llave","Ignacio Zaragoza, Veracruz, Veracruz, Col. Reforma C.P. 91919, Veracruz",,19.1707806,-96.1248675,2026-06-27T14:51:34.579532,2026-06-27T14:51:34.579532
https://www.propiedades.com/inmuebles/casa-en-venta-av-5-3704-nuevo-veracruz-veracruz-31487109,"MXN 1,280,000",1280000.0,MXN,0.0,180 m² const. | 3 rec. | 2 baños | 3 estac.,,180.0,3,2,3,A estrenar,AV 5 #3704,"Nuevo Veracruz, Veracruz, Veracruz de Ignacio de la Llave","AV 5 #3704, Col. Nuevo Veracruz C.P. 91726, Veracruz",,19.2183897,-96.1729171,2026-06-27T14:51:34.579535,2026-06-27T14:51:34.579535
https://propiedades.com/inmuebles/casa-en-venta-ninos-heroes-9-chiveria-91714-veracruz-ver-mexico-chiveria-infonavit-veracruz-30404817,"MXN 2,950,000",2950000.0,MXN,0.0,155 m² const. | 4 rec. | 2 baños,,155.0,4,2,0,9 meses en Propiedades.com,Niños Heroes 9,"Chivería INFONAVIT, Veracruz, Veracruz de Ignacio de la Llave","Niños Heroes 9, Chivería, 91714 Veracruz, Ver., México, Col. Chivería INFONAVIT C.P. 91714, Veracruz",,19.184076,-96.1699336,2026-06-27T14:51:34.579536,2026-06-27T14:51:34.579536
https://propiedades.com/inmuebles/casa-en-venta-ara-crystal-lagoons-veracruz-30616351,"MXN 1,850,000",1850000.0,MXN,0.0,82 m² const. | 3 rec. | 2 baños,,82.0,3,2,0,7 meses en Propiedades.com,,"ARA Crystal Lagoons, Veracruz, Veracruz de Ignacio de la Llave"," , Col. ARA Crystal Lagoons C.P. 91775, Veracruz",,19.1305672,-96.1709886,2026-06-27T14:51:34.579537,2026-06-27T14:51:34.579537
https://propiedades.com/inmuebles/casa-en-venta-uribe-veracruz-centro-veracruz-31201611,"MXN 3,700,000",3700000.0,MXN,0.0,265 m² const. | 3 rec. | 2 baños,,265.0,3,2,0,1 mes en Propiedades.com,Uribe,"Veracruz Centro, Veracruz, Veracruz de Ignacio de la Llave","Uribe, Col. Veracruz Centro C.P. 91700, Veracruz",Terraza,19.189537,-96.1394441,2026-06-27T14:51:34.579539,2026-06-27T14:51:34.579539
https://propiedades.com/inmuebles/casa-en-venta-bonaterra-veracruz-31055112,"MXN 1,420,000",1420000.0,MXN,0.0,3 rec. | 3 baños,,,3,3,0,2 meses en Propiedades.com,,"Bonaterra, Veracruz, Veracruz de Ignacio de la Llave"," , Col. Bonaterra C.P. 91698, Veracruz",,19.1210204,-96.1745747,2026-06-27T14:51:34.579542,2026-06-27T14:51:34.579542
https://propiedades.com/inmuebles/casa-en-venta-ara-crystal-lagoons-veracruz-28835092,"MXN 2,795,000",2795000.0,MXN,0.0,111 m² const. | 3 rec. | 2 baños,,111.0,3,2,0,2 años en Propiedades.com,,"ARA Crystal Lagoons, Veracruz, Veracruz de Ignacio de la Llave"," , Col. ARA Crystal Lagoons C.P. 91775, Veracruz",,19.1335969,-96.1738053,2026-06-27T14:51:34.579543,2026-06-27T14:51:34.579543
https://www.propiedades.com/inmuebles/casa-en-venta-ardenal-2442-veracruz-centro-veracruz-31487141,"MXN 500,000",500000.0,MXN,0.0,60 m² const. | 2 rec. | 2 baños | 1 estac.,,60.0,2,2,1,A estrenar,ARDENAL #2442,"Veracruz Centro, Veracruz, Veracruz de Ignacio de la Llave","ARDENAL #2442, Col. Veracruz Centro C.P. 91700, Veracruz",,19.189537,-96.1394441,2026-06-27T14:51:34.579544,2026-06-27T14:51:34.579544
https://propiedades.com/inmuebles/casa-en-venta-paseo-jose-marti-reforma-veracruz-20174125,"USD 10,000,000",10000000.0,USD,0.0,400 m² const. | 4 rec. | 4 baños,,400.0,4,4,0,5 años en Propiedades.com,Paseo José Martí,"Reforma, Veracruz, Veracruz de Ignacio de la Llave","Paseo José Martí, Col. Reforma C.P. 91919, Veracruz",,19.170559,-96.12245589999999,2026-06-27T14:51:34.579546,2026-06-27T14:51:34.579546
https://propiedades.com/inmuebles/casa-en-venta-azalea-93-el-coyol-ivec-veracruz-30868684,"MXN 2,360,000",2360000.0,MXN,0.0,166 m² const. | 3 rec. | 2 baños,,166.0,3,2,0,4 meses en Propiedades.com,AZALEA #93,"El Coyol Ivec, Veracruz, Veracruz de Ignacio de la Llave","AZALEA #93, Col. El Coyol Ivec C.P. 91780, Veracruz",,19.1633025,-96.1493847,2026-06-27T14:51:34.579547,2026-06-27T14:51:34.579547
https://propiedades.com/inmuebles/casa-en-venta-veracruz-veracruz-31127708,"MXN 5,760,000",5760000.0,MXN,0.0,360 m² const.,,360.0,0,0,0,2 meses en Propiedades.com,,"Veracruz, Veracruz, Veracruz de Ignacio de la Llave"," , Col. Veracruz C.P. 91709, Veracruz",,19.1847284,-96.1354114,2026-06-27T14:51:34.579549,2026-06-27T14:51:34.579549
https://propiedades.com/inmuebles/casa-en-venta-rio-otapa-12-lomas-del-rio-medio-veracruz-30958212,"MXN 980,000",980000.0,MXN,0.0,72 m² const. | 3 rec. | 1 baños,,72.0,3,1,0,4 meses en Propiedades.com,RIO OTAPA #12,"Lomas Del Rio Medio, Veracruz, Veracruz de Ignacio de la Llave","RIO OTAPA #12, Col. Lomas Del Rio Medio C.P. 91809, Veracruz",,19.2053408,-96.1977851,2026-06-27T14:51:34.579550,2026-06-27T14:51:34.579550
https://propiedades.com/inmuebles/casa-en-venta-sin-nombre-de-calle-oasis-veracruz-31507003,"MXN 352,000",352000.0,MXN,0.0,75 m² const. | 2 rec. | 1 baños | 1 estac.,,75.0,2,1,1,A estrenar,Sin nombre de calle,"Oasis, Veracruz, Veracruz de Ignacio de la Llave","Sin nombre de calle, Col. Oasis C.P. 91808, Veracruz",Seguridad privada | Cisterna | Gimnasio,19.1286297,-96.113218,2026-06-27T14:51:34.579551,2026-06-27T14:51:34.579551
https://propiedades.com/inmuebles/casa-en-venta-sin-nombre-de-calle-unidad-veracruzana-veracruz-31507062,"MXN 1,080,800",1080800.0,MXN,0.0,170 m² const. | 4 rec. | 3 baños | 2 estac.,,170.0,4,3,2,A estrenar,Sin nombre de calle,"Unidad Veracruzana, Veracruz, Veracruz de Ignacio de la Llave","Sin nombre de calle, Col. Unidad Veracruzana C.P. 91710, Veracruz",Seguridad privada | Aire acondicionado | Cisterna | Gimnasio,19.1898562,-96.1520358,2026-06-27T14:51:34.579553,2026-06-27T14:51:34.579553
https://www.propiedades.com/inmuebles/casa-en-venta-av-el-fuerte-32-puerto-de-veracruz-veracruz-31487108,"MXN 800,000",800000.0,MXN,0.0,90 m² const. | 3 rec. | 1 baños | 1 estac.,,90.0,3,1,1,A estrenar,AV EL FUERTE #32,"Puerto de Veracruz, Veracruz, Veracruz de Ignacio de la Llave","AV EL FUERTE #32, Col. Puerto de Veracruz C.P. 91709, Veracruz",,19.1954273,-96.1932226,2026-06-27T14:51:34.579554,2026-06-27T14:51:34.579554
https://propiedades.com/inmuebles/casa-en-venta-veracruz-centro-veracruz-centro-veracruz-19788502,"MXN 2,100,000",2100000.0,MXN,0.0,180 m² const. | 4 rec. | 3 baños,,180.0,4,3,0,5 años en Propiedades.com,Veracruz Centro,"Veracruz Centro, Veracruz, Veracruz de Ignacio de la Llave","Veracruz Centro, Col. Veracruz Centro C.P. 91700, Veracruz",Terraza,19.1969823,-96.13811880000002,2026-06-27T14:51:34.579555,2026-06-27T14:51:34.579555
https://propiedades.com/inmuebles/casa-en-venta-laguna-real-veracruz-28340554,"MXN 1,200,000",1200000.0,MXN,0.0,72 m² const. | 3 rec. | 2 baños,,72.0,3,2,0,2 años en Propiedades.com,,"Laguna Real, Veracruz, Veracruz de Ignacio de la Llave"," , Col. Laguna Real C.P. 91790, Veracruz",,19.1453622754,-96.1575793681,2026-06-27T14:51:34.579556,2026-06-27T14:51:34.579556
https://propiedades.com/inmuebles/casa-en-venta-2-de-abril-1005-ignacio-zaragoza-veracruz-31104930,"MXN 2,216,000",2216000.0,MXN,0.0,91 m² const. | 3 rec. | 1 baños,,91.0,3,1,0,2 meses en Propiedades.com,2 de abril #1005,"Ignacio Zaragoza, Veracruz, Veracruz de Ignacio de la Llave","2 de abril #1005, Col. Ignacio Zaragoza C.P. 91910, Veracruz",,19.1780491,-96.1288426,2026-06-27T14:51:34.579557,2026-06-27T14:51:34.579557
https://www.propiedades.com/inmuebles/casa-en-venta-sin-nombre-de-calle-sn-malibran-veracruz-30783683,"MXN 1,599,999",1599999.0,MXN,0.0,100 m² const. | 5 rec. | 3 baños | 2 estac.,,100.0,5,3,2,5 meses en Propiedades.com,Sin nombre de calle #snInt. s/n,"Malibran, Veracruz, Veracruz de Ignacio de la Llave","Sin nombre de calle #snInt. s/n, Col. Malibran C.P. 91947, Veracruz",,19.1491041,-96.1424261,2026-06-27T14:51:34.579558,2026-06-27T14:51:34.579558
https://propiedades.com/inmuebles/casa-en-venta-bv-bicentenario-62-ara-crystal-lagoons-veracruz-30960066,"MXN 2,415,000",2415000.0,MXN,0.0,105 m² const. | 3 rec. | 2 baños,,105.0,3,2,0,4 meses en Propiedades.com,Bv. Bicentenario #62Int. A,"ARA Crystal Lagoons, Veracruz, Veracruz de Ignacio de la Llave","Bv. Bicentenario #62Int. A, Col. ARA Crystal Lagoons C.P. 91775, Veracruz",,19.1902778,-96.1533333,2026-06-27T14:51:34.579560,2026-06-27T14:51:34.579560
https://www.propiedades.com/inmuebles/casa-en-venta-maruca-del-puerto-325--villa-rica-2-veracruz-31487192,"MXN 600,000",600000.0,MXN,0.0,68 m² const. | 2 rec. | 1 baños | 2 estac.,,68.0,2,1,2,A estrenar,maruca del puerto #325,"Villa Rica 2, Veracruz, Veracruz de Ignacio de la Llave","maruca del puerto #325 , Col. Villa Rica 2 C.P. 91800, Veracruz",,19.2113359,-96.1661554,2026-06-27T14:51:34.579561,2026-06-27T14:51:34.579561
https://propiedades.com/inmuebles/casa-en-venta-av-fraternidad-898-unidad-veracruzana-veracruz-31324349,"MXN 2,006,000",2006000.0,MXN,0.0,125 m² const. | 3 rec. | 3 baños | 2 estac.,,125.0,3,3,2,1 mes en Propiedades.com,Av fraternidad #898,"Unidad Veracruzana, Veracruz, Veracruz de Ignacio de la Llave","Av fraternidad #898, Col. Unidad Veracruzana C.P. 91710, Veracruz",Aire acondicionado | Cisterna,19.1898562,-96.1520358,2026-06-27T14:51:34.579562,2026-06-27T14:51:34.579562
https://propiedades.com/inmuebles/casa-en-venta-calle-cto-1-378-fraccionamiento-geovillas-los-pinos-geovillas-los-pinos-91808-fraccionamiento-geo-la-herradura-veracruz-30404821,"MXN 870,000",870000.0,MXN,0.0,84 m² const. | 3 rec. | 2 baños,,84.0,3,2,0,9 meses en Propiedades.com,Calle Cto 1 378,"La Herradura, Veracruz, Veracruz de Ignacio de la Llave","Calle Cto 1 378, Fraccionamiento Geovillas los Pinos, GeoVillas Los Pinos, 91808 Fraccionamiento Geo, Col. La Herradura C.P. 91808, Veracruz",,19.1535323,-96.1191764,2026-06-27T14:51:34.579564,2026-06-27T14:51:34.579564
https://propiedades.com/inmuebles/casa-en-venta-san-agustin-20-hacienda-la-parroquia-veracruz-31000996,"MXN 879,000",879000.0,MXN,0.0,55 m² const. | 1 rec. | 1 baños,,55.0,1,1,0,3 meses en Propiedades.com,SAN AGUSTIN #20,"Hacienda la Parroquia, Veracruz, Veracruz de Ignacio de la Llave","SAN AGUSTIN #20, Col. Hacienda la Parroquia C.P. 91725, Veracruz",,19.190516,-96.1875051,2026-06-27T14:51:34.579565,2026-06-27T14:51:34.579565
https://propiedades.com/inmuebles/casa-en-venta-sin-nombre-de-calle-geovillas-los-pinos-veracruz-31507025,"MXN 349,000",349000.0,MXN,0.0,63 m² const. | 2 rec. | 1 baños | 1 estac.,,63.0,2,1,1,A estrenar,Sin nombre de calle,"Geovillas los Pinos, Veracruz, Veracruz de Ignacio de la Llave","Sin nombre de calle, Col. Geovillas los Pinos C.P. 91808, Veracruz",Seguridad privada | Aire acondicionado | Cisterna | Gimnasio,19.2147592,-96.2256491,2026-06-27T14:51:34.579566,2026-06-27T14:51:34.579566
https://www.propiedades.com/inmuebles/casa-en-venta-tetlalpa-422-palma-real-veracruz-31487193,"MXN 550,000",550000.0,MXN,0.0,67 m² const. | 2 rec. | 1 baños | 1 estac.,,67.0,2,1,1,A estrenar,TETLALPA #422,"Palma Real, Veracruz, Veracruz de Ignacio de la Llave","TETLALPA #422, Col. Palma Real C.P. 91826, Veracruz",,19.1957054,-96.1847084,2026-06-27T14:51:34.579567,2026-06-27T14:51:34.579567
https://propiedades.com/inmuebles/casa-en-venta-xana-veracruz-30054399,"MXN 1,395,000",1395000.0,MXN,0.0,88 m² const. | 3 rec. | 2 baños,75.0,88.0,3,2,2,A estrenar,,"Xana, Veracruz, Veracruz de Ignacio de la Llave"," , Col. Xana C.P. 91726, Veracruz",,,,2026-06-27T14:52:01.230465,2026-06-27T14:52:01.230465
https://propiedades.com/inmuebles/casa-en-venta-floresta-veracruz-29854658,"MXN 2,960,000",2960000.0,MXN,0.0,197 m² const. | 3 rec. | 2 baños,188.0,197.0,3,2,2,A estrenar,,"Floresta, Veracruz, Veracruz de Ignacio de la Llave"," , Col. Floresta C.P. 91940, Veracruz",,20.5424584,-97.461289,2026-06-27T14:52:01.230489,2026-06-27T14:52:01.230489
https://www.propiedades.com/inmuebles/casa-en-venta-valente-diaz-cadiz-valle-alto-veracruz-23536966,"MXN 1,260,000",1260000.0,MXN,0.0,90 m² const. | 2 rec. | 2 baños | 1 estac.,,90.0,2,2,1,4 años en Propiedades.com,Valente diaz #CadizInt. S/n,"Valle Alto, Veracruz, Veracruz de Ignacio de la Llave","Valente diaz #CadizInt. S/n, Col. Valle Alto C.P. 91697, Veracruz",Alberca | Seguridad privada,19.1430943,-96.2166095,2026-06-27T14:52:01.230492,2026-06-27T14:52:01.230492
https://propiedades.com/inmuebles/casa-en-venta-sin-nombre-de-calle-el-coyol-veracruz-30620623,"MXN 1,562,000",1562000.0,MXN,0.0,145 m² const. | 2 rec. | 2 baños | 1 estac.,93.0,145.0,2,2,1,1 años,Sin nombre de calle,"El Coyol, Veracruz, Veracruz de Ignacio de la Llave","Sin nombre de calle, Col. El Coyol C.P. 91760, Veracruz",,19.1690013,-96.1560126,2026-06-27T14:52:01.230497,2026-06-27T14:52:01.230497
https://www.propiedades.com/inmuebles/casa-en-venta-sin-nombre-de-calle-sn-los-heroes-veracruz-veracruz-26963439,"MXN 1,198,000",1198000.0,MXN,0.0,68 m² const. | 2 rec. | 2 baños | 2 estac.,,68.0,2,2,2,3 años en Propiedades.com,Sin nombre de calle #SnInt. S/n,"Los Héroes Veracruz, Veracruz, Veracruz de Ignacio de la Llave","Sin nombre de calle #SnInt. S/n, Col. Los Héroes Veracruz C.P. 91698, Veracruz",Alberca | Seguridad privada,19.1503163,-96.209673,2026-06-27T14:52:01.230499,2026-06-27T14:52:01.230499
https://propiedades.com/inmuebles/casa-en-venta-lomas-de-rio-medio-iii-veracruz-27218422,"MXN 865,000",865000.0,MXN,0.0,90 m² const. | 2 rec. | 1 baños,60.0,90.0,2,1,1,A estrenar,,"Lomas de Rio Medio III, Veracruz, Veracruz de Ignacio de la Llave"," , Col. Lomas de Rio Medio III C.P. 91809, Veracruz",,19.2021074,-96.20195939999999,2026-06-27T14:52:01.230504,2026-06-27T14:52:01.230504
https://propiedades.com/inmuebles/casa-en-venta-sin-nombre-de-calle-puerta-paraiso-veracruz-30405870,"MXN 999,000",999000.0,MXN,0.0,69 m² const. | 3 rec. | 2 baños,94.0,69.0,3,2,2,11 años,Sin nombre de calle,"Puerta Paraíso, Veracruz, Veracruz de Ignacio de la Llave","Sin nombre de calle, Col. Puerta Paraíso C.P. 91699, Veracruz",,19.129338,-96.1724279,2026-06-27T14:52:01.230508,2026-06-27T14:52:01.230508
"https://www.propiedades.com/inmuebles/casa-en-venta-hacienda-paraiso-cp-91699-en-veracruz-ver-
zona-aeropuerto-veracruz-gral-heriberto-jara-veracruz-30177214","MXN 950,000",950000.0,MXN,0.0,70 m² const. | 2 rec. | 1 baños | 1 estac.,,70.0,2,1,1,11 meses en Propiedades.com,Hacienda Paraíso,"Veracruz (Gral. Heriberto Jara), Veracruz, Veracruz de Ignacio de la Llave","Hacienda Paraíso, C.P. 91699, en Veracruz, Ver .
Zona Aeropuerto, Col. Veracruz (Gral. Heriberto Jara) C.P. 91699, Veracruz",,19.1880787,-96.1386819,2026-06-27T14:52:01.230511,2026-06-27T14:52:01.230511
https://www.propiedades.com/inmuebles/casa-en-venta-palma-real-600-palma-real-veracruz-31173760,"MXN 665,000",665000.0,MXN,0.0,40 m² const. | 1 rec. | 2 baños | 1 estac.,,40.0,1,2,1,1 mes en Propiedades.com,Palma Real #600,"Palma Real, Veracruz, Veracruz de Ignacio de la Llave","Palma Real #600, Col. Palma Real C.P. 91826, Veracruz",,19.1957054,-96.1847084,2026-06-27T14:52:01.230513,2026-06-27T14:52:01.230513
https://propiedades.com/inmuebles/casa-en-venta-freno-155-geovillas-los-pinos-ii-veracruz-30976112,"MXN 1,088,000",1088000.0,MXN,0.0,70 m² const. | 2 rec. | 1 baños,77.0,70.0,2,1,1,20 años,FRENO #155,"Geovillas los Pinos II, Veracruz, Veracruz de Ignacio de la Llave","FRENO #155, Col. Geovillas los Pinos II C.P. 91808, Veracruz",,19.1667655,-96.1786421,2026-06-27T14:52:01.230518,2026-06-27T14:52:01.230518
https://www.propiedades.com/inmuebles/casa-en-venta-reforma-8-reforma-veracruz-27942361,"MXN 4,300,000",4300000.0,MXN,0.0,300 m² const. | 4 rec. | 4 baños | 2 estac.,,300.0,4,4,2,2 años en Propiedades.com,reforma #8,"Reforma, Veracruz, Veracruz de Ignacio de la Llave","reforma #8, Col. Reforma C.P. 91919, Veracruz",Seguridad privada,19.1707806,-96.1248675,2026-06-27T14:52:01.230519,2026-06-27T14:52:01.230519
https://propiedades.com/inmuebles/casa-en-venta-palmas-del-coyol-500-el-coyol-veracruz-30925623,"MXN 2,500,000",2500000.0,MXN,0.0,140 m² const. | 3 rec. | 3 baños,,140.0,3,3,0,4 meses en Propiedades.com,Palmas del Coyol #500,"El Coyol, Veracruz, Veracruz de Ignacio de la Llave","Palmas del Coyol #500, Col. El Coyol C.P. 91780, Veracruz",Cisterna,19.173127,-96.1543556,2026-06-27T14:52:01.230521,2026-06-27T14:52:01.230521
https://propiedades.com/inmuebles/casa-en-venta-calle-eyipantla-fracc-torrentes-los-torrentes-veracruz-20174737,"MXN 2,000,000",2000000.0,MXN,0.0,112 m² const. | 3 rec. | 3 baños,,112.0,3,3,0,5 años en Propiedades.com,Calle Eyipantla,"Los Torrentes, Veracruz, Veracruz de Ignacio de la Llave","Calle Eyipantla, fracc. Torrentes, Col. Los Torrentes C.P. 91808, Veracruz",,19.2027399,-96.2090619,2026-06-27T14:52:01.230523,2026-06-27T14:52:01.230523
https://propiedades.com/inmuebles/casa-en-venta-veracruz-centro-veracruz-30559037,"MXN 2,980,000",2980000.0,MXN,0.0,200 m² const. | 3 baños,,200.0,0,3,0,7 meses en Propiedades.com,,"Veracruz Centro, Veracruz, Veracruz de Ignacio de la Llave"," , Col. Veracruz Centro C.P. 91700, Veracruz",,19.1969823,-96.1381188,2026-06-27T14:52:01.230525,2026-06-27T14:52:01.230525
https://www.propiedades.com/inmuebles/casa-en-venta-ibiza-sn-valle-alto-veracruz-24812085,"MXN 1,650,000",1650000.0,MXN,0.0,95 m² const. | 3 rec. | 3 baños | 2 estac.,,95.0,3,3,2,4 años en Propiedades.com,Ibiza #S/nInt. S/n,"Valle Alto, Veracruz, Veracruz de Ignacio de la Llave","Ibiza #S/nInt. S/n, Col. Valle Alto C.P. 91697, Veracruz",Seguridad privada,19.1430943,-96.2166095,2026-06-27T14:52:01.230526,2026-06-27T14:52:01.230526
https://propiedades.com/inmuebles/casa-en-venta-tordillo-193-geovillas-los-pinos-ii-veracruz-30976121,"MXN 860,000",860000.0,MXN,0.0,57 m² const. | 2 rec. | 1 baños,,57.0,2,1,0,3 meses en Propiedades.com,TORDILLO #193,"Geovillas los Pinos II, Veracruz, Veracruz de Ignacio de la Llave","TORDILLO #193, Col. Geovillas los Pinos II C.P. 91808, Veracruz",,19.1667655,-96.1786421,2026-06-27T14:52:01.230528,2026-06-27T14:52:01.230528
https://www.propiedades.com/inmuebles/casa-en-venta-sin-nombre-de-calle-tulipan-tejeria-veracruz-30858470,"MXN 905,000",905000.0,MXN,0.0,70 m² const. | 2 rec. | 2 baños | 1 estac.,,70.0,2,2,1,4 meses en Propiedades.com,Sin nombre de calle #tulipan,"Tejería, Veracruz, Veracruz de Ignacio de la Llave","Sin nombre de calle #tulipan, Col. Tejería C.P. 91697, Veracruz",,20.441184,-97.3269982,2026-06-27T14:52:01.230530,2026-06-27T14:52:01.230530
https://propiedades.com/inmuebles/casa-en-venta-framboyan-50-ninos-heroes-veracruz-30896516,"MXN 865,000",865000.0,MXN,0.0,72 m² const. | 3 rec. | 1 baños,,72.0,3,1,0,4 meses en Propiedades.com,FRAMBOYAN #50,"Niños Héroes, Veracruz, Veracruz de Ignacio de la Llave","FRAMBOYAN #50, Col. Niños Héroes C.P. 91717, Veracruz",,19.1899075,-96.1725856,2026-06-27T14:52:01.230532,2026-06-27T14:52:01.230532
https://propiedades.com/inmuebles/casa-en-venta-dorado-real-dorado-real-veracruz-29037650,"MXN 675,000",675000.0,MXN,0.0,63 m² const. | 3 rec. | 2 baños,,63.0,3,2,0,1 año en Propiedades.com,Dorado Real,"Dorado Real, Veracruz, Veracruz de Ignacio de la Llave","Dorado Real, Col. Dorado Real C.P. 91698, Veracruz",Seguridad privada | Cisterna | Terraza,19.1628672,-96.2235114,2026-06-27T14:52:01.230533,2026-06-27T14:52:01.230533
https://propiedades.com/inmuebles/casa-en-venta-nte-4-articulo-123-91947-veracruz-ver-mexico-articulo-123-veracruz-30404810,"MXN 1,999,000",1999000.0,MXN,0.0,230 m² const. | 4 rec. | 4 baños,,230.0,4,4,0,9 meses en Propiedades.com,Nte. 4,"Articulo 123, Veracruz, Veracruz de Ignacio de la Llave","Nte. 4, Artículo 123, 91947 Veracruz, Ver., México, Col. Articulo 123 C.P. 91947, Veracruz",,19.1488115,-96.1401067,2026-06-27T14:52:01.230536,2026-06-27T14:52:01.230536
https://propiedades.com/inmuebles/casa-en-venta-21-de-febrero-sn-ricardo-flores-magon-veracruz-30921376,"MXN 1,635,000",1635000.0,MXN,0.0,95 m² const. | 2 rec. | 1 baños,,95.0,2,1,0,4 meses en Propiedades.com,21 DE FEBRERO #SN,"Ricardo Flores Magón, Veracruz, Veracruz de Ignacio de la Llave","21 DE FEBRERO #SN, Col. Ricardo Flores Magón C.P. 91900, Veracruz",,19.1914151,-96.1275175,2026-06-27T14:52:01.230538,2026-06-27T14:52:01.230538
https://propiedades.com/inmuebles/casa-en-venta-hacienda-las-animas-9-hacienda-paraiso-veracruz-31080562,"MXN 1,064,000",1064000.0,MXN,0.0,70 m² const. | 2 rec. | 1 baños,,70.0,2,1,0,2 meses en Propiedades.com,HACIENDA LAS ANIMAS #9,"Hacienda Paraíso, Veracruz, Veracruz de Ignacio de la Llave","HACIENDA LAS ANIMAS #9, Col. Hacienda Paraíso C.P. 91775, Veracruz",,19.1902778,-96.1533333,2026-06-27T14:52:01.230539,2026-06-27T14:52:01.230539
https://propiedades.com/inmuebles/casa-en-venta-rio-seco-3000-lomas-de-rio-medio-iii-veracruz-30731161,"MXN 870,000",870000.0,MXN,0.0,63 m² const. | 2 rec. | 1 baños,,63.0,2,1,0,5 meses en Propiedades.com,rio seco #3000,"Lomas de Rio Medio III, Veracruz, Veracruz de Ignacio de la Llave","rio seco #3000, Col. Lomas de Rio Medio III C.P. 91809, Veracruz",,19.2058793,-96.2037549,2026-06-27T14:52:01.230541,2026-06-27T14:52:01.230541
https://propiedades.com/inmuebles/casa-en-venta-arbol-de-la-paz-72-2-caminos-veracruz-30853886,"MXN 750,000",750000.0,MXN,0.0,60 m² const. | 2 rec. | 1 baños,,60.0,2,1,0,4 meses en Propiedades.com,ARBOL DE LA PAZ #72,"2 Caminos, Veracruz, Veracruz de Ignacio de la Llave","ARBOL DE LA PAZ #72, Col. 2 Caminos C.P. 91726, Veracruz",,19.1751065,-96.17258559999999,2026-06-27T14:52:01.230543,2026-06-27T14:52:01.230543
https://propiedades.com/inmuebles/casa-en-venta-sin-nombre-de-calle-los-pinos-veracruz-30473698,"MXN 2,090,000",2090000.0,MXN,0.0,151 m² const. | 3 rec. | 2 baños,,151.0,3,2,0,8 meses en Propiedades.com,Sin nombre de calle,"Los Pinos, Veracruz, Veracruz de Ignacio de la Llave","Sin nombre de calle, Col. Los Pinos C.P. 91870, Veracruz",,19.2080254,-96.1619784,2026-06-27T14:52:01.230544,2026-06-27T14:52:01.230544
https://propiedades.com/inmuebles/casa-en-venta-leyes-de-reforma-10-ninos-heroes-veracruz-30896511,"MXN 795,000",795000.0,MXN,0.0,68 m² const. | 2 rec. | 1 baños,,68.0,2,1,0,4 meses en Propiedades.com,LEYES DE REFORMA #10,"Niños Héroes, Veracruz, Veracruz de Ignacio de la Llave","LEYES DE REFORMA #10, Col. Niños Héroes C.P. 91717, Veracruz",,19.1899075,-96.1725856,2026-06-27T14:52:01.230546,2026-06-27T14:52:01.230546
https://propiedades.com/inmuebles/casa-en-venta-valencia-coyol-sur-veracruz-30738462,"MXN 2,100,000",2100000.0,MXN,0.0,220 m² const. | 3 rec. | 2 baños,,220.0,3,2,0,5 meses en Propiedades.com,Valencia,"Coyol Sur, Veracruz, Veracruz de Ignacio de la Llave","Valencia, Col. Coyol Sur C.P. 91779, Veracruz",,20.675904,-97.30588,2026-06-27T14:52:01.230547,2026-06-27T14:52:01.230547
https://propiedades.com/inmuebles/casa-en-venta-sin-nombre-de-calle-los-pinos-veracruz-29095328,"MXN 1,600,000",1600000.0,MXN,0.0,90 m² const. | 3 rec. | 2 baños,,90.0,3,2,0,1 año en Propiedades.com,Sin nombre de calle,"Los Pinos, Veracruz, Veracruz de Ignacio de la Llave","Sin nombre de calle, Col. Los Pinos C.P. 91870, Veracruz",,19.2080254,-96.1619784,2026-06-27T14:52:01.230550,2026-06-27T14:52:01.230550
https://propiedades.com/inmuebles/casa-en-venta-los-cedros-55-lombardo-toledano-veracruz-30884584,"MXN 1,357,000",1357000.0,MXN,0.0,115 m² const. | 3 rec. | 2 baños,,115.0,3,2,0,4 meses en Propiedades.com,LOS CEDROS #55,"Lombardo Toledano, Veracruz, Veracruz de Ignacio de la Llave","LOS CEDROS #55, Col. Lombardo Toledano C.P. 91809, Veracruz",,19.2053408,-96.1977851,2026-06-27T14:52:01.230552,2026-06-27T14:52:01.230552
https://propiedades.com/inmuebles/casa-en-venta-candido-aguilar-veracruz-30512948,"MXN 3,190,000",3190000.0,MXN,0.0,251 m² const. | 2 rec. | 2 baños,,251.0,2,2,0,8 meses en Propiedades.com,,"Candido Aguilar, Veracruz, Veracruz de Ignacio de la Llave"," , Col. Candido Aguilar C.P. 91789, Veracruz",,19.1692622,-96.1371248,2026-06-27T14:52:01.230553,2026-06-27T14:52:01.230553
https://propiedades.com/inmuebles/casa-en-venta-paseo-de-tarimoya-sn-palma-real-ii-veracruz-30276772,"MXN 890,000",890000.0,MXN,0.0,60 m² const. | 2 rec. | 1 baños | 1 estac.,,60.0,2,1,1,10 meses en Propiedades.com,paseo de tarimoya #s/n,"Palma Real II, Veracruz, Veracruz de Ignacio de la Llave","paseo de tarimoya #s/n, Col. Palma Real II C.P. 91826, Veracruz",Aire acondicionado,19.1957565,-96.1832889,2026-06-27T14:52:01.230554,2026-06-27T14:52:01.230554
https://propiedades.com/inmuebles/casa-en-venta-paseo-prof-alicia-moreno-buenavista-91850-veracruz-ver-buenavista-infonavit-veracruz-30868145,"MXN 600,000",600000.0,MXN,0.0,100 m² const. | 3 rec. | 2 baños,,100.0,3,2,0,4 meses en Propiedades.com,Paseo Prof. Alicia Moreno,"Buenavista INFONAVIT, Veracruz, Veracruz de Ignacio de la Llave","Paseo Prof. Alicia Moreno, Buenavista, 91850 Veracruz, Ver., Col. Buenavista INFONAVIT C.P. 91850, Veracruz",Aire acondicionado | Cisterna,19.2015657,-96.1685213,2026-06-27T14:52:01.230556,2026-06-27T14:52:01.230556
https://propiedades.com/inmuebles/casa-en-venta-geovillas-los-pinos-veracruz-30848693,"MXN 1,380,000",1380000.0,MXN,0.0,103 m² const. | 3 rec. | 2 baños,,103.0,3,2,0,4 meses en Propiedades.com,,"Geovillas los Pinos, Veracruz, Veracruz de Ignacio de la Llave"," , Col. Geovillas los Pinos C.P. 91808, Veracruz",,19.2136642,-96.2250564,2026-06-27T14:52:01.230557,2026-06-27T14:52:01.230557
https://propiedades.com/inmuebles/casa-en-venta-veracruz-veracruz-29062416,"MXN 550,000",550000.0,MXN,0.0,64 m² const. | 2 rec. | 1 baños,,64.0,2,1,0,1 año en Propiedades.com,,"Veracruz, Veracruz, Veracruz de Ignacio de la Llave"," , Col. Veracruz C.P. 91709, Veracruz",,19.1744056,-96.1357784,2026-06-27T14:52:01.230561,2026-06-27T14:52:01.230561
https://propiedades.com/inmuebles/casa-en-venta-sin-nombre-de-calle-geovillas-los-pinos-veracruz-31395578,"MXN 495,000",495000.0,MXN,0.0,102 m² const. | 2 rec. | 1 baños,,102.0,2,1,0,29 días en Propiedades.com,Sin nombre de calle,"Geovillas los Pinos, Veracruz, Veracruz de Ignacio de la Llave","Sin nombre de calle, Col. Geovillas los Pinos C.P. 91808, Veracruz",Seguridad privada | Cisterna,19.2147592,-96.2256491,2026-06-27T14:52:01.230562,2026-06-27T14:52:01.230562
https://propiedades.com/inmuebles/casa-en-venta-jobo-100-las-brisas-veracruz-30884547,"MXN 960,000",960000.0,MXN,0.0,80 m² const. | 2 rec. | 1 baños,,80.0,2,1,0,4 meses en Propiedades.com,JOBO #100,"Las Brisas, Veracruz, Veracruz de Ignacio de la Llave","JOBO #100, Col. Las Brisas C.P. 91809, Veracruz",,19.2043522,-96.1831947,2026-06-27T14:52:01.230564,2026-06-27T14:52:01.230564
https://propiedades.com/inmuebles/casa-en-venta-av-mexico-45-adolfo-lopez-mateos-veracruz-31028270,"MXN 1,400,000",1400000.0,MXN,0.0,96 m² const. | 3 rec. | 2 baños | 1 estac.,,96.0,3,2,1,3 meses en Propiedades.com,Av México #45,"Adolfo López Mateos, Veracruz, Veracruz de Ignacio de la Llave","Av México #45, Col. Adolfo López Mateos C.P. 91780, Veracruz",Seguridad privada,19.1612816,-96.1434201,2026-06-27T14:52:01.230567,2026-06-27T14:52:01.230567
https://propiedades.com/inmuebles/casa-en-venta-nicolas-bravo-134-veracruz-centro-veracruz-28204012,"MXN 1,500,000",1500000.0,MXN,0.0,30 m² const. | 2 rec. | 2 baños,,30.0,2,2,0,2 años en Propiedades.com,Nicolás Bravo #134,"Veracruz Centro, Veracruz, Veracruz de Ignacio de la Llave","Nicolás Bravo #134, Col. Veracruz Centro C.P. 91700, Veracruz",,19.189537,-96.1394441,2026-06-27T14:52:01.230569,2026-06-27T14:52:01.230569
https://propiedades.com/inmuebles/casa-en-venta-lomas-de-rio-medio-1-lomas-de-rio-medio-ii-veracruz-30459387,"MXN 1,198,000",1198000.0,MXN,0.0,160 m² const. | 4 rec. | 2 baños | 1 estac.,,160.0,4,2,1,8 meses en Propiedades.com,Lomas de Rio Medio  #1,"Lomas de Rio Medio II, Veracruz, Veracruz de Ignacio de la Llave","Lomas de Rio Medio  #1, Col. Lomas de Rio Medio II C.P. 91809, Veracruz",,19.2053408,-96.1977851,2026-06-27T14:52:01.230571,2026-06-27T14:52:01.230571
https://propiedades.com/inmuebles/casa-en-venta-xana-veracruz-31067911,"MXN 1,550,000",1550000.0,MXN,0.0,95 m² const. | 3 rec. | 2 baños,,95.0,3,2,0,2 meses en Propiedades.com,,"Xana, Veracruz, Veracruz de Ignacio de la Llave"," , Col. Xana C.P. 91726, Veracruz",,19.1449581,-96.1758391,2026-06-27T14:52:01.230572,2026-06-27T14:52:01.230572
https://propiedades.com/inmuebles/casa-en-venta-diaz-aragon-1215-ricardo-flores-magon-veracruz-30921389,"MXN 1,848,000",1848000.0,MXN,0.0,102 m² const. | 3 rec. | 2 baños,,102.0,3,2,0,4 meses en Propiedades.com,DIAZ ARAGON #1215,"Ricardo Flores Magón, Veracruz, Veracruz de Ignacio de la Llave","DIAZ ARAGON #1215, Col. Ricardo Flores Magón C.P. 91900, Veracruz",,19.1914151,-96.1275175,2026-06-27T14:52:01.230574,2026-06-27T14:52:01.230574
https://propiedades.com/inmuebles/casa-en-venta-reforma-veracruz-28584253,"MXN 3,400,000",3400000.0,MXN,0.0,162 m² const. | 3 rec. | 3 baños,,162.0,3,3,0,2 años en Propiedades.com,,"Reforma, Veracruz, Veracruz de Ignacio de la Llave"," , Col. Reforma C.P. 91919, Veracruz",,19.1692605144,-96.1311760556,2026-06-27T14:52:01.230576,2026-06-27T14:52:01.230576
https://propiedades.com/inmuebles/casa-en-venta-miguel-hidalgo-veracruz-30008233,"MXN 1,600,000",1600000.0,MXN,0.0,50 m² const. | 1 rec. | 1 baños,,50.0,1,1,0,1 año en Propiedades.com,,"Miguel Hidalgo, Veracruz, Veracruz de Ignacio de la Llave"," , Col. Miguel Hidalgo C.P. 91712, Veracruz",,,,2026-06-27T14:52:01.230578,2026-06-27T14:52:01.230578
https://propiedades.com/inmuebles/casa-en-venta-siglo-xxi-siglo-xxi-veracruz-31011175,"MXN 1,950,000",1950000.0,MXN,0.0,110 m² const. | 4 rec. | 2 baños | 2 estac.,,110.0,4,2,2,3 meses en Propiedades.com,Siglo XXI,"Siglo XXI, Veracruz, Veracruz de Ignacio de la Llave","Siglo XXI, Col. Siglo XXI C.P. 91777, Veracruz",,19.1555033,-96.1613155,2026-06-27T14:52:01.230580,2026-06-27T14:52:01.230580
https://propiedades.com/inmuebles/casa-en-venta-sin-nombre-de-calle-reserva-tarimoya-i-veracruz-30458131,"MXN 2,800,000",2800000.0,MXN,0.0,278 m² const. | 4 rec. | 3 baños,,278.0,4,3,0,8 meses en Propiedades.com,Sin nombre de calle,"Reserva Tarimoya I, Veracruz, Veracruz de Ignacio de la Llave","Sin nombre de calle, Col. Reserva Tarimoya I C.P. 91850, Veracruz",,19.1927736,-96.1720712,2026-06-27T14:52:01.230581,2026-06-27T14:52:01.230581
https://propiedades.com/inmuebles/casa-en-venta-rio-mayo-286-rio-medio-veracruz-30149600,"MXN 1,300,000",1300000.0,MXN,0.0,120 m² const. | 2 rec. | 2 baños | 1 estac.,,120.0,2,2,1,11 meses en Propiedades.com,Rio Mayo #286,"Río Medio, Veracruz, Veracruz de Ignacio de la Llave","Rio Mayo #286, Col. Río Medio C.P. 91809, Veracruz",,19.1700098,-96.1545167,2026-06-27T14:52:01.230582,2026-06-27T14:52:01.230582
https://propiedades.com/inmuebles/casa-en-venta-cristobal-colon-1144-reforma-veracruz-29160262,"MXN 3,990,000",3990000.0,MXN,0.0,200 m² const. | 3 rec. | 4 baños | 1 estac.,,200.0,3,4,1,1 año en Propiedades.com,Cristóbal Colón  #1144Int. S/N,"Reforma, Veracruz, Veracruz de Ignacio de la Llave","Cristóbal Colón  #1144Int. S/N, Col. Reforma C.P. 91919, Veracruz",,19.1707806,-96.1248675,2026-06-27T14:52:27.931185,2026-06-27T14:52:27.931185
https://propiedades.com/inmuebles/casa-en-venta-sin-nombre-de-calle-playa-linda-veracruz-30916856,"MXN 1,900,000",1900000.0,MXN,0.0,100 m² const. | 4 rec. | 3 baños,,100.0,4,3,0,4 meses en Propiedades.com,Sin nombre de calle,"Playa Linda, Veracruz, Veracruz de Ignacio de la Llave","Sin nombre de calle, Col. Playa Linda C.P. 91810, Veracruz",Aire acondicionado | Terraza,19.213501,-96.1752377,2026-06-27T14:52:27.931197,2026-06-27T14:52:27.931197
https://propiedades.com/inmuebles/casa-en-venta-av-jimenez-sn-veracruz-centro-veracruz-27661049,"MXN 1,372,965",1372965.0,MXN,0.0,158 m² const. | 3 rec. | 4 baños,,158.0,3,4,0,2 años en Propiedades.com,av jimenez #s/n,"Veracruz Centro, Veracruz, Veracruz de Ignacio de la Llave","av jimenez #s/n, Col. Veracruz Centro C.P. 91700, Veracruz",,19.189537,-96.1394441,2026-06-27T14:52:27.931199,2026-06-27T14:52:27.931199
https://propiedades.com/inmuebles/casa-en-venta-c-benito-juarez-1526-veracruz-centro-veracruz-29291582,"MXN 610,000",610000.0,MXN,0.0,79 m² const. | 2 rec. | 2 baños,79.0,79.0,2,2,0,A estrenar,C. Benito Juárez  #1526,"Veracruz Centro, Veracruz, Veracruz de Ignacio de la Llave","C. Benito Juárez  #1526, Col. Veracruz Centro C.P. 91700, Veracruz",Cisterna,19.189537,-96.1394441,2026-06-27T14:52:27.931204,2026-06-27T14:52:27.931204
https://propiedades.com/inmuebles/casa-en-venta-portico-320-real-de-los-pinos-veracruz-30276759,"MXN 550,000",550000.0,MXN,0.0,33 m² const. | 1 rec. | 1 baños | 1 estac.,55.0,33.0,1,1,1,A estrenar,Portico #320,"Real de los Pinos, Veracruz, Veracruz de Ignacio de la Llave","Portico #320, Col. Real de los Pinos C.P. 91808, Veracruz",,19.2091639,-96.1603103,2026-06-27T14:52:27.931224,2026-06-27T14:52:27.931224
https://propiedades.com/inmuebles/casa-en-venta-del-norte-veracruz-30705983,"MXN 1,650,000",1650000.0,MXN,0.0,101 m² const. | 2 rec. | 2 baños,69.0,101.0,2,2,1,A estrenar,,"Del Norte, Veracruz, Veracruz de Ignacio de la Llave"," , Col. Del Norte C.P. 91808, Veracruz",,19.1915768,-96.1616048,2026-06-27T14:52:27.931226,2026-06-27T14:52:27.931226
https://propiedades.com/inmuebles/casa-en-venta-sin-nombre-de-calle-playa-linda-veracruz-30743981,"MXN 1,085,000",1085000.0,MXN,0.0,83 m² const. | 3 rec. | 2 baños,67.0,83.0,3,2,1,A estrenar,Sin nombre de calle,"Playa Linda, Veracruz, Veracruz de Ignacio de la Llave","Sin nombre de calle, Col. Playa Linda C.P. 91810, Veracruz",Cisterna,19.213501,-96.1752377,2026-06-27T14:52:27.931229,2026-06-27T14:52:27.931229
https://propiedades.com/inmuebles/casa-en-venta-geovillas-los-pinos-veracruz-30931592,"MXN 1,175,000",1175000.0,MXN,0.0,87 m² const. | 3 rec. | 1 baños,68.0,87.0,3,1,1,23 años,,"Geovillas los Pinos, Veracruz, Veracruz de Ignacio de la Llave"," , Col. Geovillas los Pinos C.P. 91808, Veracruz",,19.2167309,-96.2291526,2026-06-27T14:52:27.931232,2026-06-27T14:52:27.931232
https://propiedades.com/inmuebles/casa-en-venta-ricardo-flores-magon-veracruz-veracruz-ricardo-flores-magon-veracruz-20174549,"MXN 4,500,000",4500000.0,MXN,0.0,158 m² const. | 3 rec. | 4 baños,,158.0,3,4,0,5 años en Propiedades.com,Ricardo Flores Magón,"Ricardo Flores Magón, Veracruz, Veracruz de Ignacio de la Llave","Ricardo Flores Magón, Veracruz, Veracruz, Col. Ricardo Flores Magón C.P. 91900, Veracruz",,19.1914151,-96.1275175,2026-06-27T14:52:27.931233,2026-06-27T14:52:27.931233
https://propiedades.com/inmuebles/casa-en-venta-veracruz-veracruz-28045902,"MXN 1,650,000",1650000.0,MXN,0.0,287 m² const. | 2 rec. | 2 baños,,287.0,2,2,0,2 años en Propiedades.com,,"Veracruz, Veracruz, Veracruz de Ignacio de la Llave"," , Col. Veracruz C.P. 91709, Veracruz",,19.2001197,-96.1328179,2026-06-27T14:52:27.931235,2026-06-27T14:52:27.931235
https://propiedades.com/inmuebles/casa-en-venta-av-san-cosme-91808-colinas-de-santa-fe-ver-sn-colinas-de-santa-fe-veracruz-30890317,"MXN 1,025,000",1025000.0,MXN,0.0,55 m² const. | 2 rec. | 1 baños,,55.0,2,1,0,4 meses en Propiedades.com,Av San Cosme,"Colinas de Santa Fe, Veracruz, Veracruz de Ignacio de la Llave","Av San Cosme, 91808 Colinas de Santa Fe, Ver. #s/n, Col. Colinas de Santa Fe C.P. 91808, Veracruz",,19.1796098,-96.2501104,2026-06-27T14:52:27.931236,2026-06-27T14:52:27.931236
https://propiedades.com/inmuebles/casa-en-venta-las-brisas-veracruz-18342485,"MXN 1,400,000",1400000.0,MXN,0.0,180 m² const. | 4 rec. | 3 baños,,180.0,4,3,0,6 años en Propiedades.com,,"Las Brisas, Veracruz, Veracruz de Ignacio de la Llave"," , Col. Las Brisas C.P. 91809, Veracruz",,19.2058331289,-96.1868312608,2026-06-27T14:52:27.931244,2026-06-27T14:52:27.931244
https://propiedades.com/inmuebles/casa-en-venta-olga-garzon-658-villa-rica-1-veracruz-29202075,"MXN 898,000",898000.0,MXN,0.0,134 m² const. | 3 rec. | 3 baños,,134.0,3,3,0,1 año en Propiedades.com,Olga Garzon  #658Int. 0,"Villa Rica 1, Veracruz, Veracruz de Ignacio de la Llave","Olga Garzon  #658Int. 0, Col. Villa Rica 1 C.P. 91800, Veracruz",Seguridad privada,19.1313143,-96.1121467,2026-06-27T14:52:27.931245,2026-06-27T14:52:27.931245
https://propiedades.com/inmuebles/casa-en-venta-reforma-1-reforma-veracruz-30459339,"MXN 3,200,000",3200000.0,MXN,0.0,170 m² const. | 3 rec. | 3 baños | 1 estac.,,170.0,3,3,1,8 meses en Propiedades.com,Reforma  #1,"Reforma, Veracruz, Veracruz de Ignacio de la Llave","Reforma  #1, Col. Reforma C.P. 91919, Veracruz",,19.1707806,-96.1248675,2026-06-27T14:52:27.931247,2026-06-27T14:52:27.931247
https://propiedades.com/inmuebles/casa-en-venta-93538-primero-de-mayo-ver-sn-primero-de-mayo-veracruz-31040113,"MXN 4,700,000",4700000.0,MXN,0.0,298 m² const. | 3 rec. | 2 baños,,298.0,3,2,0,3 meses en Propiedades.com,93538 Primero de Mayo,"Primero de Mayo, Veracruz, Veracruz de Ignacio de la Llave","93538 Primero de Mayo, Ver. #s/n, Col. Primero de Mayo C.P. 91757, Veracruz",,19.173851094159765,-96.143618730249,2026-06-27T14:52:27.931248,2026-06-27T14:52:27.931248
https://propiedades.com/inmuebles/casa-en-venta-ara-crystal-lagoons-veracruz-30139885,"MXN 1,850,000",1850000.0,MXN,0.0,82 m² const. | 3 rec. | 2 baños,,82.0,3,2,0,11 meses en Propiedades.com,,"ARA Crystal Lagoons, Veracruz, Veracruz de Ignacio de la Llave"," , Col. ARA Crystal Lagoons C.P. 91775, Veracruz",,19.1278900959,-96.1671944705,2026-06-27T14:52:27.931249,2026-06-27T14:52:27.931249
https://propiedades.com/inmuebles/casa-en-venta-sin-nombre-de-calle-sn-tejeria-veracruz-30973716,"MXN 885,000",885000.0,MXN,0.0,72 m² const. | 3 rec. | 1 baños,,72.0,3,1,0,3 meses en Propiedades.com,Sin nombre de calle #snInt. s/n,"Tejería, Veracruz, Veracruz de Ignacio de la Llave","Sin nombre de calle #snInt. s/n, Col. Tejería C.P. 91697, Veracruz",,20.441184,-97.3269982,2026-06-27T14:52:27.931250,2026-06-27T14:52:27.931250
https://propiedades.com/inmuebles/casa-en-venta-sin-nombre-de-calle-chiveria-infonavit-veracruz-28202565,"MXN 1,590,000",1590000.0,MXN,0.0,155 m² const. | 4 rec. | 2 baños,,155.0,4,2,0,2 años en Propiedades.com,Sin nombre de calle,"Chivería INFONAVIT, Veracruz, Veracruz de Ignacio de la Llave","Sin nombre de calle, Col. Chivería INFONAVIT C.P. 91714, Veracruz",,19.184076,-96.1699336,2026-06-27T14:52:27.931252,2026-06-27T14:52:27.931252
https://www.propiedades.com/inmuebles/casa-en-venta-av-veracruz-1530-playa-linda-veracruz-31030345,"MXN 1,500,000",1500000.0,MXN,0.0,70 m² const. | 3 rec. | 2 baños | 3 estac.,,70.0,3,2,3,3 meses en Propiedades.com,Av Veracruz #1530,"Playa Linda, Veracruz, Veracruz de Ignacio de la Llave","Av Veracruz #1530, Col. Playa Linda C.P. 91810, Veracruz",,19.213501,-96.1752377,2026-06-27T14:52:27.931253,2026-06-27T14:52:27.931253
https://propiedades.com/inmuebles/casa-en-venta-valencia-coyol-sur-veracruz-29864476,"MXN 1,590,000",1590000.0,MXN,0.0,72 m² const. | 2 rec. | 2 baños,,72.0,2,2,0,1 año en Propiedades.com,Valencia,"Coyol Sur, Veracruz, Veracruz de Ignacio de la Llave","Valencia, Col. Coyol Sur C.P. 91779, Veracruz",,20.675904,-97.30588,2026-06-27T14:52:27.931254,2026-06-27T14:52:27.931254
https://propiedades.com/inmuebles/casa-en-venta-floresta-veracruz-28917694,"MXN 3,200,000",3200000.0,MXN,0.0,200 m² const. | 3 rec. | 3 baños,,200.0,3,3,0,2 años en Propiedades.com,,"Floresta, Veracruz, Veracruz de Ignacio de la Llave"," , Col. Floresta C.P. 91940, Veracruz",,20.5424584,-97.461289,2026-06-27T14:52:27.931256,2026-06-27T14:52:27.931256
https://www.propiedades.com/inmuebles/casa-en-venta-tortuga-00-geovillas-los-pinos-veracruz-30473720,"MXN 789,000",789000.0,MXN,0.0,110 m² const. | 3 rec. | 2 baños | 1 estac.,,110.0,3,2,1,8 meses en Propiedades.com,Tortuga #00,"Geovillas los Pinos, Veracruz, Veracruz de Ignacio de la Llave","Tortuga #00, Col. Geovillas los Pinos C.P. 91808, Veracruz",,19.2147592,-96.2256491,2026-06-27T14:52:27.931258,2026-06-27T14:52:27.931258
https://propiedades.com/inmuebles/casa-en-venta-eficacia-968-miguel-hidalgo-veracruz-11196202,"MXN 735,000",735000.0,MXN,0.0,124 m² const. | 3 rec. | 2 baños,,124.0,3,2,0,6 años en Propiedades.com,EFICACIA #968,"Miguel Hidalgo, Veracruz, Veracruz de Ignacio de la Llave","EFICACIA #968, Col. Miguel Hidalgo C.P. 91712, Veracruz",,19.1968409,-96.1402584,2026-06-27T14:52:27.931259,2026-06-27T14:52:27.931259
https://propiedades.com/inmuebles/casa-en-venta-primero-de-mayo-veracruz-ver-primero-de-mayo-veracruz-31045329,"MXN 4,650,000",4650000.0,MXN,0.0,288 m² const. | 4 rec. | 3 baños,,288.0,4,3,0,3 meses en Propiedades.com,Primero de Mayo,"Primero de Mayo, Veracruz, Veracruz de Ignacio de la Llave","Primero de Mayo, Veracruz, Ver., Col. Primero de Mayo C.P. 91757, Veracruz",,19.174797318800955,-96.14149139734495,2026-06-27T14:52:27.931260,2026-06-27T14:52:27.931260
https://propiedades.com/inmuebles/casa-en-venta-chopo-1389-floresta-veracruz-29116415,"MXN 2,450,000",2450000.0,MXN,0.0,230 m² const. | 4 rec. | 4 baños | 2 estac.,,230.0,4,4,2,1 año en Propiedades.com,Chopo #1389,"Floresta, Veracruz, Veracruz de Ignacio de la Llave","Chopo #1389, Col. Floresta C.P. 91940, Veracruz",Aire acondicionado,19.1556264,-96.1354683,2026-06-27T14:52:27.931261,2026-06-27T14:52:27.931261
https://www.propiedades.com/inmuebles/casa-en-venta-sin-nombre-de-calle-sn-xana-veracruz-25055771,"MXN 2,297,000",2297000.0,MXN,0.0,96 m² const. | 3 rec. | 2 baños | 2 estac.,,96.0,3,2,2,4 años en Propiedades.com,Sin nombre de calle #SnInt. S/n,"Xana, Veracruz, Veracruz de Ignacio de la Llave","Sin nombre de calle #SnInt. S/n, Col. Xana C.P. 91726, Veracruz",Alberca | Seguridad privada,19.1583382,-96.1784342,2026-06-27T14:52:27.931263,2026-06-27T14:52:27.931263
https://propiedades.com/inmuebles/casa-en-venta-pascual-ortiz-rubio-300-pascual-ortiz-rubio-veracruz-29425875,"MXN 2,350,000",2350000.0,MXN,0.0,250 m² const. | 3 rec. | 2 baños,,250.0,3,2,0,1 año en Propiedades.com,Pascual Ortiz Rubio #300,"Pascual Ortiz Rubio, Veracruz, Veracruz de Ignacio de la Llave","Pascual Ortiz Rubio #300, Col. Pascual Ortiz Rubio C.P. 91750, Veracruz",Cisterna | Terraza,19.174225,-96.1398286,2026-06-27T14:52:27.931264,2026-06-27T14:52:27.931264
https://propiedades.com/inmuebles/casa-en-venta-sin-nombre-de-calle-sn-dream-lagoons-veracruz-30034503,"MXN 1,300,000",1300000.0,MXN,0.0,72 m² const. | 2 rec. | 2 baños,,72.0,2,2,0,12 meses en Propiedades.com,Sin nombre de calle #SNInt. S/N,"Dream Lagoons, Veracruz, Veracruz de Ignacio de la Llave","Sin nombre de calle #SNInt. S/N, Col. Dream Lagoons C.P. 91699, Veracruz",Seguridad privada,19.133046,-96.1743546,2026-06-27T14:52:27.931266,2026-06-27T14:52:27.931266
https://propiedades.com/inmuebles/casa-en-venta-sin-nombre-de-calle-sn-hacienda-paraiso-veracruz-23512582,"MXN 1,518,000",1518000.0,MXN,0.0,89 m² const. | 3 rec. | 3 baños,,89.0,3,3,0,4 años en Propiedades.com,Sin nombre de calle #S/n,"Hacienda Paraíso, Veracruz, Veracruz de Ignacio de la Llave","Sin nombre de calle #S/n, Col. Hacienda Paraíso C.P. 91775, Veracruz",,19.1902778,-96.1533333,2026-06-27T14:52:27.931267,2026-06-27T14:52:27.931267
https://propiedades.com/inmuebles/casa-en-venta-sin-nombre-de-calle-sn-valle-alto-veracruz-30147764,"MXN 690,000",690000.0,MXN,0.0,52 m² const. | 2 rec. | 1 baños,,52.0,2,1,0,11 meses en Propiedades.com,Sin nombre de calle #SNInt. S/N,"Valle Alto, Veracruz, Veracruz de Ignacio de la Llave","Sin nombre de calle #SNInt. S/N, Col. Valle Alto C.P. 91697, Veracruz",,19.1430943,-96.2166095,2026-06-27T14:52:27.931268,2026-06-27T14:52:27.931268
https://propiedades.com/inmuebles/casa-en-venta-sin-nombre-de-calle-reforma-veracruz-29150318,"MXN 3,900,000",3900000.0,MXN,0.0,285 m² const. | 5 rec. | 3 baños,,285.0,5,3,0,1 año en Propiedades.com,Sin nombre de calle,"Reforma, Veracruz, Veracruz de Ignacio de la Llave","Sin nombre de calle, Col. Reforma C.P. 91919, Veracruz",Cisterna,19.1707806,-96.1248675,2026-06-27T14:52:27.931270,2026-06-27T14:52:27.931270
https://propiedades.com/inmuebles/casa-en-venta-sin-nombre-de-calle-veracruz-centro-veracruz-25406160,"MXN 1,100,000",1100000.0,MXN,0.0,134 m² const. | 3 rec. | 3 baños,,134.0,3,3,0,4 años en Propiedades.com,Sin nombre de calle,"Veracruz Centro, Veracruz, Veracruz de Ignacio de la Llave","Sin nombre de calle, Col. Veracruz Centro C.P. 91700, Veracruz",,19.189537,-96.1394441,2026-06-27T14:52:27.931271,2026-06-27T14:52:27.931271
https://propiedades.com/inmuebles/casa-en-venta-bonaterra-veracruz-29143280,"MXN 1,300,000",1300000.0,MXN,0.0,104 m² const. | 2 rec. | 2 baños,,104.0,2,2,0,1 año en Propiedades.com,,"Bonaterra, Veracruz, Veracruz de Ignacio de la Llave"," , Col. Bonaterra C.P. 91698, Veracruz",,19.1272376,-96.1767411,2026-06-27T14:52:27.931272,2026-06-27T14:52:27.931272
https://propiedades.com/inmuebles/casa-en-venta-callejon-la-campana-10-veracruz-centro-veracruz-30196903,"MXN 3,300,000",3300000.0,MXN,0.0,320 m² const. | 2 rec. | 2 baños,,320.0,2,2,0,11 meses en Propiedades.com,Callejón la Campana #10,"Veracruz Centro, Veracruz, Veracruz de Ignacio de la Llave","Callejón la Campana #10, Col. Veracruz Centro C.P. 91700, Veracruz",,19.189537,-96.1394441,2026-06-27T14:52:27.931273,2026-06-27T14:52:27.931273
https://propiedades.com/inmuebles/casa-en-venta-colibri-67-geovillas-los-pinos-ii-veracruz-31033390,"MXN 1,300,000",1300000.0,MXN,0.0,103 m² const. | 3 rec. | 3 baños,,103.0,3,3,0,3 meses en Propiedades.com,Colibri #67,"Geovillas los Pinos II, Veracruz, Veracruz de Ignacio de la Llave","Colibri #67, Col. Geovillas los Pinos II C.P. 91808, Veracruz",Alberca | Terraza,19.1667655,-96.1786421,2026-06-27T14:52:27.931274,2026-06-27T14:52:27.931274
https://propiedades.com/inmuebles/casa-en-venta-santa-rita-4-hacienda-la-parroquia-veracruz-31001166,"MXN 832,000",832000.0,MXN,0.0,52 m² const. | 2 rec. | 1 baños,,52.0,2,1,0,3 meses en Propiedades.com,SANTA RITA #4,"Hacienda la Parroquia, Veracruz, Veracruz de Ignacio de la Llave","SANTA RITA #4, Col. Hacienda la Parroquia C.P. 91725, Veracruz",,19.190516,-96.1875051,2026-06-27T14:52:27.931275,2026-06-27T14:52:27.931275
https://www.propiedades.com/inmuebles/casa-en-venta-sin-nombre-de-calle-mallorca-tejeria-veracruz-28412107,"MXN 1,500,000",1500000.0,MXN,0.0,78 m² const. | 3 rec. | 2 baños | 1 estac.,,78.0,3,2,1,2 años en Propiedades.com,Sin nombre de calle #mallorcaInt. s/n,"Tejería, Veracruz, Veracruz de Ignacio de la Llave","Sin nombre de calle #mallorcaInt. s/n, Col. Tejería C.P. 91697, Veracruz",Alberca | Seguridad privada,20.441184,-97.3269982,2026-06-27T14:52:27.931276,2026-06-27T14:52:27.931276
https://propiedades.com/inmuebles/casa-en-venta-hacienda-la-luz-164-puerta-paraiso-veracruz-30504728,"MXN 1,350,000",1350000.0,MXN,0.0,129 m² const. | 3 rec. | 3 baños | 1 estac.,,129.0,3,3,1,8 meses en Propiedades.com,hacienda la luz #164,"Puerta Paraíso, Veracruz, Veracruz de Ignacio de la Llave","hacienda la luz #164, Col. Puerta Paraíso C.P. 91699, Veracruz",Seguridad privada | Aire acondicionado | Terraza,19.129338,-96.1724279,2026-06-27T14:52:27.931277,2026-06-27T14:52:27.931277
https://propiedades.com/inmuebles/casa-en-venta-hacienda-paraiso-veracruz-30970128,"MXN 1,813,000",1813000.0,MXN,0.0,71 m² const.,,71.0,0,0,0,3 meses en Propiedades.com,,"Hacienda Paraíso, Veracruz, Veracruz de Ignacio de la Llave"," , Col. Hacienda Paraíso C.P. 91775, Veracruz",,19.129338,-96.1724279,2026-06-27T14:52:27.931278,2026-06-27T14:52:27.931278
https://propiedades.com/inmuebles/casa-en-venta-mezquite-204-floresta-veracruz-29193940,"MXN 1,830,000",1830000.0,MXN,0.0,420 m² const. | 4 rec. | 3 baños,,420.0,4,3,0,1 año en Propiedades.com,MEZQUITE #204,"Floresta, Veracruz, Veracruz de Ignacio de la Llave","MEZQUITE #204, Col. Floresta C.P. 91940, Veracruz",Seguridad privada | Aire acondicionado | Cisterna,19.1556264,-96.1354683,2026-06-27T14:52:27.931279,2026-06-27T14:52:27.931279
https://propiedades.com/inmuebles/casa-en-venta-sin-nombre-de-calle-floresta-veracruz-30755455,"MXN 1,900,000",1900000.0,MXN,0.0,189 m² const. | 2 rec. | 1 baños,,189.0,2,1,0,5 meses en Propiedades.com,Sin nombre de calle,"Floresta, Veracruz, Veracruz de Ignacio de la Llave","Sin nombre de calle, Col. Floresta C.P. 91940, Veracruz",Cisterna,19.1556264,-96.1354683,2026-06-27T14:52:27.931281,2026-06-27T14:52:27.931281
https://propiedades.com/inmuebles/casa-en-venta-sin-nombre-de-calle-san-arturo-los-heroes-veracruz-veracruz-28618253,"MXN 1,598,000",1598000.0,MXN,0.0,90 m² const. | 3 rec. | 3 baños,,90.0,3,3,0,2 años en Propiedades.com,Sin nombre de calle #San Arturo,"Los Héroes Veracruz, Veracruz, Veracruz de Ignacio de la Llave","Sin nombre de calle #San Arturo, Col. Los Héroes Veracruz C.P. 91698, Veracruz",Alberca | Seguridad privada,19.1503163,-96.209673,2026-06-27T14:52:27.931282,2026-06-27T14:52:27.931282
https://propiedades.com/inmuebles/casa-en-venta-eje-poniente-sn-articulo-123-veracruz-27636601,"MXN 900,000",900000.0,MXN,0.0,90 m² const. | 2 rec. | 2 baños,,90.0,2,2,0,2 años en Propiedades.com,EJE PONIENTE #S/N,"Articulo 123, Veracruz, Veracruz de Ignacio de la Llave","EJE PONIENTE #S/N, Col. Articulo 123 C.P. 91947, Veracruz",,19.1488115,-96.1401067,2026-06-27T14:52:27.931283,2026-06-27T14:52:27.931283
https://propiedades.com/inmuebles/casa-en-venta-av-veracruz-sn-veracruz-centro-veracruz-30484273,"MXN 2,400,000",2400000.0,MXN,0.0,170 m² const. | 4 rec. | 4 baños,,170.0,4,4,0,8 meses en Propiedades.com,Av Veracruz  #SnInt. S/n,"Veracruz Centro, Veracruz, Veracruz de Ignacio de la Llave","Av Veracruz  #SnInt. S/n, Col. Veracruz Centro C.P. 91700, Veracruz",,19.189537,-96.1394441,2026-06-27T14:52:27.931284,2026-06-27T14:52:27.931284
https://propiedades.com/inmuebles/casa-en-venta-adolfo-ruiz-cortines-ipe-adolfo-ruiz-cortines-ipe-veracruz-26249615,"MXN 1,950,000",1950000.0,MXN,0.0,110 m² const. | 5 rec. | 4 baños,120.0,110.0,5,4,1,18 años,Adolfo Ruiz Cortines Ipe,"Adolfo Ruiz Cortines Ipe, Veracruz, Veracruz de Ignacio de la Llave","Adolfo Ruiz Cortines Ipe, Col. Adolfo Ruiz Cortines Ipe C.P. 91829, Veracruz",,19.2070851,-96.16794469999999,2026-06-27T14:52:52.409973,2026-06-27T14:52:52.409973
https://propiedades.com/inmuebles/casa-en-venta-sin-nombre-de-calle-pascual-ortiz-rubio-veracruz-29140586,"MXN 565,000",565000.0,MXN,0.0,101 m² const. | 3 rec. | 1 baños,72.0,101.0,3,1,0,A estrenar,Sin nombre de calle,"Pascual Ortiz Rubio, Veracruz, Veracruz de Ignacio de la Llave","Sin nombre de calle, Col. Pascual Ortiz Rubio C.P. 91750, Veracruz",,19.174225,-96.1398286,2026-06-27T14:52:52.409997,2026-06-27T14:52:52.409997
https://propiedades.com/inmuebles/casa-en-venta-geovillas-los-pinos-ii-veracruz-29143285,"MXN 584,900",584900.0,MXN,0.0,56 m² const. | 2 rec. | 2 baños,68.0,56.0,2,2,1,5 años,,"Geovillas los Pinos II, Veracruz, Veracruz de Ignacio de la Llave"," , Col. Geovillas los Pinos II C.P. 91808, Veracruz",,19.2158356,-96.2266445,2026-06-27T14:52:52.410006,2026-06-27T14:52:52.410006
https://propiedades.com/inmuebles/casa-en-venta-carretera-valente-diaz-100-dos-lomas-veracruz-27124039,"MXN 935,000",935000.0,MXN,0.0,61 m² const. | 2 rec. | 2 baños | 1 estac.,75.0,61.0,2,2,1,3 años,Carretera Valente Diaz #100,"Dos Lomas, Veracruz, Veracruz de Ignacio de la Llave","Carretera Valente Diaz #100, Col. Dos Lomas C.P. 91697, Veracruz",Alberca | Seguridad privada,19.1462309,-96.2389221,2026-06-27T14:52:52.410014,2026-06-27T14:52:52.410014
https://propiedades.com/inmuebles/casa-en-venta-sin-nombre-de-calle-valle-alto-veracruz-29150351,"MXN 785,000",785000.0,MXN,0.0,73 m² const. | 2 rec. | 2 baños,75.0,73.0,2,2,1,A estrenar,Sin nombre de calle,"Valle Alto, Veracruz, Veracruz de Ignacio de la Llave","Sin nombre de calle, Col. Valle Alto C.P. 91697, Veracruz",,19.1430943,-96.2166095,2026-06-27T14:52:52.410020,2026-06-27T14:52:52.410020
https://www.propiedades.com/inmuebles/casa-en-venta-sin-nombre-de-calle-ignacio-zaragoza-veracruz-28327293,"MXN 2,700,000",2700000.0,MXN,0.0,160 m² const. | 4 rec. | 2 baños | 1 estac.,,160.0,4,2,1,2 años en Propiedades.com,Sin nombre de calle,"Ignacio Zaragoza, Veracruz, Veracruz de Ignacio de la Llave","Sin nombre de calle, Col. Ignacio Zaragoza C.P. 91910, Veracruz",,19.1780491,-96.1288426,2026-06-27T14:52:52.410023,2026-06-27T14:52:52.410023
https://propiedades.com/inmuebles/casa-en-venta-sin-nombre-de-calle-ignacio-zaragoza-veracruz-27551184,"MXN 2,600,000",2600000.0,MXN,0.0,107 m² const. | 2 rec. | 1 baños,,107.0,2,1,0,2 años en Propiedades.com,Sin nombre de calle,"Ignacio Zaragoza, Veracruz, Veracruz de Ignacio de la Llave","Sin nombre de calle, Col. Ignacio Zaragoza C.P. 91910, Veracruz",,19.1780491,-96.1288426,2026-06-27T14:52:52.410044,2026-06-27T14:52:52.410044
https://propiedades.com/inmuebles/casa-en-venta-natura-1-colina-de-los-pajaros-veracruz-30756136,"MXN 903,000",903000.0,MXN,0.0,64 m² const. | 2 rec. | 2 baños | 1 estac.,67.0,64.0,2,2,1,A estrenar,natura #1,"Colina de los Pájaros, Veracruz, Veracruz de Ignacio de la Llave","natura #1, Col. Colina de los Pájaros C.P. 91697, Veracruz",,19.2105171,-96.2265195,2026-06-27T14:52:52.410048,2026-06-27T14:52:52.410048
https://propiedades.com/inmuebles/casa-en-venta-chapultepec-veracruz-ver-chapultepec-veracruz-31040348,"MXN 5,000,000",5000000.0,MXN,0.0,322 m² const. | 3 rec. | 3 baños,,322.0,3,3,0,3 meses en Propiedades.com,Chapultepec,"Chapultepec, Veracruz, Veracruz de Ignacio de la Llave","Chapultepec, Veracruz, Ver., Col. Chapultepec C.P. 91740, Veracruz",,19.171546,-96.1462146,2026-06-27T14:52:52.410050,2026-06-27T14:52:52.410050
https://propiedades.com/inmuebles/casa-en-venta-lucio-gallardo-pavon-44-primero-de-mayo-veracruz-29205659,"MXN 1,500,000",1500000.0,MXN,0.0,130 m² const. | 4 rec. | 2 baños,,130.0,4,2,0,1 año en Propiedades.com,Lucio Gallardo Pavón #44,"Primero de Mayo, Veracruz, Veracruz de Ignacio de la Llave","Lucio Gallardo Pavón #44, Col. Primero de Mayo C.P. 91757, Veracruz",Cisterna,22.2247356,-97.8191196,2026-06-27T14:52:52.410052,2026-06-27T14:52:52.410052
https://www.propiedades.com/inmuebles/casa-en-venta-azucenas-137-adolfo-lopez-mateos-veracruz-30884719,"MXN 1,450,000",1450000.0,MXN,0.0,134 m² const. | 3 rec. | 2 baños | 1 estac.,,134.0,3,2,1,4 meses en Propiedades.com,azucenas #137,"Adolfo López Mateos, Veracruz, Veracruz de Ignacio de la Llave","azucenas #137, Col. Adolfo López Mateos C.P. 91780, Veracruz",Seguridad privada,19.1612816,-96.1434201,2026-06-27T14:52:52.410053,2026-06-27T14:52:52.410053
https://propiedades.com/inmuebles/casa-en-venta-sin-nombre-de-calle-sn-xana-veracruz-25259579,"MXN 1,614,000",1614000.0,MXN,0.0,77 m² const. | 3 rec. | 2 baños,,77.0,3,2,0,4 años en Propiedades.com,Sin nombre de calle #SnInt. Nogal,"Xana, Veracruz, Veracruz de Ignacio de la Llave","Sin nombre de calle #SnInt. Nogal, Col. Xana C.P. 91726, Veracruz",Alberca | Seguridad privada,19.1583382,-96.1784342,2026-06-27T14:52:52.410055,2026-06-27T14:52:52.410055
https://propiedades.com/inmuebles/casa-en-venta-gonzalo-de-sandoval-entre-remes-y-catolica-reforma-veracruz-29195486,"MXN 2,650,000",2650000.0,MXN,0.0,200 m² const. | 4 rec. | 2 baños,,200.0,4,2,0,1 año en Propiedades.com,Gonzalo de Sandoval entre Remes y Católica  #0Int. 480,"Reforma, Veracruz, Veracruz de Ignacio de la Llave","Gonzalo de Sandoval entre Remes y Católica  #0Int. 480, Col. Reforma C.P. 91919, Veracruz",Cisterna,19.1707806,-96.1248675,2026-06-27T14:52:52.410058,2026-06-27T14:52:52.410058
https://propiedades.com/inmuebles/casa-en-venta-principal-001-playa-linda-veracruz-29150350,"MXN 1,085,000",1085000.0,MXN,0.0,83 m² const. | 3 rec. | 2 baños,,83.0,3,2,0,1 año en Propiedades.com,Principal #001,"Playa Linda, Veracruz, Veracruz de Ignacio de la Llave","Principal #001, Col. Playa Linda C.P. 91810, Veracruz",Cisterna,19.213501,-96.1752377,2026-06-27T14:52:52.410059,2026-06-27T14:52:52.410059
https://propiedades.com/inmuebles/casa-en-venta-andador-10-numero-113-113-infonavit-las-brisas-veracruz-29754158,"MXN 950,000",950000.0,MXN,0.0,167 m² const. | 4 rec. | 3 baños,,167.0,4,3,0,1 año en Propiedades.com,Andador 10 número 113 #113,"INFONAVIT las Brisas, Veracruz, Veracruz de Ignacio de la Llave","Andador 10 número 113 #113, Col. INFONAVIT las Brisas C.P. 91809, Veracruz",,19.2053346,-96.1816748,2026-06-27T14:52:52.410061,2026-06-27T14:52:52.410061
https://propiedades.com/inmuebles/casa-en-venta-mezquite-sn-floresta-veracruz-29156113,"MXN 750,000",750000.0,MXN,0.0,142 m² const. | 3 rec. | 1 baños,,142.0,3,1,0,1 año en Propiedades.com,Mezquite #Sn Int. Sn,"Floresta, Veracruz, Veracruz de Ignacio de la Llave","Mezquite #Sn Int. Sn, Col. Floresta C.P. 91940, Veracruz",,19.1556264,-96.1354683,2026-06-27T14:52:52.410072,2026-06-27T14:52:52.410072
https://www.propiedades.com/inmuebles/casa-en-venta-luna--000-xana-veracruz-30507298,"MXN 2,250,000",2250000.0,MXN,0.0,198 m² const. | 3 rec. | 3 baños | 3 estac.,,198.0,3,3,3,8 meses en Propiedades.com,LUNA  #000Int. 000,"Xana, Veracruz, Veracruz de Ignacio de la Llave","LUNA  #000Int. 000, Col. Xana C.P. 91726, Veracruz",Cisterna,19.1583382,-96.1784342,2026-06-27T14:52:52.410075,2026-06-27T14:52:52.410075
https://propiedades.com/inmuebles/casa-en-venta-unidad-veracruzana-unidad-veracruzana-veracruz-28561653,"MXN 1,750,000",1750000.0,MXN,0.0,170 m² const. | 1 rec. | 1 baños | 2 estac.,,170.0,1,1,2,2 años en Propiedades.com,Unidad Veracruzana,"Unidad Veracruzana, Veracruz, Veracruz de Ignacio de la Llave","Unidad Veracruzana, Col. Unidad Veracruzana C.P. 91710, Veracruz",,19.1898562,-96.1520358,2026-06-27T14:52:52.410078,2026-06-27T14:52:52.410078
https://www.propiedades.com/inmuebles/casa-en-venta-sin-nombre-de-calle-sn-virgilio-uribe-veracruz-29807361,"MXN 1,860,000",1860000.0,MXN,0.0,129 m² const. | 2 rec. | 3 baños | 1 estac.,,129.0,2,3,1,1 año en Propiedades.com,Sin nombre de calle #snInt. s/n,"Virgilio Uribe, Veracruz, Veracruz de Ignacio de la Llave","Sin nombre de calle #snInt. s/n, Col. Virgilio Uribe C.P. 91890, Veracruz",,19.2025487,-96.1487219,2026-06-27T14:52:52.410080,2026-06-27T14:52:52.410080
https://propiedades.com/inmuebles/casa-en-venta-ricardo-flores-magon-veracruz-29062030,"MXN 3,000,000",3000000.0,MXN,0.0,270 m² const. | 5 rec. | 3 baños,,270.0,5,3,0,1 año en Propiedades.com,,"Ricardo Flores Magón, Veracruz, Veracruz de Ignacio de la Llave"," , Col. Ricardo Flores Magón C.P. 91900, Veracruz",,19.1914151,-96.1275175,2026-06-27T14:52:52.410081,2026-06-27T14:52:52.410081
https://propiedades.com/inmuebles/casa-en-venta-av-potrero-111-siglo-xxi-veracruz-30001703,"MXN 1,895,000",1895000.0,MXN,0.0,148 m² const. | 3 rec. | 2 baños,,148.0,3,2,0,1 año en Propiedades.com,Av Potrero #111,"Siglo XXI, Veracruz, Veracruz de Ignacio de la Llave","Av Potrero #111, Col. Siglo XXI C.P. 91777, Veracruz",Aire acondicionado | Cisterna,19.1555033,-96.1613155,2026-06-27T14:52:52.410083,2026-06-27T14:52:52.410083
https://propiedades.com/inmuebles/casa-en-venta-hacienda-camino-real-49-costa-dorada-veracruz-30619869,"MXN 500,000",500000.0,MXN,0.0,90 m² const. | 2 rec. | 2 baños,,90.0,2,2,0,7 meses en Propiedades.com,HACIENDA CAMINO REAL  #49,"Costa Dorada, Veracruz, Veracruz de Ignacio de la Llave","HACIENDA CAMINO REAL  #49 , Col. Costa Dorada C.P. 91808, Veracruz",,19.211667,-96.1820373,2026-06-27T14:52:52.410084,2026-06-27T14:52:52.410084
https://propiedades.com/inmuebles/casa-en-venta-retorno-11-88a-el-coyol-veracruz-29769256,"MXN 790,000",790000.0,MXN,0.0,56 m² const. | 2 rec. | 1 baños | 1 estac.,,56.0,2,1,1,1 año en Propiedades.com,RETORNO 11 #88-A,"El Coyol, Veracruz, Veracruz de Ignacio de la Llave","RETORNO 11 #88-A, Col. El Coyol C.P. 91780, Veracruz",,19.173127,-96.1543556,2026-06-27T14:52:52.410086,2026-06-27T14:52:52.410086
https://propiedades.com/inmuebles/casa-en-venta-la-florida-veracruz-29143286,"MXN 640,000",640000.0,MXN,0.0,68 m² const. | 2 rec. | 1 baños,,68.0,2,1,0,1 año en Propiedades.com,,"La Florida, Veracruz, Veracruz de Ignacio de la Llave"," , Col. La Florida C.P. 91698, Veracruz",,20.5856386,-97.4274422,2026-06-27T14:52:52.410087,2026-06-27T14:52:52.410087
https://propiedades.com/inmuebles/casa-en-venta-la-querencia-77-la-querencia-residencial-veracruz-14949417,"MXN 959,750",959750.0,MXN,0.0,61 m² const. | 2 rec. | 2 baños,,61.0,2,2,0,6 años en Propiedades.com,LA  Querencia #77,"La Querencia Residencial, Veracruz, Veracruz de Ignacio de la Llave","LA  Querencia #77, Col. La Querencia Residencial C.P. 91697, Veracruz",Alberca | Seguridad privada,19.1504544,-96.2151812,2026-06-27T14:52:52.410089,2026-06-27T14:52:52.410089
https://propiedades.com/inmuebles/casa-en-venta-sin-nombre-de-calle-veracruz-centro-veracruz-27531641,"MXN 970,000",970000.0,MXN,0.0,134 m² const. | 3 rec. | 2 baños | 1 estac.,,134.0,3,2,1,2 años en Propiedades.com,Sin nombre de calle,"Veracruz Centro, Veracruz, Veracruz de Ignacio de la Llave","Sin nombre de calle, Col. Veracruz Centro C.P. 91700, Veracruz",Seguridad privada,19.189537,-96.1394441,2026-06-27T14:52:52.410090,2026-06-27T14:52:52.410090
https://propiedades.com/inmuebles/casa-en-venta-paseo-de-los-sauces-sn-floresta-veracruz-27636627,"MXN 3,100,000",3100000.0,MXN,0.0,280 m² const. | 3 rec. | 3 baños,,280.0,3,3,0,2 años en Propiedades.com,Paseo de los Sauces #s/n,"Floresta, Veracruz, Veracruz de Ignacio de la Llave","Paseo de los Sauces #s/n, Col. Floresta C.P. 91940, Veracruz",Cisterna,19.1556264,-96.1354683,2026-06-27T14:52:52.410093,2026-06-27T14:52:52.410093
https://propiedades.com/inmuebles/casa-en-venta-baikal-n7-7-dream-lagoons-veracruz-29851960,"MXN 1,499,000",1499000.0,MXN,0.0,85 m² const. | 3 rec. | 3 baños | 1 estac.,,85.0,3,3,1,1 año en Propiedades.com,Baikal N7 #7Int. 7,"Dream Lagoons, Veracruz, Veracruz de Ignacio de la Llave","Baikal N7 #7Int. 7, Col. Dream Lagoons C.P. 91699, Veracruz",Alberca | Seguridad privada | Aire acondicionado,19.133046,-96.1743546,2026-06-27T14:52:52.410094,2026-06-27T14:52:52.410094
https://propiedades.com/inmuebles/casa-en-venta-los-tabachines-sn-nuevo-veracruz-veracruz-30062750,"MXN 3,350,000",3350000.0,MXN,0.0,209 m² const. | 3 rec. | 4 baños,,209.0,3,4,0,12 meses en Propiedades.com,LOS TABACHINES #SNInt. S/N,"Nuevo Veracruz, Veracruz, Veracruz de Ignacio de la Llave","LOS TABACHINES #SNInt. S/N, Col. Nuevo Veracruz C.P. 91726, Veracruz",Seguridad privada | Terraza,19.2183897,-96.1729171,2026-06-27T14:52:52.410096,2026-06-27T14:52:52.410096
https://propiedades.com/inmuebles/casa-en-venta-rio-picota-72-lomas-de-rio-medio-ii-veracruz-30030579,"MXN 850,000",850000.0,MXN,0.0,72 m² const. | 2 rec. | 1 baños | 1 estac.,,72.0,2,1,1,1 mes en Propiedades.com,RIO PICOTA #72,"Lomas de Rio Medio II, Veracruz, Veracruz de Ignacio de la Llave","RIO PICOTA #72, Col. Lomas de Rio Medio II C.P. 91809, Veracruz",,19.2053408,-96.1977851,2026-06-27T14:52:52.410098,2026-06-27T14:52:52.410098
https://propiedades.com/inmuebles/casa-en-venta-paseo-los-robles-773-floresta-veracruz-30157117,"MXN 3,300,000",3300000.0,MXN,0.0,200 m² const. | 4 rec. | 2 baños,,200.0,4,2,0,11 meses en Propiedades.com,Paseo Los robles #773,"Floresta, Veracruz, Veracruz de Ignacio de la Llave","Paseo Los robles #773, Col. Floresta C.P. 91940, Veracruz",Terraza,19.1556264,-96.1354683,2026-06-27T14:52:52.410099,2026-06-27T14:52:52.410099
https://propiedades.com/inmuebles/casa-en-venta-veracruz-veracruz-29062424,"MXN 1,750,000",1750000.0,MXN,0.0,100 m² const. | 2 rec. | 1 baños,,100.0,2,1,0,1 año en Propiedades.com,,"Veracruz, Veracruz, Veracruz de Ignacio de la Llave"," , Col. Veracruz C.P. 91709, Veracruz",,19.1707806,-96.1248675,2026-06-27T14:52:52.410100,2026-06-27T14:52:52.410100
https://propiedades.com/inmuebles/casa-en-venta-reserva-tarimoya-i-veracruz-30992996,"MXN 2,586,000",2586000.0,MXN,0.0,237 m² const. | 5 rec. | 2 baños,,237.0,5,2,0,3 meses en Propiedades.com,,"Reserva Tarimoya I, Veracruz, Veracruz de Ignacio de la Llave"," , Col. Reserva Tarimoya I C.P. 91850, Veracruz",,19.1986992,-96.1752377,2026-06-27T14:52:52.410102,2026-06-27T14:52:52.410102
https://propiedades.com/inmuebles/casa-en-venta-veracruz-centro-veracruz-8875331,"MXN 550,000",550000.0,MXN,0.0,60 m² const. | 2 rec. | 1 baños,,60.0,2,1,0,7 años en Propiedades.com,xx,"Veracruz Centro, Veracruz, Veracruz de Ignacio de la Llave","xx, Col. Veracruz Centro C.P. 91700, Veracruz",,19.1956941,-96.13582199999999,2026-06-27T14:52:52.410103,2026-06-27T14:52:52.410103
https://propiedades.com/inmuebles/casa-en-venta-sin-nombre-de-calle-2-caminos-veracruz-29150349,"MXN 950,000",950000.0,MXN,0.0,80 m² const. | 3 rec. | 1 baños,,80.0,3,1,0,1 año en Propiedades.com,Sin nombre de calle,"2 Caminos, Veracruz, Veracruz de Ignacio de la Llave","Sin nombre de calle, Col. 2 Caminos C.P. 91726, Veracruz",,19.1751065,-96.1725856,2026-06-27T14:52:52.410105,2026-06-27T14:52:52.410105
https://propiedades.com/inmuebles/casa-en-venta-sin-nombre-de-calle-los-volcanes-veracruz-29140510,"MXN 535,000",535000.0,MXN,0.0,67 m² const. | 3 rec. | 1 baños,,67.0,3,1,0,1 año en Propiedades.com,Sin nombre de calle,"Los Volcanes, Veracruz, Veracruz de Ignacio de la Llave","Sin nombre de calle, Col. Los Volcanes C.P. 91727, Veracruz",,19.1755508,-96.1593269,2026-06-27T14:52:52.410107,2026-06-27T14:52:52.410107
https://propiedades.com/inmuebles/casa-en-venta-geovillas-geovillas-los-pinos-ii-veracruz-30831957,"MXN 1,600,000",1600000.0,MXN,0.0,102 m² const. | 3 rec. | 2 baños | 1 estac.,,102.0,3,2,1,5 meses en Propiedades.com,Geovillas,"Geovillas los Pinos II, Veracruz, Veracruz de Ignacio de la Llave","Geovillas, Col. Geovillas los Pinos II C.P. 91808, Veracruz",,19.1667655,-96.1786421,2026-06-27T14:52:52.410109,2026-06-27T14:52:52.410109
https://propiedades.com/inmuebles/casa-en-venta-veracruz-centro-veracruz-30318907,"MXN 1,300,000",1300000.0,MXN,0.0,140 m² const. | 4 rec. | 2 baños,,140.0,4,2,0,10 meses en Propiedades.com,,"Veracruz Centro, Veracruz, Veracruz de Ignacio de la Llave"," , Col. Veracruz Centro C.P. 91700, Veracruz",,19.1894205,-96.1407954,2026-06-27T14:52:52.410111,2026-06-27T14:52:52.410111
https://propiedades.com/inmuebles/casa-en-venta-sin-nombre-de-calle-las-bajadas-veracruz-29140540,"MXN 769,000",769000.0,MXN,0.0,100 m² const. | 3 rec. | 2 baños,,100.0,3,2,0,1 año en Propiedades.com,Sin nombre de calle,"Las Bajadas, Veracruz, Veracruz de Ignacio de la Llave","Sin nombre de calle, Col. Las Bajadas C.P. 91726, Veracruz",,19.1751065,-96.1725856,2026-06-27T14:52:52.410113,2026-06-27T14:52:52.410113
https://propiedades.com/inmuebles/casa-en-venta-buenavista-veracruz-29011794,"MXN 1,100,000",1100000.0,MXN,0.0,120 m² const. | 2 rec. | 2 baños,,120.0,2,2,0,2 años en Propiedades.com,,"Buenavista, Veracruz, Veracruz de Ignacio de la Llave"," , Col. Buenavista C.P. 91826, Veracruz",,19.1950071379,-96.16459071,2026-06-27T14:52:52.410115,2026-06-27T14:52:52.410115
https://propiedades.com/inmuebles/casa-en-venta-cto-las-palmas-sn-geovillas-los-pinos-ii-veracruz-27660545,"MXN 514,000",514000.0,MXN,0.0,68 m² const. | 3 rec. | 2 baños,,68.0,3,2,0,2 años en Propiedades.com,CTO LAS PALMAS #S/N,"Geovillas los Pinos II, Veracruz, Veracruz de Ignacio de la Llave","CTO LAS PALMAS #S/N, Col. Geovillas los Pinos II C.P. 91808, Veracruz",,19.1667655,-96.1786421,2026-06-27T14:52:52.410117,2026-06-27T14:52:52.410117
https://propiedades.com/inmuebles/casa-en-venta-humanidad-miguel-hidalgo-veracruz-30242309,"MXN 1,960,000",1960000.0,MXN,0.0,180 m² const. | 6 rec. | 5 baños | 5 estac.,,180.0,6,5,5,10 meses en Propiedades.com,HUMANIDAD #0,"Miguel Hidalgo, Veracruz, Veracruz de Ignacio de la Llave","HUMANIDAD #0, Col. Miguel Hidalgo C.P. 91712, Veracruz",Aire acondicionado,19.1968409,-96.1402584,2026-06-27T14:52:52.410118,2026-06-27T14:52:52.410118
https://propiedades.com/inmuebles/casa-en-venta-villa-rica-1-veracruz-30303169,"MXN 680,000",680000.0,MXN,0.0,80 m² const. | 2 rec. | 1 baños,,80.0,2,1,0,10 meses en Propiedades.com,,"Villa Rica 1, Veracruz, Veracruz de Ignacio de la Llave"," , Col. Villa Rica 1 C.P. 91800, Veracruz",,19.2222037,-96.1805422,2026-06-27T14:52:52.410120,2026-06-27T14:52:52.410120
https://propiedades.com/inmuebles/casa-en-venta-chiveria-infonavit-veracruz-29143292,"MXN 960,000",960000.0,MXN,0.0,150 m² const. | 3 rec. | 2 baños,,150.0,3,2,0,1 año en Propiedades.com,,"Chivería INFONAVIT, Veracruz, Veracruz de Ignacio de la Llave"," , Col. Chivería INFONAVIT C.P. 91714, Veracruz",,19.1840262,-96.1915446,2026-06-27T14:52:52.410121,2026-06-27T14:52:52.410121
https://propiedades.com/inmuebles/casa-en-venta-chalchihuecan-1-reforma-veracruz-30431376,"MXN 1,950,000",1950000.0,MXN,0.0,120 m² const. | 3 rec. | 2 baños,,120.0,3,2,0,8 meses en Propiedades.com,Chalchihuecan #1,"Reforma, Veracruz, Veracruz de Ignacio de la Llave","Chalchihuecan #1, Col. Reforma C.P. 91919, Veracruz",,19.1707806,-96.1248675,2026-06-27T14:52:52.410123,2026-06-27T14:52:52.410123
https://propiedades.com/inmuebles/casa-en-venta-orizaba--31-los-heroes-veracruz-veracruz-25939957,"MXN 860,000",860000.0,MXN,0.0,60 m² const. | 2 rec. | 2 baños,,60.0,2,2,0,3 años en Propiedades.com,ORIZABA   #31,"Los Héroes Veracruz, Veracruz, Veracruz de Ignacio de la Llave","ORIZABA   #31, Col. Los Héroes Veracruz C.P. 91698, Veracruz",Alberca,19.1503163,-96.209673,2026-06-27T14:53:17.599982,2026-06-27T14:53:17.599982
https://propiedades.com/inmuebles/casa-en-venta-veracruz-coyol-magisterio-veracruz-30910866,"MXN 1,258,000",1258000.0,MXN,0.0,185 m² const. | 3 rec. | 1 baños,222.0,185.0,3,1,1,18 años,Veracruz,"Coyol Magisterio, Veracruz, Veracruz de Ignacio de la Llave","Veracruz, Col. Coyol Magisterio C.P. 91779, Veracruz",,19.1667166,-96.1634699,2026-06-27T14:53:17.600009,2026-06-27T14:53:17.600009
https://propiedades.com/inmuebles/casa-en-venta-tejeria-veracruz-27530365,"MXN 580,000",580000.0,MXN,0.0,50 m² const. | 1 rec. | 1 baños,50.0,50.0,1,1,1,A estrenar,,"Tejería, Veracruz, Veracruz de Ignacio de la Llave"," , Col. Tejería C.P. 91697, Veracruz",,19.1734082,-96.2229948,2026-06-27T14:53:17.600014,2026-06-27T14:53:17.600014
https://propiedades.com/inmuebles/casa-en-venta-pocitos-y-rivera-veracruz-ver-sn-pocitos-y-rivera-veracruz-31044235,"MXN 4,400,000",4400000.0,MXN,0.0,285 m² const. | 3 rec. | 2 baños,,285.0,3,2,0,3 meses en Propiedades.com,Pocitos y Rivera,"Pocitos y Rivera, Veracruz, Veracruz de Ignacio de la Llave","Pocitos y Rivera, Veracruz, Ver. #s/n, Col. Pocitos y Rivera C.P. 91729, Veracruz",,19.177763860334203,-96.15051469311524,2026-06-27T14:53:17.600017,2026-06-27T14:53:17.600017
https://propiedades.com/inmuebles/casa-en-venta-660-avenida-ingeniero-ernesto-dominguez-aguirre-reforma-veracruz-20174679,"MXN 3,050,000",3050000.0,MXN,0.0,97 m² const. | 3 rec. | 3 baños,182.0,97.0,3,3,1,3 años,660 Avenida Ingeniero Ernesto Domínguez Aguirre,"Reforma, Veracruz, Veracruz de Ignacio de la Llave","660 Avenida Ingeniero Ernesto Domínguez Aguirre, Col. Reforma C.P. 91919, Veracruz",,19.1690141,-96.1199219,2026-06-27T14:53:17.600021,2026-06-27T14:53:17.600021
https://propiedades.com/inmuebles/casa-en-venta-lomas-del-rio-medio-veracruz-30298979,"MXN 995,000",995000.0,MXN,0.0,110 m² const. | 2 rec. | 1 baños,68.0,110.0,2,1,2,15 años,,"Lomas Del Rio Medio, Veracruz, Veracruz de Ignacio de la Llave"," , Col. Lomas Del Rio Medio C.P. 91809, Veracruz",,19.2020298,-96.194342,2026-06-27T14:53:17.600026,2026-06-27T14:53:17.600026
https://propiedades.com/inmuebles/casa-en-venta-las-brisas-veracruz-30298977,"MXN 1,190,000",1190000.0,MXN,0.0,129 m² const. | 3 rec. | 2 baños,,129.0,3,2,0,10 meses en Propiedades.com,,"Las Brisas, Veracruz, Veracruz de Ignacio de la Llave"," , Col. Las Brisas C.P. 91809, Veracruz",,19.2039972,-96.1778058,2026-06-27T14:53:17.600028,2026-06-27T14:53:17.600028
https://propiedades.com/inmuebles/casa-en-venta-izamal-col-chalchihuecan-91808-col-chalchihuecan-ver-chalchihuecan-veracruz-30890326,"MXN 1,050,000",1050000.0,MXN,0.0,58 m² const. | 2 rec. | 1 baños,,58.0,2,1,0,4 meses en Propiedades.com,Izamal,"Chalchihuecan, Veracruz, Veracruz de Ignacio de la Llave","Izamal, Col Chalchihuecan, 91808 Col. Chalchihuecan, Ver., Col. Chalchihuecan C.P. 91808, Veracruz",,19.1676171,-96.1304773,2026-06-27T14:53:17.600029,2026-06-27T14:53:17.600029
https://propiedades.com/inmuebles/casa-en-venta-benito-juarez-378-flores-del-valle-veracruz-29130290,"MXN 3,300,000",3300000.0,MXN,0.0,197 m² const. | 5 rec. | 4 baños | 2 estac.,160.0,197.0,5,4,2,A estrenar,Benito Juarez  #378,"Flores Del Valle, Veracruz, Veracruz de Ignacio de la Llave","Benito Juarez  #378, Col. Flores Del Valle C.P. 91948, Veracruz",Aire acondicionado | Cisterna | Terraza,19.1443713,-96.1401067,2026-06-27T14:53:17.600034,2026-06-27T14:53:17.600034
https://propiedades.com/inmuebles/casa-en-venta-adolfo-ruiz-cortines-veracruz-11760635,"MXN 1,100,000",1100000.0,MXN,0.0,130 m² const. | 3 rec. | 2 baños,,130.0,3,2,0,6 años en Propiedades.com,Col. Adolfo Ruiz Cortines,"Adolfo Ruiz Cortines, Veracruz, Veracruz de Ignacio de la Llave",", Col. Adolfo Ruiz Cortines C.P. 91770, Veracruz",,19.1671135,-96.14607099999999,2026-06-27T14:53:17.600037,2026-06-27T14:53:17.600037
https://propiedades.com/inmuebles/casa-en-venta-arista-1171-miguel-hidalgo-veracruz-30308438,"MXN 1,550,000",1550000.0,MXN,0.0,90 m² const. | 4 rec. | 3 baños | 1 estac.,,90.0,4,3,1,10 meses en Propiedades.com,Arista #1171,"Miguel Hidalgo, Veracruz, Veracruz de Ignacio de la Llave","Arista #1171, Col. Miguel Hidalgo C.P. 91712, Veracruz",Seguridad privada,19.1968409,-96.1402584,2026-06-27T14:53:17.600039,2026-06-27T14:53:17.600039
https://propiedades.com/inmuebles/casa-en-venta-tejeria-veracruz-11760631,"MXN 430,000",430000.0,MXN,0.0,64 m² const. | 2 rec. | 1 baños,,64.0,2,1,0,6 años en Propiedades.com,Col. Tejería,"Tejería, Veracruz, Veracruz de Ignacio de la Llave",", Col. Tejería C.P. 91697, Veracruz",,19.1734082,-96.2229948,2026-06-27T14:53:17.600041,2026-06-27T14:53:17.600041
https://propiedades.com/inmuebles/casa-en-venta-laguna-de-tamo-no-107-el-coyol-1a-seccion-veracruz-20174053,"MXN 1,300,000",1300000.0,MXN,0.0,105 m² const. | 2 rec. | 1 baños,,105.0,2,1,0,5 años en Propiedades.com,Laguna de Tamo no. 107,"El Coyol (1a Sección), Veracruz, Veracruz de Ignacio de la Llave","Laguna de Tamo no. 107, Col. El Coyol (1a Sección) C.P. 91779, Veracruz",,19.173127,-96.1543556,2026-06-27T14:53:17.600042,2026-06-27T14:53:17.600042
https://propiedades.com/inmuebles/casa-en-venta-los-volcanes-los-volcanes-veracruz-6916690,"MXN 2,100,000",2100000.0,MXN,0.0,170 m² const. | 3 rec. | 3 baños,,170.0,3,3,0,7 años en Propiedades.com,Los Volcanes,"Los Volcanes, Veracruz, Veracruz de Ignacio de la Llave","Los Volcanes, Col. Los Volcanes C.P. 91727, Veracruz",Aire acondicionado | Terraza,19.1792602632,-96.1603690634,2026-06-27T14:53:17.600045,2026-06-27T14:53:17.600045
https://propiedades.com/inmuebles/casa-en-venta-jobo-100-lombardo-toledano-veracruz-30884592,"MXN 970,000",970000.0,MXN,0.0,80 m² const. | 3 rec. | 2 baños,,80.0,3,2,0,4 meses en Propiedades.com,JOBO #100,"Lombardo Toledano, Veracruz, Veracruz de Ignacio de la Llave","JOBO #100, Col. Lombardo Toledano C.P. 91809, Veracruz",,19.1902778,-96.1533333,2026-06-27T14:53:17.600070,2026-06-27T14:53:17.600070
https://www.propiedades.com/inmuebles/casa-en-venta-sin-nombre-de-calle-lomas-de-rio-medio-ii-veracruz-30459362,"MXN 760,000",760000.0,MXN,0.0,72 m² const. | 2 rec. | 1 baños | 1 estac.,,72.0,2,1,1,8 meses en Propiedades.com,Sin nombre de calle,"Lomas de Rio Medio II, Veracruz, Veracruz de Ignacio de la Llave","Sin nombre de calle, Col. Lomas de Rio Medio II C.P. 91809, Veracruz",,19.2053408,-96.1977851,2026-06-27T14:53:17.600080,2026-06-27T14:53:17.600080
https://propiedades.com/inmuebles/casa-en-venta-campero-592-veracruz-centro-veracruz-27550780,"MXN 1,050,000",1050000.0,MXN,0.0,60 m² const. | 2 rec. | 1 baños,,60.0,2,1,0,2 años en Propiedades.com,Campero #592,"Veracruz Centro, Veracruz, Veracruz de Ignacio de la Llave","Campero #592, Col. Veracruz Centro C.P. 91700, Veracruz",,19.189537,-96.1394441,2026-06-27T14:53:17.600081,2026-06-27T14:53:17.600081
https://propiedades.com/inmuebles/casa-en-venta-kalifa-20-geovillas-los-pinos-veracruz-30110442,"MXN 730,000",730000.0,MXN,0.0,67 m² const. | 2 rec. | 1 baños,,67.0,2,1,0,11 meses en Propiedades.com,Kalifa #20,"Geovillas los Pinos, Veracruz, Veracruz de Ignacio de la Llave","Kalifa #20, Col. Geovillas los Pinos C.P. 91808, Veracruz",,19.2147592,-96.2256491,2026-06-27T14:53:17.600084,2026-06-27T14:53:17.600084
https://propiedades.com/inmuebles/casa-en-venta-sin-nombre-de-calle-geovillas-los-pinos-veracruz-21869325,"MXN 650,000",650000.0,MXN,0.0,80 m² const. | 3 rec. | 2 baños | 4 estac.,,80.0,3,2,4,5 años en Propiedades.com,Sin nombre de calle,"Geovillas los Pinos, Veracruz, Veracruz de Ignacio de la Llave","Sin nombre de calle, Col. Geovillas los Pinos C.P. 91808, Veracruz",Seguridad privada | Aire acondicionado,19.2147592,-96.2256491,2026-06-27T14:53:17.600087,2026-06-27T14:53:17.600087
https://propiedades.com/inmuebles/casa-en-venta-adolfo-lopez-mateos-veracruz-31520039,"MXN 1,700,000",1700000.0,MXN,0.0,200 m² const. | 2 rec.,,200.0,2,0,0,A estrenar,Col. Adolfo López Mateos,"Adolfo López Mateos, Veracruz, Veracruz de Ignacio de la Llave",", Col. Adolfo López Mateos C.P. 91780, Veracruz",,19.1637941,-96.143568,2026-06-27T14:53:17.600098,2026-06-27T14:53:17.600098
https://propiedades.com/inmuebles/casa-en-venta-tajin-439-1-palma-real-ii-veracruz-30685970,"MXN 850,000",850000.0,MXN,0.0,61 m² const. | 2 rec. | 1 baños,,61.0,2,1,0,6 meses en Propiedades.com,tajín 439  #1,"Palma Real II, Veracruz, Veracruz de Ignacio de la Llave","tajín 439  #1, Col. Palma Real II C.P. 91826, Veracruz",,19.1957565,-96.1832889,2026-06-27T14:53:17.600100,2026-06-27T14:53:17.600100
https://propiedades.com/inmuebles/casa-en-venta-geovillas-del-puerto-veracruz-8041316,"MXN 685,000",685000.0,MXN,0.0,100 m² const. | 2 rec. | 1 baños,,100.0,2,1,0,7 años en Propiedades.com,Col. Geovillas Del Puerto,"Geovillas Del Puerto, Veracruz, Veracruz de Ignacio de la Llave",", Col. Geovillas Del Puerto C.P. 91777, Veracruz",Aire acondicionado,19.1516924,-96.16463,2026-06-27T14:53:17.600102,2026-06-27T14:53:17.600102
https://propiedades.com/inmuebles/casa-en-venta-manantial-paso-san-juan-veracruz-20174667,"MXN 2,190,000",2190000.0,MXN,0.0,140 m² const. | 4 rec. | 3 baños,,140.0,4,3,0,5 años en Propiedades.com,Manantial,"Paso San Juan, Veracruz, Veracruz de Ignacio de la Llave","Manantial, Col. Paso San Juan C.P. 91690, Veracruz",,19.5883299,-96.87472000000001,2026-06-27T14:53:17.600104,2026-06-27T14:53:17.600104
https://propiedades.com/inmuebles/casa-en-venta-los-pinos-veracruz-30449432,"MXN 1,490,000",1490000.0,MXN,0.0,201 m² const. | 4 rec. | 3 baños,,201.0,4,3,0,8 meses en Propiedades.com,,"Los Pinos, Veracruz, Veracruz de Ignacio de la Llave"," , Col. Los Pinos C.P. 91870, Veracruz",,19.2091564,-96.1603109,2026-06-27T14:53:17.600106,2026-06-27T14:53:17.600106
https://propiedades.com/inmuebles/casa-en-venta-las-brisas-veracruz-30788083,"MXN 958,000",958000.0,MXN,0.0,77 m² const. | 2 rec. | 1 baños,,77.0,2,1,0,5 meses en Propiedades.com,,"Las Brisas, Veracruz, Veracruz de Ignacio de la Llave"," , Col. Las Brisas C.P. 91809, Veracruz",,19.2032854,-96.1852861,2026-06-27T14:53:17.600109,2026-06-27T14:53:17.600109
https://propiedades.com/inmuebles/casa-en-venta-656-avenida-ingeniero-ernesto-dominguez-aguirre-reforma-veracruz-20174687,"MXN 3,220,000",3220000.0,MXN,0.0,110 m² const. | 3 rec. | 3 baños,,110.0,3,3,0,5 años en Propiedades.com,656 Avenida Ingeniero Ernesto Domínguez Aguirre,"Reforma, Veracruz, Veracruz de Ignacio de la Llave","656 Avenida Ingeniero Ernesto Domínguez Aguirre, Col. Reforma C.P. 91919, Veracruz",,19.1690634,-96.1198265,2026-06-27T14:53:17.600110,2026-06-27T14:53:17.600110
https://propiedades.com/inmuebles/casa-en-venta-dream-430-dream-lagoons-veracruz-29431025,"MXN 1,600,000",1600000.0,MXN,0.0,90 m² const. | 3 rec. | 3 baños | 1 estac.,,90.0,3,3,1,1 año en Propiedades.com,Dream  #430,"Dream Lagoons, Veracruz, Veracruz de Ignacio de la Llave","Dream  #430, Col. Dream Lagoons C.P. 91699, Veracruz",Alberca | Seguridad privada,19.133046,-96.1743546,2026-06-27T14:53:17.600112,2026-06-27T14:53:17.600112
https://propiedades.com/inmuebles/casa-en-venta-ampliacion-las-bajadas-veracruz-11760639,"MXN 901,900",901900.0,MXN,0.0,90 m² const. | 2 rec. | 1 baños,,90.0,2,1,0,6 años en Propiedades.com,Col. Ampliación Las Bajadas,"Ampliación Las Bajadas, Veracruz, Veracruz de Ignacio de la Llave",", Col. Ampliación Las Bajadas C.P. 91726, Veracruz",,19.1660481,-96.1778899,2026-06-27T14:53:17.600113,2026-06-27T14:53:17.600113
https://www.propiedades.com/inmuebles/casa-en-venta-arquitecto-enrique-segarra-x-buenavista-infonavit-veracruz-29153885,"MXN 1,030,000",1030000.0,MXN,0.0,136 m² const. | 3 rec. | 2 baños | 1 estac.,,136.0,3,2,1,1 año en Propiedades.com,Arquitecto Enrique segarra #X,"Buenavista INFONAVIT, Veracruz, Veracruz de Ignacio de la Llave","Arquitecto Enrique segarra #X, Col. Buenavista INFONAVIT C.P. 91850, Veracruz",,19.200313,-96.1712596,2026-06-27T14:53:17.600115,2026-06-27T14:53:17.600115
https://propiedades.com/inmuebles/casa-en-venta-tejeria-veracruz-11250003,"MXN 520,000",520000.0,MXN,0.0,78 m² const. | 3 rec. | 2 baños,,78.0,3,2,0,6 años en Propiedades.com,Col. Tejería,"Tejería, Veracruz, Veracruz de Ignacio de la Llave",", Col. Tejería C.P. 91697, Veracruz",Aire acondicionado,19.1734082,-96.2229948,2026-06-27T14:53:17.600117,2026-06-27T14:53:17.600117
https://propiedades.com/inmuebles/casa-en-venta-astilleros-de-veracruz-veracruz-8041296,"MXN 850,000",850000.0,MXN,0.0,99 m² const. | 2 rec. | 1 baños,,99.0,2,1,0,7 años en Propiedades.com,Col. Astilleros de Veracruz,"Astilleros de Veracruz, Veracruz, Veracruz de Ignacio de la Llave",", Col. Astilleros de Veracruz C.P. 91800, Veracruz",Aire acondicionado,19.2102729,-96.1831947,2026-06-27T14:53:17.600118,2026-06-27T14:53:17.600118
https://propiedades.com/inmuebles/casa-en-venta-los-torrentes-aeropuerto-veracruz-29143265,"MXN 650,000",650000.0,MXN,0.0,64 m² const. | 2 rec. | 1 baños,,64.0,2,1,0,1 año en Propiedades.com,,"Los Torrentes Aeropuerto, Veracruz, Veracruz de Ignacio de la Llave"," , Col. Los Torrentes Aeropuerto C.P. 91698, Veracruz",,19.1332136,-96.2046251,2026-06-27T14:53:17.600119,2026-06-27T14:53:17.600119
https://propiedades.com/inmuebles/casa-en-venta-c-sanchez-tagle-909-veracruz-centro-veracruz-28539101,"MXN 617,000",617000.0,MXN,0.0,106 m² const. | 3 rec. | 1 baños,,106.0,3,1,0,2 años en Propiedades.com,C Sánchez Tagle 909,"Veracruz Centro, Veracruz, Veracruz de Ignacio de la Llave","C Sánchez Tagle 909, Col. Veracruz Centro C.P. 91700, Veracruz",Seguridad privada | Terraza,19.189537,-96.1394441,2026-06-27T14:53:17.600154,2026-06-27T14:53:17.600154
https://propiedades.com/inmuebles/casa-en-venta-moderno-veracruz-11250019,"MXN 2,800,000",2800000.0,MXN,0.0,230 m² const.,,230.0,0,0,0,6 años en Propiedades.com,Col. Moderno,"Moderno, Veracruz, Veracruz de Ignacio de la Llave",", Col. Moderno C.P. 91918, Veracruz",Aire acondicionado,19.172714,-96.13348049999999,2026-06-27T14:53:17.600155,2026-06-27T14:53:17.600155
https://propiedades.com/inmuebles/casa-en-venta-bugambilia-72-adolfo-lopez-mateos-veracruz-29195738,"MXN 700,000",700000.0,MXN,0.0,120 m² const. | 3 rec. | 2 baños,,120.0,3,2,0,1 año en Propiedades.com,BUGAMBILIA #72,"Adolfo López Mateos, Veracruz, Veracruz de Ignacio de la Llave","BUGAMBILIA #72, Col. Adolfo López Mateos C.P. 91780, Veracruz",Cisterna,19.1612816,-96.1434201,2026-06-27T14:53:17.600157,2026-06-27T14:53:17.600157
https://propiedades.com/inmuebles/casa-en-venta-sin-nombre-de-calle-las-bajadas-veracruz-26902555,"MXN 850,000",850000.0,MXN,0.0,102 m² const. | 3 rec. | 2 baños,,102.0,3,2,0,3 años en Propiedades.com,Sin nombre de calle,"Las Bajadas, Veracruz, Veracruz de Ignacio de la Llave","Sin nombre de calle, Col. Las Bajadas C.P. 91726, Veracruz",Cisterna,19.1751065,-96.1725856,2026-06-27T14:53:17.600159,2026-06-27T14:53:17.600159
https://propiedades.com/inmuebles/casa-en-venta-nautla-00-miguel-aleman-veracruz-28049755,"MXN 620,000",620000.0,MXN,0.0,500 m² const. | 4 rec. | 3 baños | 2 estac.,,500.0,4,3,2,2 años en Propiedades.com,NAUTLA #00,"Miguel Alemán, Veracruz, Veracruz de Ignacio de la Llave","NAUTLA #00, Col. Miguel Alemán C.P. 91898, Veracruz",,19.1639698,-96.1448508,2026-06-27T14:53:17.600161,2026-06-27T14:53:17.600161
https://propiedades.com/inmuebles/casa-en-venta-p-del-limon-hortalizas-91809-veracruz-ver-las-hortalizas-veracruz-31481374,"MXN 1,500,000",1500000.0,MXN,0.0,99 m² const. | 2 rec. | 2 baños,,99.0,2,2,0,11 días en Propiedades.com,P.º del Limón,"Las Hortalizas, Veracruz, Veracruz de Ignacio de la Llave","P.º del Limón, Hortalizas, 91809 Veracruz, Ver., Col. Las Hortalizas C.P. 91808, Veracruz",Aire acondicionado,19.2107673,-96.1904894,2026-06-27T14:53:17.600185,2026-06-27T14:53:17.600185
https://propiedades.com/inmuebles/casa-en-venta-simon-bolivar-moderno-veracruz-28121879,"MXN 5,940,000",5940000.0,MXN,0.0,450 m² const. | 6 rec.,,450.0,6,0,0,2 años en Propiedades.com,Simón Bolivar,"Moderno, Veracruz, Veracruz de Ignacio de la Llave","Simón Bolivar, Col. Moderno C.P. 91918, Veracruz",Terraza,19.1742,-96.1329,2026-06-27T14:53:17.600188,2026-06-27T14:53:17.600188
https://www.propiedades.com/inmuebles/casa-en-venta-av-cristobal-de-olid-527-reforma-veracruz-29481197,"MXN 4,800,000",4800000.0,MXN,0.0,309 m² const. | 4 rec. | 4 baños | 2 estac.,,309.0,4,4,2,1 año en Propiedades.com,Av. Cristóbal de Olid #527,"Reforma, Veracruz, Veracruz de Ignacio de la Llave","Av. Cristóbal de Olid #527, Col. Reforma C.P. 91919, Veracruz",Cisterna | Gimnasio,19.1707806,-96.1248675,2026-07-29T21:25:02.111569,2026-07-29T21:25:02.111569
https://propiedades.com/inmuebles/casa-en-venta-maguey-palmas-del-coyol-91779-veracruz-ver-las-palmas-veracruz-31613725,"MXN 1,500,000",1500000.0,MXN,0.0,120 m² const. | 3 rec. | 3 baños,,120.0,3,3,0,A estrenar,Maguey,"Las Palmas, Veracruz, Veracruz de Ignacio de la Llave","Maguey, Palmas del Coyol, 91779 Veracruz, Ver., Col. Las Palmas C.P. 91779, Veracruz",Aire acondicionado | Cisterna,19.1614293,-96.1556535,2026-07-29T21:25:02.111604,2026-07-29T21:25:02.111604
https://propiedades.com/inmuebles/casa-en-venta-playa-la-quebrada-astilleros-de-veracruz-veracruz-30197502,"MXN 2,995,000",2995000.0,MXN,0.0,195 m² const. | 3 rec. | 2 baños,,195.0,3,2,0,12 meses en Propiedades.com,PLAYA LA QUEBRADA,"Astilleros de Veracruz, Veracruz, Veracruz de Ignacio de la Llave","PLAYA LA QUEBRADA, Col. Astilleros de Veracruz C.P. 91800, Veracruz",Alberca,19.2102729,-96.1831947,2026-07-29T21:25:02.111607,2026-07-29T21:25:02.111607
https://www.propiedades.com/inmuebles/casa-en-venta-sin-nombre-de-calle-floresta-veracruz-31580660,"MXN 2,091,000",2091000.0,MXN,0.0,170 m² const. | 3 rec. | 2 baños | 1 estac.,,170.0,3,2,1,13 días en Propiedades.com,Sin nombre de calle,"Floresta, Veracruz, Veracruz de Ignacio de la Llave","Sin nombre de calle, Col. Floresta C.P. 91940, Veracruz",Cisterna,19.1556264,-96.1354683,2026-07-29T21:25:02.111609,2026-07-29T21:25:02.111609
https://propiedades.com/inmuebles/casa-en-venta-sin-nombre-de-calle-sn-geovillas-los-pinos-veracruz-31561124,"MXN 850,000",850000.0,MXN,0.0,68 m² const. | 2 rec. | 1 baños | 1 estac.,,68.0,2,1,1,20 días en Propiedades.com,Sin nombre de calle #S/N,"Geovillas los Pinos, Veracruz, Veracruz de Ignacio de la Llave","Sin nombre de calle #S/N, Col. Geovillas los Pinos C.P. 91808, Veracruz",Aire acondicionado,19.2147592,-96.2256491,2026-07-29T21:25:02.111610,2026-07-29T21:25:02.111610
https://www.propiedades.com/inmuebles/casa-en-venta-arboledas-000-floresta-veracruz-30901581,"MXN 2,100,000",2100000.0,MXN,0.0,85 m² const. | 3 rec. | 2 baños | 2 estac.,,85.0,3,2,2,5 meses en Propiedades.com,ARBOLEDAS #000,"Floresta, Veracruz, Veracruz de Ignacio de la Llave","ARBOLEDAS #000, Col. Floresta C.P. 91940, Veracruz",Seguridad privada | Aire acondicionado | Cisterna,19.1556264,-96.1354683,2026-07-29T21:25:02.111611,2026-07-29T21:25:02.111611
https://www.propiedades.com/inmuebles/casa-en-venta-floresta-000-floresta-veracruz-30901589,"MXN 1,900,000",1900000.0,MXN,0.0,160 m² const. | 3 rec. | 2 baños | 1 estac.,,160.0,3,2,1,5 meses en Propiedades.com,floresta #000,"Floresta, Veracruz, Veracruz de Ignacio de la Llave","floresta #000, Col. Floresta C.P. 91940, Veracruz",Aire acondicionado | Cisterna,19.1556264,-96.1354683,2026-07-29T21:25:02.111612,2026-07-29T21:25:02.111612
https://www.propiedades.com/inmuebles/casa-en-venta-sin-nombre-de-calle-sn-palma-real-veracruz-31564451,"MXN 880,000",880000.0,MXN,0.0,68 m² const. | 2 rec. | 1 baños | 1 estac.,,68.0,2,1,1,19 días en Propiedades.com,Sin nombre de calle #S/N,"Palma Real, Veracruz, Veracruz de Ignacio de la Llave","Sin nombre de calle #S/N, Col. Palma Real C.P. 91826, Veracruz",Aire acondicionado,19.1957054,-96.1847084,2026-07-29T21:25:02.111614,2026-07-29T21:25:02.111614
https://propiedades.com/inmuebles/casa-en-venta-bahamas-floresta-veracruz-29122113,"MXN 741,000",741000.0,MXN,0.0,185 m² const. | 4 rec. | 2 baños,,185.0,4,2,0,2 años en Propiedades.com,Bahamas #0,"Floresta, Veracruz, Veracruz de Ignacio de la Llave","Bahamas #0, Col. Floresta C.P. 91940, Veracruz",,19.1480827,-96.1318086,2026-07-29T21:25:02.111620,2026-07-29T21:25:02.111620
https://www.propiedades.com/inmuebles/casa-en-venta-sin-nombre-de-calle-sn-floresta-veracruz-31376451,"MXN 3,500,000",3500000.0,MXN,0.0,196 m² const. | 3 rec. | 3 baños | 3 estac.,,196.0,3,3,3,2 meses en Propiedades.com,Sin nombre de calle #S/N,"Floresta, Veracruz, Veracruz de Ignacio de la Llave","Sin nombre de calle #S/N, Col. Floresta C.P. 91940, Veracruz",Aire acondicionado,19.1556264,-96.1354683,2026-07-29T21:25:02.111622,2026-07-29T21:25:02.111622
https://www.propiedades.com/inmuebles/casa-en-venta-zamora-0-veracruz-centro-veracruz-30854102,"MXN 1,100,000",1100000.0,MXN,0.0,83 m² const. | 2 rec. | 1 baños,,83.0,2,1,0,5 meses en Propiedades.com,ZAMORA #0,"Veracruz Centro, Veracruz, Veracruz de Ignacio de la Llave","ZAMORA #0, Col. Veracruz Centro C.P. 91700, Veracruz",,19.189537,-96.1394441,2026-07-29T21:25:02.111632,2026-07-29T21:25:02.111632
https://www.propiedades.com/inmuebles/casa-en-venta-sin-nombre-de-calle-sn-ignacio-zaragoza-veracruz-31084491,"MXN 8,000,000",8000000.0,MXN,0.0,405 m² const. | 4 rec. | 2 baños | 2 estac.,,405.0,4,2,2,3 meses en Propiedades.com,Sin nombre de calle #S/N,"Ignacio Zaragoza, Veracruz, Veracruz de Ignacio de la Llave","Sin nombre de calle #S/N, Col. Ignacio Zaragoza C.P. 91910, Veracruz",Seguridad privada | Cisterna,19.1780491,-96.1288426,2026-07-29T21:25:02.111633,2026-07-29T21:25:02.111633
https://www.propiedades.com/inmuebles/casa-en-venta-centro-00-veracruz-centro-veracruz-30789812,"MXN 2,800,000",2800000.0,MXN,0.0,139 m² const. | 3 rec. | 2 baños | 2 estac.,,139.0,3,2,2,6 meses en Propiedades.com,centro #00,"Veracruz Centro, Veracruz, Veracruz de Ignacio de la Llave","centro #00, Col. Veracruz Centro C.P. 91700, Veracruz",Aire acondicionado | Cisterna,19.189537,-96.1394441,2026-07-29T21:25:02.111639,2026-07-29T21:25:02.111639
https://www.propiedades.com/inmuebles/casa-en-venta-sin-nombre-de-calle-sn-reforma-veracruz-31433992,"MXN 5,800,000",5800000.0,MXN,0.0,325 m² const. | 3 rec. | 6 baños | 2 estac.,,325.0,3,6,2,2 meses en Propiedades.com,Sin nombre de calle #S/N,"Reforma, Veracruz, Veracruz de Ignacio de la Llave","Sin nombre de calle #S/N, Col. Reforma C.P. 91919, Veracruz",Aire acondicionado,19.1707806,-96.1248675,2026-07-29T21:25:02.111640,2026-07-29T21:25:02.111640
https://propiedades.com/inmuebles/casa-en-venta-sin-nombre-de-calle-sn-el-vergel-veracruz-31561024,"MXN 1,180,000",1180000.0,MXN,0.0,140 m² const. | 3 rec. | 2 baños,,140.0,3,2,0,20 días en Propiedades.com,Sin nombre de calle #S/N,"El Vergel, Veracruz, Veracruz de Ignacio de la Llave","Sin nombre de calle #S/N, Col. El Vergel C.P. 91715, Veracruz",Aire acondicionado | Cisterna,19.1832247,-96.1732486,2026-07-29T21:25:02.111649,2026-07-29T21:25:02.111649
https://www.propiedades.com/inmuebles/casa-en-venta-lomas-00-dos-lomas-veracruz-30854595,"MXN 1,338,000",1338000.0,MXN,0.0,74 m² const. | 3 rec. | 3 baños | 2 estac.,,74.0,3,3,2,5 meses en Propiedades.com,lomas #00,"Dos Lomas, Veracruz, Veracruz de Ignacio de la Llave","lomas #00, Col. Dos Lomas C.P. 91697, Veracruz",Seguridad privada | Aire acondicionado | Cisterna,19.1462309,-96.2389221,2026-07-29T21:25:02.111655,2026-07-29T21:25:02.111655
https://www.propiedades.com/inmuebles/casa-en-venta-sin-nombre-de-calle-sn-electricistas-veracruz-31527139,"MXN 2,200,000",2200000.0,MXN,0.0,210 m² const. | 3 rec. | 2 baños,,210.0,3,2,0,29 días en Propiedades.com,Sin nombre de calle #S/N,"Electricistas, Veracruz, Veracruz de Ignacio de la Llave","Sin nombre de calle #S/N, Col. Electricistas C.P. 91916, Veracruz",Aire acondicionado | Cisterna,19.1667492,-96.1348057,2026-07-29T21:25:02.111660,2026-07-29T21:25:02.111660
https://www.propiedades.com/inmuebles/casa-en-venta-sin-nombre-de-calle-sn-los-pinos-veracruz-31523519,"MXN 2,600,000",2600000.0,MXN,0.0,1 m² const. | 6 rec. | 4 baños,,1.0,6,4,0,1 mes en Propiedades.com,Sin nombre de calle #S/N,"Los Pinos, Veracruz, Veracruz de Ignacio de la Llave","Sin nombre de calle #S/N, Col. Los Pinos C.P. 91870, Veracruz",Aire acondicionado,19.2080254,-96.1619784,2026-07-29T21:25:02.111666,2026-07-29T21:25:02.111666
https://propiedades.com/inmuebles/casa-en-venta-victimas-del-5-y-6-de-julio-704-ignacio-zaragoza-91910-veracruz-ver-704-ignacio-zaragoza-veracruz-31542746,"MXN 1,345,000",1345000.0,MXN,0.0,80 m² const. | 2 rec. | 1 baños,,80.0,2,1,0,26 días en Propiedades.com,Víctimas del 5 y 6 de Julio 704,"Ignacio Zaragoza, Veracruz, Veracruz de Ignacio de la Llave","Víctimas del 5 y 6 de Julio 704, Ignacio Zaragoza, 91910 Veracruz, Ver. #704, Col. Ignacio Zaragoza C.P. 91910, Veracruz",Aire acondicionado | Cisterna,19.179248899999997,-96.1257378,2026-07-29T21:25:02.111667,2026-07-29T21:25:02.111667
https://www.propiedades.com/inmuebles/casa-en-venta-rio-medio-000-lomas-de-rio-medio-ii-veracruz-30986853,"MXN 1,300,000",1300000.0,MXN,0.0,130 m² const. | 2 rec. | 2 baños,,130.0,2,2,0,4 meses en Propiedades.com,RIO MEDIO #000,"Lomas de Rio Medio II, Veracruz, Veracruz de Ignacio de la Llave","RIO MEDIO #000, Col. Lomas de Rio Medio II C.P. 91809, Veracruz",Aire acondicionado | Cisterna,19.2053408,-96.1977851,2026-07-29T21:25:02.111669,2026-07-29T21:25:02.111669
https://www.propiedades.com/inmuebles/casa-en-venta-sin-nombre-de-calle-sn-siglo-xxi-veracruz-31509471,"MXN 1,590,000",1590000.0,MXN,0.0,120 m² const. | 3 rec. | 3 baños | 1 estac.,,120.0,3,3,1,1 mes en Propiedades.com,Sin nombre de calle #S/N,"Siglo XXI, Veracruz, Veracruz de Ignacio de la Llave","Sin nombre de calle #S/N, Col. Siglo XXI C.P. 91777, Veracruz",Seguridad privada | Aire acondicionado,19.1555033,-96.1613155,2026-07-29T21:25:02.111674,2026-07-29T21:25:02.111674
https://propiedades.com/inmuebles/casa-en-venta-sin-nombre-de-calle-sn-veracruz-centro-veracruz-31598601,"MXN 3,690,000",3690000.0,MXN,0.0,370 m² const. | 6 rec. | 6 baños | 2 estac.,,370.0,6,6,2,A estrenar,Sin nombre de calle #S/N,"Veracruz Centro, Veracruz, Veracruz de Ignacio de la Llave","Sin nombre de calle #S/N, Col. Veracruz Centro C.P. 91700, Veracruz",Aire acondicionado,19.189537,-96.1394441,2026-07-29T21:25:02.111686,2026-07-29T21:25:02.111686
https://propiedades.com/inmuebles/casa-en-venta-p-las-barras-34-laguna-real-91790-veracruz-ver-34-laguna-real-veracruz-31542603,"MXN 1,345,000",1345000.0,MXN,0.0,240 m² const. | 3 rec. | 2 baños,,240.0,3,2,0,26 días en Propiedades.com,P.º Las Barras 34,"Laguna Real, Veracruz, Veracruz de Ignacio de la Llave","P.º Las Barras 34, Laguna Real, 91790 Veracruz, Ver. #34, Col. Laguna Real C.P. 91790, Veracruz",Aire acondicionado | Cisterna,19.152155699999998,-96.1553076,2026-07-29T21:25:02.111687,2026-07-29T21:25:02.111687
https://www.propiedades.com/inmuebles/casa-en-venta-floresta-000-floresta-veracruz-30850332,"MXN 2,950,000",2950000.0,MXN,0.0,265 m² const. | 3 rec. | 4 baños | 2 estac.,,265.0,3,4,2,6 meses en Propiedades.com,FLORESTA #000,"Floresta, Veracruz, Veracruz de Ignacio de la Llave","FLORESTA #000, Col. Floresta C.P. 91940, Veracruz",Aire acondicionado | Cisterna,19.1556264,-96.1354683,2026-07-29T21:25:02.111688,2026-07-29T21:25:02.111688
https://www.propiedades.com/inmuebles/casa-en-venta-estadios-0-21-de-abril-veracruz-28595573,"MXN 1,600,000",1600000.0,MXN,0.0,276 m² const. | 4 rec. | 2 baños | 2 estac.,,276.0,4,2,2,2 años en Propiedades.com,ESTADIOS #0,"21 de Abril, Veracruz, Veracruz de Ignacio de la Llave","ESTADIOS #0, Col. 21 de Abril C.P. 91720, Veracruz",Seguridad privada | Aire acondicionado | Cisterna,19.1847864,-96.1487219,2026-07-29T21:25:02.111690,2026-07-29T21:25:02.111690
