"Título","Precio","Metros cuadrados","Dirección","Baños","Recámaras","URL"
"Casa en Fraccionamiento en Venta en Alvarado Centro","$ 3,150,000","123 m²","Alvarado Centro, Alvarado, Veracruz Llave","2","3","/detalle/41032-73-867fae7f1e5d-c24f-196b288-af96-748b"
"Casa en Fraccionamiento en Venta en Alvarado Centro","$ 3,450,000","143 m²","Alvarado Centro, Alvarado, Veracruz Llave","3","3","/detalle/41032-73-d20bf7fe5faa-64c0-196b267-be44-79da"
"Casa en Fraccionamiento en Venta en Playas de Conchal","$ 8,100,000","257 m²","Playas de Conchal, Alvarado, Veracruz Llave","4","4","/detalle/41032-73-307610631b09-874b-197dd94-b54c-7dcf"
"Casa en Fraccionamiento en Venta en Las Palmas","$ 4,750,000","276 m²","Las Palmas, Medellín, Veracruz Llave","3","3","/detalle/41032-73-2e4f74de5b9c-931b-194c203-9dde-7479"
"Casa en Fraccionamiento en Venta en Alvarado Centro","$ 7,500,000","293 m²","Alvarado Centro, Alvarado, Veracruz Llave","3","3","/detalle/41032-73-b321d7e1a9ad-3df-192022f-b0b3-718a"
"Casa en Venta en Costa de Oro 1a Secc","$ 37,000,000","1,125 m²","Costa de Oro 1a Secc, Boca del Río, Veracruz Llave","7","5","/detalle/41032-73-9991fbe56e8f-9d15-d0e18090-90f6-3b70"
"Casa en Fraccionamiento en Venta en Playas de Conchal","$ 8,950,000","362 m²","Playas de Conchal, Alvarado, Veracruz Llave","5","3","/detalle/41032-73-642615283ef7-8e71-197de2d-98a5-75fe"
"Casa en Fraccionamiento en Venta en Alvarado Centro","$ 5,200,000","300 m²","Alvarado Centro, Alvarado, Veracruz Llave","4","4","/detalle/41032-73-a6ed85e3193e-9837-195fdb7-ad49-76d2"
"Casa en Fraccionamiento en Venta en San Jose Novillero","$ 3,950,000","223 m²","San Jose Novillero, Boca del Río, Veracruz Llave","3","3","/detalle/41032-73-d192bed4a558-623d-19230b6-a76f-7123"
"Casa en Fraccionamiento en Venta en Lomas de la Rioja","$ 3,900,000","212 m²","Lomas de la Rioja, Alvarado, Veracruz Llave","4","3","/detalle/41032-73-2f056f675166-a709-f68d86d9-a791-1f79"
"Casa en Fraccionamiento en Venta en Lomas del Sol","$ 4,650,000","305 m²","Lomas del Sol, Alvarado, Veracruz Llave","3","3","/detalle/41032-73-793817902f7c-adc7-dc5b27b9-9c79-1237"
"Casa en Venta en La Nueva Victoria","$ 22,000,000","602 m²","La Nueva Victoria, San Andrés Tuxtla, Veracruz Llave","3","3","/detalle/41032-73-110f04d0c129-d208-3505efd9-a07b-1f5d"
"Casa en Fraccionamiento en Venta en Lomas del Sol","$ 2,990,000","180 m²","Lomas del Sol, Alvarado, Veracruz Llave","2","3","/detalle/41032-73-f7d8b2ab244c-8aaf-28d8c586-8404-31c5"
"Casa en Fraccionamiento en Venta en Playas de Conchal","$ 7,390,000","292 m²","Playas de Conchal, Alvarado, Veracruz Llave","3","3","/detalle/41032-73-1dacbab1b5d3-7911-189539a9-8b84-1fee"
"Casa en Fraccionamiento en Venta en Club de Golf Villa Rica","$ 12,490,000","470 m²","Club de Golf Villa Rica, Alvarado, Veracruz Llave","7","4","/detalle/41032-73-abf9bda2fcf7-8368-1975612-b4a4-7b56"
"Casa en Fraccionamiento en Venta en Playas de Conchal","$ 4,990,000","212 m²","Playas de Conchal, Alvarado, Veracruz Llave","3","3","/detalle/41032-73-1bbab5065667-7284-1926e66-ac27-7248"
"Casa en Fraccionamiento en Venta en Boca Del Rio","$ 7,200,000","345 m²","Boca Del Rio, Boca del Río, Veracruz Llave","3","3","/detalle/41032-73-a9705a64561b-f237-1922f50-90fc-7de1"
"Casa en Fraccionamiento en Venta en Alvarado Centro","$ 2,750,000","157 m²","Alvarado Centro, Alvarado, Veracruz Llave","3","3","/detalle/41032-73-dd2e4036b842-ac0e-1964650-a9b4-7bd2"
"Casa en Fraccionamiento en Venta en Playas de Conchal","$ 8,200,000","370 m²","Playas de Conchal, Alvarado, Veracruz Llave","4","4","/detalle/41032-73-11bc265ccf98-5654-195f960-86c8-7e71"
"Casa en Fraccionamiento en Venta en Playas de Conchal","$ 4,495,000","240 m²","Playas de Conchal, Alvarado, Veracruz Llave","2","3","/detalle/41032-73-5bf69a90c3fa-b22f-1955fcf-98ff-7394"
"Casa en Fraccionamiento en Venta en Club de Golf Villa Rica","$ 16,300,000","414 m²","Club de Golf Villa Rica, Alvarado, Veracruz Llave","3","4","/detalle/41032-73-72e49825741b-ee8f-192e563-bbd8-741f"
"Casa en Fraccionamiento en Venta en Lomas del Sol","$ 15,790,000","935 m²","Lomas del Sol, Alvarado, Veracruz Llave","5","4","/detalle/41032-73-f86b9cde2c15-b0d5-a2867bbb-af4f-30fb"
"Casa en Fraccionamiento en Venta en Lomas de la Rioja","$ 4,300,000","207 m²","Lomas de la Rioja, Alvarado, Veracruz Llave","5","3","/detalle/41032-73-29909b55d4b3-61a7-197f71a-8519-7341"
"Casa en Fraccionamiento en Venta en Alvarado Centro","$ 4,500,000","306 m²","Alvarado Centro, Alvarado, Veracruz Llave","2","2","/detalle/41032-73-bea7104717bf-22a0-197c8d8-a6b0-766f"
"Casa en Venta en Playas de Conchal","$ 12,000,000","665 m²","Playas de Conchal, Alvarado, Veracruz Llave","3","3","/detalle/41032-73-c2bcdbb9448d-ad32-195fdac-a164-713e"
"Casa en Venta en La Nueva Victoria","$ 22,500,000","700 m²","La Nueva Victoria, San Andrés Tuxtla, Veracruz Llave","5","3","/detalle/41032-73-10502333106d-655d-191be81-8a12-7794"
"Casa en Fraccionamiento en Venta en Playas de Conchal","$ 4,990,000","245 m²","Playas de Conchal, Alvarado, Veracruz Llave","3","3","/detalle/41032-73-cb434a9006a8-9ea3-1917b6d-a7b0-7529"
"Casa en Fraccionamiento en Venta en Playas de Conchal","$ 4,670,000","212 m²","Playas de Conchal, Alvarado, Veracruz Llave","3","3","/detalle/41032-73-4510cbcccdb3-bbfa-c39f5a79-9897-1237"
"Casa en Fraccionamiento en Venta en Alvarado Centro","$ 3,190,000","217 m²","Alvarado Centro, Alvarado, Veracruz Llave","2","3","/detalle/41032-73-6f8ca020626f-e0f2-197ed4b-95f3-7e95"
"Casa en Fraccionamiento en Venta en Alvarado Centro","$ 2,600,000","110 m²","Alvarado Centro, Alvarado, Veracruz Llave","2","2","/detalle/41032-73-52c4089840e8-fd24-1964699-b46d-7165"
"Portamar","$ 4,250,000","248 m²","Anton Lizardo, Alvarado, Veracruz Llave","3","3","/desarrollo/41032-73-42807055b08e-ef72-18cfe31e-8701-49d7"
"Portamar","$ 4,250,000","248 m²","Anton Lizardo, Alvarado, Veracruz Llave","3","3","https://www.lamudi.com.mx/for-sale/"
"Precio de compra de casas en Veracruz Llave por número de recámaras","$ 1,500,000","$ 14,787 MXN/m²","Precio de compra de casas en Veracruz Llave por número de recámaras","No disponible","1","/veracruz-llave/casa/for-sale/bedrooms:1/"
"Precio de compra de casas en Veracruz Llave por características","$ 3,350,000","$ 17,244 MXN/m²","Precio de compra de casas en Veracruz Llave por características","No disponible","No disponible","/veracruz-llave/casa/for-sale/garage/"
"Casa en Fraccionamiento en Venta en Anton Lizardo","$ 2,600,000","160 m²","Anton Lizardo, Alvarado, Veracruz Llave","2","3","/detalle/41032-73-5c90dbe5ec92-ea7f-197e609-8829-7df7"
"Casa en Fraccionamiento en Venta en Alvarado Centro","$ 3,800,000","173 m²","Alvarado Centro, Alvarado, Veracruz Llave","3","3","/detalle/41032-73-fb7ec43adf70-76fc-1968e46-982e-7c01"
"Casa en Fraccionamiento en Venta en Las Lomas","$ 5,250,000","355 m²","Las Lomas, Alvarado, Veracruz Llave","3","3","/detalle/41032-73-cab607c568ed-2bd3-195f976-870c-7c99"
"Casa en Fraccionamiento en Venta en El Conchal","$ 16,700,000","670 m²","El Conchal, Alvarado, Veracruz Llave","3","3","/detalle/41032-73-639d78d5bd73-ae34-194b450-a617-7ea2"
"Casa en Fraccionamiento en Venta en Playas de Conchal","$ 4,150,000","205 m²","Playas de Conchal, Alvarado, Veracruz Llave","3","3","/detalle/41032-73-6e018676b3f8-5eb0-191fb6b-a9f4-7cdb"
"Casa en Fraccionamiento en Venta en Playas de Conchal","$ 4,450,000","268 m²","Playas de Conchal, Alvarado, Veracruz Llave","4","3","/detalle/41032-73-3977bdf956cb-c171-e08243b9-ade3-1237"
"Casa en Fraccionamiento en Venta en Lomas de la Rioja","$ 3,750,000","213 m²","Lomas de la Rioja, Alvarado, Veracruz Llave","3","3","/detalle/41032-73-a9de0e4ede28-133-c5733f79-9c0e-1fa7"
"Casa en Venta en Costa de Oro 1a Secc","$ 20,000,000","No disponible","Costa de Oro 1a Secc, Boca del Río, Veracruz Llave","7","6","/detalle/41032-73-a5947eda0b19-edc8-197b9fc-a5b8-7101"
"Casa en Fraccionamiento en Venta en San Jose Novillero","$ 4,680,000","233 m²","San Jose Novillero, Boca del Río, Veracruz Llave","3","3","/detalle/41032-73-8463674b6380-1d16-1964211-af7a-737b"
"Casa en Venta en La Nueva Victoria","$ 25,000,000","1,300 m²","La Nueva Victoria, San Andrés Tuxtla, Veracruz Llave","7","4","/detalle/41032-73-ddf799d39a0-9fa0-c5aacbe9-ae8d-1237"
"Casa en Fraccionamiento en Venta en Playas de Conchal","$ 10,990,000","400 m²","Playas de Conchal, Alvarado, Veracruz Llave","3","3","/detalle/41032-73-9df7ac32cb5a-a6-9ec5dc69-82ab-1f27"
"Casa en Fraccionamiento en Venta en Costa de Oro 1a Secc","$ 17,800,000","650 m²","Costa de Oro 1a Secc, Boca del Río, Veracruz Llave","4","4","/detalle/41032-73-abb848fb1a84-d5cb-19110e7-8c24-740d"
"Casa en Fraccionamiento en Venta en Alvarado Centro","$ 3,350,000","220 m²","Alvarado Centro, Alvarado, Veracruz Llave","2","3","/detalle/41032-73-e018eb508c26-d9cf-21448c94-931f-390e"
"Casa en Fraccionamiento en Venta en Lomas de la Rioja","$ 2,950,000","137 m²","Lomas de la Rioja, Alvarado, Veracruz Llave","3","3","/detalle/41032-73-2dc778f9a482-1337-210758a9-877c-1f45"
"Casa en Fraccionamiento en Venta en Anton Lizardo","$ 2,295,000","160 m²","Anton Lizardo, Alvarado, Veracruz Llave","2","2","/detalle/41032-73-f331e8541da3-1a8d-197e5ce-b039-8010"
"Casa en Fraccionamiento en Venta en Lomas del Sol","$ 4,990,000","180 m²","Lomas del Sol, Alvarado, Veracruz Llave","3","3","/detalle/41032-73-5b2705e002b-6493-197c385-9d2d-7132"
"Casa en Fraccionamiento en Venta en Las Palmas","$ 5,500,000","305 m²","Las Palmas, Medellín, Veracruz Llave","3","3","/detalle/41032-73-47608105df65-af95-195fd2a-98db-7c2c"
"Casa en Fraccionamiento en Venta en Lomas de la Rioja","$ 5,250,000","337 m²","Lomas de la Rioja, Alvarado, Veracruz Llave","3","4","/detalle/41032-73-a6744120d4ce-5b7e-191b934-89ad-744e"
"Casa en Fraccionamiento en Venta en Las Palmas","$ 5,990,000","330 m²","Las Palmas, Medellín, Veracruz Llave","3","3","/detalle/41032-73-e0127fc58810-ee16-195fd83-bc0e-7816"
"Casa en Venta en Playas de Conchal","$ 8,950,000","371 m²","Playas de Conchal, Alvarado, Veracruz Llave","4","3","/detalle/41032-73-625a64d73ae0-9f41-195f9a6-8def-764c"
"Casa en Fraccionamiento en Venta en Club de Golf Villa Rica","$ 7,990,000","314 m²","Club de Golf Villa Rica, Alvarado, Veracruz Llave","3","3","/detalle/41032-73-2a7837c02cc4-bbd6-194de08-94e7-7d1b"
"Casa en Fraccionamiento en Venta en Lomas del Sol","$ 6,890,000","400 m²","Lomas del Sol, Alvarado, Veracruz Llave","6","4","/detalle/41032-73-56202e1cde38-1253-e456560f-be74-32df"
"Casa en Fraccionamiento en Venta en Playas de Conchal","$ 4,990,000","245 m²","Playas de Conchal, Alvarado, Veracruz Llave","3","3","/detalle/41032-73-8f95c35b2d2b-b526-2fe51b69-b67f-1237"
"Casa en Fraccionamiento en Venta en Playas de Conchal","$ 8,100,000","370 m²","Playas de Conchal, Alvarado, Veracruz Llave","5","4","/detalle/41032-73-2454599e833e-c580-195f994-be11-7a84"
"Casa en Fraccionamiento en Venta en Las Palmas","$ 6,350,000","250 m²","Las Palmas, Medellín, Veracruz Llave","4","4","/detalle/41032-73-34e64e623437-2159-196460e-8774-7851"
"Casa en Fraccionamiento en Venta en Lomas del Sol","$ 6,490,000","360 m²","Lomas del Sol, Alvarado, Veracruz Llave","3","3","/detalle/41032-73-fa061f630e5-5c9f-195fd14-8b51-7b30"
"Casa en Fraccionamiento en Venta en Playas de Conchal","$ 4,950,000","225 m²","Playas de Conchal, Alvarado, Veracruz Llave","3","3","/detalle/41032-73-d058f4ebd9d7-6540-b86bf88f-b605-388e"
"Casa en Fraccionamiento en Venta en Lomas de la Rioja","$ 3,800,000","200 m²","Lomas de la Rioja, Alvarado, Veracruz Llave","3","3","/detalle/41032-73-7d5bded56d84-6493-195fd53-81bc-7500"
"Casa en Fraccionamiento en Venta en Alvarado Centro","$ 3,720,000","200 m²","Alvarado Centro, Alvarado, Veracruz Llave","3","3","/detalle/41032-73-91458a848012-b07b-1964224-a1f4-72bb"
"Casa en Fraccionamiento en Venta en San Jose Novillero","$ 5,600,000","206 m²","San Jose Novillero, Boca del Río, Veracruz Llave","4","4","/detalle/41032-73-8b3322cd0784-dd88-1964627-a2eb-792f"
"Casa en Venta en Alvarado Centro","$ 6,300,000","290 m²","Alvarado Centro, Alvarado, Veracruz Llave","4","3","/detalle/41032-73-b0aba64888a9-ec8a-19767c3-b80c-7d2a"
"Casa en Venta en San Jose Novillero","$ 3,150,000","110 m²","San Jose Novillero, Boca del Río, Veracruz Llave","2","2","/detalle/41032-73-8bb766ef78c5-f531-1969c4b-b5b7-7188"
"Casa en Venta en Boca Del Rio Centro","$ 2,000,000","91 m²","Boca Del Rio Centro, Boca del Río, Veracruz Llave","2","2","/detalle/41032-73-ff3c5581e826-e307-1964751-99e3-7f85"
"Casa en Venta en La Matosa","$ 4,500,000","252 m²","La Matosa, Alvarado, Veracruz Llave","4","3","/detalle/41032-73-581fefebcaf9-eb03-1961e1c-a2bd-72c0"
"Casa en Fraccionamiento en Venta en Lomas del Sol","$ 4,600,000","255 m²","Lomas del Sol, Alvarado, Veracruz Llave","2","3","/detalle/41032-73-823712c59c91-c859-193dacc-b296-715a"
"Casa en Venta en Lomas del Sol","$ 3,200,000","220 m²","Lomas del Sol, Alvarado, Veracruz Llave","2","3","/detalle/41032-73-29e07c39bce7-50c8-1960123-8198-71b6"
"Casa en Venta en Alvarado Centro","$ 7,900,000","360 m²","Alvarado Centro, Alvarado, Veracruz Llave","4","3","/detalle/41032-73-84fcd9b5fc1c-e3e6-192b25d-a9fc-7780"
"Casa en Fraccionamiento en Venta en Alvarado Centro","$ 4,300,000","244 m²","Alvarado Centro, Alvarado, Veracruz Llave","3","3","/detalle/41032-73-20802b75c8a1-834-1975d86-b114-7f37"
"Casa en Fraccionamiento en Venta en Alvarado Centro","$ 4,000,000","218 m²","Alvarado Centro, Alvarado, Veracruz Llave","4","3","/detalle/41032-73-1b9d03d13ede-dd1d-1975d7d-b114-7f37"
"Casa en Venta en Anton Lizardo","$ 2,150,000","524 m²","Anton Lizardo, Alvarado, Veracruz Llave","2","1","/detalle/41032-73-5d6274c0d0ab-9a03-191ceb0-8645-7f2e"
"Casa en Venta en Playas de Conchal","$ 5,600,000","281 m²","Playas de Conchal, Alvarado, Veracruz Llave","3","3","/detalle/41032-73-a70ca9e08697-1147-197a580-9cb9-7a80"
"Casa en Venta en Playas de Conchal","$ 7,890,000","325 m²","Playas de Conchal, Alvarado, Veracruz Llave","4","4","/detalle/41032-73-6e01fbeecd92-ee89-1955548-b7ea-714e"
"Casa en Venta en Lomas de la Rioja","$ 3,750,000","162 m²","Lomas de la Rioja, Alvarado, Veracruz Llave","3","3","/detalle/41032-73-8e103661d2d3-fcc2-195ff3b-88e6-7051"
"Casa en Venta en Lomas de la Rioja","$ 3,220,000","204 m²","Lomas de la Rioja, Alvarado, Veracruz Llave","2","3","/detalle/41032-73-1f2af122f5cf-aed4-194dec5-a751-7919"
"Casa en Venta en Lomas de la Rioja","$ 3,350,000","174 m²","Lomas de la Rioja, Alvarado, Veracruz Llave","3","3","/detalle/41032-73-37f94005dbeb-847a-194dc8c-b309-7284"
"Casa en Venta en Alvarado Centro","$ 5,500,000","261 m²","Alvarado Centro, Alvarado, Veracruz Llave","3","3","/detalle/41032-73-e467060699dc-fe70-18f8746-bac8-7174"
"Casa en Venta en Alvarado Centro","$ 6,400,000","305 m²","Alvarado Centro, Alvarado, Veracruz Llave","4","4","/detalle/41032-73-cdbe65c9367d-70d1-194d305-c01a-7d17"
"Casa en Venta en Lomas del Sol","$ 4,499,000","253 m²","Lomas del Sol, Alvarado, Veracruz Llave","3","3","/detalle/41032-73-b81ae070a10f-84b-196f089-870b-8044"
"Casa en Fraccionamiento en Venta en Alvarado Centro","$ 4,250,000","257 m²","Alvarado Centro, Alvarado, Veracruz Llave","3","3","/detalle/41032-73-372e0a8a75fd-7ed6-840ed949-8949-341b"
"Casa en Fraccionamiento en Venta en Alvarado Centro","$ 5,600,000","244.50 m²","Alvarado Centro, Alvarado, Veracruz Llave","5","4","/detalle/41032-73-a6cb8d70662c-9969-190d374-94c0-72b8"
"Casa en Fraccionamiento en Venta en Alvarado Centro","$ 5,995,000","No disponible","Alvarado Centro, Alvarado, Veracruz Llave","4","3","/detalle/41032-73-841df44600fe-e5a7-1912fe3-898d-7b70"
"Casa en Venta en Lomas del Sol","$ 4,650,000","No disponible","Lomas del Sol, Alvarado, Veracruz Llave","3","3","/detalle/41032-73-18da909c4c5-c91b-1944364-83d7-7c5c"
"Casa en Venta en Playas de Conchal","$ 4,450,000","268 m²","Playas de Conchal, Alvarado, Veracruz Llave","3","3","/detalle/41032-73-8391e8240439-c280-679e6fd4-b6ed-4bea"
"Casa en Venta en Lomas del Sol","$ 3,350,000","173 m²","Lomas del Sol, Alvarado, Veracruz Llave","2","3","/detalle/41032-73-94be09b776e3-479a-194df54-9e2d-7e52"
"Casa en Venta en Playas de Conchal","$ 4,600,000","300 m²","Playas de Conchal, Alvarado, Veracruz Llave","3","3","/detalle/41032-73-300a19f2b9a0-f5d5-196cd35-9d09-7dc7"
"Casa en Venta en Playas de Conchal","$ 9,000,000","525 m²","Playas de Conchal, Alvarado, Veracruz Llave","4","4","/detalle/41032-73-fca9e090f8f7-531a-194dd67-a2a3-7db1"
"Casa en Venta en Alvarado Centro","$ 3,090,000","163 m²","Alvarado Centro, Alvarado, Veracruz Llave","2","3","/detalle/41032-73-64fbccac27ff-8f8c-194dcb4-9ed7-70a6"
"Casa en Fraccionamiento en Venta en Playas de Conchal","$ 3,900,000","216 m²","Playas de Conchal, Alvarado, Veracruz Llave","3","3","/detalle/41032-73-925bd7ef0dc6-6b82-e930d7e2-9d6b-45d7"
"Casa en Fraccionamiento en Venta en Playas de Conchal","$ 4,600,000","250 m²","Playas de Conchal, Alvarado, Veracruz Llave","3","3","/detalle/41032-73-8a0b87d3d80e-a63a-1948c71-8d1f-7162"
"Casa en Fraccionamiento en Venta en Playas de Conchal","$ 6,050,000","317 m²","Playas de Conchal, Alvarado, Veracruz Llave","3","3","/detalle/41032-73-997cdf035b71-ce81-c4df4f39-9126-42f8"
"Casa en Venta en Alvarado Centro","$ 2,990,000","140 m²","Alvarado Centro, Alvarado, Veracruz Llave","2","3","/detalle/41032-73-d6c9fe1bf9b9-f159-194df31-afb0-7a1e"
"Casa en Fraccionamiento en Venta en Alvarado Centro","$ 7,800,000","335 m²","Alvarado Centro, Alvarado, Veracruz Llave","4","4","/detalle/41032-73-fbf08288a136-93c6-194fbf6-9c54-748c"
"Casa en Fraccionamiento en Venta en Playas de Conchal","$ 5,450,000","280 m²","Playas de Conchal, Alvarado, Veracruz Llave","3","3","/detalle/41032-73-16dcd034689e-8564-194b3b0-804c-737d"
"Casa en Fraccionamiento en Venta en Alvarado Centro","$ 3,190,000","172 m²","Alvarado Centro, Alvarado, Veracruz Llave","2","3","/detalle/41032-73-e91ce7fe1d0-23e8-9c3fb721-bfad-30e0"
"Casa en Fraccionamiento en Venta en Alvarado Centro","$ 3,980,000","226 m²","Alvarado Centro, Alvarado, Veracruz Llave","3","3","/detalle/41032-73-6bb9436a426e-cf4a-7b4e31ba-91ac-4c06"
"Casa en Fraccionamiento en Venta en Alvarado Centro","$ 2,750,000","145 m²","Alvarado Centro, Alvarado, Veracruz Llave","3","3","/detalle/41032-73-cfce4adabcdc-e8fd-19157a5-8e90-76a9"
"Casa en Fraccionamiento en Venta en Alvarado Centro","$ 2,990,000","140 m²","Alvarado Centro, Alvarado, Veracruz Llave","2","3","/detalle/41032-73-e2bdb2d259da-179f-194c354-be16-8044"
"Casa en Fraccionamiento en Venta en Lomas de la Rioja","$ 2,200,000","104 m²","Lomas de la Rioja, Alvarado, Veracruz Llave","2","2","/detalle/41032-73-4c52bcf5f394-6777-191a4e7-bbf5-78d2"
"Casa en Fraccionamiento en Venta en Playas de Conchal","$ 9,250,000","436 m²","Playas de Conchal, Alvarado, Veracruz Llave","5","3","/detalle/41032-73-13bfc4fab539-81e3-190a83e-9a68-78d2"
"Casa en Fraccionamiento en Venta en Alvarado Centro","$ 4,020,000","238 m²","Alvarado Centro, Alvarado, Veracruz Llave","2","3","/detalle/41032-73-11abce3317be-d9b4-5b502229-bbb4-4638"
"Casa en Fraccionamiento en Venta en Alvarado Centro","$ 2,750,000","145 m²","Alvarado Centro, Alvarado, Veracruz Llave","3","3","/detalle/41032-73-c8817f815985-766e-191b52e-9124-78d0"
"Casa en Fraccionamiento en Venta en Playas de Conchal","$ 4,490,000","250 m²","Playas de Conchal, Alvarado, Veracruz Llave","3","3","/detalle/41032-73-7191377e6d12-f23f-19611e1-91fc-75a4"
"Casa en Fraccionamiento en Venta en Lomas del Sol","$ 6,490,000","325 m²","Lomas del Sol, Alvarado, Veracruz Llave","4","3","/detalle/41032-73-aa504f1cde39-d08f-1920653-87df-7bfb"
"Casa en Fraccionamiento en Venta en Alvarado Centro","$ 5,500,000","265 m²","Alvarado Centro, Alvarado, Veracruz Llave","3","3","/detalle/41032-73-d3b75ba8ecd4-47db-9703044b-ae73-4f00"
"Casa en Fraccionamiento en Venta en Playas de Conchal","$ 6,395,000","270 m²","Playas de Conchal, Alvarado, Veracruz Llave","4","3","/detalle/41032-73-f4067ed0c5f6-ad79-195255a-9b25-76b3"
"Casa en Venta en Lomas de la Rioja","$ 3,780,000","176 m²","Lomas de la Rioja, Alvarado, Veracruz Llave","3","3","/detalle/41032-73-9f4c6ec4f215-c853-1973611-b21e-7eb7"
"Casa en Fraccionamiento en Venta en Lomas del Sol","$ 3,190,000","227 m²","Lomas del Sol, Alvarado, Veracruz Llave","4","3","/detalle/41032-73-8e3fb06f3dff-4c30-4bfa4875-9bcb-3b20"
"Casa en Fraccionamiento en Venta en Lomas de la Rioja","$ 2,750,000","190 m²","Lomas de la Rioja, Alvarado, Veracruz Llave","3","2","/detalle/41032-73-64471bc8f225-1855-eb83ee80-bf08-3382"
"Casa en Fraccionamiento en Venta en Lomas de la Rioja","$ 2,790,000","260 m²","Lomas de la Rioja, Alvarado, Veracruz Llave","4","3","/detalle/41032-73-1a8e7fce4797-fe6a-7c362120-8c09-3066"
"Casa en Fraccionamiento en Venta en Lomas del Sol","$ 3,200,000","202 m²","Lomas del Sol, Alvarado, Veracruz Llave","4","3","/detalle/41032-73-7a2efbb783a7-4aa-2bfe4b49-b4db-317c"
"Casa en Fraccionamiento en Venta en Lomas del Sol","$ 3,200,000","205 m²","Lomas del Sol, Alvarado, Veracruz Llave","4","3","/detalle/41032-73-dcc0cff15b55-756a-ff60c8e-b49a-39e5"
"Casa en Fraccionamiento en Venta en Lomas de la Rioja","$ 2,890,000","227 m²","Lomas de la Rioja, Alvarado, Veracruz Llave","4","3","/detalle/41032-73-eb65c0b5cad7-3a9f-b5fd3017-9248-3a87"
"Casa en Fraccionamiento en Venta en Lomas de la Rioja","$ 2,300,000","167 m²","Lomas de la Rioja, Alvarado, Veracruz Llave","3","3","/detalle/41032-73-da9df090c53-31e6-aead74b8-858c-3d72"
"Casa en Fraccionamiento en Venta en Lomas de la Rioja","$ 3,050,000","214 m²","Lomas de la Rioja, Alvarado, Veracruz Llave","3","3","/detalle/41032-73-263e24024266-a80c-2ae24e02-bbc8-36ca"
"Casa en Fraccionamiento en Venta en Alvarado Centro","$ 4,850,000","335 m²","Alvarado Centro, Alvarado, Veracruz Llave","5","4","/detalle/41032-73-36b2e6a6887d-2599-22fb6787-9301-3c03"
"Casa en Fraccionamiento en Venta en Lomas del Sol","$ 4,200,000","180 m²","Lomas del Sol, Alvarado, Veracruz Llave","3","3","/detalle/41032-73-20329147de92-feb-19493b3-9f40-7fcf"
"Casa en Fraccionamiento en Venta en Lomas del Sol","$ 4,790,000","302 m²","Lomas del Sol, Alvarado, Veracruz Llave","5","4","/detalle/41032-73-1d44b895e918-e873-963591ab-9439-35dc"
"Casa en Fraccionamiento en Venta en El Conchal","$ 3,300,000","245 m²","El Conchal, Alvarado, Veracruz Llave","5","3","/detalle/41032-73-a3181e0c86ff-1e60-5f927412-858d-3635"
"Casa en Fraccionamiento en Venta en Lomas de la Rioja","$ 2,800,000","165 m²","Lomas de la Rioja, Alvarado, Veracruz Llave","3","3","/detalle/41032-73-942c0e12770a-dd4e-df54d4dc-bc0e-3c0c"
"Casa en Fraccionamiento en Venta en Lomas de la Rioja","$ 2,850,000","210 m²","Lomas de la Rioja, Alvarado, Veracruz Llave","3","3","/detalle/41032-73-4c06554279c-2a3c-df1c7267-b3e5-35b4"
"Casa en Fraccionamiento en Venta en Lomas de la Rioja","$ 2,600,000","150 m²","Lomas de la Rioja, Alvarado, Veracruz Llave","3","3","/detalle/41032-73-e8d668bbc315-37ea-d85307e1-9006-3ed4"
"Casa en Fraccionamiento en Venta en Lomas del Sol","$ 5,500,000","264 m²","Lomas del Sol, Alvarado, Veracruz Llave","4","3","/detalle/41032-73-ae97eabc062b-2dc1-b6b4f13a-8d07-38a6"
"Casa en Fraccionamiento en Venta en Lomas del Sol","$ 4,450,000","305 m²","Lomas del Sol, Alvarado, Veracruz Llave","5","4","/detalle/41032-73-f77301f065e9-61e8-247f3ca8-b3e1-38f5"
"Casa en Fraccionamiento en Venta en Alvarado Centro","$ 3,900,000","214 m²","Alvarado Centro, Alvarado, Veracruz Llave","3","3","/detalle/41032-73-2a1d9b081a9e-4691-1975d95-b114-7f37"
"Casa en Venta en Alvarado Centro","$ 2,950,000","135 m²","Alvarado Centro, Alvarado, Veracruz Llave","3","3","/detalle/41032-73-4f7a9439bc26-6d7-1953bc6-8851-784e"
"Casa en Venta en Alvarado Centro","$ 4,250,000","213 m²","Alvarado Centro, Alvarado, Veracruz Llave","3","3","/detalle/41032-73-da80d9b9ffa2-4c79-136ad86e-a1f5-3dc4"
"Casa en Venta en Alvarado Centro","$ 3,750,000","225 m²","Alvarado Centro, Alvarado, Veracruz Llave","3","3","/detalle/41032-73-9f2692e20163-85c2-197e5d6-b26a-79ad"
"Casa en Fraccionamiento en Venta en Alvarado Centro","$ 17,500,000","553 m²","Alvarado Centro, Alvarado, Veracruz Llave","5","5","/detalle/41032-73-a37e725a688e-9b95-192d4b3-afaa-72ef"
"Casa en Fraccionamiento en Venta en Lomas del Sol","$ 10,860,000","758 m²","Lomas del Sol, Alvarado, Veracruz Llave","7","8","/detalle/41032-73-19c00c14c730-602d-9fa5dc39-9111-2043"
"Casa en Fraccionamiento en Venta en Lomas del Sol","$ 4,500,000","163 m²","Lomas del Sol, Alvarado, Veracruz Llave","2","3","/detalle/41032-73-7e5c963b1c26-a48a-191e479-9a2c-79ef"
"Casa en Fraccionamiento en Venta en Lomas del Sol","$ 6,490,000","360 m²","Lomas del Sol, Alvarado, Veracruz Llave","3","3","/detalle/41032-73-d5332de0e82e-74e8-1920b91-9ff7-7442"
"Casa en Venta en Lomas de la Rioja","$ 3,690,000","170 m²","Lomas de la Rioja, Alvarado, Veracruz Llave","3","3","/detalle/41032-73-a576f2ec084d-d8a2-193146e-b50c-7e7f"
"Casa en Venta en Lomas del Sol","$ 3,800,000","225 m²","Lomas del Sol, Alvarado, Veracruz Llave","3","3","/detalle/41032-73-df162d97cb40-5d96-194268a-aaa0-7b3f"
"Casa en Venta en Lomas del Sol","$ 3,149,000","160 m²","Lomas del Sol, Alvarado, Veracruz Llave","2","3","/detalle/41032-73-efb5fe1d15a3-e74-197e879-868a-72fc"
"Casa en Venta en Playas de Conchal","$ 4,990,000","212 m²","Playas de Conchal, Alvarado, Veracruz Llave","3","3","/detalle/41032-73-480f45660b0-91fc-194dccc-b8f5-7365"
"Casa en Venta en Playas de Conchal","$ 7,400,000","611 m²","Playas de Conchal, Alvarado, Veracruz Llave","4","5","/detalle/41032-73-461134fe0b53-1b57-194dca6-b708-7986"
"Casa en Venta en Alvarado Centro","$ 5,850,000","256 m²","Alvarado Centro, Alvarado, Veracruz Llave","3","3","/detalle/41032-73-6d860f489f6-5e67-1942655-9a9c-7e06"
"Casa en Venta en Playas de Conchal","$ 4,900,000","240 m²","Playas de Conchal, Alvarado, Veracruz Llave","3","3","/detalle/41032-73-59f6ce98dd00-60e2-1956f07-baaa-708d"
"Casa en Venta en Lomas de la Rioja","$ 2,995,000","163 m²","Lomas de la Rioja, Alvarado, Veracruz Llave","3","3","/detalle/41032-73-e8b7b05dbb68-6e2f-194df72-82cd-7094"
"Casa en Venta en Lomas de la Rioja","$ 3,200,000","235 m²","Lomas de la Rioja, Alvarado, Veracruz Llave","3","3","/detalle/41032-73-5d9a5a255456-e614-194dd47-bcea-7831"
"Casa en Venta en Lomas de la Rioja","$ 2,950,000","135 m²","Lomas de la Rioja, Alvarado, Veracruz Llave","2","2","/detalle/41032-73-79f82a09e51-a32b-194dc04-aad2-7366"
"Casa en Venta en Lomas de la Rioja","$ 2,600,000","115 m²","Lomas de la Rioja, Alvarado, Veracruz Llave","2","2","/detalle/41032-73-fcb026c68178-6fe8-1966b5a-b3fd-710b"
"Casa en Venta en Lomas del Sol","$ 3,200,000","162 m²","Lomas del Sol, Alvarado, Veracruz Llave","2","3","/detalle/41032-73-7173ab3c4f1b-196e-1962d88-9297-7ddb"
"Casa en Venta en Lomas de la Rioja","$ 4,300,000","244 m²","Lomas de la Rioja, Alvarado, Veracruz Llave","3","3","/detalle/41032-73-bd1d6f4ad81-b71b-195db2a-8627-7e68"
"Casa en Venta en Lomas de la Rioja","$ 2,850,000","162 m²","Lomas de la Rioja, Alvarado, Veracruz Llave","2","3","/detalle/41032-73-4a1c1cd933c1-d3e4-1949187-b156-7c8d"
"Casa en Venta en Playas de Conchal","$ 4,490,000","250 m²","Playas de Conchal, Alvarado, Veracruz Llave","3","3","/detalle/41032-73-2cab07d07ebe-aa18-1966b58-a0fd-72a9"
"Casa en Venta en Lomas de la Rioja","$ 3,900,000","214 m²","Lomas de la Rioja, Alvarado, Veracruz Llave","4","3","/detalle/41032-73-11ce004f22f9-93ba-194dfb3-98b4-7ed1"
"Casa en Venta en Lomas de la Rioja","$ 3,250,000","153 m²","Lomas de la Rioja, Alvarado, Veracruz Llave","3","3","/detalle/41032-73-7af2c5520a08-882c-195db2e-b7dd-7f7b"
"Casa en Venta en Lomas de la Rioja","$ 4,000,000","218 m²","Lomas de la Rioja, Alvarado, Veracruz Llave","3","3","/detalle/41032-73-e27786163f51-8865-195db28-a9c9-78ba"
"Casa en Venta en Lomas de la Rioja","$ 2,850,000","145 m²","Lomas de la Rioja, Alvarado, Veracruz Llave","3","3","/detalle/41032-73-6742b723d2e8-8d92-197a596-b936-7515"
"Casa en Venta en Anton Lizardo","$ 4,250,000","248 m²","Anton Lizardo, Alvarado, Veracruz Llave","3","3","/detalle/41032-73-bcf0896b7a94-9f90-195f4e1-8d47-7c09"
"Casa en Venta en Lomas de la Rioja","$ 3,050,000","161 m²","Lomas de la Rioja, Alvarado, Veracruz Llave","2","3","/detalle/41032-73-dacc52333bc3-5530-194db1a-b994-79b1"
"Casa en Venta en Alvarado Centro","$ 3,070,000","138 m²","Alvarado Centro, Alvarado, Veracruz Llave","2","3","/detalle/41032-73-a502fa43c4cd-4885-197a597-a6b8-7a04"
"Casa en Venta en Lomas de la Rioja","$ 3,350,000","220 m²","Lomas de la Rioja, Alvarado, Veracruz Llave","3","3","/detalle/41032-73-3784a95c24c1-7b76-1951cb9-b9d4-728f"
"Casa en Venta en Lomas del Sol","$ 4,940,000","236 m²","Lomas del Sol, Alvarado, Veracruz Llave","3","3","/detalle/41032-73-d93ca048ef1b-295c-196f0b9-870b-8044"
"Casa en Venta en Alvarado Centro","$ 5,995,000","308 m²","Alvarado Centro, Alvarado, Veracruz Llave","3","3","/detalle/41032-73-301ec3c6fd6-a257-8c159db-8811-37cc"
"Casa en Venta en Alvarado Centro","$ 3,350,000","148 m²","Alvarado Centro, Alvarado, Veracruz Llave","3","3","/detalle/41032-73-60b261ac3bf7-98d-195f282-9285-7160"
"Casa en Venta en Playas de Conchal","$ 6,600,000","364 m²","Playas de Conchal, Alvarado, Veracruz Llave","3","3","/detalle/41032-73-1c7a1018b2a7-a9f6-195b03d-bd09-7496"
"Casa en Fraccionamiento en Venta en Alvarado Centro","$ 7,890,000","325 m²","Alvarado Centro, Alvarado, Veracruz Llave","4","4","/detalle/41032-73-10183c70f017-2746-19597c1-9f8e-759d"
"Casa en Fraccionamiento en Venta en Lomas del Sol","$ 3,500,000","220 m²","Lomas del Sol, Alvarado, Veracruz Llave","2","2","/detalle/41032-73-3d3ef0bdcc76-6100-1951b01-af13-76b4"
"Casa en Venta en Lomas de la Rioja","$ 2,800,000","168 m²","Lomas de la Rioja, Alvarado, Veracruz Llave","2","3","/detalle/41032-73-a6f636ec1cc8-963d-18ffdb8-89eb-7ee5"
"Casa en Venta en Alvarado Centro","$ 6,400,000","305 m²","Alvarado Centro, Alvarado, Veracruz Llave","4","4","/detalle/41032-73-f7f7a0cb3799-fd27-1962634-8bb9-79e7"
"Casa en Venta en Alvarado Centro","$ 3,800,000","200 m²","Alvarado Centro, Alvarado, Veracruz Llave","3","3","/detalle/41032-73-ebc84db6eb5a-89c6-1977fa1-a81a-7492"
"Casa en Venta en Alvarado Centro","$ 3,400,000","170 m²","Alvarado Centro, Alvarado, Veracruz Llave","3","3","/detalle/41032-73-bee2fd2201b-9d4b-196933b-badc-78cc"
"Casa en Fraccionamiento en Venta en Playas de Conchal","$ 7,400,000","611 m²","Playas de Conchal, Alvarado, Veracruz Llave","4","5","/detalle/41032-73-2051b7970d64-605c-194e298-aa84-7f31"
"Casa en Fraccionamiento en Venta en Lomas de la Rioja","$ 2,090,000","102 m²","Lomas de la Rioja, Alvarado, Veracruz Llave","2","2","/detalle/41032-73-cfd9df6aef8a-cf78-94d46645-9e16-30af"
"Casa en Fraccionamiento en Venta en Alvarado Centro","$ 7,700,000","315 m²","Alvarado Centro, Alvarado, Veracruz Llave","4","4","/detalle/41032-73-1810c9ad1c72-783-19597ca-9f8e-759d"
"Casa en Fraccionamiento en Venta en Alvarado Centro","$ 8,280,000","500 m²","Alvarado Centro, Alvarado, Veracruz Llave","4","4","/detalle/41032-73-18ecbb1118e6-b8dd-194e275-a25d-7aef"
"Casa en Venta en Alvarado Centro","$ 4,500,000","213 m²","Alvarado Centro, Alvarado, Veracruz Llave","3","3","/detalle/41032-73-ae08000d0ecd-e912-18f8220-8e93-72c4"
"Casa en Venta en Lomas del Sol","$ 4,800,000","285 m²","Lomas del Sol, Alvarado, Veracruz Llave","3","3","/detalle/41032-73-e9af4168deab-f258-18fc512-ab58-7e92"
"Casa en Fraccionamiento en Venta en Alvarado Centro","$ 5,090,000","212 m²","Alvarado Centro, Alvarado, Veracruz Llave","3","3","/detalle/41032-73-e3c533da4e7a-2d9b-194f6ca-b4f2-7c03"
"Casa en Venta en Playas de Conchal","$ 3,200,000","230 m²","Playas de Conchal, Alvarado, Veracruz Llave","2","3","/detalle/41032-73-13c4bd2d371e-2acb-ac0e4ec-980b-3e50"
"Casa en Fraccionamiento en Venta en Alvarado Centro","$ 3,720,000","176 m²","Alvarado Centro, Alvarado, Veracruz Llave","No disponible","3","/detalle/41032-73-4bfa46f67df2-7193-1968330-9641-7599"
"Casa en Venta en Alvarado Centro","$ 7,790,000","292 m²","Alvarado Centro, Alvarado, Veracruz Llave","3","3","/detalle/41032-73-aed0d7ab0933-2dc-18fc513-8ed7-7057"
"Casa en Venta en Alvarado Centro","$ 4,360,000","217 m²","Alvarado Centro, Alvarado, Veracruz Llave","3","3","/detalle/41032-73-973aaf818b41-feef-18fc512-98c3-781d"
"Casa en Venta en Playas de Conchal","$ 8,500,000","442 m²","Playas de Conchal, Alvarado, Veracruz Llave","3","3","/detalle/41032-73-fda004ea69fa-bbb5-194f655-8a91-77c2"
"Casa en Venta en Playas de Conchal","$ 4,950,000","234 m²","Playas de Conchal, Alvarado, Veracruz Llave","4","3","/detalle/41032-73-356b41e22e33-1529-19683f1-80a2-7f2e"
"Casa en Venta en Playas de Conchal","$ 4,750,000","250 m²","Playas de Conchal, Alvarado, Veracruz Llave","3","3","/detalle/41032-73-9eaea6dcefaa-dbe3-192e458-a032-803e"
"Casa en Fraccionamiento en Venta en Las Lomas","$ 3,100,000","180 m²","Las Lomas, Alvarado, Veracruz Llave","2","3","/detalle/41032-73-61a74e9edaca-1e16-191354c-a26b-77ca"
"Casa en Fraccionamiento en Venta en Alvarado Centro","$ 5,995,000","308 m²","Alvarado Centro, Alvarado, Veracruz Llave","3","3","/detalle/41032-73-2d043209206d-d9d0-190ccfd-898c-768f"
"Casa en Fraccionamiento en Venta en Las Lomas","$ 4,250,000","211 m²","Las Lomas, Alvarado, Veracruz Llave","3","3","/detalle/41032-73-93bf943ffce2-5b03-1913d4f-9d83-7426"
"Casa en Fraccionamiento en Venta en Alvarado Centro","$ 2,990,000","167 m²","Alvarado Centro, Alvarado, Veracruz Llave","2","3","/detalle/41032-73-78a2e41133fd-4b59-190ea7f-b5d8-7652"
"Casa en Venta en Alvarado Centro","$ 4,200,000","267 m²","Alvarado Centro, Alvarado, Veracruz Llave","2","3","/detalle/41032-73-dba21db201e1-c5a8-65133556-a229-3168"
"Casa en Fraccionamiento en Venta en Alvarado Centro","$ 2,595,000","160 m²","Alvarado Centro, Alvarado, Veracruz Llave","2","3","/detalle/41032-73-2a38ef1a78b6-5ca0-1917a53-b26f-77b0"
"Casa en Fraccionamiento en Venta en Lomas del Sol","$ 3,149,000","No disponible","Lomas del Sol, Alvarado, Veracruz Llave","2","3","/detalle/41032-73-89c107196bdd-2f0d-1940a3c-bca6-79da"
"Casa en Venta en Lomas de la Rioja","Consultar precios","160 m²","Lomas de la Rioja, Alvarado, Veracruz Llave","3","3","/detalle/41032-73-40fe9770ef51-e267-1955e84-bd9c-72f8"
"Casa en Venta en Lomas de la Rioja","$ 2,995,000","150 m²","Lomas de la Rioja, Alvarado, Veracruz Llave","3","3","/detalle/41032-73-625fe2c46d30-2fcf-194432b-91c5-75fc"
"Casa en Venta en Lomas del Sol","$ 3,800,000","000.00 m²","Lomas del Sol, Alvarado, Veracruz Llave","4","3","/detalle/41032-73-a825024dbbc6-f0e1-1948fe6-8dfb-7072"
"Casa en Venta en Playas de Conchal","$ 6,320,000","320,000 m²","Playas de Conchal, Alvarado, Veracruz Llave","4","4","/detalle/41032-73-56c31dc2909a-e34d-1948ff3-8246-7679"
"Casa en Venta en Lomas de la Rioja","$ 3,720,000","176 m²","Lomas de la Rioja, Alvarado, Veracruz Llave","3","3","/detalle/41032-73-31d0fb664b99-4f57-1958e44-a46a-79db"
"Casa en Venta en Alvarado Centro","$ 3,350,000","184 m²","Alvarado Centro, Alvarado, Veracruz Llave","3","3","/detalle/41032-73-7c6276e0d278-60f7-194e20f-9f44-716b"
"Casa en Venta en Lomas de la Rioja","$ 3,800,000","182 m²","Lomas de la Rioja, Alvarado, Veracruz Llave","3","3","/detalle/41032-73-bbb0f9995f71-bd0d-1944314-8a86-7787"
"Casa en Venta en Lomas de la Rioja","$ 3,350,000","160 m²","Lomas de la Rioja, Alvarado, Veracruz Llave","3","3","/detalle/41032-73-51df31a1ae52-6fd0-1944318-9507-770b"
"Casa en Venta en Playas de Conchal","$ 5,600,000","281 m²","Playas de Conchal, Alvarado, Veracruz Llave","3","3","/detalle/41032-73-1331117f03f1-48ab-1971fa9-a0d6-7055"
"Casa en Venta en Lomas del Sol","$ 7,200,000","265 m²","Lomas del Sol, Alvarado, Veracruz Llave","3","3","/detalle/41032-73-70eed91a4b1a-de55-1939a61-99b1-7577"
"Casa en Venta en Alvarado Centro","$ 3,600,000","266 m²","Alvarado Centro, Alvarado, Veracruz Llave","3","3","/detalle/41032-73-2acb77506acc-3c45-51738d7-a781-4c05"
"Casa en Venta en Lomas de la Rioja","$ 3,050,000","161 m²","Lomas de la Rioja, Alvarado, Veracruz Llave","2","3","/detalle/41032-73-eede600e21bf-308-191788b-a3f9-7717"
"Casa en Venta en Playas de Conchal","$ 7,800,000","330 m²","Playas de Conchal, Alvarado, Veracruz Llave","3","3","/detalle/41032-73-5de017be16d2-6d24-194dcc8-9ef3-77dd"
"Casa en Venta en Alvarado Centro","$ 3,020,000","177 m²","Alvarado Centro, Alvarado, Veracruz Llave","3","3","/detalle/41032-73-60e2f5fa6216-d563-194dba0-a962-7c5f"
"Casa en Venta en Lomas de la Rioja","$ 4,940,000","236 m²","Lomas de la Rioja, Alvarado, Veracruz Llave","3","3","/detalle/41032-73-e9bd23a636a8-a757-1944e9a-a0dd-7112"
"Casa en Venta en Playas de Conchal","$ 5,700,000","240 m²","Playas de Conchal, Alvarado, Veracruz Llave","2","3","/detalle/41032-73-ca4b4a4f476a-290d-19418e2-a61d-78d6"
"Casa en Venta en Alvarado Centro","$ 3,790,000","223 m²","Alvarado Centro, Alvarado, Veracruz Llave","2","3","/detalle/41032-73-a5cb56edf962-41f-194dcae-8a30-7a6c"
"Casa en Venta en Playas de Conchal","$ 8,200,000","365 m²","Playas de Conchal, Alvarado, Veracruz Llave","3","3","/detalle/41032-73-526998124a93-a692-1942493-a5ed-79a9"
"Casa en Venta en Playas de Conchal","$ 8,950,000","376 m²","Playas de Conchal, Alvarado, Veracruz Llave","3","3","/detalle/41032-73-5c069f34324d-80a1-194df53-aba9-7642"
"Casa en Venta en Lomas del Sol","$ 3,750,000","222 m²","Lomas del Sol, Alvarado, Veracruz Llave","3","3","/detalle/41032-73-5fc7cd144f04-9794-194fa7e-8141-7b16"
"Casa en Fraccionamiento en Venta en Lomas del Sol","$ 4,500,000","265 m²","Lomas del Sol, Alvarado, Veracruz Llave","3","3","/detalle/41032-73-b621fadb1677-2329-8baf08b1-b0e5-4647"
"Casa en Fraccionamiento en Venta en Alvarado Centro","$ 3,550,000","201 m²","Alvarado Centro, Alvarado, Veracruz Llave","3","3","/detalle/41032-73-68c80e87b8cf-2c49-588e0762-a779-4de5"
"Casa en Fraccionamiento en Venta en Lomas del Sol","$ 4,550,000","225 m²","Lomas del Sol, Alvarado, Veracruz Llave","3","3","/detalle/41032-73-692e76c9d856-ce6c-24ed5564-8e0f-4323"
"Casa en Venta en Alvarado Centro","$ 4,400,000","290 m²","Alvarado Centro, Alvarado, Veracruz Llave","3","3","/detalle/41032-73-4b60ad332c59-e019-193e1f9-903f-75d5"
"Casa en Fraccionamiento en Venta en Playas de Conchal","$ 5,490,000","296 m²","Playas de Conchal, Alvarado, Veracruz Llave","4","3","/detalle/41032-73-cbb8934c61e9-9aeb-a321fb28-9347-44b5"
"Casa en Fraccionamiento en Venta en Alvarado Centro","$ 3,350,000","220 m²","Alvarado Centro, Alvarado, Veracruz Llave","3","3","/detalle/41032-73-bb2820b09276-fc78-1948ccb-8d1f-7162"
"Casa en Venta en Lomas de la Rioja","$ 3,990,000","240 m²","Lomas de la Rioja, Alvarado, Veracruz Llave","3","3","/detalle/41032-73-a734b6dbed2b-f33e-25a4aed5-9656-42f6"
"Casa en Venta en Playas de Conchal","$ 6,990,000","611 m²","Playas de Conchal, Alvarado, Veracruz Llave","4","5","/detalle/41032-73-17b0590a930d-b896-191054f-9792-78d3"
"Casa en Venta en Alvarado Centro","$ 4,400,000","290 m²","Alvarado Centro, Alvarado, Veracruz Llave","3","3","/detalle/41032-73-5d47f8a1c973-e5cd-195270c-8abf-715c"
"Casa en Venta en Alvarado Centro","$ 3,965,000","235 m²","Alvarado Centro, Alvarado, Veracruz Llave","3","3","/detalle/41032-73-a08e1744ae47-5773-191c979-9567-7601"
"Casa en Venta en Alvarado Centro","$ 3,890,000","220 m²","Alvarado Centro, Alvarado, Veracruz Llave","2","3","/detalle/41032-73-2371d38cfbb9-960a-194dc45-bae4-7ebc"
"Casa en Venta en Alvarado Centro","$ 6,235,000","292 m²","Alvarado Centro, Alvarado, Veracruz Llave","1","3","/detalle/41032-73-66df0eb79e3c-3ffb-194df37-9e96-7dab"
"Casa en Venta en Alvarado Centro","$ 5,600,000","261 m²","Alvarado Centro, Alvarado, Veracruz Llave","4","4","/detalle/41032-73-5ff4d8db72e7-f59c-194df2a-9bf7-7754"
"Casa en Venta en Lomas del Sol","$ 5,995,000","298 m²","Lomas del Sol, Alvarado, Veracruz Llave","3","No disponible","/detalle/41032-73-a399c628b027-34a0-194dc61-a0bf-7afb"
"Casa en Venta en Lomas del Sol","$ 4,500,000","265 m²","Lomas del Sol, Alvarado, Veracruz Llave","3","3","/detalle/41032-73-c3a9100a46ed-9026-194df12-8572-7e3a"
"Casa en Venta en Playas de Conchal","$ 5,800,000","273 m²","Playas de Conchal, Alvarado, Veracruz Llave","4","3","/detalle/41032-73-aba0260297d-3fc2-194deff-839a-73dd"
"Casa en Venta en Playas de Conchal","$ 5,490,000","296 m²","Playas de Conchal, Alvarado, Veracruz Llave","4","3","/detalle/41032-73-d3b344cdeac8-7a5-18f5e2c-aa86-7e40"
"Casa en Venta en Playas de Conchal","$ 3,890,000","194 m²","Playas de Conchal, Alvarado, Veracruz Llave","3","3","/detalle/41032-73-d87cfd41616e-6f3c-194ded4-b5ef-7be8"
"Casa en Venta en Playas de Conchal","$ 8,100,000","350 m²","Playas de Conchal, Alvarado, Veracruz Llave","4","4","/detalle/41032-73-bdbb9e4cc81f-70fb-1958ddd-a368-77fd"
"Casa en Venta en Lomas de la Rioja","$ 4,940,000","236 m²","Lomas de la Rioja, Alvarado, Veracruz Llave","3","3","/detalle/41032-73-a237c590d849-30a2-194dbfb-b901-73b8"
"Casa en Venta en Alvarado Centro","$ 3,500,000","225 m²","Alvarado Centro, Alvarado, Veracruz Llave","3","3","/detalle/41032-73-eac1e03a9be5-9585-18f5e02-b0ae-760c"
"Casa en Venta en El Conchal","$ 5,995,000","290 m²","El Conchal, Alvarado, Veracruz Llave","3","3","/detalle/41032-73-e917ae04436b-14f5-18f5e1d-84dd-74cc"
"Casa en Venta en Playas de Conchal","$ 7,150,000","No disponible","Playas de Conchal, Alvarado, Veracruz Llave","No disponible","2","/detalle/41032-73-948b0bab1fdf-17e4-194dbbc-8f52-759d"
"Casa en Venta en Lomas de la Rioja","$ 2,995,000","192 m²","Lomas de la Rioja, Alvarado, Veracruz Llave","2","3","/detalle/41032-73-e1508fd42366-258b-1942439-b110-760f"
"Casa en Venta en Alvarado Centro","$ 3,700,000","260 m²","Alvarado Centro, Alvarado, Veracruz Llave","3","3","/detalle/41032-73-f8c3b13306b1-3340-18f5e0f-8f8a-7067"
"Casa en Venta en Lomas de la Rioja","$ 2,739,000","177 m²","Lomas de la Rioja, Alvarado, Veracruz Llave","2","3","/detalle/41032-73-ffcf2827e104-377e-194dc6c-9355-70ba"
"Casa en Venta en Lomas del Sol","$ 4,500,000","250 m²","Lomas del Sol, Alvarado, Veracruz Llave","4","3","/detalle/41032-73-64962f047941-6989-1916518-acbe-759d"
"Casa en Venta en Playas de Conchal","$ 9,100,000","413 m²","Playas de Conchal, Alvarado, Veracruz Llave","5","3","/detalle/41032-73-7656e7f4f245-fe2f-19508a1-b77b-7aea"
"Casa en Venta en Lomas de la Rioja","$ 2,890,000","No disponible","Lomas de la Rioja, Alvarado, Veracruz Llave","2","3","/detalle/41032-73-3a3a717ca39-3ecd-194df36-a718-7e47"
"Casa en Venta en Playas de Conchal","$ 4,600,000","300 m²","Playas de Conchal, Alvarado, Veracruz Llave","3","3","/detalle/41032-73-77320e5d9fef-cd2-1979a71-b3ec-7af0"
"Casa en Venta en Playas de Conchal","$ 4,300,000","240 m²","Playas de Conchal, Alvarado, Veracruz Llave","3","3","/detalle/41032-73-a187646e944-529a-194e517-a3d8-78ca"
"Casa en Venta en Alvarado Centro","$ 4,500,000","250 m²","Alvarado Centro, Alvarado, Veracruz Llave","3","3","/detalle/41032-73-5388a36e2a17-2f5-191e11f-8b5a-7aed"
"Casa en Venta en Lomas de la Rioja","$ 3,500,000","230 m²","Lomas de la Rioja, Alvarado, Veracruz Llave","3","3","/detalle/41032-73-26c610dc4df8-bad9-196ebc1-8884-73df"
"Casa en Venta en Lomas de la Rioja","$ 2,710,000","185 m²","Lomas de la Rioja, Alvarado, Veracruz Llave","3","3","/detalle/41032-73-93bdfd48e709-498b-6841827e-a346-4bda"
"Casa en Fraccionamiento en Venta en Playas de Conchal","$ 6,900,000","298 m²","Playas de Conchal, Alvarado, Veracruz Llave","4","4","/detalle/41032-73-2168f490dcd8-1e8-195772e-98fa-77c2"
"Casa en Fraccionamiento en Venta en Anton Lizardo","$ 2,890,000","150 m²","Anton Lizardo, Alvarado, Veracruz Llave","2","3","/detalle/41032-73-3f1d19ca4391-8508-1954874-9952-78cb"
"Casa en Fraccionamiento en Venta en Las Lomas","$ 5,250,000","325 m²","Las Lomas, Alvarado, Veracruz Llave","3","3","/detalle/41032-73-c45b08fc4852-1f66-193b235-9907-748e"
"Casa en Fraccionamiento en Venta en Lomas de la Rioja","$ 3,220,000","204 m²","Lomas de la Rioja, Alvarado, Veracruz Llave","2","3","/detalle/41032-73-2048799016c1-8cd0-b5b9a06c-9412-3bbb"
"Casa en Fraccionamiento en Venta en Playas de Conchal","$ 3,900,000","216 m²","Playas de Conchal, Alvarado, Veracruz Llave","3","3","/detalle/41032-73-57d9f39fb9a6-f270-b4852aa4-9127-4372"
"Casa en Fraccionamiento en Venta en Playas de Conchal","$ 4,320,000","223 m²","Playas de Conchal, Alvarado, Veracruz Llave","3","3","/detalle/41032-73-6694b1f13622-bf3-20663282-852a-4cb2"
"Casa en Fraccionamiento en Venta en Las Lomas","$ 3,100,000","240 m²","Las Lomas, Alvarado, Veracruz Llave","2","3","/detalle/41032-73-4f44bf54def8-4c52-1958c11-bbde-7aef"
"Casa en Fraccionamiento en Venta en Anton Lizardo","$ 2,580,000","118 m²","Anton Lizardo, Alvarado, Veracruz Llave","2","3","/detalle/41032-73-6e1b95bc78f7-c208-194f234-9a62-737e"
"Casa en Fraccionamiento en Venta en Alvarado Centro","$ 3,920,000","230 m²","Alvarado Centro, Alvarado, Veracruz Llave","3","3","/detalle/41032-73-c2786c5dc0dd-4af3-1978f8e-bc71-78d7"
"Casa en Fraccionamiento en Venta en Playas de Conchal","$ 4,360,000","234 m²","Playas de Conchal, Alvarado, Veracruz Llave","3","3","/detalle/41032-73-4e93873c51ef-4b2b-d107b3c7-9309-4ede"
"Casa en Fraccionamiento en Venta en Alvarado Centro","$ 4,940,000","236 m²","Alvarado Centro, Alvarado, Veracruz Llave","4","3","/detalle/41032-73-a28b01a1a313-cabf-1973201-b371-7c04"
"Casa en Fraccionamiento en Venta en Las Lomas","$ 3,680,000","170 m²","Las Lomas, Alvarado, Veracruz Llave","3","3","/detalle/41032-73-4775381cc2f7-2531-192f839-bfff-737f"
"Casa en Fraccionamiento en Venta en Playas de Conchal","$ 4,800,000","223 m²","Playas de Conchal, Alvarado, Veracruz Llave","3","3","/detalle/41032-73-3e5f4a400af5-46d4-8dc86ad7-91f1-47bd"
"Casa en Fraccionamiento en Venta en Lomas del Sol","$ 3,800,000","175 m²","Lomas del Sol, Alvarado, Veracruz Llave","3","3","/detalle/41032-73-ba0fec57f4e7-2e4b-24d4e6cb-9c37-4ea9"
"Casa en Fraccionamiento en Venta en Las Lomas","$ 2,100,000","98 m²","Las Lomas, Alvarado, Veracruz Llave","2","2","/detalle/41032-73-725d1039bfc-5c25-197ce96-b075-7731"
"Casa en Fraccionamiento en Venta en Alvarado Centro","$ 3,780,000","189 m²","Alvarado Centro, Alvarado, Veracruz Llave","3","3","/detalle/41032-73-71ec58909321-121-195fcf8-af69-76b2"
"Casa en Fraccionamiento en Venta en Alvarado Centro","$ 2,750,000","145 m²","Alvarado Centro, Alvarado, Veracruz Llave","2","2","/detalle/41032-73-d192fe3d11ce-25fe-19157cf-8e90-76a9"
"Casa en Fraccionamiento en Venta en Alvarado Centro","$ 3,450,000","234 m²","Alvarado Centro, Alvarado, Veracruz Llave","3","3","/detalle/41032-73-4a8912eb487d-151a-197b79c-b6c5-75b3"
"Casa en Fraccionamiento en Venta en Anton Lizardo","$ 3,250,000","148 m²","Anton Lizardo, Alvarado, Veracruz Llave","3","3","/detalle/41032-73-ae32e345921-2a32-1959696-9302-7d11"
"Casa en Fraccionamiento en Venta en Villas Del Alvarado","$ 3,190,000","145 m²","Villas Del Alvarado, Alvarado, Veracruz Llave","3","3","/detalle/41032-73-20e5e0f4a4cb-213b-194571c-bd20-737c"
"Casa en Fraccionamiento en Venta en Lomas del Sol","$ 3,750,000","175 m²","Lomas del Sol, Alvarado, Veracruz Llave","3","3","/detalle/41032-73-52c14d768666-b623-3c80eeff-9ef3-4855"
"Casa en Venta en Playas de Conchal","$ 8,750,000","436 m²","Playas de Conchal, Alvarado, Veracruz Llave","3","3","/detalle/41032-73-56db4dcf969-1bd7-195f845-ad6b-7f2a"
"Casa en Venta en Alvarado Centro","$ 3,890,000","180 m²","Alvarado Centro, Alvarado, Veracruz Llave","3","3","/detalle/41032-73-2f4daaf1639b-fcf3-190c6a9-a21c-7b75"
"Casa en Fraccionamiento en Venta en Real Mandinga","$ 3,900,000","173 m²","Real Mandinga, Alvarado, Veracruz Llave","No disponible","3","/detalle/41032-73-e635009ec870-1407-2ac55c97-a17d-3424"
"Casa en Venta en Las Lomas","$ 5,250,000","325 m²","Las Lomas, Alvarado, Veracruz Llave","4","3","/detalle/41032-73-9d512b6c160-551a-195f1c7-ba22-73dc"
"Casa en Venta en San Jose Novillero","$ 4,350,000","215 m²","San Jose Novillero, Boca del Río, Veracruz Llave","3","3","/detalle/41032-73-70e9bb43e20c-a25b-461173fe-87cb-32fc"
"Casa en Venta en Playas de Conchal","$ 9,250,000","436 m²","Playas de Conchal, Alvarado, Veracruz Llave","5","3","/detalle/41032-73-f7c1d41caf33-73ab-164c97be-b842-356c"
"Casa en Venta en Las Palmas","$ 3,390,000","140 m²","Las Palmas, Medellín, Veracruz Llave","3","3","/detalle/41032-73-251312e36cb7-bceb-197ac90-9206-7a34"
"Casa en Venta en Alvarado Centro","$ 3,050,000","175 m²","Alvarado Centro, Alvarado, Veracruz Llave","3","3","/detalle/41032-73-82b53b3a2065-406f-196349a-ae73-7082"
"Casa en Venta en Lomas del Sol","$ 5,650,000","250 m²","Lomas del Sol, Alvarado, Veracruz Llave","3","3","/detalle/41032-73-84d2cd7df7a-64d8-19622b3-82ba-7d64"
"Casa en Venta en Alvarado Centro","$ 3,150,000","135 m²","Alvarado Centro, Alvarado, Veracruz Llave","3","3","/detalle/41032-73-4e24e3d92d8e-e087-195805b-81db-78a0"
"Casa en Venta en Alvarado Centro","$ 17,500,000","460 m²","Alvarado Centro, Alvarado, Veracruz Llave","6","4","/detalle/41032-73-e385da324e53-4c06-1961ad2-a050-77b1"
"Casa en Venta en San Jose Novillero","$ 4,490,000","252 m²","San Jose Novillero, Boca del Río, Veracruz Llave","3","3","/detalle/41032-73-19c481346015-2acc-1961ad2-b619-7250"
"Casa en Venta en San Jose Novillero","$ 4,400,000","210 m²","San Jose Novillero, Boca del Río, Veracruz Llave","4","4","/detalle/41032-73-3e8b4934514a-217b-ce08c89a-bd06-387c"
"Casa en Venta en Lomas de la Rioja","$ 3,700,000","213 m²","Lomas de la Rioja, Alvarado, Veracruz Llave","2","3","/detalle/41032-73-642e96c97b68-7e21-c1638aea-92c4-3814"
"Casa en Venta en Lomas del Sol","$ 5,800,000","340 m²","Lomas del Sol, Alvarado, Veracruz Llave","3","3","/detalle/41032-73-8ddc80566187-1326-7377cefb-a3fb-3354"
"Casa en Venta en Lomas del Sol","$ 5,150,000","236 m²","Lomas del Sol, Alvarado, Veracruz Llave","4","3","/detalle/41032-73-925eb6ff0eb2-99cb-1978883-82f3-7a2c"
"Casa en Venta en Alvarado Centro","$ 3,850,000","220 m²","Alvarado Centro, Alvarado, Veracruz Llave","3","3","/detalle/41032-73-29f7a36d757e-83ac-195e75a-963d-74fb"
"Casa en Venta en Lomas de la Rioja","$ 2,675,000","114 m²","Lomas de la Rioja, Alvarado, Veracruz Llave","2","2","/detalle/41032-73-726744995994-2147-195a6f5-bf19-762a"
"Casa en Venta en San Jose Novillero","$ 3,550,000","180 m²","San Jose Novillero, Boca del Río, Veracruz Llave","3","3","/detalle/41032-73-6a318a5492d9-7cc3-1904fb2-b3ff-7505"
"Casa en Venta en Alvarado Centro","$ 4,800,000","223 m²","Alvarado Centro, Alvarado, Veracruz Llave","3","3","/detalle/41032-73-b7942928b5d1-ffbe-d8cdb8e1-b8f0-316b"
"Casa en Venta en Boca Del Rio","$ 4,000,000","297 m²","Boca Del Rio, Boca del Río, Veracruz Llave","3","3","/detalle/41032-73-891b2b7bb14a-9dce-85d00df3-b387-3214"
"Casa en Venta en Lomas de la Rioja","$ 2,790,000","145 m²","Lomas de la Rioja, Alvarado, Veracruz Llave","2","3","/detalle/41032-73-ceb429ed0c57-56f2-197d0b8-ad4e-791a"
"Casa en Venta en San Jose Novillero","$ 4,125,000","188 m²","San Jose Novillero, Boca del Río, Veracruz Llave","3","3","/detalle/41032-73-1e2f9af4b587-5c71-1964bd3-9777-70b3"
"Casa en Venta en Villa Rica","$ 3,450,000","172 m²","Villa Rica, Boca del Río, Veracruz Llave","3","3","/detalle/41032-73-97f8cc7f5dfb-ba3b-19542af-a5bb-7d40"
"Casa en Venta en Playas de Conchal","$ 8,980,000","437 m²","Playas de Conchal, Alvarado, Veracruz Llave","4","4","/detalle/41032-73-64e81d0bfe12-9300-194c238-9b90-7f89"
"Casa en Venta en Playas de Conchal","$ 6,550,000","292 m²","Playas de Conchal, Alvarado, Veracruz Llave","4","3","/detalle/41032-73-a522cc8d31f3-a40e-1940d92-a76f-7f87"
"Casa en Venta en Boca Del Rio","$ 7,200,000","345 m²","Boca Del Rio, Boca del Río, Veracruz Llave","3","3","/detalle/41032-73-3249b3874005-3b5f-1921f40-81a6-78b7"
"Casa en Venta en Lomas del Sol","$ 3,990,000","200 m²","Lomas del Sol, Alvarado, Veracruz Llave","3","3","/detalle/41032-73-69e54c18ead2-144-8d5a8d6b-a675-38cf"
"Casa en Venta en Lomas del Sol","$ 4,650,000","266 m²","Lomas del Sol, Alvarado, Veracruz Llave","3","3","/detalle/41032-73-130ffca640c7-daa5-2b3709f8-a3ec-3640"
"Casa en Venta en Veracruz","$ 3,400,000","158 m²","Veracruz, Xalapa, Veracruz Llave","2","2","/detalle/41032-73-d83155f8995-fa3d-1970ce7-bf8a-7a63"
"Casa en Venta en Alvarado Centro","$ 3,150,000","148 m²","Alvarado Centro, Alvarado, Veracruz Llave","3","3","/detalle/41032-73-71b36cb11220-4880-195cd98-87de-7d57"
"Casa en Venta en Alvarado Centro","$ 3,150,000","135 m²","Alvarado Centro, Alvarado, Veracruz Llave","3","3","/detalle/41032-73-f744e4ae9836-c55c-195805b-acbd-77b0"
"Casa en Venta en Villa Rica","$ 2,850,000","140 m²","Villa Rica, Boca del Río, Veracruz Llave","3","3","/detalle/41032-73-4fc346f0ba-d107-19542af-9b73-7a77"
"Casa en Venta en Las Lomas","$ 3,990,000","200 m²","Las Lomas, Alvarado, Veracruz Llave","3","4","/detalle/41032-73-9cc7a2f5826a-e0dd-d14baf84-b414-3edc"
"Casa en Venta en El Conchal","$ 3,035,000","177 m²","El Conchal, Alvarado, Veracruz Llave","3","3","/detalle/41032-73-950e72fbc699-5077-474be4c0-bef9-3090"
"Casa en Venta en Ignacio Zaragoza","$ 6,100,000","449 m²","Ignacio Zaragoza, Veracruz, Veracruz Llave","4","4","/detalle/41032-73-3aee4eafadf6-d5a1-11b7bba1-b319-3e6c"
"Casa en Venta en Alvarado Centro","$ 2,100,000","90 m²","Alvarado Centro, Alvarado, Veracruz Llave","2","2","/detalle/41032-73-eec0f2899b6f-789-197e81c-9847-7b24"
"Casa en Venta en Villa Rica","$ 2,650,000","150 m²","Villa Rica, Boca del Río, Veracruz Llave","2","3","/detalle/41032-73-d20f089e98a1-7b05-18f3991-9655-70df"
"Casa en Venta en La Tampiquera","$ 6,100,000","375 m²","La Tampiquera, Boca del Río, Veracruz Llave","4","4","/detalle/41032-73-a3f361a13649-5be6-38ae8c62-9041-3ece"
"Casa en Venta en San Jose Novillero","$ 3,650,000","223 m²","San Jose Novillero, Boca del Río, Veracruz Llave","3","3","/detalle/41032-73-d0bd70b54dfd-c17-1958fc5-9480-78d8"
"Casa en Venta en San Jose Novillero","$ 5,600,000","250 m²","San Jose Novillero, Boca del Río, Veracruz Llave","4","4","/detalle/41032-73-3a1006a29b3-4e6a-1955c4d-941b-7db3"
"Casa en Venta en Lomas de la Rioja","$ 3,975,000","260 m²","Lomas de la Rioja, Alvarado, Veracruz Llave","2","3","/detalle/41032-73-ca511123d433-8c14-194c238-be8d-7750"
"Casa en Venta en San Jose Novillero","$ 2,875,000","105 m²","San Jose Novillero, Boca del Río, Veracruz Llave","2","2","/detalle/41032-73-e957857d0e3a-c4e4-1945333-a4e8-784a"
"Casa en Venta en San Jose Novillero","$ 3,600,000","219 m²","San Jose Novillero, Boca del Río, Veracruz Llave","3","3","/detalle/41032-73-bcc417a7d934-8446-1940d92-babb-7f1a"
"Casa en Venta en Alvarado Centro","$ 6,130,000","286 m²","Alvarado Centro, Alvarado, Veracruz Llave","3","3","/detalle/41032-73-40bd701c71d6-6472-81cbd793-a794-3097"
"Casa en Venta en Alvarado Centro","$ 4,900,000","250 m²","Alvarado Centro, Alvarado, Veracruz Llave","3","3","/detalle/41032-73-95a9537717e1-d540-8188f9d9-a14b-30fb"
"Casa en Venta en Lomas del Sol","$ 7,200,000","325 m²","Lomas del Sol, Alvarado, Veracruz Llave","3","3","/detalle/41032-73-c8aa209058b9-8143-3cbf5356-8351-3a44"
"Casa en Venta en Boca Del Rio Centro","$ 4,100,000","213 m²","Boca Del Rio Centro, Boca del Río, Veracruz Llave","3","3","/detalle/41032-73-a17433b3e3e7-f2f8-1970ce7-b910-7bb4"
"Casa en Venta en Alvarado Centro","$ 4,990,000","212 m²","Alvarado Centro, Alvarado, Veracruz Llave","4","3","/detalle/41032-73-9537396c845f-513-1970a5b-835a-773f"
"Casa en Venta en Lomas de la Rioja","$ 2,950,000","135 m²","Lomas de la Rioja, Alvarado, Veracruz Llave","3","3","/detalle/41032-73-750a460ac228-16f4-196349a-bec0-72a9"
"Casa en Venta en Las Palmas","$ 4,200,000","210 m²","Las Palmas, Medellín, Veracruz Llave","3","3","/detalle/41032-73-11bf4f40ce72-5754-1960123-a0c1-79a9"
"Casa en Venta en El Manantial","$ 2,250,000","160 m²","El Manantial, Boca del Río, Veracruz Llave","3","2","/detalle/41032-73-394f3a47b75-a5e4-19542af-befe-70f4"
"Casa en Venta en San Jose Novillero","$ 4,090,000","182 m²","San Jose Novillero, Boca del Río, Veracruz Llave","2","3","/detalle/41032-73-c7038b70b413-f293-193e71d-a322-7575"
"Casa en Venta en Lomas de la Rioja","$ 3,725,000","213 m²","Lomas de la Rioja, Alvarado, Veracruz Llave","2","3","/detalle/41032-73-ebcad8c48e3a-9754-19394ce-8f0f-7683"
"Casa en Venta en Lomas del Sol","$ 3,350,000","173 m²","Lomas del Sol, Alvarado, Veracruz Llave","2","3","/detalle/41032-73-db24f31f535b-ace1-1978883-bd47-765f"
"Casa en Venta en Jalapilla","$ 3,630,000","222 m²","Jalapilla, Rafael Delgado, Veracruz Llave","3","3","/detalle/41032-73-7c7760730618-9fe-19641be-83e5-7258"
"Casa en Venta en Costa de Oro 1a Secc","$ 7,500,000","380 m²","Costa de Oro 1a Secc, Boca del Río, Veracruz Llave","3","3","/detalle/41032-73-187a766c9fa6-190e-19639d6-8eaf-7914"
"Casa en Venta en La Tampiquera","$ 1,950,000","123 m²","La Tampiquera, Boca del Río, Veracruz Llave","2","2","/detalle/41032-73-2166a24cd0a7-5517-19622b3-bc48-7e02"
"Casa en Venta en San Jose Novillero","$ 3,598,000","178 m²","San Jose Novillero, Boca del Río, Veracruz Llave","3","3","/detalle/41032-73-e23c3a5d8b2d-3838-1961ad2-8322-7da3"
"Casa en Venta en Playas de Conchal","$ 5,250,000","260 m²","Playas de Conchal, Alvarado, Veracruz Llave","3","3","/detalle/41032-73-184ee78937c8-5794-1959f3e-8b41-7071"
"Casa en Venta en San Jose Novillero","$ 3,085,000","105 m²","San Jose Novillero, Boca del Río, Veracruz Llave","2","2","/detalle/41032-73-d68facd7f235-af6f-1945333-b847-71ce"
"Casa en Venta en San Jose Novillero","$ 3,155,000","106 m²","San Jose Novillero, Boca del Río, Veracruz Llave","2","2","/detalle/41032-73-448cc8906425-a772-1945333-9f19-7bc1"
"Casa en Venta en Alvarado Centro","$ 5,850,000","256 m²","Alvarado Centro, Alvarado, Veracruz Llave","3","3","/detalle/41032-73-477de0b00807-d89a-8b6428d7-80ff-3c83"
"Casa en Venta en Pascual Ortiz Rubio","$ 5,300,000","472 m²","Pascual Ortiz Rubio, Veracruz, Veracruz Llave","3","4","/detalle/41032-73-6fd0a2e4addf-cc3-5eac043-9e25-3d41"
"Casa en Venta en Lomas del Sol","$ 4,190,000","200 m²","Lomas del Sol, Alvarado, Veracruz Llave","2","3","/detalle/41032-73-a2e4aaa6db11-a8b8-197c123-afb4-7f04"
"Casa en Venta en Lomas de la Rioja","$ 4,300,000","244 m²","Lomas de la Rioja, Alvarado, Veracruz Llave","4","3","/detalle/41032-73-d494a7af22bb-6d24-197aa16-aa45-7b20"
"Casa en Venta en Playas de Conchal","$ 4,940,000","236 m²","Playas de Conchal, Alvarado, Veracruz Llave","3","3","/detalle/41032-73-223a0f391f0d-631f-1964bd3-aa7a-7402"
"Casa en Venta en Costa de Oro 1a Secc","$ 5,950,000","220 m²","Costa de Oro 1a Secc, Boca del Río, Veracruz Llave","3","3","/detalle/41032-73-bc4e87f76a92-a5f3-194f02a-8789-7ee1"
"Casa en Venta en Las Lomas","$ 4,320,000","223 m²","Las Lomas, Alvarado, Veracruz Llave","3","3","/detalle/41032-73-59366247ab0f-a63b-193e200-9d19-7741"
"Casa en Venta en Lomas de la Rioja","$ 3,850,000","210 m²","Lomas de la Rioja, Alvarado, Veracruz Llave","3","3","/detalle/41032-73-15ccaa4ecb5d-2ae8-19387a8-861d-7a5c"
"Casa en Venta en Boca Del Rio","$ 6,200,000","345 m²","Boca Del Rio, Boca del Río, Veracruz Llave","3","3","/detalle/41032-73-4726f2b2b694-14a8-197e81c-9d54-7c61"
"Casa en Venta en Alvarado Centro","$ 2,990,000","170 m²","Alvarado Centro, Alvarado, Veracruz Llave","3","3","/detalle/41032-73-f8157588d4b3-9681-19528db-90ab-770f"
"Casa en Venta en Playas de Conchal","$ 4,800,000","222 m²","Playas de Conchal, Alvarado, Veracruz Llave","4","3","/detalle/41032-73-3388879846bd-1bd1-190dfee-b544-7eff"
"Casa en Venta en Vista Bella","$ 3,270,575","594.65 m²","Vista Bella, Alvarado, Veracruz Llave","No disponible","No disponible","/detalle/41032-73-5f356c52846c-7eef-bc8de6b8-aaaf-3b94"
"Casa en Venta en Villa Rica","$ 1,500,000","126 m²","Villa Rica, Boca del Río, Veracruz Llave","2","2","/detalle/41032-73-c93fcde2d36b-b1d4-6cee478-b8bf-3ec0"
"Casa en Venta en San Jose Novillero","$ 3,550,000","180 m²","San Jose Novillero, Boca del Río, Veracruz Llave","3","3","/detalle/41032-73-fe4f4d38fdc0-4f6c-197d0b8-9d8c-7523"
"Casa en Venta en Ricardo Flores Magon","$ 4,050,000","210 m²","Ricardo Flores Magon, Boca del Río, Veracruz Llave","3","3","/detalle/41032-73-fc71b88944c0-94d9-1966301-b6e7-7b80"
"Casa en Venta en San Jose Novillero","$ 4,780,000","233 m²","San Jose Novillero, Boca del Río, Veracruz Llave","4","3","/detalle/41032-73-8c76ce666d20-5008-1964bd3-bb9a-7d96"
"Casa en Venta en Alvarado Centro","$ 5,095,000","222 m²","Alvarado Centro, Alvarado, Veracruz Llave","3","3","/detalle/41032-73-3fb3f049629e-952-19639d6-9206-78d1"
"Casa en Venta en San Jose Novillero","$ 4,790,000","232 m²","San Jose Novillero, Boca del Río, Veracruz Llave","4","3","/detalle/41032-73-4bc16ff87f39-ab78-19615bc-9062-746b"
"Casa en Venta en Lomas de la Rioja","$ 3,500,000","257 m²","Lomas de la Rioja, Alvarado, Veracruz Llave","3","3","/detalle/41032-73-c7f8fe6851f8-8ec2-1951c50-ad3b-73fa"
"Casa en Venta en Las Palmas","$ 4,750,000","277 m²","Las Palmas, Medellín, Veracruz Llave","3","3","/detalle/41032-73-811050b9af4b-6556-1946f6c-a168-708c"
"Casa en Venta en Alvarado Centro","$ 13,150,000","494 m²","Alvarado Centro, Alvarado, Veracruz Llave","4","3","/detalle/41032-73-95f8981bc822-99c3-1924873-a878-7e4f"
"Casa en Venta en Alvarado Centro","$ 14,130,000","408 m²","Alvarado Centro, Alvarado, Veracruz Llave","4","4","/detalle/41032-73-9f55399304fe-61bd-bcae7916-b1e9-3c6f"
"Casa en Venta en Alvarado Centro","$ 4,940,000","236 m²","Alvarado Centro, Alvarado, Veracruz Llave","4","3","/detalle/41032-73-6f641374b27f-dee7-197a071-a20a-7b43"
"Casa en Venta en Lomas del Sol","$ 4,650,000","305 m²","Lomas del Sol, Alvarado, Veracruz Llave","3","3","/detalle/41032-73-617b459186de-5c29-195cd98-a185-78f4"
"Casa en Venta en Reforma","$ 5,800,000","325.17 m²","Reforma, Veracruz, Veracruz Llave","4","3","/detalle/41032-73-eb359e7df53-deaf-194a352-8e77-78c2"
"Casa en Venta en Alvarado Centro","$ 4,050,000","215 m²","Alvarado Centro, Alvarado, Veracruz Llave","3","3","/detalle/41032-73-c5d412921d2f-7a7b-1928626-b04d-726c"
"Casa en Venta en Alvarado Centro","$ 5,250,000","185 m²","Alvarado Centro, Alvarado, Veracruz Llave","4","3","/detalle/41032-73-5277c84cc7fd-97a-196b829-a327-72b0"
"Casa en Venta en Lomas de la Rioja","$ 2,850,000","152 m²","Lomas de la Rioja, Alvarado, Veracruz Llave","2","3","/detalle/41032-73-37579769f158-ab49-197ac90-8605-7a4f"
"Casa en Venta en Playas de Conchal","$ 8,925,000","385 m²","Playas de Conchal, Alvarado, Veracruz Llave","3","3","/detalle/41032-73-502fe034ce1e-476a-196349a-9020-77bd"
"Casa en Venta en Lomas de la Rioja","$ 2,600,000","115 m²","Lomas de la Rioja, Alvarado, Veracruz Llave","2","2","/detalle/41032-73-6c20e1053f8-4f18-196320a-8a43-7127"
"Casa en Venta en Playas de Conchal","$ 4,490,000","250 m²","Playas de Conchal, Alvarado, Veracruz Llave","3","3","/detalle/41032-73-a129908d95f9-1a65-19618a4-9955-7ccf"
"Casa en Venta en Alvarado Centro","$ 12,950,000","445 m²","Alvarado Centro, Alvarado, Veracruz Llave","5","4","/detalle/41032-73-bf1a118ea12d-7a50-1954ce0-8256-71ee"
"Casa en Venta en San Jose","$ 3,965,000","217 m²","San Jose, Boca del Río, Veracruz Llave","3","3","/detalle/41032-73-84d6ac2cba88-5c1f-1e630cc4-835f-3b96"
"Casa en Venta en San Jose Novillero","$ 3,990,000","205 m²","San Jose Novillero, Boca del Río, Veracruz Llave","3","3","/detalle/41032-73-917caebb2f14-b228-197ac90-a42f-7925"
"Casa en Venta en Alvarado Centro","$ 6,890,000","286 m²","Alvarado Centro, Alvarado, Veracruz Llave","4","4","/detalle/41032-73-47aab2c5d03-3d80-1979d16-91d8-7aa1"
"Casa en Venta en Alvarado Centro","$ 5,005,000","210 m²","Alvarado Centro, Alvarado, Veracruz Llave","3","3","/detalle/41032-73-64674a4684ea-271e-19639d6-b94f-74a6"
"Casa en Venta en Lomas del Sol","$ 4,299,000","250 m²","Lomas del Sol, Alvarado, Veracruz Llave","3","3","/detalle/41032-73-26a94bc45828-5dfb-19622b3-bcb4-779c"
"Casa en Venta en Alvarado Centro","$ 5,500,000","222 m²","Alvarado Centro, Alvarado, Veracruz Llave","3","3","/detalle/41032-73-5eae1bfc2e7b-4160-195cd98-ab23-7706"
"Casa en Venta en San Jose Novillero","$ 2,850,000","116 m²","San Jose Novillero, Boca del Río, Veracruz Llave","2","2","/detalle/41032-73-87cc4902d1d0-36ce-1979d16-acfd-772d"
"Casa en Venta en Las Palmas","$ 5,850,000","327 m²","Las Palmas, Medellín, Veracruz Llave","3","3","/detalle/41032-73-2d69d114b8be-52f9-1961ad2-85fe-766c"
"Casa en Venta en Alvarado Centro","$ 3,325,000","130 m²","Alvarado Centro, Alvarado, Veracruz Llave","2","3","/detalle/41032-73-614d8e256a1d-2471-1961ad2-b880-77c2"
"Casa en Venta en Lomas de la Rioja","$ 4,300,000","244 m²","Lomas de la Rioja, Alvarado, Veracruz Llave","4","3","/detalle/41032-73-56cd79c81b40-9dc7-1957dc6-8900-7337"
"Casa en Venta en Alvarado Centro","$ 4,990,000","230 m²","Alvarado Centro, Alvarado, Veracruz Llave","4","3","/detalle/41032-73-fa368ed4ba85-5228-19214e2-b7e4-7f7d"
"Casa en Venta en Lomas de la Rioja","$ 3,780,000","189 m²","Lomas de la Rioja, Alvarado, Veracruz Llave","3","3","/detalle/41032-73-38966f11eee2-74b9-1942c71-93d2-7b87"
"Casa en Venta en San Jose Novillero","$ 4,790,000","232 m²","San Jose Novillero, Boca del Río, Veracruz Llave","4","3","/detalle/41032-73-46c1b58ddff9-b949-1978883-88f4-7e68"
"Casa en Venta en Alvarado Centro","$ 3,720,000","176 m²","Alvarado Centro, Alvarado, Veracruz Llave","3","3","/detalle/41032-73-342c5ca527d3-bc-196fb80-b9ce-713e"
"Casa en Venta en Las Lomas","$ 4,690,000","248 m²","Las Lomas, Alvarado, Veracruz Llave","2","3","/detalle/41032-73-8a311777205b-2fe6-19453f4-a2ae-7cab"
"Casa en Venta en Playas de Conchal","$ 4,990,000","212 m²","Playas de Conchal, Alvarado, Veracruz Llave","3","3","/detalle/41032-73-3cac52e0c59f-8741-1950a86-8df2-7d58"
"Casa en Venta en Playas de Conchal","$ 5,300,000","324 m²","Playas de Conchal, Alvarado, Veracruz Llave","4","3","/detalle/41032-73-2550e045c03c-b864-1954eef-86c6-7057"
"Casa en Venta en Alvarado Centro","$ 3,390,000","172 m²","Alvarado Centro, Alvarado, Veracruz Llave","2","3","/detalle/41032-73-bd657ab48a2c-59d7-268624b-b12b-3dbc"
"Casa en Venta en Lomas de la Rioja","$ 2,530,000","113 m²","Lomas de la Rioja, Alvarado, Veracruz Llave","2","2","/detalle/41032-73-786e3bc2ad91-5853-19304a6-8fe4-7bfa"
"Casa en Venta en Playas de Conchal","$ 2,995,000","171 m²","Playas de Conchal, Alvarado, Veracruz Llave","3","3","/detalle/41032-73-cf7556fcaaa1-abbe-193fb92-8099-70c5"
"Casa en Venta en Alvarado Centro","$ 4,290,000","216 m²","Alvarado Centro, Alvarado, Veracruz Llave","3","3","/detalle/41032-73-3a7eda30cb30-6aff-7add0f62-942c-3710"
"Casa en Venta en Alvarado Centro","$ 4,890,000","328 m²","Alvarado Centro, Alvarado, Veracruz Llave","3","3","/detalle/41032-73-8e2d870de648-4636-21e4c94e-a60c-3308"
"Casa en Venta en Lomas de la Rioja","$ 3,035,000","177 m²","Lomas de la Rioja, Alvarado, Veracruz Llave","2","3","/detalle/41032-73-9cc44c1ff08d-114-1917a60-9898-7c7a"
"Casa en Venta en Lomas de la Rioja","$ 3,150,000","220 m²","Lomas de la Rioja, Alvarado, Veracruz Llave","2","3","/detalle/41032-73-402f6fb52600-11f4-da2d629d-98e8-3a4c"
"Casa en Fraccionamiento en Venta en Lomas del Sol","$ 3,350,000","209 m²","Lomas del Sol, Alvarado, Veracruz Llave","2","3","/detalle/41032-73-665d2564612c-fcd5-bb4b296e-89e8-4cb5"
"Casa en Venta en Francisco A Gómez","$ 2,060,000","136 m²","Francisco A Gómez, Santiago Tuxtla, Veracruz Llave","1","3","/detalle/41032-73-ba7b8c4049d2-6beb-197fb19-bdcb-792b"
"Casa en Venta en Costa de Oro 1a Secc","$ 3,500,000","169.61 m²","Costa de Oro 1a Secc, Boca del Río, Veracruz Llave","2","2","/detalle/41032-73-e0b91e6e44ff-31a4-18f5dbc-980f-7a94"
"Casa en Venta en Costa de Oro 1a Secc","$ 2,487,718","142 m²","Costa de Oro 1a Secc, Boca del Río, Veracruz Llave","1","2","/detalle/41032-73-4c480d920f7f-5d17-194dd92-b634-75d8"
"Casa en Fraccionamiento en Venta en Lomas del Sol","$ 3,950,000","333 m²","Lomas del Sol, Alvarado, Veracruz Llave","5","3","/detalle/41032-73-be2e3716502c-ed8b-504bfa94-a21f-343f"
"Casa en Fraccionamiento en Venta en Anton Lizardo","$ 5,125,000","270 m²","Anton Lizardo, Alvarado, Veracruz Llave","4","3","/detalle/41032-73-24fa4ebe75d9-d961-7dcf8ba2-af54-3ce7"
"Casa en Fraccionamiento en Venta en Lomas de la Rioja","$ 2,620,000","150 m²","Lomas de la Rioja, Alvarado, Veracruz Llave","3","3","/detalle/41032-73-366c3a7c4126-2ac-57f31568-b315-3311"
"Casa en Venta en El Morro las Colonias","$ 3,550,000","178 m²","El Morro las Colonias, Boca del Río, Veracruz Llave","3","3","/detalle/41032-73-3eb42e586155-2bd7-1948c75-87c4-7c54"
"Casa en Fraccionamiento en Venta en Playas de Conchal","$ 3,770,000","236 m²","Playas de Conchal, Alvarado, Veracruz Llave","5","3","/detalle/41032-73-ca709922cf5b-587d-b97f3bb5-bbea-30a0"
"Casa en Fraccionamiento en Venta en Lomas de la Rioja","$ 2,790,000","207 m²","Lomas de la Rioja, Alvarado, Veracruz Llave","4","3","/detalle/41032-73-a617644c8c24-fbcc-5537e5bd-879b-3da1"
"Casa en Fraccionamiento en Venta en Lomas de la Rioja","$ 2,930,000","196 m²","Lomas de la Rioja, Alvarado, Veracruz Llave","3","3","/detalle/41032-73-2280e84e4eae-f7c3-52cb2f62-997a-3c44"
"Casa en Fraccionamiento en Venta en Lomas del Sol","$ 4,100,000","305 m²","Lomas del Sol, Alvarado, Veracruz Llave","5","3","/detalle/41032-73-a8e47bd45598-4fb-31aadbf7-9479-3d5b"
"Casa en Fraccionamiento en Venta en Lomas de la Rioja","$ 2,740,000","208 m²","Lomas de la Rioja, Alvarado, Veracruz Llave","4","3","/detalle/41032-73-53f934940932-19db-8bef3491-ac69-3c9b"
"Casa en Fraccionamiento en Venta en Lomas de la Rioja","$ 2,780,000","217 m²","Lomas de la Rioja, Alvarado, Veracruz Llave","4","3","/detalle/41032-73-61f4b2f45dcc-f531-c95b163e-961b-34ae"
"Casa en Fraccionamiento en Venta en Lomas de la Rioja","$ 2,450,000","212 m²","Lomas de la Rioja, Alvarado, Veracruz Llave","3","4","/detalle/41032-73-6e17318fe62d-aad3-7f1a38e6-ba50-396f"
"Casa en Fraccionamiento en Venta en Lomas de la Rioja","$ 2,480,000","190 m²","Lomas de la Rioja, Alvarado, Veracruz Llave","5","4","/detalle/41032-73-9a0ba3da4f7-8c58-2e138b83-b4c1-36ab"
"Casa en Fraccionamiento en Venta en Alvarado Centro","$ 6,200,000","326 m²","Alvarado Centro, Alvarado, Veracruz Llave","No disponible","3","/detalle/41032-73-62863c402cb6-6b96-ba4c301a-a4b7-4a2f"
"Casa en Fraccionamiento en Venta en Lomas de la Rioja","$ 2,690,000","188 m²","Lomas de la Rioja, Alvarado, Veracruz Llave","4","3","/detalle/41032-73-417fb6b0e10a-e071-794b77e6-95ae-335d"
"Casa en Fraccionamiento en Venta en Lomas del Sol","$ 4,100,000","253 m²","Lomas del Sol, Alvarado, Veracruz Llave","3","3","/detalle/41032-73-a4577d27c0b2-67c3-53e04efe-be81-3cde"
"Casa en Fraccionamiento en Venta en Isla Del Amor","$ 2,280,000","135 m²","Isla Del Amor, Alvarado, Veracruz Llave","4","3","/detalle/41032-73-f683ed1c4f62-1fea-19b8fed4-a14d-3a4b"
"Casa en Fraccionamiento en Venta en Lomas de la Rioja","$ 2,690,000","203 m²","Lomas de la Rioja, Alvarado, Veracruz Llave","4","3","/detalle/41032-73-aaff5886ae79-fa7-c804f934-bee6-3cb5"
"Casa en Fraccionamiento en Venta en Lomas de la Rioja","$ 2,150,000","152 m²","Lomas de la Rioja, Alvarado, Veracruz Llave","4","3","/detalle/41032-73-7b1e1e01cebe-c77d-d4d311ce-85d9-345b"
"Casa en Fraccionamiento en Venta en Lomas del Sol","$ 4,200,000","265 m²","Lomas del Sol, Alvarado, Veracruz Llave","5","3","/detalle/41032-73-e4740390765b-494-b05a2526-8a59-3486"
"Casa en Fraccionamiento en Venta en Las Lomas","$ 3,650,000","254 m²","Las Lomas, Alvarado, Veracruz Llave","5","3","/detalle/41032-73-60906e69a4a7-d763-9a72cbfb-aaad-39d4"
"Casa en Venta en Alvarado Centro","$ 4,940,000","2 m²","Alvarado Centro, Alvarado, Veracruz Llave","4","3","/detalle/41032-73-97378c8213b3-3c27-1978d55-956d-7463"
"Casa en Fraccionamiento en Venta en Lomas de la Rioja","$ 2,425,000","171 m²","Lomas de la Rioja, Alvarado, Veracruz Llave","3","3","/detalle/41032-73-69602d434e0d-c4da-a3e2fbc3-9934-39e2"
"Casa en Fraccionamiento en Venta en Lomas del Sol","$ 3,200,000","220 m²","Lomas del Sol, Alvarado, Veracruz Llave","3","4","/detalle/41032-73-c25b59e2c710-aec6-3e17c594-b0e3-3658"
"Casa en Fraccionamiento en Venta en Las Lomas","$ 3,900,000","350 m²","Las Lomas, Alvarado, Veracruz Llave","5","5","/detalle/41032-73-b513dbdc8ad3-2005-19719cf-bd80-8042"
"Casa en Fraccionamiento en Venta en Alvarado Centro","$ 2,550,000","168 m²","Alvarado Centro, Alvarado, Veracruz Llave","3","3","/detalle/41032-73-98d6681001bd-b617-628fcf5a-92d7-3093"
"Casa en Venta en Alvarado Centro","$ 3,800,000","195 m²","Alvarado Centro, Alvarado, Veracruz Llave","3","3","/detalle/41032-73-b16009111b19-efa-434c9e48-841a-38a0"
"Casa en Venta en Alvarado Centro","$ 4,750,000","250 m²","Alvarado Centro, Alvarado, Veracruz Llave","3","3","/detalle/41032-73-a613d2838032-ceeb-658da342-895f-4e2f"
"Casa en Venta en Playas de Conchal","$ 4,150,000","205 m²","Playas de Conchal, Alvarado, Veracruz Llave","2","3","/detalle/41032-73-2132a1cdfe3b-b8a4-1944233-9e81-715b"
"Casa en Venta en Alvarado Centro","$ 3,350,000","174 m²","Alvarado Centro, Alvarado, Veracruz Llave","3","3","/detalle/41032-73-986ed8651b07-16b9-196a93c-bca0-7177"
"Casa en Venta en San Jose Novillero","$ 4,100,000","213 m²","San Jose Novillero, Boca del Río, Veracruz Llave","3","3","/detalle/41032-73-2e38736a6b9c-e4b2-19442ab-9e81-715b"
"Casa en Venta en Alvarado Centro","$ 4,050,000","215 m²","Alvarado Centro, Alvarado, Veracruz Llave","3","3","/detalle/41032-73-6f06dd23a515-dbd7-19790f3-a579-7585"
"Casa en Venta en Alvarado Centro","$ 2,900,000","190 m²","Alvarado Centro, Alvarado, Veracruz Llave","3","3","/detalle/41032-73-88f6fc8edbe6-f273-1967075-874a-7e80"
"Casa en Venta en Lomas de la Rioja","$ 3,150,000","153 m²","Lomas de la Rioja, Alvarado, Veracruz Llave","3","3","/detalle/41032-73-22e9306db2a3-bae-1943949-8dc8-7274"
"Casa en Venta en Lomas del Sol","$ 7,200,000","305 m²","Lomas del Sol, Alvarado, Veracruz Llave","4","3","/detalle/41032-73-84f7d62d415-5952-1969ece-9ee7-71a3"
"Casa en Venta en Alvarado Centro","$ 3,780,000","189 m²","Alvarado Centro, Alvarado, Veracruz Llave","3","3","/detalle/41032-73-e7b4499ca3a5-eaf-196851e-85d0-7ea3"
"Casa en Venta en Alvarado Centro","$ 3,720,000","176 m²","Alvarado Centro, Alvarado, Veracruz Llave","3","3","/detalle/41032-73-f713df30287b-360f-1968516-85b3-7d13"
"Casa en Venta en Alvarado Centro","$ 3,150,000","153 m²","Alvarado Centro, Alvarado, Veracruz Llave","3","3","/detalle/41032-73-2eedf33e86cc-7c8-1967fef-a468-7c9d"
"Casa en Venta en Playas de Conchal","$ 8,925,000","385 m²","Playas de Conchal, Alvarado, Veracruz Llave","5","3","/detalle/41032-73-c52ef1294f95-d961-1956d21-b35b-7d18"
"Casa en Venta en Alvarado Centro","$ 8,500,000","406 m²","Alvarado Centro, Alvarado, Veracruz Llave","5","4","/detalle/41032-73-9f8d75894f32-a334-19147cf-a632-78c9"
"Casa en Venta en Playas de Conchal","$ 7,400,000","611 m²","Playas de Conchal, Alvarado, Veracruz Llave","5","5","/detalle/41032-73-99de5d9dde1f-54a2-1914d2f-9c5f-76a9"
"Casa en Venta en Anton Lizardo","$ 4,250,000","245 m²","Anton Lizardo, Alvarado, Veracruz Llave","3","3","/detalle/41032-73-60b6ec9da653-faf7-19586b9-a520-803c"
"Casa en Venta en Lomas del Sol","$ 7,200,000","325 m²","Lomas del Sol, Alvarado, Veracruz Llave","3","3","/detalle/41032-73-d8666acaf2bf-db0d-1920664-8791-77c6"
"Casa en Venta en Playas de Conchal","$ 4,600,000","216 m²","Playas de Conchal, Alvarado, Veracruz Llave","3","3","/detalle/41032-73-7782b39413a5-517c-1952a11-8c79-715d"
"Casa en Venta en Alvarado Centro","$ 3,350,000","170 m²","Alvarado Centro, Alvarado, Veracruz Llave","2","3","/detalle/41032-73-2ad7157ae924-26c1-19746e8-aee8-7490"
"Casa en Venta en Alvarado Centro","$ 11,500,000","390 m²","Alvarado Centro, Alvarado, Veracruz Llave","4","3","/detalle/41032-73-ed27366428e2-ccd3-1919f58-be8d-759a"
"Casa en Venta en Lomas Del Mar","$ 2,300,000","170 m²","Lomas Del Mar, Boca del Río, Veracruz Llave","2","2","/detalle/41032-73-848749433c49-b3e2-193647a-9ee5-7053"
"Casa en Venta en Lomas del Sol","$ 4,990,000","245 m²","Lomas del Sol, Alvarado, Veracruz Llave","4","3","/detalle/41032-73-9e6816a591d4-b26c-195db1f-9813-7b43"
"Casa en Venta en Lomas del Sol","$ 7,200,000","325 m²","Lomas del Sol, Alvarado, Veracruz Llave","3","3","/detalle/41032-73-5738e43ae5f8-d9cb-194dc93-b2bf-7349"
"Casa en Venta en Las Lomas","$ 4,320,000","223 m²","Las Lomas, Alvarado, Veracruz Llave","4","3","/detalle/41032-73-32ca59cd68e3-f8f3-194dd6f-a8dd-76a5"
"Casa en Venta en Lomas del Sol","$ 4,650,000","305 m²","Lomas del Sol, Alvarado, Veracruz Llave","3","3","/detalle/41032-73-185371c9d7c7-56db-194dee9-a2c6-76a6"
"Casa en Venta en Lomas del Sol","$ 3,750,000","230 m²","Lomas del Sol, Alvarado, Veracruz Llave","4","3","/detalle/41032-73-dfff97f83a6a-d6c2-194dc2a-a9b0-7826"
"Casa en Fraccionamiento en Venta en Lomas del Sol","$ 13,200,000","500 m²","Lomas del Sol, Alvarado, Veracruz Llave","6","4","/detalle/41032-73-650d7e8cac8d-ff44-197d29b-b3e0-70e8"
"Casa en Fraccionamiento en Venta en Playas de Conchal","$ 7,360,000","253 m²","Playas de Conchal, Alvarado, Veracruz Llave","4","4","/detalle/41032-73-aba28d628202-fc0c-19296a4-8953-7b1a"
"Casa en Venta en Playas de Conchal","$ 4,600,000","300 m²","Playas de Conchal, Alvarado, Veracruz Llave","3","3","/detalle/41032-73-f980cad313ce-23fa-197a585-8408-7bc7"
"Casa en Venta en Lomas de la Rioja","$ 3,100,000","155 m²","Lomas de la Rioja, Alvarado, Veracruz Llave","3","3","/detalle/41032-73-7e9d6e3eb03f-a35f-195e574-82a6-7177"
"Casa en Venta en Lomas de la Rioja","$ 3,700,000","213 m²","Lomas de la Rioja, Alvarado, Veracruz Llave","3","3","/detalle/41032-73-c95c66ff23a8-ca0a-1950803-851c-72d9"
"Casa en Fraccionamiento en Venta en Alvarado Centro","$ 8,280,000","500 m²","Alvarado Centro, Alvarado, Veracruz Llave","4","4","/detalle/41032-73-ad1040756a28-f0c8-194b87b-bd1d-7f2e"
"Casa en Venta en Lomas de la Rioja","$ 2,800,000","160 m²","Lomas de la Rioja, Alvarado, Veracruz Llave","3","3","/detalle/41032-73-cb8ccd090eaf-9e6c-18ffdb8-bbcd-7a32"
"Casa en Fraccionamiento en Venta en Lomas del Sol","$ 3,500,000","220 m²","Lomas del Sol, Alvarado, Veracruz Llave","2","3","/detalle/41032-73-480b292b5ee1-d014-3d414df2-9abf-3796"
"Casa en Venta en Playas de Conchal","$ 4,800,000","245 m²","Playas de Conchal, Alvarado, Veracruz Llave","3","3","/detalle/41032-73-17dc6058a6d0-9f9f-196a7cd-af22-7b80"
"Casa en Venta en Mandinga de Agua","$ 2,600,000","168 m²","Mandinga de Agua, Alvarado, Veracruz Llave","2","2","/detalle/41032-73-18d72438e58f-cfd1-1969385-badc-78cc"
"Casa en Fraccionamiento en Venta en Lomas de la Rioja","$ 4,300,000","260 m²","Lomas de la Rioja, Alvarado, Veracruz Llave","4","4","/detalle/41032-73-152125466f0-5c4d-96c401db-995a-38e8"
"Casa en Venta en Alvarado Centro","$ 3,800,000","213 m²","Alvarado Centro, Alvarado, Veracruz Llave","3","3","/detalle/41032-73-12f04edb4ac9-8c59-194861e-9e2e-79e4"
"Casa en Fraccionamiento en Venta en Alvarado Centro","$ 5,800,000","273 m²","Alvarado Centro, Alvarado, Veracruz Llave","4","3","/detalle/41032-73-99cad8dbcf11-1288-19448a1-948e-7052"
"Casa en Venta en Lomas de la Rioja","$ 2,998,000","192 m²","Lomas de la Rioja, Alvarado, Veracruz Llave","4","3","/detalle/41032-73-1313452d042f-990e-79375dbf-bf35-3844"
"Casa en Venta en Alvarado Centro","$ 3,290,000","170 m²","Alvarado Centro, Alvarado, Veracruz Llave","2","4","/detalle/41032-73-f0b017623cbb-43a4-1962099-b89e-8044"
"Casa en Fraccionamiento en Venta en Lomas del Sol","$ 3,250,000","222 m²","Lomas del Sol, Alvarado, Veracruz Llave","2","3","/detalle/41032-73-13930b7dee14-7476-c44a8eba-a504-3b11"
"Casa en Venta en Playas de Conchal","$ 3,000,000","206 m²","Playas de Conchal, Alvarado, Veracruz Llave","2","2","/detalle/41032-73-e67ac146833-405e-196264a-8bba-79e7"
"Casa en Venta en Lomas del Sol","$ 4,980,000","348 m²","Lomas del Sol, Alvarado, Veracruz Llave","3","3","/detalle/41032-73-7b4a9d982b44-b94-2b42ab74-920d-37d8"
"Casa en Fraccionamiento en Venta en Anton Lizardo","$ 7,180,000","368 m²","Anton Lizardo, Alvarado, Veracruz Llave","3","3","/detalle/41032-73-25b14f9368f5-cc87-195b047-bd09-7496"
"Casa en Venta en Luis Echeverria Alvarez","$ 3,630,000","220 m²","Luis Echeverria Alvarez, Boca del Río, Veracruz Llave","3","3","/detalle/41032-73-73be84245997-6b99-1966ecf-875d-7275"
"Casa en Venta en Lomas del Sol","$ 4,499,000","253 m²","Lomas del Sol, Alvarado, Veracruz Llave","3","3","/detalle/41032-73-f9218ee7b39b-1b1d-196263a-8bb9-79e7"
"Casa en Venta en Alvarado Centro","$ 2,850,000","152 m²","Alvarado Centro, Alvarado, Veracruz Llave","2","3","/detalle/41032-73-927f8c21ef9c-76bf-195f2ce-9285-7160"
"Casa en Fraccionamiento en Venta en Alvarado Centro","$ 2,990,000","140 m²","Alvarado Centro, Alvarado, Veracruz Llave","2","3","/detalle/41032-73-be3333435394-61a9-19654bb-b2b0-7168"
"Casa en Venta en Alvarado Centro","$ 4,100,000","266 m²","Alvarado Centro, Alvarado, Veracruz Llave","3","3","/detalle/41032-73-36128acb421c-fc0c-1938ee4-82f6-7e27"
"Casa en Venta en Lomas de la Rioja","$ 3,350,000","220 m²","Lomas de la Rioja, Alvarado, Veracruz Llave","3","3","/detalle/41032-73-a30564ad6eab-d604-18fab52-a841-70dd"
"Casa en Venta en Alvarado Centro","$ 3,350,000","174 m²","Alvarado Centro, Alvarado, Veracruz Llave","3","3","/detalle/41032-73-d6ab7289b381-4a1f-194f7de-bc6f-7278"
"Casa en Venta en Alvarado Centro","$ 4,975,000","210 m²","Alvarado Centro, Alvarado, Veracruz Llave","2","3","/detalle/41032-73-69d76a895908-63e9-195ac7d-9dea-7aee"
"Casa en Venta en Alvarado Centro","$ 5,050,000","222 m²","Alvarado Centro, Alvarado, Veracruz Llave","2","3","/detalle/41032-73-7ab2af375947-5d0e-195ab49-a787-759e"
"Casa en Venta en Alvarado Centro","$ 8,500,000","406 m²","Alvarado Centro, Alvarado, Veracruz Llave","3","4","/detalle/41032-73-5718ea56be08-8fc8-19123d6-b0a3-79e8"
"Casa en Fraccionamiento en Venta en Playas de Conchal","$ 7,180,000","311.93 m²","Playas de Conchal, Alvarado, Veracruz Llave","3","3","/detalle/41032-73-9d4f8766e9e4-6e0a-190d3d9-8230-792a"
"Casa en Venta en Lomas de la Rioja","$ 2,050,000","120 m²","Lomas de la Rioja, Alvarado, Veracruz Llave","2","3","/detalle/41032-73-a85e803445b1-46fc-196e13d-a390-7daf"
"Casa en Venta en Alvarado Centro","$ 3,980,000","148 m²","Alvarado Centro, Alvarado, Veracruz Llave","3","3","/detalle/41032-73-f3dd381f7333-97f7-194e213-9e23-7079"
"Casa en Venta en Lomas de la Rioja","$ 3,800,000","No disponible","Lomas de la Rioja, Alvarado, Veracruz Llave","3","3","/detalle/41032-73-e76fada41584-46a7-19442fe-a68b-75ec"
"Casa en Venta en Lomas de la Rioja","$ 2,760,000","199.75 m²","Lomas de la Rioja, Alvarado, Veracruz Llave","2","3","/detalle/41032-73-83d5f9b7c4d1-218-1944377-b639-787a"
"Casa en Venta en Alvarado Centro","$ 3,490,000","No disponible","Alvarado Centro, Alvarado, Veracruz Llave","2","2","/detalle/41032-73-ea1d96b21ed2-d701-194d316-8134-7227"
"Casa en Venta en Playas de Conchal","$ 6,290,000","290,000 m²","Playas de Conchal, Alvarado, Veracruz Llave","4","4","/detalle/41032-73-e14b0b54e0bb-f6b3-1948fed-bf79-7d87"
"Casa en Venta en Alvarado Centro","$ 2,050,000","120 m²","Alvarado Centro, Alvarado, Veracruz Llave","2","3","/detalle/41032-73-132e3cfb7026-7383-19754ff-bd5d-7daf"
"Casa en Venta en San Jose Novillero","$ 5,450,000","250 m²","San Jose Novillero, Boca del Río, Veracruz Llave","3","4","/detalle/41032-73-1e5840b4162c-fe5-1958e19-a46a-79db"
"Casa en Venta en Mandinga y Cardon","$ 3,650,008","140 m²","Mandinga y Cardon, Alvarado, Veracruz Llave","2","3","/detalle/41032-73-a564deff0725-9d8d-194d30c-9666-7dbf"
"Casa en Venta en Alvarado Centro","$ 3,150,000","144 m²","Alvarado Centro, Alvarado, Veracruz Llave","3","3","/detalle/41032-73-e4c26e313002-43ac-1944302-8e11-7c94"
"Casa en Venta en Alvarado Centro","$ 4,580,000","245 m²","Alvarado Centro, Alvarado, Veracruz Llave","4","3","/detalle/41032-73-b874d14bd6dd-6d0c-19625cf-9e20-78a2"
"Casa en Venta en Playas de Conchal","$ 7,250,000","377 m²","Playas de Conchal, Alvarado, Veracruz Llave","3","3","/detalle/41032-73-5c1e03c240f0-2aee-1971021-a8b6-7b6e"
"Casa en Venta en Lomas del Sol","$ 3,600,000","225 m²","Lomas del Sol, Alvarado, Veracruz Llave","3","No disponible","/detalle/41032-73-497a41451a68-b0fa-1973e7a-a4bb-77dd"
"Casa en Venta en Alvarado Centro","$ 3,800,000","266 m²","Alvarado Centro, Alvarado, Veracruz Llave","3","3","/detalle/41032-73-479fdce136e6-43a3-194df99-8467-79ad"
"Casa en Venta en Lomas de la Rioja","$ 2,799,500","174 m²","Lomas de la Rioja, Alvarado, Veracruz Llave","2","3","/detalle/41032-73-10723493c677-b988-194db6b-8836-718f"
"Casa en Venta en Lomas de la Rioja","$ 4,999,500","436 m²","Lomas de la Rioja, Alvarado, Veracruz Llave","5","5","/detalle/41032-73-2ef4f51f19dc-e0ae-194dbc8-bf4a-70d5"
"Casa en Venta en Playas de Conchal","$ 8,500,000","530 m²","Playas de Conchal, Alvarado, Veracruz Llave","5","4","/detalle/41032-73-9b6f9ae9ce6f-f2ca-194dbe9-930d-7db5"
"Casa en Venta en Playas de Conchal","$ 6,850,000","330 m²","Playas de Conchal, Alvarado, Veracruz Llave","4","3","/detalle/41032-73-1dd9760f9994-f4dd-1927cd7-a984-7e19"
"Casa en Venta en Lomas del Sol","$ 3,800,000","210 m²","Lomas del Sol, Alvarado, Veracruz Llave","3","3","/detalle/41032-73-d9cb42b31bc2-dff2-1971dcc-90b9-748b"
"Casa en Venta en Alvarado Centro","$ 4,350,000","213 m²","Alvarado Centro, Alvarado, Veracruz Llave","3","3","/detalle/41032-73-57c80c8927ff-6c3d-c65ff2b1-963e-4b35"
"Casa en Venta en Lomas del Sol","$ 3,750,000","229 m²","Lomas del Sol, Alvarado, Veracruz Llave","4","3","/detalle/41032-73-4be8e3c47300-cd38-1938e20-aa11-78cc"
"Casa en Venta en Playas de Conchal","$ 12,250,000","452 m²","Playas de Conchal, Alvarado, Veracruz Llave","5","3","/detalle/41032-73-88c34ea8911-b03a-1929652-a651-79df"
"Casa en Venta en Alvarado Centro","$ 5,600,000","261 m²","Alvarado Centro, Alvarado, Veracruz Llave","3","4","/detalle/41032-73-110e4a6aac9a-2fd3-194db8b-920d-7ae1"
"Casa en Venta en Lomas de la Rioja","$ 5,150,000","236 m²","Lomas de la Rioja, Alvarado, Veracruz Llave","3","3","/detalle/41032-73-4a68ee5ff2e2-cc6a-1975d68-bfef-7d28"
"Casa en Venta en Alvarado Centro","$ 5,500,000","310 m²","Alvarado Centro, Alvarado, Veracruz Llave","3","3","/detalle/41032-73-29e617675035-4693-196d250-88aa-70d1"
"Casa en Venta en Lomas del Sol","$ 4,299,000","253 m²","Lomas del Sol, Alvarado, Veracruz Llave","3","3","/detalle/41032-73-641011f00c15-de95-194dc35-b6b1-76ba"
"Casa en Venta en El Conchal","$ 2,800,000","151 m²","El Conchal, Alvarado, Veracruz Llave","3","3","/detalle/41032-73-1e101010d233-9ff0-eef885f0-8360-4be1"
"Casa en Fraccionamiento en Venta en Lomas de la Rioja","$ 2,350,000","188 m²","Lomas de la Rioja, Alvarado, Veracruz Llave","4","3","/detalle/41032-73-c884632433d8-f1e0-14bb0e84-ae69-3f81"
"Casa en Venta en Alvarado Centro","$ 2,600,000","150 m²","Alvarado Centro, Alvarado, Veracruz Llave","2","3","/detalle/41032-73-42436bbb3d96-dce6-1956efd-93ea-7608"
"Casa en Venta en Playas de Conchal","$ 8,950,000","376 m²","Playas de Conchal, Alvarado, Veracruz Llave","5","3","/detalle/41032-73-53ee8cd08cf4-d028-1971fef-a26b-759c"
"Casa en Venta en Lomas de la Rioja","$ 3,220,000","204 m²","Lomas de la Rioja, Alvarado, Veracruz Llave","2","3","/detalle/41032-73-f15dda087623-f70e-194db4a-bed0-7e31"
"Casa en Venta en Alvarado Centro","$ 3,165,000","186 m²","Alvarado Centro, Alvarado, Veracruz Llave","3","3","/detalle/41032-73-b2cc45a89990-f768-1927a0c-a033-77dc"
"Casa en Venta en Lomas de la Rioja","$ 3,490,000","165 m²","Lomas de la Rioja, Alvarado, Veracruz Llave","2","2","/detalle/41032-73-1681bf19e935-df2d-195930f-a718-7433"
"Casa en Venta en Lomas de la Rioja","$ 3,980,000","212 m²","Lomas de la Rioja, Alvarado, Veracruz Llave","2","3","/detalle/41032-73-ed33673dbf3a-f297-194df44-b329-763b"
"Casa en Venta en Lomas de la Rioja","$ 3,350,000","170 m²","Lomas de la Rioja, Alvarado, Veracruz Llave","3","3","/detalle/41032-73-616247e7c71-a1cf-194d305-873d-7924"
"Casa en Venta en Lomas del Sol","$ 4,500,000","283 m²","Lomas del Sol, Alvarado, Veracruz Llave","2","3","/detalle/41032-73-d20f849696e-8301-196ea04-83b9-7385"
"Casa en Venta en Lomas del Sol","$ 4,500,000","305 m²","Lomas del Sol, Alvarado, Veracruz Llave","3","3","/detalle/41032-73-ce80ae109fb4-c5d7-187870d-bd0e-4925"
"Casa en Venta en Playas de Conchal","$ 5,190,000","252 m²","Playas de Conchal, Alvarado, Veracruz Llave","3","3","/detalle/41032-73-7c6ac0e775de-cabe-7d5684d9-baed-391c"
"Casa en Venta en Anton Lizardo","$ 2,990,000","No disponible","Anton Lizardo, Alvarado, Veracruz Llave","4","4","/detalle/41032-73-1fcd3a5633f1-228-1946753-9f70-7d13"
"Casa en Venta en Playa de Vacas","$ 5,500,000","270 m²","Playa de Vacas, Medellín, Veracruz Llave","3","3","/detalle/41032-73-17ee94755418-1b7f-194dbd5-9eb9-7ed1"
"Casa en Venta en Lomas del Sol","$ 7,200,000","290 m²","Lomas del Sol, Alvarado, Veracruz Llave","3","3","/detalle/41032-73-a3a677dc3fd1-9fb9-194df53-8cfe-7a09"
"Casa en Venta en Villas Del Alvarado","$ 3,190,000","145 m²","Villas Del Alvarado, Alvarado, Veracruz Llave","3","3","/detalle/41032-73-d4da58f3780a-e37b-195acda-83e5-7885"
"Casa en Venta en Playas de Conchal","$ 5,150,000","230 m²","Playas de Conchal, Alvarado, Veracruz Llave","3","3","/detalle/41032-73-1a6aa331c123-ab55-194dca0-b7bc-7073"
"Casa en Venta en Alvarado Centro","$ 4,900,000","250 m²","Alvarado Centro, Alvarado, Veracruz Llave","3","3","/detalle/41032-73-d32fa7515a00-1a32-194db51-97f7-7c08"
"Casa en Venta en Lomas de la Rioja","$ 2,450,000","119 m²","Lomas de la Rioja, Alvarado, Veracruz Llave","2","3","/detalle/41032-73-ea2ec3846549-8202-194dd2b-b8f6-7120"
"Casa en Fraccionamiento en Venta en Lomas del Sol","$ 4,500,000","280 m²","Lomas del Sol, Alvarado, Veracruz Llave","4","4","/detalle/41032-73-59b78b261315-1742-28072ba0-ba1e-495d"
"Casa en Fraccionamiento en Venta en Alvarado Centro","$ 3,800,000","200 m²","Alvarado Centro, Alvarado, Veracruz Llave","3","3","/detalle/41032-73-512de245263f-7493-1928ced-9c11-79e4"
"Casa en Fraccionamiento en Venta en Lomas del Sol","$ 17,000,000","700 m²","Lomas del Sol, Alvarado, Veracruz Llave","5","5","/detalle/41032-73-975074e6ad91-bd14-40348dcd-a216-445c"
"Casa en Venta en Playas de Conchal","$ 5,950,000","253 m²","Playas de Conchal, Alvarado, Veracruz Llave","4","3","/detalle/41032-73-54ea73e9f93c-9a02-1effbcd5-9aed-4177"
"Casa en Venta en Playas de Conchal","$ 6,290,000","324 m²","Playas de Conchal, Alvarado, Veracruz Llave","5","4","/detalle/41032-73-cd9ab2aaeaa9-3833-a84823c9-86d2-1fa2"
"Casa en Venta en Alvarado Centro","$ 5,000,000","290 m²","Alvarado Centro, Alvarado, Veracruz Llave","3","3","/detalle/41032-73-5ca8b8e3917d-b398-19568e9-8424-7bfe"
"Casa en Venta en Playas de Conchal","$ 6,000,000","337 m²","Playas de Conchal, Alvarado, Veracruz Llave","3","3","/detalle/41032-73-3262ac098355-2ee4-1924f38-98d9-726b"
"Casa en Venta en Playas de Conchal","$ 7,790,000","292 m²","Playas de Conchal, Alvarado, Veracruz Llave","4","3","/detalle/41032-73-2d6912737908-ddd4-19105eb-9792-78d3"
"Casa en Fraccionamiento en Venta en Las Lomas","$ 2,600,000","135 m²","Las Lomas, Alvarado, Veracruz Llave","No disponible","3","/detalle/41032-73-e6bef48d2cf1-df80-1978fc6-87a0-7e20"
"Casa en Fraccionamiento en Venta en Alvarado Centro","$ 2,190,000","87 m²","Alvarado Centro, Alvarado, Veracruz Llave","2","2","/detalle/41032-73-bbaca58d3a6d-6413-1978af6-b7a1-7386"
"Casa en Venta en Lomas del Sol","$ 3,350,000","173 m²","Lomas del Sol, Alvarado, Veracruz Llave","2","3","/detalle/41032-73-44144db79864-6b10-1924f7e-98d9-726b"
"Casa en Venta en Playas de Conchal","$ 6,290,000","324 m²","Playas de Conchal, Alvarado, Veracruz Llave","5","4","/detalle/41032-73-cd9ab2aaeaa9-3837-87a5d009-86d2-1fa2"
"Casa en Venta en Playas de Conchal","$ 5,650,000","261 m²","Playas de Conchal, Alvarado, Veracruz Llave","4","3","/detalle/41032-73-18aaa1d9ff21-9825-52b713bb-9e50-4ab8"
"Casa en Venta en Playas de Conchal","$ 6,050,000","317 m²","Playas de Conchal, Alvarado, Veracruz Llave","3","3","/detalle/41032-73-a211898b7902-64de-ce866253-9d26-4589"
"Casa en Venta en Villas Del Alvarado","$ 2,850,000","120 m²","Villas Del Alvarado, Alvarado, Veracruz Llave","3","3","/detalle/41032-73-caab615a0e7c-c6aa-7767f2af-82c6-4c6d"
"Casa en Venta en Real Mandinga","$ 6,290,000","298 m²","Real Mandinga, Alvarado, Veracruz Llave","4","4","/detalle/41032-73-61591feacadf-dd05-82ae1429-84d5-1053"
"Casa en Venta en Rincon Del Conchal","$ 3,200,000","130 m²","Rincon Del Conchal, Alvarado, Veracruz Llave","3","3","/detalle/41032-73-ca19bc2dc7a1-1da7-191d8ff-859a-737d"
"Casa en Venta en Lomas de la Rioja","$ 3,190,000","163 m²","Lomas de la Rioja, Alvarado, Veracruz Llave","2","3","/detalle/41032-73-b2edf4766534-85f9-194df81-b508-77d6"
"Casa en Venta en Playas de Conchal","$ 4,190,000","234 m²","Playas de Conchal, Alvarado, Veracruz Llave","3","3","/detalle/41032-73-bfba0693dac5-2102-194dc35-99f1-7c4a"
"Casa en Venta en Alvarado Centro","$ 5,980,000","317 m²","Alvarado Centro, Alvarado, Veracruz Llave","4","4","/detalle/41032-73-8a7b450cf45a-7470-194dfa4-9d4e-755a"
"Casa en Venta en Alvarado Centro","$ 4,800,000","250 m²","Alvarado Centro, Alvarado, Veracruz Llave","3","3","/detalle/41032-73-90f055a4dc78-d2e7-1946d7f-aada-7453"
"Casa en Venta en Playas de Conchal","$ 4,990,000","246 m²","Playas de Conchal, Alvarado, Veracruz Llave","3","3","/detalle/41032-73-16d0604adff5-a663-194dd42-a726-7a0d"
"Casa en Venta en Alvarado Centro","$ 2,990,000","140 m²","Alvarado Centro, Alvarado, Veracruz Llave","2","3","/detalle/41032-73-a74bba92dc60-bc24-19496bf-8f1d-7f3a"
"Casa en Venta en Lomas de la Rioja","$ 2,300,000","100 m²","Lomas de la Rioja, Alvarado, Veracruz Llave","2","2","/detalle/41032-73-645c1d523ace-def7-19426ac-9915-7971"
"Casa en Venta en Lomas del Sol","$ 4,500,000","266 m²","Lomas del Sol, Alvarado, Veracruz Llave","4","4","/detalle/41032-73-f7389d06922a-b34-194df0b-987e-78dd"
"Casa en Venta en Lomas del Sol","$ 4,299,000","242 m²","Lomas del Sol, Alvarado, Veracruz Llave","3","3","/detalle/41032-73-dba28aaaa0e6-515b-18f5dde-8315-70ca"
"Casa en Venta en Lomas de la Rioja","$ 3,690,000","210 m²","Lomas de la Rioja, Alvarado, Veracruz Llave","3","3","/detalle/41032-73-972acd9de30c-452b-18f5d53-91b0-7e2b"
"Casa en Venta en Playas de Conchal","$ 17,980,000","700 m²","Playas de Conchal, Alvarado, Veracruz Llave","6","4","/detalle/41032-73-12c1a8d564cb-2ac7-194dc0c-a00e-7636"
"Casa en Venta en Lomas del Sol","$ 3,690,000","188 m²","Lomas del Sol, Alvarado, Veracruz Llave","No disponible","3","/detalle/41032-73-43c03ba846ff-49ce-18f5d60-b3a2-71ee"
"Casa en Venta en Playas de Conchal","$ 4,750,000","250 m²","Playas de Conchal, Alvarado, Veracruz Llave","3","3","/detalle/41032-73-705fce4be2e2-8a15-19426a7-b626-756d"
"Casa en Venta en Lomas de la Rioja","$ 4,300,000","266 m²","Lomas de la Rioja, Alvarado, Veracruz Llave","3","3","/detalle/41032-73-268fb8a8632-24f6-194dc58-bdb5-730c"
"Casa en Venta en Playas de Conchal","$ 4,800,000","223 m²","Playas de Conchal, Alvarado, Veracruz Llave","4","3","/detalle/41032-73-196bb43aaf28-ca4f-1907c1c-80a3-7326"
"Casa en Venta en Lomas de la Rioja","$ 3,850,000","260 m²","Lomas de la Rioja, Alvarado, Veracruz Llave","3","3","/detalle/41032-73-95e4a5516830-b7c0-194dbbc-97b2-785d"
"Casa en Venta en Alvarado Centro","$ 3,350,000","220 m²","Alvarado Centro, Alvarado, Veracruz Llave","3","3","/detalle/41032-73-f62aa869e7c8-2867-194e4f5-a3d7-78ca"
"Casa en Venta en Playas de Conchal","$ 4,300,000","240 m²","Playas de Conchal, Alvarado, Veracruz Llave","3","3","/detalle/41032-73-4694518bfa2c-d320-1954f14-a89c-7273"
"Casa en Venta en Playas de Conchal","$ 7,200,000","305 m²","Playas de Conchal, Alvarado, Veracruz Llave","3","3","/detalle/41032-73-3c3bfb698a71-f698-194e067-be91-7161"
"Casa en Fraccionamiento en Venta en El Conchal","$ 28,000,000","633 m²","El Conchal, Alvarado, Veracruz Llave","4","4","/detalle/41032-73-8b271d2384-9d96-872eafc8-b6dd-3cb1"
"Casa en Venta en Alvarado Centro","$ 5,650,000","268 m²","Alvarado Centro, Alvarado, Veracruz Llave","3","3","/detalle/41032-73-4652ae5926d-5fda-99750ff4-9c5d-41ee"
"Casa en Fraccionamiento en Venta en Lomas del Sol","$ 6,500,000","412 m²","Lomas del Sol, Alvarado, Veracruz Llave","4","3","/detalle/41032-73-8e81c2bd57d1-9860-9a894638-be00-3ec3"
"Casa en Fraccionamiento en Venta en Alvarado Centro","$ 4,050,000","215 m²","Alvarado Centro, Alvarado, Veracruz Llave","4","4","/detalle/41032-73-137858840fad-2026-1972815-8874-7049"
"Casa en Fraccionamiento en Venta en Las Lomas","$ 4,850,000","292 m²","Las Lomas, Alvarado, Veracruz Llave","3","4","/detalle/41032-73-ddfece9cf019-606-409b7c91-a7e7-4e55"
"Casa en Fraccionamiento en Venta en Alvarado Centro","$ 2,850,000","180 m²","Alvarado Centro, Alvarado, Veracruz Llave","3","3","/detalle/41032-73-5849878ca76f-8ae9-196b23a-b09a-748a"
"Casa en Fraccionamiento en Venta en Playas de Conchal","$ 7,250,000","377 m²","Playas de Conchal, Alvarado, Veracruz Llave","5","3","/detalle/41032-73-94027ae0a62-ec3f-195f276-80bc-77c7"
"Casa en Fraccionamiento en Venta en Alvarado Centro","$ 3,050,000","160 m²","Alvarado Centro, Alvarado, Veracruz Llave","3","3","/detalle/41032-73-f2f0f9776b03-16ea-192451b-886b-76ad"
"Casa en Fraccionamiento en Venta en Lomas de la Rioja","$ 2,500,000","236 m²","Lomas de la Rioja, Alvarado, Veracruz Llave","4","3","/detalle/41032-73-f15521277cea-77a7-c9c067e2-985f-3be3"
"Casa en Fraccionamiento en Venta en Anton Lizardo","$ 2,350,000","96 m²","Anton Lizardo, Alvarado, Veracruz Llave","2","2","/detalle/41032-73-552f3160871f-edcd-a7bfac1d-b227-4e54"
"Casa en Fraccionamiento en Venta en Alvarado Centro","$ 2,750,000","165 m²","Alvarado Centro, Alvarado, Veracruz Llave","2","3","/detalle/41032-73-6c5e9167412f-ef2-195beec-924a-7af6"
"Casa en Fraccionamiento en Venta en Alvarado Centro","$ 3,680,000","190 m²","Alvarado Centro, Alvarado, Veracruz Llave","3","3","/detalle/41032-73-4f71150d040f-1302-196b1ef-b09a-748a"
"Casa en Fraccionamiento en Venta en Anton Lizardo","$ 2,400,000","112 m²","Anton Lizardo, Alvarado, Veracruz Llave","2","2","/detalle/41032-73-8a2fff5dd830-ee83-195fd66-af69-76b2"
"Casa en Fraccionamiento en Venta en Playas de Conchal","$ 6,500,000","260 m²","Playas de Conchal, Alvarado, Veracruz Llave","4","3","/detalle/41032-73-43506b0df96c-7e16-1958bd8-bbde-7aef"
"Casa en Fraccionamiento en Venta en Alvarado Centro","$ 5,600,000","330 m²","Alvarado Centro, Alvarado, Veracruz Llave","4","3","/detalle/41032-73-8ddd26fc704e-9daf-8e7b54e8-8da1-3b64"
"Casa en Fraccionamiento en Venta en Playas de Conchal","$ 4,900,000","237 m²","Playas de Conchal, Alvarado, Veracruz Llave","4","3","/detalle/41032-73-403b998bd955-b28d-1966463-9fcf-77c8"
"Casa en Fraccionamiento en Venta en Alvarado Centro","$ 3,150,000","180 m²","Alvarado Centro, Alvarado, Veracruz Llave","3","3","/detalle/41032-73-cb381492d62d-8434-1960790-b97c-77c3"
"Casa en Fraccionamiento en Venta en Lomas del Sol","$ 3,450,000","165 m²","Lomas del Sol, Alvarado, Veracruz Llave","3","3","/detalle/41032-73-f1eb69b7c8c7-7162-baa64806-8323-4a3c"
"Casa en Venta en Alvarado Centro","$ 2,950,000","114 m²","Alvarado Centro, Alvarado, Veracruz Llave","2","2","/detalle/41032-73-d27fe10bb058-1a63-196cbc7-9fc3-76b4"
"Casa en Fraccionamiento en Venta en Alvarado Centro","$ 3,250,000","153 m²","Alvarado Centro, Alvarado, Veracruz Llave","3","3","/detalle/41032-73-9bceacfcde27-4ae4-194a9be-80ce-78cb"
"Casa en Fraccionamiento en Venta en Anton Lizardo","$ 2,850,000","145 m²","Anton Lizardo, Alvarado, Veracruz Llave","3","3","/detalle/41032-73-9e7588b1336b-6f89-1976b7b-80bb-76ac"
"Casa en Fraccionamiento en Venta en Playas de Conchal","$ 6,290,000","250 m²","Playas de Conchal, Alvarado, Veracruz Llave","4","4","/detalle/41032-73-c4f3813bdce8-a631-195f823-83c2-7495"
"Casa en Fraccionamiento en Venta en Alvarado Centro","$ 3,190,000","163 m²","Alvarado Centro, Alvarado, Veracruz Llave","2","3","/detalle/41032-73-357258c1d0f1-baa4-194859a-bf6d-803c"
"Casa en Fraccionamiento en Venta en Alvarado Centro","$ 4,990,000","212 m²","Alvarado Centro, Alvarado, Veracruz Llave","4","3","/detalle/41032-73-fd04bfd117ac-bd87-19201a3-a517-7161"
"Casa en Fraccionamiento en Venta en Lomas del Sol","$ 3,950,000","220 m²","Lomas del Sol, Alvarado, Veracruz Llave","4","3","/detalle/41032-73-c82784f54985-71a2-19581a6-a17b-7d18"
"Casa en Fraccionamiento en Venta en San Jose Novillero","$ 3,150,000","110 m²","San Jose Novillero, Boca del Río, Veracruz Llave","2","2","/detalle/41032-73-8b820561e692-c551-196caa5-99e7-7e22"
"Casa en Fraccionamiento en Venta en San Jose Novillero","$ 4,050,000","210 m²","San Jose Novillero, Boca del Río, Veracruz Llave","3","3","/detalle/41032-73-1446940d203e-7705-195f294-80bc-77c7"
"Casa en Fraccionamiento en Venta en Alvarado Centro","$ 3,950,000","230 m²","Alvarado Centro, Alvarado, Veracruz Llave","3","3","/detalle/41032-73-89625e7b767d-a38d-7c262083-b73c-49e6"
"Casa en Fraccionamiento en Venta en Alvarado Centro","$ 3,190,000","103 m²","Alvarado Centro, Alvarado, Veracruz Llave","2","3","/detalle/41032-73-7447abc0f77f-3896-191be9b-8123-75a0"
"Casa en Venta en Anton Lizardo","$ 3,550,000","200 m²","Anton Lizardo, Alvarado, Veracruz Llave","3","4","/detalle/41032-73-535d843426a3-9df4-ae0dea69-a21d-1237"
"Casa en Venta en Alvarado Centro","$ 5,500,000","250 m²","Alvarado Centro, Alvarado, Veracruz Llave","3","3","/detalle/41032-73-7555076b6f2c-afbb-991a6d99-bae5-1fbb"
"Casa en Venta en Anton Lizardo","$ 3,500,000","180 m²","Anton Lizardo, Alvarado, Veracruz Llave","3","4","/detalle/41032-73-2d0d9445e730-fc35-149c7b89-b063-1f77"
"Casa en Venta en Anton Lizardo","$ 5,800,000","243 m²","Anton Lizardo, Alvarado, Veracruz Llave","3","3","/detalle/41032-73-481fb1fde23f-f3cf-192151d-a8f8-8008"
"Casa en Fraccionamiento en Venta en Playas de Conchal","$ 5,900,000","330 m²","Playas de Conchal, Alvarado, Veracruz Llave","3","3","/detalle/41032-73-84c9c482816-9cc3-15a7574-bfa2-40ba"
"Casa en Venta en Lomas de la Rioja","$ 3,720,000","176 m²","Lomas de la Rioja, Alvarado, Veracruz Llave","3","3","/detalle/41032-73-49188a8df0b-f799-196f85b-85da-727f"
"Casa en Venta en Las Lomas","$ 3,495,000","120 m²","Las Lomas, Alvarado, Veracruz Llave","2","2","/detalle/41032-73-df37cd137d92-aa86-1967a2a-954c-71ff"
"Casa en Venta en Playas de Conchal","$ 6,500,000","280 m²","Playas de Conchal, Alvarado, Veracruz Llave","3","3","/detalle/41032-73-2949ada38978-c4d3-196e1c2-b75b-77b5"
"Casa en Venta en Playas de Conchal","$ 6,500,000","280 m²","Playas de Conchal, Alvarado, Veracruz Llave","3","3","/detalle/41032-73-7703e967c9ef-7e8f-196dcab-a89e-7746"
"Casa en Venta en Playas de Conchal","$ 4,490,000","250 m²","Playas de Conchal, Alvarado, Veracruz Llave","3","3","/detalle/41032-73-66ca5526290e-182-1967085-b021-76ad"
"Casa en Venta en Alvarado Centro","$ 4,750,000","250 m²","Alvarado Centro, Alvarado, Veracruz Llave","3","3","/detalle/41032-73-74181e7f4282-5c5-1939a68-816b-7204"
"Casa en Venta en Lomas Del Estero","$ 8,280,000","550 m²","Lomas Del Estero, Alvarado, Veracruz Llave","4","4","/detalle/41032-73-a25b0a289781-20f6-196708f-b5a5-7d3b"
"Casa en Venta en Alvarado Centro","$ 2,850,000","152 m²","Alvarado Centro, Alvarado, Veracruz Llave","2","3","/detalle/41032-73-b496d6560dc0-ce91-1966644-b825-72c8"
"Casa en Venta en Playas de Conchal","$ 5,150,000","230 m²","Playas de Conchal, Alvarado, Veracruz Llave","3","3","/detalle/41032-73-38aa3ec32c48-d501-19426cb-b53d-710b"
"Casa en Venta en Punta de Arenas","$ 6,990,000","293 m²","Punta de Arenas, Alvarado, Veracruz Llave","4","4","/detalle/41032-73-f905c2d09639-7a56-1934d27-b581-7635"
"Casa en Venta en Alvarado Centro","$ 2,600,000","168 m²","Alvarado Centro, Alvarado, Veracruz Llave","2","2","/detalle/41032-73-722053d4f81c-f1db-1963f7f-af07-7e1a"
"Casa en Venta en Playas de Conchal","$ 5,500,000","270 m²","Playas de Conchal, Alvarado, Veracruz Llave","3","3","/detalle/41032-73-c40cade2684b-70e8-192965f-b179-726b"
"Casa en Venta en Playas de Conchal","$ 8,500,000","406 m²","Playas de Conchal, Alvarado, Veracruz Llave","5","4","/detalle/41032-73-4980553286b1-73bf-196c4cc-941b-7c5c"
"Casa en Venta en Lomas de la Rioja","$ 2,550,000","113 m²","Lomas de la Rioja, Alvarado, Veracruz Llave","2","2","/detalle/41032-73-cdb6e88d93de-510e-19304a6-a803-7d76"
"Casa en Venta en Lomas del Sol","$ 5,695,000","250 m²","Lomas del Sol, Alvarado, Veracruz Llave","3","3","/detalle/41032-73-3de63ddc8f1e-d0c2-561d6132-9c07-3920"
"Casa en Venta en Lomas del Sol","$ 5,450,000","298 m²","Lomas del Sol, Alvarado, Veracruz Llave","3","3","/detalle/41032-73-dd8a99545389-9921-5120e29c-9eb9-3247"
"Casa en Venta en Alvarado Centro","$ 4,750,000","No disponible","Alvarado Centro, Alvarado, Veracruz Llave","3","3","/detalle/41032-73-f9014dee5929-40eb-2bf00f0f-9754-39e4"
"Casa en Venta en Lomas de la Rioja","$ 2,950,000","132 m²","Lomas de la Rioja, Alvarado, Veracruz Llave","3","3","/detalle/41032-73-7ede0b69531-1ddc-194fd42-a5ee-7b46"
"Casa en Venta en Lomas de la Rioja","$ 3,980,000","210 m²","Lomas de la Rioja, Alvarado, Veracruz Llave","2","3","/detalle/41032-73-df5836991d46-e71b-18ef437-aa73-7d04"
"Casa en Venta en Alvarado Centro","$ 3,180,000","186 m²","Alvarado Centro, Alvarado, Veracruz Llave","2","3","/detalle/41032-73-7b62d6f582ac-8a6-1917a60-96a8-76cb"
"Casa en Venta en Alvarado Centro","$ 6,550,000","292 m²","Alvarado Centro, Alvarado, Veracruz Llave","3","3","/detalle/41032-73-601a4d9524ef-e29b-f54675f0-9c9f-3d6f"
"Casa en Venta en Alvarado Centro","$ 3,750,000","194 m²","Alvarado Centro, Alvarado, Veracruz Llave","3","3","/detalle/41032-73-dbd82093ed16-64e0-dfa553ca-9cd7-3a0d"
"Casa en Venta en Alvarado Centro","$ 3,800,000","266 m²","Alvarado Centro, Alvarado, Veracruz Llave","3","3","/detalle/41032-73-21bc461c7caf-4f13-1926a1b-96da-789b"
"Casa en Venta en Playas de Conchal","$ 7,750,000","340 m²","Playas de Conchal, Alvarado, Veracruz Llave","3","3","/detalle/41032-73-f5bc54f1189c-f250-1976251-9550-781f"
"Casa en Venta en Alvarado Centro","$ 3,350,000","200 m²","Alvarado Centro, Alvarado, Veracruz Llave","2","3","/detalle/41032-73-10e4a32f47ab-c7b7-1922c65-b826-758a"
"Casa en Fraccionamiento en Venta en Playas de Conchal","$ 8,500,000","450 m²","Playas de Conchal, Alvarado, Veracruz Llave","No disponible","No disponible","/detalle/41032-73-7fe54853467-2e8b-57f6b5a0-a1c5-4eda"
"Casa en Venta en Alvarado Centro","$ 4,480,000","229 m²","Alvarado Centro, Alvarado, Veracruz Llave","3","3","/detalle/41032-73-b374f8dced31-4962-19291c5-b481-7cd7"
"Casa en Venta en Alvarado Centro","$ 6,700,000","313 m²","Alvarado Centro, Alvarado, Veracruz Llave","3","3","/detalle/41032-73-2041d14954d2-b076-195f8e9-8bd0-7576"
"Casa en Venta en Lomas de la Rioja","$ 2,990,000","140 m²","Lomas de la Rioja, Alvarado, Veracruz Llave","2","3","/detalle/41032-73-422915c7a3b6-fd1e-196c81e-b4b7-739b"
"Casa en Venta en Lomas del Sol","$ 4,300,000","268 m²","Lomas del Sol, Alvarado, Veracruz Llave","3","3","/detalle/41032-73-b89fe67ee196-95a-c1aa1fff-84cf-30a1"
"Casa en Venta en Lomas de la Rioja","$ 2,690,000","210 m²","Lomas de la Rioja, Alvarado, Veracruz Llave","4","3","/detalle/41032-73-76645af15bb7-a182-d55df55e-b374-355d"
"Casa en Fraccionamiento en Venta en Lomas de la Rioja","$ 2,200,000","133 m²","Lomas de la Rioja, Alvarado, Veracruz Llave","2","2","/detalle/41032-73-49314aefea20-dda4-6eea26a3-bc9a-32e0"
"Casa en Fraccionamiento en Venta en Lomas de la Rioja","$ 2,785,000","175 m²","Lomas de la Rioja, Alvarado, Veracruz Llave","3","3","/detalle/41032-73-bff4d63f71f8-1b54-62b41742-8b06-3284"
"Casa en Fraccionamiento en Venta en Costa de Oro 1a Secc","$ 5,750,000","285 m²","Costa de Oro 1a Secc, Boca del Río, Veracruz Llave","5","3","/detalle/41032-73-67fbc713dd06-4fac-552a9c21-a06d-3f47"
"Casa en Fraccionamiento en Venta en Playas de Conchal","$ 4,100,000","265 m²","Playas de Conchal, Alvarado, Veracruz Llave","5","3","/detalle/41032-73-37162e6cb800-86b6-30cd00ed-a90e-3645"
"Casa en Fraccionamiento en Venta en Playas de Conchal","$ 3,280,000","258 m²","Playas de Conchal, Alvarado, Veracruz Llave","5","3","/detalle/41032-73-edd9a54c2be7-73f9-81af299c-b23e-3d77"
"Casa en Fraccionamiento en Venta en Lomas de la Rioja","$ 2,350,000","143 m²","Lomas de la Rioja, Alvarado, Veracruz Llave","4","3","/detalle/41032-73-97f73cb5f703-b77f-4af31446-8661-36d6"
"Casa en Venta en Lomas de la Rioja","$ 2,150,000","107 m²","Lomas de la Rioja, Alvarado, Veracruz Llave","2","2","/detalle/41032-73-9f1b8a946935-c35f-bfd5be93-9cfe-3ecc"
"Casa en Fraccionamiento en Venta en Lomas de la Rioja","$ 2,250,000","148 m²","Lomas de la Rioja, Alvarado, Veracruz Llave","4","3","/detalle/41032-73-a635e34b5edf-e6ad-bf8aee82-a2cb-331e"
"Casa en Venta en Lomas de la Rioja","$ 2,790,000","160 m²","Lomas de la Rioja, Alvarado, Veracruz Llave","3","3","/detalle/41032-73-d11dd4f06d8b-3fbf-95117a6c-9479-35cc"
"Casa en Fraccionamiento en Venta en Playas de Conchal","$ 4,500,000","313 m²","Playas de Conchal, Alvarado, Veracruz Llave","5","3","/detalle/41032-73-d1e1bdc77e69-c1cd-8a76e0f0-bfb9-3da2"
"Casa en Fraccionamiento en Venta en Alvarado Centro","$ 3,700,000","237 m²","Alvarado Centro, Alvarado, Veracruz Llave","6","3","/detalle/41032-73-cbbc666545aa-a7d5-bef64a99-949e-3af1"
"Casa en Fraccionamiento en Venta en Las Lomas","$ 4,000,000","252 m²","Las Lomas, Alvarado, Veracruz Llave","4","3","/detalle/41032-73-103105140cb-be04-8f6430f3-a5b3-3086"
"Casa en Fraccionamiento en Venta en Real Mandinga","$ 4,000,000","207 m²","Real Mandinga, Alvarado, Veracruz Llave","4","3","/detalle/41032-73-278f710166b5-dc5f-71f42b87-b62c-3240"
"Casa en Fraccionamiento en Venta en Lomas de la Rioja","$ 2,980,000","163 m²","Lomas de la Rioja, Alvarado, Veracruz Llave","4","3","/detalle/41032-73-a2f0a4bd3a30-213b-d08b21bd-af1e-3088"
"Casa en Venta en Lomas de la Rioja","$ 3,140,000","215 m²","Lomas de la Rioja, Alvarado, Veracruz Llave","3","3","/detalle/41032-73-e61ce860e132-c6fe-b45efc1e-bcca-311f"
"Casa en Venta en Playas de Conchal","$ 8,650,000","390 m²","Playas de Conchal, Alvarado, Veracruz Llave","4","4","/detalle/41032-73-73d7bd15b477-c62b-196afe3-bbd4-7e13"
"Casa en Venta en Lomas del Sol","$ 4,500,000","270 m²","Lomas del Sol, Alvarado, Veracruz Llave","4","3","/detalle/41032-73-ef7c4aa8c4c4-a129-41635ee4-8bd5-3d5b"
"Casa en Fraccionamiento en Venta en Lomas de la Rioja","$ 2,350,000","200 m²","Lomas de la Rioja, Alvarado, Veracruz Llave","4","3","/detalle/41032-73-4df281a42dd6-ba78-c8c78afb-9e78-3aa9"
"Casa en Venta en Lomas de la Rioja","$ 2,890,000","212 m²","Lomas de la Rioja, Alvarado, Veracruz Llave","3","3","/detalle/41032-73-3f9adc5dbaf6-5ba8-e6f418c5-bd1d-33b4"
"Casa en Fraccionamiento en Venta en Lomas de la Rioja","$ 2,150,000","107 m²","Lomas de la Rioja, Alvarado, Veracruz Llave","3","2","/detalle/41032-73-ce5c18d62fa5-811c-c2669d6b-bb84-3663"
"Casa en Fraccionamiento en Venta en Lomas de la Rioja","$ 4,350,000","315 m²","Lomas de la Rioja, Alvarado, Veracruz Llave","5","3","/detalle/41032-73-c2c1767ef91a-9bf9-7793bc66-9113-3878"
"Casa en Fraccionamiento en Venta en Isla Del Amor","$ 2,050,000","105 m²","Isla Del Amor, Alvarado, Veracruz Llave","3","2","/detalle/41032-73-ca915b31c239-7ff7-fa8b9e90-b8c7-3a89"
"Casa en Fraccionamiento en Venta en Lomas de la Rioja","$ 1,950,000","112 m²","Lomas de la Rioja, Alvarado, Veracruz Llave","3","2","/detalle/41032-73-b55397d565ae-fa37-db22b59e-bcf6-3730"
"Casa en Venta en Lomas de la Rioja","$ 2,850,000","185 m²","Lomas de la Rioja, Alvarado, Veracruz Llave","3","3","/detalle/41032-73-2e67d2359b56-8eb-4424690b-a89a-3de5"
"Casa en Fraccionamiento en Venta en Las Lomas","$ 3,350,000","220 m²","Las Lomas, Alvarado, Veracruz Llave","4","3","/detalle/41032-73-a705bb44013e-da5-710d665f-80a5-319d"
"Casa en Venta en Lomas de la Rioja","$ 2,685,000","170 m²","Lomas de la Rioja, Alvarado, Veracruz Llave","3","3","/detalle/41032-73-678dc5e8e5fc-212b-b8bdd0af-a0cb-3dc4"
"Casa en Fraccionamiento en Venta en Lomas de la Rioja","$ 2,850,000","165 m²","Lomas de la Rioja, Alvarado, Veracruz Llave","3","3","/detalle/41032-73-8d137d55b910-488a-b89149b1-9cfb-3efe"
"Casa en Fraccionamiento en Venta en Lomas de la Rioja","$ 2,350,000","167 m²","Lomas de la Rioja, Alvarado, Veracruz Llave","3","2","/detalle/41032-73-b80bd3caefa8-c890-666b5319-aa59-3641"
"Casa en Venta en Playa de Vacas","$ 35,000,000","3,500 m²","Playa de Vacas, Medellín, Veracruz Llave","No disponible","6","/detalle/41032-73-7b8419ed6d63-8dd1-19635f4-932f-79e8"
"Casa en Fraccionamiento en Venta en Alvarado Centro","$ 4,940,000","160 m²","Alvarado Centro, Alvarado, Veracruz Llave","4","3","/detalle/41032-73-b365e6f022ce-bfaa-197e7ca-875e-7a77"
"Casa en Venta en Playas de Conchal","$ 5,750,000","320 m²","Playas de Conchal, Alvarado, Veracruz Llave","3","3","/detalle/41032-73-f8cf4fc6b912-ee3b-1962790-9d50-7f33"
"Casa en Venta en Alvarado Centro","$ 3,920,000","230 m²","Alvarado Centro, Alvarado, Veracruz Llave","3","3","/detalle/41032-73-c80b38caef5f-5799-19743bf-bf46-7caa"
"Casa en Venta en Alvarado Centro","$ 3,700,000","200 m²","Alvarado Centro, Alvarado, Veracruz Llave","3","3","/detalle/41032-73-52708b5025b0-5840-197cec8-9257-7672"
"Casa en Venta en Playas de Conchal","$ 5,000,000","245 m²","Playas de Conchal, Alvarado, Veracruz Llave","3","3","/detalle/41032-73-8700534eb6fe-dd89-1968004-9136-7303"
"Casa en Venta en Alvarado Centro","$ 5,980,000","260 m²","Alvarado Centro, Alvarado, Veracruz Llave","2","3","/detalle/41032-73-4167df93170c-b81b-7b0c931b-ab13-4496"
"Casa en Venta en Alvarado Centro","$ 3,725,000","213 m²","Alvarado Centro, Alvarado, Veracruz Llave","3","3","/detalle/41032-73-fc7559f809c8-252b-196852b-8172-7460"
"Casa en Venta en Playas de Conchal","$ 6,890,000","314 m²","Playas de Conchal, Alvarado, Veracruz Llave","4","4","/detalle/41032-73-34e4850443d6-163b-1953e4f-8156-7e25"
"Casa en Venta en El Morro las Colonias","$ 4,200,000","225 m²","El Morro las Colonias, Boca del Río, Veracruz Llave","4","4","/detalle/41032-73-d1a2a3e72e9d-12c4-1958bec-9eb5-76b0"
"Casa en Venta en Playas de Conchal","$ 6,890,000","314 m²","Playas de Conchal, Alvarado, Veracruz Llave","4","4","/detalle/41032-73-de64053847fe-1520-8dead9b3-8d7b-412c"
"Casa en Venta en Playas de Conchal","$ 7,360,000","265 m²","Playas de Conchal, Alvarado, Veracruz Llave","4","3","/detalle/41032-73-81305f1dd48f-6b3f-1952a28-8c79-715d"
"Casa en Fraccionamiento en Venta en Alvarado Centro","$ 4,980,000","235 m²","Alvarado Centro, Alvarado, Veracruz Llave","2","2","/detalle/41032-73-3bea75fdb729-8496-193d0fd-a028-8047"
"Casa en Venta en Lomas del Sol","$ 5,995,000","298 m²","Lomas del Sol, Alvarado, Veracruz Llave","3","3","/detalle/41032-73-634a8e7f0c4a-ddf2-18f6577-9a6d-7e3c"
"Casa en Venta en Lomas de la Rioja","$ 4,300,000","238 m²","Lomas de la Rioja, Alvarado, Veracruz Llave","2","3","/detalle/41032-73-49ddc5a7d369-1c93-26d5e8b5-bf13-345c"
"Casa en Venta en Alvarado Centro","$ 3,470,000","180 m²","Alvarado Centro, Alvarado, Veracruz Llave","2","3","/detalle/41032-73-b26fcebd169b-1e67-195239f-825c-7b6b"
"Casa en Venta en Lomas del Sol","$ 3,990,000","197 m²","Lomas del Sol, Alvarado, Veracruz Llave","3","3","/detalle/41032-73-ef36b51c76b0-c952-1952bc6-85d0-74ab"
"Casa en Venta en El Conchal","$ 8,500,000","406 m²","El Conchal, Alvarado, Veracruz Llave","4","4","/detalle/41032-73-bddb06572f51-267a-190f99e-8ec8-78a1"
"Casa en Venta en Lomas de la Rioja","$ 3,900,000","214 m²","Lomas de la Rioja, Alvarado, Veracruz Llave","3","3","/detalle/41032-73-776cbb822c97-3df1-192ff46-ae26-7488"
"Casa en Venta en Lomas del Sol","$ 3,950,000","220 m²","Lomas del Sol, Alvarado, Veracruz Llave","3","3","/detalle/41032-73-760768a856e5-b9e6-9a4d6fa2-a860-3461"
"Casa en Venta en Alvarado Centro","$ 3,050,000","160 m²","Alvarado Centro, Alvarado, Veracruz Llave","3","3","/detalle/41032-73-24a7d352e9c-bc7a-196ec12-8642-7963"
"Casa en Venta en Playas de Conchal","$ 9,250,000","436 m²","Playas de Conchal, Alvarado, Veracruz Llave","5","3","/detalle/41032-73-cfa434f779b3-dc9d-194db1f-b805-78ab"
"Casa en Venta en Alvarado Centro","$ 3,550,000","176 m²","Alvarado Centro, Alvarado, Veracruz Llave","3","3","/detalle/41032-73-1e92450b1146-469f-196f204-9a97-7c73"
"Casa en Venta en Lomas del Sol","$ 6,150,000","250 m²","Lomas del Sol, Alvarado, Veracruz Llave","3","3","/detalle/41032-73-9eee025c51a6-cc60-194dc27-9ca5-70cb"
"Casa en Fraccionamiento en Venta en San Jose Novillero","$ 1,850,000","130 m²","San Jose Novillero, Boca del Río, Veracruz Llave","3","3","/detalle/41032-73-558cbd388cc0-b62c-9fd63230-9d50-4e84"
"Casa en Venta en Playas de Conchal","$ 8,950,000","376 m²","Playas de Conchal, Alvarado, Veracruz Llave","5","3","/detalle/41032-73-82fa46a640e3-dc64-191ec58-bd51-78cd"
"Casa en Venta en Alvarado Centro","$ 11,000,000","390 m²","Alvarado Centro, Alvarado, Veracruz Llave","4","3","/detalle/41032-73-4591bc094232-c6e7-194dcaa-8205-7d36"
"Casa en Fraccionamiento en Venta en Alvarado Centro","$ 2,790,000","162 m²","Alvarado Centro, Alvarado, Veracruz Llave","3","3","/detalle/41032-73-ef1649d4e194-2dc1-192a0fd-b90c-7863"
"Casa en Fraccionamiento en Venta en Playas de Conchal","$ 16,980,000","552 m²","Playas de Conchal, Alvarado, Veracruz Llave","5","6","/detalle/41032-73-5d8dd55bc438-e043-ca0d20a9-a4fc-1237"
"Casa en Fraccionamiento en Venta en Alvarado Centro","$ 3,980,000","210 m²","Alvarado Centro, Alvarado, Veracruz Llave","3","3","/detalle/41032-73-2d016c622cda-fe1d-524a0229-915d-1237"
"Casa en Venta en Alvarado Centro","$ 2,750,000","135 m²","Alvarado Centro, Alvarado, Veracruz Llave","3","3","/detalle/41032-73-ce46eee9e5a6-7cc7-19644aa-a142-7551"
"Casa en Venta en Lomas del Sol","$ 6,490,000","325 m²","Lomas del Sol, Alvarado, Veracruz Llave","4","3","/detalle/41032-73-45c929381554-bb34-192bcf0-95d8-7f4f"
"Casa en Venta en Playas de Conchal","$ 6,859,000","275 m²","Playas de Conchal, Alvarado, Veracruz Llave","3","3","/detalle/41032-73-e0312eaee562-5d22-1973961-9f13-7f25"
"Casa en Venta en Anton Lizardo","$ 4,250,000","248 m²","Anton Lizardo, Alvarado, Veracruz Llave","3","3","/detalle/41032-73-279ea58f12ce-93d0-195bc36-9f09-7676"
"Casa en Venta en Lomas de la Rioja","$ 3,190,000","163 m²","Lomas de la Rioja, Alvarado, Veracruz Llave","2","3","/detalle/41032-73-9616233b1523-1662-1951cac-bca0-7bfb"
"Casa en Venta en Lomas de la Rioja","$ 3,100,000","135 m²","Lomas de la Rioja, Alvarado, Veracruz Llave","3","3","/detalle/41032-73-106d7a60033d-2789-1973969-aa54-7924"
"Casa en Venta en Las Lomas","$ 3,900,000","320 m²","Las Lomas, Alvarado, Veracruz Llave","3","3","/detalle/41032-73-83005cb03a2d-102d-196d260-be43-7b4c"
"Casa en Venta en El Manantial","$ 2,250,000","160 m²","El Manantial, Boca del Río, Veracruz Llave","3","2","/detalle/41032-73-4c22d77644b6-218b-1955548-920c-7de0"
"Casa en Venta en Las Lomas","$ 3,490,000","220 m²","Las Lomas, Alvarado, Veracruz Llave","3","4","/detalle/41032-73-cda71e49f9ed-e8b2-194df15-b7c2-74aa"
"Casa en Venta en Playas de Conchal","$ 4,000,000","205 m²","Playas de Conchal, Alvarado, Veracruz Llave","2","3","/detalle/41032-73-f2588daa9331-7e17-194ddaa-89b1-71bf"
"Casa en Venta en Playas de Conchal","$ 6,550,000","292 m²","Playas de Conchal, Alvarado, Veracruz Llave","3","3","/detalle/41032-73-5369229ed585-af0a-194db9d-b8f2-7d46"
"Casa en Venta en Lomas del Sol","$ 3,450,000","165 m²","Lomas del Sol, Alvarado, Veracruz Llave","3","3","/detalle/41032-73-f2afd5cea8ce-1ff3-191a1c5-ac50-7301"
"Casa en Venta en Anton Lizardo","$ 2,610,000","125 m²","Anton Lizardo, Alvarado, Veracruz Llave","3","3","/detalle/41032-73-c955a0ac40c0-aa25-1968a46-afe5-7d66"
"Casa en Venta en Lomas de la Rioja","$ 3,749,000","153 m²","Lomas de la Rioja, Alvarado, Veracruz Llave","3","3","/detalle/41032-73-b6a7f4c2b59e-e7f0-196948a-962c-7c5a"
"Casa en Venta en Lomas del Sol","$ 4,500,000","305 m²","Lomas del Sol, Alvarado, Veracruz Llave","3","3","/detalle/41032-73-64c3bd2bdf8a-2a3e-194dd53-80e2-7e81"
"Casa en Venta en Lomas de la Rioja","$ 3,845,000","210 m²","Lomas de la Rioja, Alvarado, Veracruz Llave","3","3","/detalle/41032-73-f9ba70940d5c-4575-1915eb4-8a97-78d1"
"Casa en Venta en Lomas de la Rioja","$ 2,600,000","135 m²","Lomas de la Rioja, Alvarado, Veracruz Llave","3","3","/detalle/41032-73-f46edbf6453c-a09b-197cebf-891f-7922"
"Casa en Venta en Playas de Conchal","$ 8,950,000","473 m²","Playas de Conchal, Alvarado, Veracruz Llave","3","3","/detalle/41032-73-e1e6145447fb-c333-194dda1-86d1-7323"
"Casa en Venta en Playas de Conchal","$ 7,180,000","368 m²","Playas de Conchal, Alvarado, Veracruz Llave","4","3","/detalle/41032-73-63fad6595df6-3d48-194dd49-aad1-75f8"
"Casa en Venta en Lomas del Sol","$ 3,750,000","220 m²","Lomas del Sol, Alvarado, Veracruz Llave","3","3","/detalle/41032-73-3463d3bb4756-8d5c-1942695-a3b5-73c1"
"Casa en Venta en Lomas de la Rioja","$ 2,675,000","114 m²","Lomas de la Rioja, Alvarado, Veracruz Llave","2","2","/detalle/41032-73-c1eb0de2c061-1a05-1978177-97f9-75d7"
"Casa en Venta en San Jose Novillero","$ 3,085,000","105 m²","San Jose Novillero, Boca del Río, Veracruz Llave","2","2","/detalle/41032-73-f924b14bbe89-220-196f65c-a428-70ae"
"Casa en Venta en Anton Lizardo","$ 3,180,000","160 m²","Anton Lizardo, Alvarado, Veracruz Llave","3","3","/detalle/41032-73-bdf8eab3813f-e950-1968a4d-a9c8-760e"
"Casa en Venta en Las Lomas","$ 3,120,000","135 m²","Las Lomas, Alvarado, Veracruz Llave","1","3","/detalle/41032-73-f961615ca03c-3919-1968a3b-a1ed-7623"
"Casa en Venta en Alvarado Centro","$ 7,800,000","335 m²","Alvarado Centro, Alvarado, Veracruz Llave","4","4","/detalle/41032-73-1851848d0f6d-b8dd-19507fc-92a8-7f5b"
"Casa en Venta en Alvarado Centro","$ 3,190,000","103 m²","Alvarado Centro, Alvarado, Veracruz Llave","2","3","/detalle/41032-73-612e9d49a47b-2bc8-194dbbc-b50b-7d3a"
"Casa en Venta en Anton Lizardo","$ 4,250,000","248 m²","Anton Lizardo, Alvarado, Veracruz Llave","3","3","/detalle/41032-73-be454e582e9-60c5-195e56d-9518-761d"
"Casa en Venta en Playas de Conchal","$ 6,450,000","320 m²","Playas de Conchal, Alvarado, Veracruz Llave","3","3","/detalle/41032-73-f933eb621392-912e-197a585-a4eb-7abe"
"Casa en Venta en San Jose Novillero","$ 3,390,000","140 m²","San Jose Novillero, Boca del Río, Veracruz Llave","2","3","/detalle/41032-73-ab1e190c6963-aa68-1950802-8671-7ab3"
"Casa en Venta en Lomas de la Rioja","$ 3,395,000","221 m²","Lomas de la Rioja, Alvarado, Veracruz Llave","3","4","/detalle/41032-73-b02da0dea0fb-cc69-194dbe7-92cd-7aa8"
"Casa en Venta en Lomas de la Rioja","$ 3,990,000","197 m²","Lomas de la Rioja, Alvarado, Veracruz Llave","3","3","/detalle/41032-73-a71712761e38-7d88-1955fa7-97b1-71f7"
"Casa en Venta en Lomas de la Rioja","$ 3,500,000","145 m²","Lomas de la Rioja, Alvarado, Veracruz Llave","2","3","/detalle/41032-73-b33e485e62e0-fafb-195c176-8559-71b7"
"Casa en Venta en Lomas de la Rioja","$ 2,650,000","115 m²","Lomas de la Rioja, Alvarado, Veracruz Llave","2","2","/detalle/41032-73-7109dddaf2a7-4501-19699ad-98e0-7a64"
"Casa en Venta en Lomas de la Rioja","$ 2,630,000","105 m²","Lomas de la Rioja, Alvarado, Veracruz Llave","2","2","/detalle/41032-73-571d9a78d6d4-53f2-19748c2-831e-7a67"
"Casa en Fraccionamiento en Venta en Alvarado Centro","$ 5,980,000","290 m²","Alvarado Centro, Alvarado, Veracruz Llave","3","3","/detalle/41032-73-6385de2d5b36-3f03-194b9c7-9ebe-704c"
"Casa en Venta en Playa de Oro","$ 2,100,000","133 m²","Playa de Oro, Boca del Río, Veracruz Llave","3","3","/detalle/41032-73-c21f27dc47e9-f13e-193ebab-bdf3-704f"
"Casa en Venta en Lomas del Sol","$ 3,600,000","220 m²","Lomas del Sol, Alvarado, Veracruz Llave","4","3","/detalle/41032-73-4c487917e65e-55fd-52765173-9732-360e"
"Casa en Venta en El Morro las Colonias","$ 4,750,000","273 m²","El Morro las Colonias, Boca del Río, Veracruz Llave","3","4","/detalle/41032-73-f38240281528-556e-194ddca-a25c-7aef"
"Casa en Venta en Lomas de la Rioja","$ 2,765,000","168 m²","Lomas de la Rioja, Alvarado, Veracruz Llave","2","3","/detalle/41032-73-cb11124b46b7-235e-d19b9d97-8789-35e8"
"Casa en Venta en Mandinga y Cardon","$ 3,800,000","215 m²","Mandinga y Cardon, Alvarado, Veracruz Llave","2","2","/detalle/41032-73-431cba0fbdd6-3f5a-1971872-8e21-7d13"
"Casa en Venta en Alvarado Centro","$ 3,600,000","200 m²","Alvarado Centro, Alvarado, Veracruz Llave","3","2","/detalle/41032-73-12e8ed7ae40b-bc4-196a7ce-bbbc-70f0"
"Casa en Venta en Playas de Conchal","$ 5,250,000","325 m²","Playas de Conchal, Alvarado, Veracruz Llave","3","3","/detalle/41032-73-a2af7b6073e-1845-195abcc-9431-7379"
"Casa en Venta en Lomas del Sol","$ 3,750,000","225 m²","Lomas del Sol, Alvarado, Veracruz Llave","3","3","/detalle/41032-73-ec761c6f8d8a-2524-351b6c8b-89bf-3dd5"
"Casa en Venta en Alvarado Centro","$ 3,495,000","120 m²","Alvarado Centro, Alvarado, Veracruz Llave","2","2","/detalle/41032-73-697b2da0ba1c-7c8e-19747ea-8375-7382"
"Casa en Fraccionamiento en Venta en Las Lomas","$ 3,500,000","209 m²","Las Lomas, Alvarado, Veracruz Llave","3","3","/detalle/41032-73-c86d75898be4-4030-452a468f-9023-3941"
"Casa en Fraccionamiento en Venta en San Jose Novillero","$ 2,400,000","113 m²","San Jose Novillero, Boca del Río, Veracruz Llave","2","3","/detalle/41032-73-ad5a526db2a6-8d96-195872b-8671-79d9"
"Casa en Venta en Lomas de la Rioja","$ 3,290,000","210 m²","Lomas de la Rioja, Alvarado, Veracruz Llave","4","3","/detalle/41032-73-d6b8d8ea685-4cce-5d0f9aa5-c028-32d8"
"Casa en Venta en Las Lomas","$ 2,665,000","140 m²","Las Lomas, Alvarado, Veracruz Llave","2","3","/detalle/41032-73-36e0b068a1fe-3cd0-e36760b5-90a7-3910"
"Casa en Venta en Lomas de la Rioja","$ 3,050,000","216 m²","Lomas de la Rioja, Alvarado, Veracruz Llave","4","3","/detalle/41032-73-eb168764438d-c4df-ce605289-a7fe-3f60"
"Casa en Fraccionamiento en Venta en Alvarado Centro","$ 5,450,000","380 m²","Alvarado Centro, Alvarado, Veracruz Llave","3","3","/detalle/41032-73-c25fefc64012-d9-b1db7951-9651-32a4"
"Casa en Venta en Lomas del Sol","$ 3,100,000","225 m²","Lomas del Sol, Alvarado, Veracruz Llave","3","3","/detalle/41032-73-89450c42b8a9-424d-2e2bb22e-9c4a-3bff"
"Casa en Venta en Lomas de la Rioja","$ 3,900,000","260 m²","Lomas de la Rioja, Alvarado, Veracruz Llave","3","3","/detalle/41032-73-2694ced26cfc-c816-19785be-a81b-7492"
"Casa en Venta en Las Lomas","$ 4,320,000","223 m²","Las Lomas, Alvarado, Veracruz Llave","3","3","/detalle/41032-73-b7180a7922d2-3e18-a825a44b-9a6b-37de"
"Casa en Venta en Lomas del Sol","$ 3,200,000","220 m²","Lomas del Sol, Alvarado, Veracruz Llave","2","3","/detalle/41032-73-624bab5eee39-dc63-1966eb5-875d-7275"
"Casa en Venta en Las Lomas","$ 3,790,000","197 m²","Las Lomas, Alvarado, Veracruz Llave","2","3","/detalle/41032-73-406b2210a4f8-b891-196221f-b89f-8044"
"Casa en Venta en Las Palmas","$ 5,490,000","280 m²","Las Palmas, Medellín, Veracruz Llave","3","3","/detalle/41032-73-11b80f376621-8c5c-a2a7336d-af5e-3abc"
"Casa en Venta en Lomas del Sol","$ 6,490,000","325 m²","Lomas del Sol, Alvarado, Veracruz Llave","3","3","/detalle/41032-73-3e5615e60337-336a-19747c4-8375-7382"
"Casa en Fraccionamiento en Venta en Alvarado Centro","$ 5,500,000","268 m²","Alvarado Centro, Alvarado, Veracruz Llave","3","3","/detalle/41032-73-5280cec5789e-912c-194336e-b14f-803d"
"Casa en Venta en Alvarado Centro","$ 7,200,000","345 m²","Alvarado Centro, Alvarado, Veracruz Llave","3","3","/detalle/41032-73-c6ef0c8a026c-fa67-18f8746-8d57-7ae5"
"Casa en Venta en Anton Lizardo","$ 2,850,000","145 m²","Anton Lizardo, Alvarado, Veracruz Llave","2","3","/detalle/41032-73-4fe2bf2189e9-b5c0-f528e8f4-b9b9-3244"
"Casa en Venta en Alvarado Centro","$ 2,290,000","97 m²","Alvarado Centro, Alvarado, Veracruz Llave","2","2","/detalle/41032-73-ee95ce48613b-a661-194956d-b897-7160"
"Casa en Venta en El Morro las Colonias","$ 3,980,000","200 m²","El Morro las Colonias, Boca del Río, Veracruz Llave","2","3","/detalle/41032-73-ee337d81ffec-8875-1943db7-bc47-78cf"
"Casa en Venta en San Jose Novillero","$ 4,150,000","No disponible","San Jose Novillero, Boca del Río, Veracruz Llave","No disponible","No disponible","/detalle/41032-73-d4c63ad5eb69-312f-193c34f-8af3-704f"
"Casa en Venta en Alvarado Centro","$ 5,200,000","300 m²","Alvarado Centro, Alvarado, Veracruz Llave","6","5","/detalle/41032-73-92bf1cfe8176-ca28-192270a-84cb-726b"
"Casa en Venta en Playas de Conchal","$ 5,800,000","273 m²","Playas de Conchal, Alvarado, Veracruz Llave","3","3","/detalle/41032-73-59d03dcccae3-ac52-19394d7-aa38-76ad"
"Casa en Venta en Alvarado Centro","$ 4,690,000","258 m²","Alvarado Centro, Alvarado, Veracruz Llave","2","3","/detalle/41032-73-c71cd9ad1a0e-745b-193a36d-b5a0-7e26"
"Casa en Fraccionamiento en Venta en Alvarado Centro","$ 3,050,000","180 m²","Alvarado Centro, Alvarado, Veracruz Llave","3","3","/detalle/41032-73-af3d49c6e0e-77ee-1913024-ab71-7779"
"Casa en Fraccionamiento en Venta en Playas de Conchal","$ 5,490,000","245 m²","Playas de Conchal, Alvarado, Veracruz Llave","4","3","/detalle/41032-73-8da3dee41380-1b6a-1913558-acce-7289"
"Casa en Venta en Las Lomas","$ 3,800,000","381 m²","Las Lomas, Alvarado, Veracruz Llave","2","3","/detalle/41032-73-8594dc4dc2f4-e9d7-190d199-9238-7382"
"Casa en Venta en Lomas del Sol","$ 5,650,000","250 m²","Lomas del Sol, Alvarado, Veracruz Llave","3","3","/detalle/41032-73-4fe281f304ec-9c06-194db94-b261-7c5b"
"Casa en Fraccionamiento en Venta en Alvarado Centro","$ 3,495,000","120 m²","Alvarado Centro, Alvarado, Veracruz Llave","2","2","/detalle/41032-73-adc31e491c05-3ba7-196836d-9975-77c8"
"Casa en Venta en Costa de Oro 1a Secc","$ 15,000,000","900 m²","Costa de Oro 1a Secc, Boca del Río, Veracruz Llave","4","4","/detalle/41032-73-8a6a9295c82a-c4bb-19626af-9725-7698"
"Casa en Venta en Playas de Conchal","$ 8,200,000","350 m²","Playas de Conchal, Alvarado, Veracruz Llave","4","4","/detalle/41032-73-1f94726d24af-dd04-19273af-9843-7e22"
"Casa en Venta en Las Lomas","$ 6,625,000","366 m²","Las Lomas, Alvarado, Veracruz Llave","4","4","/detalle/41032-73-c510a4aea6d8-4407-248fb3d9-84c3-4749"
"Casa en Venta en Alvarado Centro","$ 8,950,000","351 m²","Alvarado Centro, Alvarado, Veracruz Llave","4","3","/detalle/41032-73-47c3ea7894f9-8bdd-1971f7d-a26b-759c"
"Casa en Venta en Lomas del Sol","$ 4,410,000","205 m²","Lomas del Sol, Alvarado, Veracruz Llave","4","3","/detalle/41032-73-4514ba5008fd-65ea-190bdcc-8829-76b8"
"Casa en Venta en Estatuto Juridico","$ 2,790,000","157 m²","Estatuto Juridico, Boca del Río, Veracruz Llave","2","2","/detalle/41032-73-793be283ee33-a5e3-195aa91-89f5-715b"
"Casa en Venta en Playas de Conchal","$ 6,550,000","292 m²","Playas de Conchal, Alvarado, Veracruz Llave","3","3","/detalle/41032-73-3edf4e8c3db4-8f17-dd3ef88b-996b-413e"
"Casa en Venta en Playas de Conchal","$ 6,395,000","292 m²","Playas de Conchal, Alvarado, Veracruz Llave","3","3","/detalle/41032-73-65f1f44f0a52-9a8-31483cc9-a76e-4b5b"
"Casa en Venta en Alvarado Centro","$ 8,200,000","400 m²","Alvarado Centro, Alvarado, Veracruz Llave","5","4","/detalle/41032-73-d737e336a5b0-71cb-8d8632d-a074-48d2"
"Casa en Venta en Playas de Conchal","$ 8,100,000","350 m²","Playas de Conchal, Alvarado, Veracruz Llave","4","4","/detalle/41032-73-bfac7011e76-f780-191f409-88da-79b7"
"Casa en Venta en Lomas de la Rioja","$ 3,905,000","264 m²","Lomas de la Rioja, Alvarado, Veracruz Llave","4","4","/detalle/41032-73-7c0340b71441-68bd-7dc720d0-965a-446d"
"Casa en Venta en Lomas de la Rioja","$ 3,700,000","212 m²","Lomas de la Rioja, Alvarado, Veracruz Llave","3","3","/detalle/41032-73-b7588cc547e4-56a-7478010c-8f1d-48c8"
"Casa en Venta en Lomas de la Rioja","$ 2,590,000","142 m²","Lomas de la Rioja, Alvarado, Veracruz Llave","2","3","/detalle/41032-73-691abfc9502f-f91a-560fe833-80a6-4070"
"Casa en Venta en Lomas del Sol","$ 4,050,000","220 m²","Lomas del Sol, Alvarado, Veracruz Llave","3","3","/detalle/41032-73-5dae0c3fc4e6-1b75-194db8b-a3c2-799e"
"Casa en Venta en Alvarado Centro","$ 3,350,000","174 m²","Alvarado Centro, Alvarado, Veracruz Llave","3","3","/detalle/41032-73-d13eb0ede37-6bb-192ffed-9333-7b0f"
"Casa en Venta en Lomas del Sol","$ 3,700,000","252 m²","Lomas del Sol, Alvarado, Veracruz Llave","3","3","/detalle/41032-73-6b724de8e303-dd9e-1914d87-a8b2-7aed"
"Casa en Venta en Alvarado Centro","$ 3,900,000","345 m²","Alvarado Centro, Alvarado, Veracruz Llave","3","3","/detalle/41032-73-3fcd9250372f-884b-549f2e35-b04c-3317"
"Casa en Venta en Alvarado Centro","$ 5,250,000","355 m²","Alvarado Centro, Alvarado, Veracruz Llave","3","3","/detalle/41032-73-f30ecafef884-245f-194dcae-b741-7161"
"Casa en Venta en Lomas del Sol","$ 6,900,000","330 m²","Lomas del Sol, Alvarado, Veracruz Llave","3","3","/detalle/41032-73-24aa0a75a0e1-ee66-194dc96-960b-76a4"
"Casa en Venta en Playas de Conchal","$ 6,100,000","254 m²","Playas de Conchal, Alvarado, Veracruz Llave","4","3","/detalle/41032-73-c36d50da9305-c351-1930298-b361-7c06"
"Casa en Venta en Playas de Conchal","$ 9,450,000","No disponible","Playas de Conchal, Alvarado, Veracruz Llave","4","4","/detalle/41032-73-bed579cc7d6f-2225-196fb8f-a863-71e8"
"Casa en Venta en Playas de Conchal","$ 9,250,000","436 m²","Playas de Conchal, Alvarado, Veracruz Llave","4","3","/detalle/41032-73-982d5688607a-3720-1965bf6-a890-7d75"
"Casa en Venta en Lomas del Sol","$ 6,300,000","412 m²","Lomas del Sol, Alvarado, Veracruz Llave","4","3","/detalle/41032-73-f1642d54a817-c1ca-19424ef-a671-7c62"
"Casa en Venta en Alvarado Centro","$ 4,650,000","305 m²","Alvarado Centro, Alvarado, Veracruz Llave","3","3","/detalle/41032-73-684325c26646-e5a2-194dd67-add7-72af"
"Casa en Fraccionamiento en Venta en Lomas del Sol","$ 5,650,000","250 m²","Lomas del Sol, Alvarado, Veracruz Llave","No disponible","3","/detalle/41032-73-b213ce92b8b0-6bd9-ad0b3305-8d94-3e7c"
"Casa en Venta en Playas de Conchal","$ 5,500,000","337 m²","Playas de Conchal, Alvarado, Veracruz Llave","3","3","/detalle/41032-73-58eb2e0634b8-bbd2-194dfba-abd3-7e17"
"Casa en Fraccionamiento en Venta en Lomas de la Rioja","$ 2,350,000","188 m²","Lomas de la Rioja, Alvarado, Veracruz Llave","4","3","/detalle/41032-73-ce9adeab71e6-df4d-8b91a815-a12a-3d6b"
"Casa en Venta en Alvarado Centro","$ 5,250,000","329 m²","Alvarado Centro, Alvarado, Veracruz Llave","3","3","/detalle/41032-73-eea1a507aec7-e3fd-194dd86-b60f-73f2"
"Casa en Venta en Playas de Conchal","$ 4,350,000","250 m²","Playas de Conchal, Alvarado, Veracruz Llave","3","3","/detalle/41032-73-a2f9a8f20e9c-8731-194df09-a0d8-7b3f"
"Casa en Venta en Anton Lizardo","$ 2,525,000","119 m²","Anton Lizardo, Alvarado, Veracruz Llave","3","3","/detalle/41032-73-b68bdae377a7-f67a-194df88-849c-7ab5"
"Casa en Venta en Alvarado Centro","$ 3,350,000","187 m²","Alvarado Centro, Alvarado, Veracruz Llave","3","3","/detalle/41032-73-d0bad3fdeb8b-bafc-194df40-af7b-7259"
"Casa en Venta en Costa de Oro 1a Secc","$ 20,000,000","1,200 m²","Costa de Oro 1a Secc, Boca del Río, Veracruz Llave","4","5","/detalle/41032-73-ded1a9dde8cd-6f97-194dd63-a478-7622"
"Casa en Venta en Alvarado Centro","$ 5,500,000","340 m²","Alvarado Centro, Alvarado, Veracruz Llave","2","3","/detalle/41032-73-12c2f2ed9748-635e-194dc9a-8211-72f4"
"Casa en Venta en Anton Lizardo","$ 8,650,000","390 m²","Anton Lizardo, Alvarado, Veracruz Llave","No disponible","4","/detalle/41032-73-4798970ea48d-fca2-1910b50-bef4-715d"
"Casa en Venta en Alvarado Centro","$ 4,200,000","281 m²","Alvarado Centro, Alvarado, Veracruz Llave","2","3","/detalle/41032-73-6699dcb7261a-ae5c-194dd61-bcbd-7c72"
"Casa en Venta en Alvarado Centro","$ 2,595,000","125 m²","Alvarado Centro, Alvarado, Veracruz Llave","2","3","/detalle/41032-73-e799f32d0697-49ce-196a3f8-a0dc-7af6"
"Casa en Venta en Playas de Conchal","$ 4,150,000","205 m²","Playas de Conchal, Alvarado, Veracruz Llave","2","3","/detalle/41032-73-5cf1ab374540-628-194dd31-9db7-7b0f"
"Casa en Venta en Lomas de la Rioja","$ 3,800,000","210 m²","Lomas de la Rioja, Alvarado, Veracruz Llave","3","3","/detalle/41032-73-2e806adda93-cb4f-195058f-97d6-7e6a"
"Casa en Fraccionamiento en Venta en Alvarado Centro","$ 3,390,000","260 m²","Alvarado Centro, Alvarado, Veracruz Llave","3","3","/detalle/41032-73-a2a339f2dfd1-aae9-80247f17-a7e6-44ce"
"Casa en Fraccionamiento en Venta en Alvarado Centro","$ 4,990,000","232 m²","Alvarado Centro, Alvarado, Veracruz Llave","3","3","/detalle/41032-73-785ad9cea80f-2751-1928e00-9c11-79e4"
"Casa en Venta en Lomas del Sol","$ 4,500,000","245 m²","Lomas del Sol, Alvarado, Veracruz Llave","3","3","/detalle/41032-73-3cf93c918d28-1310-8fc0b16d-a40d-493f"
"Casa en Venta en Playas de Conchal","$ 4,990,000","212 m²","Playas de Conchal, Alvarado, Veracruz Llave","4","3","/detalle/41032-73-fb2077a1dcbd-2ac6-af7b1a94-98ba-44b5"
"Casa en Venta en Boca Del Rio","$ 3,900,000","240 m²","Boca Del Rio, Boca del Río, Veracruz Llave","3","4","/detalle/41032-73-1babd5b7396c-c1c9-4f4858a9-b5ed-1237"
"Casa en Venta en Lomas de la Rioja","$ 3,090,000","154 m²","Lomas de la Rioja, Alvarado, Veracruz Llave","2","4","/detalle/41032-73-38d051c3699e-be7e-196b8d5-b49d-780a"
"Casa en Venta en Lomas del Sol","$ 7,200,000","325 m²","Lomas del Sol, Alvarado, Veracruz Llave","4","3","/detalle/41032-73-41e291b7cf54-efa4-194dd59-a95b-7771"
"Casa en Venta en Alvarado Centro","$ 3,400,000","170 m²","Alvarado Centro, Alvarado, Veracruz Llave","3","3","/detalle/41032-73-d02c021e031f-3fa5-194dec4-b86f-7317"
"Casa en Venta en Anton Lizardo","$ 2,990,000","170 m²","Anton Lizardo, Alvarado, Veracruz Llave","3","4","/detalle/41032-73-8776d4af8451-2eb1-194dc23-920b-7433"
"Casa en Venta en Alvarado Centro","$ 2,600,000","113 m²","Alvarado Centro, Alvarado, Veracruz Llave","2","2","/detalle/41032-73-feb3c0e78c35-982b-194dd5a-8365-78f6"
"Casa en Venta en Playas de Conchal","$ 9,100,000","413 m²","Playas de Conchal, Alvarado, Veracruz Llave","3","3","/detalle/41032-73-d566579181ab-b6ad-1942430-b05d-7820"
"Casa en Venta en Alvarado Centro","$ 3,720,000","176 m²","Alvarado Centro, Alvarado, Veracruz Llave","3","3","/detalle/41032-73-70507f7d63dd-e53f-19743ad-b293-7acb"
"Casa en Venta en Anton Lizardo","$ 2,295,000","115 m²","Anton Lizardo, Alvarado, Veracruz Llave","2","2","/detalle/41032-73-a868514473c1-ae95-19477d0-9765-7ee5"
"Casa en Venta en Alvarado Centro","$ 8,980,000","437 m²","Alvarado Centro, Alvarado, Veracruz Llave","4","4","/detalle/41032-73-e390d8309903-562a-194dc9d-b617-7489"
"Casa en Venta en Alvarado Centro","$ 3,100,000","170 m²","Alvarado Centro, Alvarado, Veracruz Llave","3","3","/detalle/41032-73-5e6a68291d84-4594-18f5d74-84d8-7cf3"
"Casa en Venta en Lomas de la Rioja","$ 3,250,000","198 m²","Lomas de la Rioja, Alvarado, Veracruz Llave","3","3","/detalle/41032-73-ff1fc2f7f6e0-611-194dd5c-a5f4-7752"
"Casa en Venta en Lomas de la Rioja","$ 2,750,000","179 m²","Lomas de la Rioja, Alvarado, Veracruz Llave","3","3","/detalle/41032-73-42da1afed6d6-96c7-1942438-9177-7cda"
"Casa en Venta en Playas de Conchal","$ 11,000,000","390 m²","Playas de Conchal, Alvarado, Veracruz Llave","4","3","/detalle/41032-73-a1984b7ba45-4278-194dc0f-8bae-7c32"
"Casa en Venta en Playas de Conchal","$ 5,900,000","330 m²","Playas de Conchal, Alvarado, Veracruz Llave","3","3","/detalle/41032-73-455449b9927a-2dc2-194ded4-aac0-704e"
"Casa en Venta en Alvarado Centro","$ 3,740,000","184 m²","Alvarado Centro, Alvarado, Veracruz Llave","3","3","/detalle/41032-73-b85f7c803778-83a8-194dbe2-8432-7a64"
"Casa en Venta en Lomas del Sol","$ 6,490,000","325 m²","Lomas del Sol, Alvarado, Veracruz Llave","4","3","/detalle/41032-73-92b83a786a47-9b1d-1976b5a-b3f4-7272"
"Casa en Venta en Lomas de la Rioja","$ 2,350,000","165 m²","Lomas de la Rioja, Alvarado, Veracruz Llave","2","3","/detalle/41032-73-2a0061f6770c-9342-194df32-bcf9-7c5e"
"Casa en Venta en Lomas de la Rioja","$ 2,690,000","187 m²","Lomas de la Rioja, Alvarado, Veracruz Llave","3","3","/detalle/41032-73-642c205c761b-beb7-194247c-a19c-7a2f"
"Casa en Venta en Alvarado Centro","$ 2,890,000","223 m²","Alvarado Centro, Alvarado, Veracruz Llave","2","3","/detalle/41032-73-971b120fa5d8-f5a4-194df47-9756-71cb"
"Casa en Venta en Lomas de la Rioja","$ 2,620,000","146 m²","Lomas de la Rioja, Alvarado, Veracruz Llave","2","3","/detalle/41032-73-f24bd63ac8d5-58d1-194df30-8652-7ddf"
"Casa en Venta en Alvarado Centro","$ 5,300,000","250 m²","Alvarado Centro, Alvarado, Veracruz Llave","3","3","/detalle/41032-73-b71888c3a648-3ec9-18f5e2e-a332-72ae"
"Casa en Venta en Playas de Conchal","$ 5,900,000","314 m²","Playas de Conchal, Alvarado, Veracruz Llave","4","4","/detalle/41032-73-f64dc1418ed5-ec23-194df82-b955-74dc"
"Casa en Venta en Alvarado Centro","$ 2,580,000","109 m²","Alvarado Centro, Alvarado, Veracruz Llave","2","2","/detalle/41032-73-42d17077ee97-95ae-194decd-9368-766c"
"Casa en Venta en Lomas del Sol","$ 3,690,000","192 m²","Lomas del Sol, Alvarado, Veracruz Llave","No disponible","3","/detalle/41032-73-58d38bb1d1a9-6cd8-18f5d5c-a5b3-7cd8"
"Casa en Venta en Lomas del Sol","$ 4,000,000","No disponible","Lomas del Sol, Alvarado, Veracruz Llave","2","1","/detalle/41032-73-38194dae6e56-fb0-194dbd4-a123-7c39"
"Casa en Venta en Las Lomas","Consultar precios","180 m²","Las Lomas, Alvarado, Veracruz Llave","2","3","/detalle/41032-73-2a611995d85b-51dc-194ce23-a479-782c"
"Casa en Venta en Playa de Vacas","$ 4,092,000","264 m²","Playa de Vacas, Medellín, Veracruz Llave","No disponible","2","/detalle/41032-73-1dcad0dc7168-cee3-1942485-81d0-7a36"
"Casa en Venta en Punta de Arenas","$ 7,600,000","275 m²","Punta de Arenas, Alvarado, Veracruz Llave","3","3","/detalle/41032-73-7e0968d49b6f-e8c7-1976b07-b3f4-7272"
"Casa en Venta en Alvarado Centro","$ 5,859,000","256 m²","Alvarado Centro, Alvarado, Veracruz Llave","3","3","/detalle/41032-73-8a9fdf6df30f-1d65-1976b52-b3f4-7272"
"Casa en Venta en Boca Del Rio","$ 3,105,000","106 m²","Boca Del Rio, Boca del Río, Veracruz Llave","2","2","/detalle/41032-73-1b9827aea632-be7-264582b6-b2da-43ed"
"Casa en Fraccionamiento en Venta en San Jose Novillero","$ 3,960,000","236 m²","San Jose Novillero, Boca del Río, Veracruz Llave","3","3","/detalle/41032-73-680deaf4b224-f90e-1917dc4-9785-7d11"
"Casa en Fraccionamiento en Venta en San Jose Novillero","$ 3,450,000","145 m²","San Jose Novillero, Boca del Río, Veracruz Llave","3","3","/detalle/41032-73-a63ac20bd8a1-9635-1914ce4-b3f9-7d10"
"Casa en Venta en El Morro las Colonias","$ 1,850,000","172 m²","El Morro las Colonias, Boca del Río, Veracruz Llave","2","3","/detalle/41032-73-e97e0bfff925-ec1f-c9da2e82-b8ae-42b2"
"Casa en Fraccionamiento en Venta en San Jose Novillero","$ 4,449,000","215 m²","San Jose Novillero, Boca del Río, Veracruz Llave","3","3","/detalle/41032-73-aa25abd5fc50-64dd-1918ae4-9785-7d11"
"Casa en Fraccionamiento en Venta en Boca Del Rio Centro","$ 4,490,000","280 m²","Boca Del Rio Centro, Boca del Río, Veracruz Llave","3","3","/detalle/41032-73-856a59a78a07-c67e-1912b1d-84a1-704e"
"Casa en Fraccionamiento en Venta en San Jose Novillero","$ 3,890,000","232 m²","San Jose Novillero, Boca del Río, Veracruz Llave","4","4","/detalle/41032-73-ad724a002af2-558a-1914d08-b3f9-7d10"
"Casa en Venta en Playas de Conchal","$ 5,490,000","316 m²","Playas de Conchal, Alvarado, Veracruz Llave","3","3","/detalle/41032-73-a2e6625a1551-977c-7a10be27-c00d-42c6"
"Casa en Fraccionamiento en Venta en San Jose Novillero","$ 3,750,000","214 m²","San Jose Novillero, Boca del Río, Veracruz Llave","3","3","/detalle/41032-73-97c643282f89-10eb-19186cc-9785-7d11"
"Casa en Venta en San Jose Novillero","$ 4,490,000","225 m²","San Jose Novillero, Boca del Río, Veracruz Llave","3","3","/detalle/41032-73-5fac363155ed-d63f-1912483-84a1-704e"
"Casa en Fraccionamiento en Venta en Lomas de la Rioja","$ 2,100,000","98 m²","Lomas de la Rioja, Alvarado, Veracruz Llave","2","2","/detalle/41032-73-2a55d11137a1-6a32-79e9a7b9-900d-3a0f"
"Casa en Fraccionamiento en Venta en Lomas del Sol","$ 4,500,000","305 m²","Lomas del Sol, Alvarado, Veracruz Llave","4","3","/detalle/41032-73-c4e5dda87b86-c4b7-23a41bdb-a158-4e6e"
"Casa en Fraccionamiento en Venta en Alvarado Centro","$ 3,990,000","223 m²","Alvarado Centro, Alvarado, Veracruz Llave","2","3","/detalle/41032-73-71725355f647-452-236a58ce-a53b-3daa"
"Casa en Fraccionamiento en Venta en Playas de Conchal","$ 3,600,000","230 m²","Playas de Conchal, Alvarado, Veracruz Llave","3","3","/detalle/41032-73-2748d0f5cc47-3ed7-1974143-b920-737d"
"Casa en Fraccionamiento en Venta en Playas de Conchal","$ 5,990,000","295 m²","Playas de Conchal, Alvarado, Veracruz Llave","2","3","/detalle/41032-73-7f3d6e0d1aa3-a25f-196a70f-971f-77be"
"Casa en Fraccionamiento en Venta en Playas de Conchal","$ 4,769,000","235 m²","Playas de Conchal, Alvarado, Veracruz Llave","3","3","/detalle/41032-73-daaa975bbc31-6d1b-19568b9-8f37-7d0e"
"Casa en Fraccionamiento en Venta en Boca Del Rio","$ 5,650,000","230 m²","Boca Del Rio, Boca del Río, Veracruz Llave","5","4","/detalle/41032-73-b9bb28b32840-d5f6-2e6e6d54-ac54-446e"
"Casa en Fraccionamiento en Venta en Alvarado Centro","$ 3,990,000","240 m²","Alvarado Centro, Alvarado, Veracruz Llave","4","3","/detalle/41032-73-f3bca8e00462-2cd3-bab1a64d-a08f-4266"
"Casa en Venta en Playa de Vacas","$ 2,850,000","150 m²","Playa de Vacas, Medellín, Veracruz Llave","3","3","/detalle/41032-73-8976417c75b1-fce8-41f7ef83-8968-4647"
"Casa en Venta en Alvarado Centro","$ 3,920,000","230 m²","Alvarado Centro, Alvarado, Veracruz Llave","3","3","/detalle/41032-73-80787a7d2971-3d46-197d344-b538-7bb6"
"Casa en Fraccionamiento en Venta en Alvarado Centro","$ 3,900,000","214 m²","Alvarado Centro, Alvarado, Veracruz Llave","3","3","/detalle/41032-73-5da3a9524594-9693-195f3c1-873a-79e0"
"Casa en Fraccionamiento en Venta en San Jose Novillero","$ 3,975,000","188 m²","San Jose Novillero, Boca del Río, Veracruz Llave","3","3","/detalle/41032-73-78ae441dbaf0-4244-191e75f-8a22-78d4"
"Casa en Fraccionamiento en Venta en San Jose Novillero","$ 3,600,000","219 m²","San Jose Novillero, Boca del Río, Veracruz Llave","3","3","/detalle/41032-73-af00e4e29aba-bbed-19104e4-9feb-7599"
"Casa en Fraccionamiento en Venta en Lomas del Sol","$ 3,450,000","165 m²","Lomas del Sol, Alvarado, Veracruz Llave","3","3","/detalle/41032-73-30531ff753a2-1a49-197c8f1-a6fd-7c3c"
"Casa en Fraccionamiento en Venta en Alvarado Centro","$ 3,495,000","120 m²","Alvarado Centro, Alvarado, Veracruz Llave","2","2","/detalle/41032-73-b989a09837d5-91ee-19682db-b85f-79e4"
"Casa en Fraccionamiento en Venta en San Jose Novillero","$ 4,500,000","265 m²","San Jose Novillero, Boca del Río, Veracruz Llave","3","3","/detalle/41032-73-884f0c069214-444d-1942d5c-8fab-79e5"
"Casa en Venta en Lomas del Sol","$ 6,500,000","160 m²","Lomas del Sol, Alvarado, Veracruz Llave","2","3","/detalle/41032-73-33c54d60138e-f3ba-197e83c-9187-7d5e"
"Casa en Fraccionamiento en Venta en Las Lomas","$ 3,900,000","320 m²","Las Lomas, Alvarado, Veracruz Llave","4","3","/detalle/41032-73-c2757df053be-3321-196d5ac-ad92-77c6"
"Casa en Fraccionamiento en Venta en San Jose Novillero","$ 4,090,000","182 m²","San Jose Novillero, Boca del Río, Veracruz Llave","2","3","/detalle/41032-73-71da9b1534fa-5221-1939dbe-ad46-7e22"
"Casa en Fraccionamiento en Venta en Playas de Conchal","$ 6,320,000","250 m²","Playas de Conchal, Alvarado, Veracruz Llave","4","4","/detalle/41032-73-b937ea015905-9b41-195f805-83c2-7495"
"Casa en Fraccionamiento en Venta en San Jose Novillero","$ 3,690,000","212 m²","San Jose Novillero, Boca del Río, Veracruz Llave","3","3","/detalle/41032-73-be3e439bd517-1797-191055b-9feb-7599"
"Casa en Fraccionamiento en Venta en Las Lomas","$ 3,850,000","350 m²","Las Lomas, Alvarado, Veracruz Llave","5","5","/detalle/41032-73-846e4a3a7a46-1337-8fb334e-ada7-4955"
"Casa en Venta en Lomas del Sol","$ 5,600,000","330 m²","Lomas del Sol, Alvarado, Veracruz Llave","4","3","/detalle/41032-73-b3c68179669d-8e0b-197ecea-8939-7240"
"Casa en Fraccionamiento en Venta en Playas de Conchal","$ 17,500,000","547 m²","Playas de Conchal, Alvarado, Veracruz Llave","6","5","/detalle/41032-73-4217453a4bb5-421e-192b64c-8ffa-737f"
"Casa en Fraccionamiento en Venta en Playas de Conchal","$ 6,090,000","270 m²","Playas de Conchal, Alvarado, Veracruz Llave","5","4","/detalle/41032-73-e776e201ca6-a7a6-5f7ba900-b180-48dc"
"Casa en Fraccionamiento en Venta en Playas de Conchal","$ 8,500,000","454 m²","Playas de Conchal, Alvarado, Veracruz Llave","4","3","/detalle/41032-73-ea8c7dd29d27-122b-197c8f1-ad23-7619"
"Casa en Venta en Las Lomas","$ 4,700,000","292.81 m²","Las Lomas, Alvarado, Veracruz Llave","3","4","/detalle/41032-73-4b6d1551cd5d-66fc-197c8f1-92f6-796f"
"Casa en Venta en Alvarado Centro","$ 5,500,000","310 m²","Alvarado Centro, Alvarado, Veracruz Llave","3","3","/detalle/41032-73-a78b9669cfec-5ae6-197b4ea-9f0b-7696"
"Casa en Venta en Playas de Conchal","$ 7,400,000","611 m²","Playas de Conchal, Alvarado, Veracruz Llave","4","5","/detalle/41032-73-691071535e23-7e6d-1967088-9a44-7cb5"
"Casa en Venta en Paso Del Toro","$ 1,700,000","94 m²","Paso Del Toro, Medellín, Veracruz Llave","2","2","/detalle/41032-73-c29b29ec98da-7a3e-196286b-8fe3-7f84"
"Casa en Venta en Alvarado Centro","$ 2,750,000","119 m²","Alvarado Centro, Alvarado, Veracruz Llave","2","3","/detalle/41032-73-72cb20f64f8c-b4b1-194f886-8472-7e76"
"Casa en Venta en Costa de Oro 1a Secc","$ 6,990,000","275 m²","Costa de Oro 1a Secc, Boca del Río, Veracruz Llave","4","4","/detalle/41032-73-180a6d435588-40c8-195ac65-84d2-77a3"
"Casa en Venta en Alvarado Centro","$ 3,390,000","172 m²","Alvarado Centro, Alvarado, Veracruz Llave","2","3","/detalle/41032-73-63cfd7a6f989-c78f-2b7da278-aa4b-3239"
"Casa en Venta en Playa de Vacas","$ 6,350,000","289 m²","Playa de Vacas, Medellín, Veracruz Llave","3","3","/detalle/41032-73-b8a71b06c534-ddd9-1973611-8966-7efa"
"Casa en Venta en Lomas del Sol","$ 4,250,000","245 m²","Lomas del Sol, Alvarado, Veracruz Llave","3","3","/detalle/41032-73-7b6e4af80a4b-10fd-1971fa4-a23f-7798"
"Casa en Venta en Alvarado Centro","$ 4,500,000","258 m²","Alvarado Centro, Alvarado, Veracruz Llave","4","4","/detalle/41032-73-30bc15d0ee3f-5cc7-1934f09-b0b8-7c62"
"Casa en Venta en Lomas de la Rioja","$ 2,750,000","179 m²","Lomas de la Rioja, Alvarado, Veracruz Llave","3","3","/detalle/41032-73-4d7371572094-c1a8-bb8dcb26-b798-38e8"
"Casa en Venta en Alvarado Centro","$ 2,610,000","125 m²","Alvarado Centro, Alvarado, Veracruz Llave","2","3","/detalle/41032-73-3afde66102aa-3568-1917a60-ba0f-7c7b"
"Casa en Venta en Lomas de la Rioja","$ 2,550,000","113 m²","Lomas de la Rioja, Alvarado, Veracruz Llave","2","2","/detalle/41032-73-179c5befb444-684c-19304a6-9439-7e81"
"Casa en Venta en Lomas de la Rioja","$ 2,530,000","113 m²","Lomas de la Rioja, Alvarado, Veracruz Llave","2","2","/detalle/41032-73-cef266f8bd22-614a-19304a6-8785-7f24"
"Casa en Venta en Lomas de la Rioja","$ 3,720,000","176 m²","Lomas de la Rioja, Alvarado, Veracruz Llave","3","3","/detalle/41032-73-c0af5846a583-c03a-1973611-af98-7374"
"Casa en Venta en Alvarado Centro","$ 5,450,000","330 m²","Alvarado Centro, Alvarado, Veracruz Llave","4","4","/detalle/41032-73-614598610e7-e64b-195c871-a669-7ebf"
"Casa en Venta en Banus","$ 2,170,000","96 m²","Banus, Alvarado, Veracruz Llave","2","2","/detalle/41032-73-f8f3815a04cc-5c72-1938faf-a3d3-7d8d"
"Casa en Venta en Alvarado Centro","$ 5,650,000","268 m²","Alvarado Centro, Alvarado, Veracruz Llave","3","3","/detalle/41032-73-6fb37043fc9b-c8a5-e3abd42a-bc92-3417"
"Casa en Venta en Alvarado Centro","$ 4,350,000","213 m²","Alvarado Centro, Alvarado, Veracruz Llave","3","3","/detalle/41032-73-e1679f337f47-c8f7-ab8a46b6-ac82-3ec9"
"Casa en Venta en Las Lomas","$ 3,850,000","No disponible","Las Lomas, Alvarado, Veracruz Llave","3","3","/detalle/41032-73-be76e1a4fa9d-ca89-19238ed-b8f3-7c50"
"Casa en Fraccionamiento en Venta en Lomas del Sol","$ 3,500,000","264 m²","Lomas del Sol, Alvarado, Veracruz Llave","1","4","/detalle/41032-73-e938d28d9677-bc24-e15a376f-9e43-3cad"
"Casa en Venta en Alvarado Centro","$ 3,950,000","213 m²","Alvarado Centro, Alvarado, Veracruz Llave","3","3","/detalle/41032-73-d16e8b0c06df-393f-197960d-a980-7e06"
"Casa en Venta en Paso Del Toro","$ 8,700,000","800 m²","Paso Del Toro, Xalapa, Veracruz Llave","3","3","/detalle/41032-73-8d271eb2d286-3194-196a35c-9ff4-759d"
"Casa en Venta en Lomas Del Mar","$ 2,750,000","144 m²","Lomas Del Mar, Boca del Río, Veracruz Llave","3","3","/detalle/41032-73-76d74b9f2754-7630-196cb40-a8e0-74d5"
"Casa en Venta en Lomas de la Rioja","$ 3,500,000","203 m²","Lomas de la Rioja, Alvarado, Veracruz Llave","3","3","/detalle/41032-73-de5fd19d1a71-8c93-18f5d7d-8c7e-7bb4"
"Casa en Venta en Alvarado Centro","$ 4,550,000","185 m²","Alvarado Centro, Alvarado, Veracruz Llave","3","3","/detalle/41032-73-db24fa6fc837-748-6e258f5d-b6c0-3956"
"Casa en Venta en Las Lomas","$ 3,500,000","239 m²","Las Lomas, Alvarado, Veracruz Llave","3","3","/detalle/41032-73-dcbda8de5e2a-93c7-b9ea04d2-bd62-4cf8"
"Casa en Venta en Boca Del Rio","$ 5,800,000","650 m²","Boca Del Rio, Boca del Río, Veracruz Llave","5","3","/detalle/41032-73-99da6706a2e0-5919-1955550-bc1b-7b51"
"Casa en Fraccionamiento en Venta en Costa de Oro 1a Secc","$ 8,150,000","440 m²","Costa de Oro 1a Secc, Boca del Río, Veracruz Llave","3","5","/detalle/41032-73-acba7aa52c79-c103-c9d95179-b4f6-3463"
"Casa en Fraccionamiento en Venta en Costa de Oro 1a Secc","$ 4,990,000","345 m²","Costa de Oro 1a Secc, Boca del Río, Veracruz Llave","5","3","/detalle/41032-73-d274884f4cb8-6bd0-e8c4d7ce-91a3-3c9c"
"Casa en Venta en Lomas de la Rioja","$ 3,590,000","291 m²","Lomas de la Rioja, Alvarado, Veracruz Llave","4","3","/detalle/41032-73-6668442de2e3-c8e9-2e2c8125-83b0-384d"
"Casa en Fraccionamiento en Venta en Lomas de la Rioja","$ 2,250,000","154 m²","Lomas de la Rioja, Alvarado, Veracruz Llave","3","3","/detalle/41032-73-eaab6bd99a52-ed6d-d3ce9c3b-9f57-34f4"
"Casa en Fraccionamiento en Venta en Lomas de la Rioja","$ 1,950,000","112 m²","Lomas de la Rioja, Alvarado, Veracruz Llave","2","3","/detalle/41032-73-a3f952ac556b-5d2a-cd72a643-b0c1-3256"
"Casa en Fraccionamiento en Venta en Lomas de la Rioja","$ 2,980,000","208 m²","Lomas de la Rioja, Alvarado, Veracruz Llave","3","3","/detalle/41032-73-b1084de500b1-2a87-1fd44e97-b313-379b"
"Casa en Venta en Lomas de la Rioja","$ 2,995,000","220 m²","Lomas de la Rioja, Alvarado, Veracruz Llave","4","3","/detalle/41032-73-b65e531209e9-bfa1-d15708d1-b922-33c6"
"Casa en Fraccionamiento en Venta en Lomas de la Rioja","$ 2,800,000","206 m²","Lomas de la Rioja, Alvarado, Veracruz Llave","3","3","/detalle/41032-73-a69beb34af2a-37ac-e795450a-a21b-3c28"
"Casa en Fraccionamiento en Venta en Las Lomas","$ 3,600,000","238 m²","Las Lomas, Alvarado, Veracruz Llave","3","3","/detalle/41032-73-980696d6764-9072-2d3edb38-a425-3edc"
"Casa en Venta en Lomas de la Rioja","$ 2,050,000","140 m²","Lomas de la Rioja, Alvarado, Veracruz Llave","3","2","/detalle/41032-73-5310d1a981bf-dc7d-3ea33d7-965d-3315"
"Casa en Fraccionamiento en Venta en Lomas de la Rioja","$ 2,250,000","158 m²","Lomas de la Rioja, Alvarado, Veracruz Llave","2","2","/detalle/41032-73-dfea7bdeab1e-e0ac-c5287b45-9b45-4006"
"Casa en Fraccionamiento en Venta en Lomas de la Rioja","$ 2,930,000","217 m²","Lomas de la Rioja, Alvarado, Veracruz Llave","4","4","/detalle/41032-73-3e7a2f5d1b38-e01c-37c59ab8-ba70-3d06"
"Casa en Venta en Lomas de la Rioja","$ 2,290,000","138 m²","Lomas de la Rioja, Alvarado, Veracruz Llave","2","3","/detalle/41032-73-f42f938dd40d-4dfc-a10d0d3a-bc04-30c0"
"Casa en Fraccionamiento en Venta en Costa de Oro 1a Secc","$ 11,190,000","460 m²","Costa de Oro 1a Secc, Boca del Río, Veracruz Llave","4","3","/detalle/41032-73-dc2a8f1ec641-f445-b8ca09a6-8093-3aca"
"Casa en Fraccionamiento en Venta en Lomas de la Rioja","$ 1,850,000","140 m²","Lomas de la Rioja, Alvarado, Veracruz Llave","3","3","/detalle/41032-73-418c452a842-861e-b2a9b606-848a-4048"
"Casa en Fraccionamiento en Venta en Las Lomas","$ 3,100,000","215 m²","Las Lomas, Alvarado, Veracruz Llave","4","3","/detalle/41032-73-ee1eabaf55b6-6d05-67755979-9014-35aa"
"Casa en Fraccionamiento en Venta en Lomas del Sol","$ 4,790,000","296 m²","Lomas del Sol, Alvarado, Veracruz Llave","4","4","/detalle/41032-73-cd72b273f04c-5ebd-9e68b13c-b8ba-3b2e"
"Casa en Venta en Alvarado Centro","$ 3,400,000","224 m²","Alvarado Centro, Alvarado, Veracruz Llave","2","3","/detalle/41032-73-ac920bff7c20-5e46-197ef36-b76e-7c62"
"Casa en Fraccionamiento en Venta en Playas de Conchal","$ 3,250,000","225 m²","Playas de Conchal, Alvarado, Veracruz Llave","6","3","/detalle/41032-73-9e39582318c3-c01c-e066ebf1-967b-35c4"
"Casa en Fraccionamiento en Venta en Lomas de la Rioja","$ 2,930,000","196 m²","Lomas de la Rioja, Alvarado, Veracruz Llave","4","3","/detalle/41032-73-c1c756184606-bc09-b9529c21-9c25-3f3d"
"Casa en Fraccionamiento en Venta en Lomas de la Rioja","$ 1,890,000","90 m²","Lomas de la Rioja, Alvarado, Veracruz Llave","2","2","/detalle/41032-73-92d8b1f5792c-3e7f-44334785-9c35-3929"
"Casa en Fraccionamiento en Venta en El Colorado","$ 3,950,000","350 m²","El Colorado, Coatzacoalcos, Veracruz Llave","5","3","/detalle/41032-73-4b195ef19293-943c-1a4e6885-a35d-3b38"
"Casa en Fraccionamiento en Venta en Lomas de la Rioja","$ 1,960,000","100 m²","Lomas de la Rioja, Alvarado, Veracruz Llave","2","2","/detalle/41032-73-1c712f89b8e9-c4c0-d0742ab4-be15-3269"
"Casa en Fraccionamiento en Venta en Costa de Oro 1a Secc","$ 4,790,000","208 m²","Costa de Oro 1a Secc, Boca del Río, Veracruz Llave","4","3","/detalle/41032-73-f92e8441e4eb-11c2-6c31919a-ac1f-32b6"
"Casa en Venta en Real Mandinga","$ 2,380,000","150 m²","Real Mandinga, Alvarado, Veracruz Llave","4","3","/detalle/41032-73-b0887ab6e47b-39d0-62f0f696-84eb-3bd8"
"Casa en Venta en Mandinga y Cardon","$ 3,900,000","320 m²","Mandinga y Cardon, Alvarado, Veracruz Llave","3","3","/detalle/41032-73-5f9a9c55250f-63ee-197ef36-ba43-7120"
"Casa en Venta en Lomas de la Rioja","$ 3,980,000","212 m²","Lomas de la Rioja, Alvarado, Veracruz Llave","2","3","/detalle/41032-73-a9d42b6be22b-e127-a97b79ca-8640-4af8"
"Casa en Venta en Camino Real","$ 4,680,000","233 m²","Camino Real, Boca del Río, Veracruz Llave","4","3","/detalle/41032-73-b5d36c0c69a7-85cf-196948e-a2ab-7e2e"
"Casa en Venta en Alvarado Centro","$ 4,690,000","248 m²","Alvarado Centro, Alvarado, Veracruz Llave","2","3","/detalle/41032-73-561811a17257-8d74-194396d-8dc8-7274"
"Casa en Venta en San Jose Novillero","$ 4,090,000","180 m²","San Jose Novillero, Boca del Río, Veracruz Llave","3","3","/detalle/41032-73-67e43bfe5567-215c-196ae46-91d8-70b4"
"Casa en Venta en Las Lomas","$ 4,320,000","223 m²","Las Lomas, Alvarado, Veracruz Llave","3","3","/detalle/41032-73-3edb5ea16816-4bfe-7272c9cd-8bcf-417b"
"Casa en Venta en Alvarado Centro","$ 3,495,000","120 m²","Alvarado Centro, Alvarado, Veracruz Llave","2","2","/detalle/41032-73-380fe68e2f0e-2b3d-1967ac5-9c66-7425"
"Casa en Venta en Lomas de la Rioja","$ 3,490,000","165 m²","Lomas de la Rioja, Alvarado, Veracruz Llave","2","2","/detalle/41032-73-10b749406ded-aa45-1969ed9-9e20-7c0b"
"Casa en Venta en Alvarado Centro","$ 3,150,000","135 m²","Alvarado Centro, Alvarado, Veracruz Llave","3","3","/detalle/41032-73-9838cc58efa3-f29f-1967ac4-aa9a-7863"
"Casa en Venta en Alvarado Centro","$ 3,800,000","195 m²","Alvarado Centro, Alvarado, Veracruz Llave","3","3","/detalle/41032-73-3b3f4f7649f6-2bcc-1969edf-97a4-7100"
"Casa en Venta en Punta de Arenas","$ 6,090,000","270 m²","Punta de Arenas, Alvarado, Veracruz Llave","2","3","/detalle/41032-73-8e13bbd32086-586b-1969490-a318-752a"
"Casa en Venta en Alvarado Centro","$ 4,150,000","105 m²","Alvarado Centro, Alvarado, Veracruz Llave","2","3","/detalle/41032-73-b21da73f67ee-5127-196ae51-aeba-7be7"
"Casa en Venta en Alvarado Centro","$ 3,725,000","213 m²","Alvarado Centro, Alvarado, Veracruz Llave","3","3","/detalle/41032-73-d732117b62d9-679e-1968528-8a6f-7c68"
"Casa en Venta en Playas de Conchal","$ 4,900,000","240 m²","Playas de Conchal, Alvarado, Veracruz Llave","3","3","/detalle/41032-73-e1fbff0c9582-aeb8-1967ff4-8099-7684"
"Casa en Venta en Punta de Arenas","$ 6,450,000","320 m²","Punta de Arenas, Alvarado, Veracruz Llave","3","3","/detalle/41032-73-7cdb441d647d-2002-197ceb3-88dc-7d56"
"Casa en Venta en Alvarado Centro","$ 3,220,000","204 m²","Alvarado Centro, Alvarado, Veracruz Llave","3","3","/detalle/41032-73-4036939eb10a-29c2-196ae58-bb64-7d6d"
"Casa en Venta en Alvarado Centro","$ 4,500,000","250 m²","Alvarado Centro, Alvarado, Veracruz Llave","3","3","/detalle/41032-73-2779f3f1f8f8-2e4d-196a91d-b954-7920"
"Casa en Venta en La Tampiquera","$ 4,750,000","273 m²","La Tampiquera, Boca del Río, Veracruz Llave","3","4","/detalle/41032-73-1683b0fd5fa6-4e1-19571f9-90f2-7d13"
"Casa en Venta en Las Lomas","$ 3,900,000","320 m²","Las Lomas, Alvarado, Veracruz Llave","3","3","/detalle/41032-73-bc66f3c83d90-70bf-196f954-9fec-7f2a"
"Casa en Venta en Alvarado Centro","$ 17,980,000","700 m²","Alvarado Centro, Alvarado, Veracruz Llave","6","4","/detalle/41032-73-f7422604248d-7875-1919f6a-be8d-759a"
"Casa en Venta en El Conchal","$ 5,000,000","420 m²","El Conchal, Alvarado, Veracruz Llave","3","3","/detalle/41032-73-5b9738c4e5bf-91bf-1927862-89c2-77d3"
"Casa en Venta en Alvarado Centro","$ 5,850,000","256 m²","Alvarado Centro, Alvarado, Veracruz Llave","3","3","/detalle/41032-73-35d1dfe7025f-3270-1915cd5-beec-803b"
"Casa en Venta en Lomas del Sol","$ 5,995,000","290 m²","Lomas del Sol, Alvarado, Veracruz Llave","3","3","/detalle/41032-73-f779980553b9-d8a1-18f6577-9c02-72c1"
"Casa en Venta en Lomas del Sol","$ 5,600,000","280 m²","Lomas del Sol, Alvarado, Veracruz Llave","3","3","/detalle/41032-73-62be8fd4ad96-bc0-1923181-b7be-774c"
"Casa en Venta en Lomas del Sol","$ 4,940,000","295 m²","Lomas del Sol, Alvarado, Veracruz Llave","3","3","/detalle/41032-73-1b0ec28be7ec-5d81-192ff46-8755-7902"
"Casa en Venta en Lomas de la Rioja","$ 3,890,000","213 m²","Lomas de la Rioja, Alvarado, Veracruz Llave","3","3","/detalle/41032-73-a4d7cb641bf6-c7fd-c47ad8a6-9f60-3478"
"Casa en Venta en Las Lomas","$ 3,950,000","210 m²","Las Lomas, Alvarado, Veracruz Llave","3","3","/detalle/41032-73-fb21475956e1-e1e2-5867e98d-a8d7-3435"
"Casa en Venta en Las Lomas","$ 4,950,000","355 m²","Las Lomas, Alvarado, Veracruz Llave","3","3","/detalle/41032-73-4ede0a6a35da-922f-1917d0c-8df8-74be"
"Casa en Venta en Playas de Conchal","$ 19,900,000","625 m²","Playas de Conchal, Alvarado, Veracruz Llave","5","3","/detalle/41032-73-869e911fb4e1-9f56-194ded7-8faa-70ba"
"Casa en Venta en Alvarado Centro","$ 3,450,000","202 m²","Alvarado Centro, Alvarado, Veracruz Llave","4","3","/detalle/41032-73-d286f05c56c2-dab7-194dd85-9c80-76d9"
"Casa en Venta en Alvarado Centro","$ 17,500,000","547 m²","Alvarado Centro, Alvarado, Veracruz Llave","5","4","/detalle/41032-73-a4e28e9460a9-c113-1951a15-bfd5-777f"
"Casa en Venta en Alvarado Centro","$ 3,395,000","240 m²","Alvarado Centro, Alvarado, Veracruz Llave","2","3","/detalle/41032-73-25bc18036665-2aac-194db04-96cd-7bbc"
"Casa en Venta en Alvarado Centro","$ 3,350,000","174 m²","Alvarado Centro, Alvarado, Veracruz Llave","3","3","/detalle/41032-73-b30c54f2f2cf-a6a5-194dbfb-a0a1-7499"
"Casa en Venta en Lomas de la Rioja","$ 3,800,000","200 m²","Lomas de la Rioja, Alvarado, Veracruz Llave","3","3","/detalle/41032-73-f92936e64cf7-fae7-1951772-b8a8-7b68"
"Casa en Venta en Alvarado Centro","$ 2,990,000","140 m²","Alvarado Centro, Alvarado, Veracruz Llave","2","3","/detalle/41032-73-b09a0c457dd8-c448-194dedc-99db-75bd"
"Casa en Venta en Lomas de la Rioja","$ 3,750,000","233 m²","Lomas de la Rioja, Alvarado, Veracruz Llave","3","3","/detalle/41032-73-3f8f7c75e5c2-57bd-19426ae-ba86-7e97"
"Casa en Venta en Costa de Oro 1a Secc","$ 6,990,000","240 m²","Costa de Oro 1a Secc, Boca del Río, Veracruz Llave","4","4","/detalle/41032-73-d0f0e1750c85-23fe-19569a1-8212-7e39"
"Casa en Venta en Lomas Del Mar","$ 3,180,000","152 m²","Lomas Del Mar, Boca del Río, Veracruz Llave","2","3","/detalle/41032-73-308cb4f6f291-c3ee-197c930-a689-74d2"
"Casa en Fraccionamiento en Venta en Vista Bella","$ 8,500,000","435 m²","Vista Bella, Alvarado, Veracruz Llave","3","3","/detalle/41032-73-4794859a7759-c885-9a5f367-870e-3f09"
"Casa en Venta en Playas de Conchal","$ 5,500,000","337 m²","Playas de Conchal, Alvarado, Veracruz Llave","3","3","/detalle/41032-73-3b0ea8bbded5-c668-194dfa6-94dc-7109"
"Casa en Venta en Lomas de la Rioja","$ 3,700,000","213 m²","Lomas de la Rioja, Alvarado, Veracruz Llave","3","3","/detalle/41032-73-fb72faa6fa7a-533c-194db84-944c-78a2"
"Casa en Venta en Alvarado Centro","$ 4,580,000","240 m²","Alvarado Centro, Alvarado, Veracruz Llave","4","4","/detalle/41032-73-92f90326ef85-a705-194dc16-97f2-7870"
"Casa en Venta en Lomas del Sol","$ 7,200,000","305 m²","Lomas del Sol, Alvarado, Veracruz Llave","3","3","/detalle/41032-73-17ff3b32d3d9-391a-196f139-b4aa-715e"
"Casa en Venta en Anton Lizardo","$ 4,250,000","248 m²","Anton Lizardo, Alvarado, Veracruz Llave","3","3","/detalle/41032-73-6be161c40388-1229-195f4eb-904f-71e8"
"Casa en Venta en San Jose Novillero","$ 4,050,000","210 m²","San Jose Novillero, Boca del Río, Veracruz Llave","3","3","/detalle/41032-73-b63bb40e1754-dc2-1959d59-920b-7bb3"
"Casa en Venta en Playas de Conchal","$ 3,650,000","127 m²","Playas de Conchal, Alvarado, Veracruz Llave","2","2","/detalle/41032-73-35caa2022535-5132-195554a-bbcd-79b4"
"Casa en Venta en Alvarado Centro","$ 4,350,000","194 m²","Alvarado Centro, Alvarado, Veracruz Llave","3","3","/detalle/41032-73-458dba233656-215e-1922793-9a91-78e0"
"Casa en Venta en Las Palmas","$ 5,250,000","290 m²","Las Palmas, Medellín, Veracruz Llave","2","2","/detalle/41032-73-fa378c2f9bb7-130d-195ff3a-8e48-75c0"
"Casa en Venta en Playas de Conchal","$ 4,769,000","235 m²","Playas de Conchal, Alvarado, Veracruz Llave","3","3","/detalle/41032-73-ad44e3539675-5461-1956f0b-a9b5-7590"
"Casa en Venta en San Jose Novillero","$ 4,050,000","196 m²","San Jose Novillero, Boca del Río, Veracruz Llave","3","3","/detalle/41032-73-410254b22247-94bc-194dda1-887c-7c04"
"Casa en Venta en Las Palmas","$ 4,750,000","278 m²","Las Palmas, Medellín, Veracruz Llave","3","3","/detalle/41032-73-e93b97f78c9d-55d0-1917873-ab2b-7370"
"Casa en Venta en El Conchal","$ 4,300,000","250 m²","El Conchal, Alvarado, Veracruz Llave","2","3","/detalle/41032-73-9d81b2d5ddbe-87b6-194df52-ae73-7dfc"
"Casa en Venta en Playas de Conchal","$ 8,200,000","350 m²","Playas de Conchal, Alvarado, Veracruz Llave","4","3","/detalle/41032-73-3cb69bf7c911-c1ec-194df25-95ad-7294"
"Casa en Venta en Ejido Primero de Mayo Norte","$ 3,200,000","250 m²","Ejido Primero de Mayo Norte, Boca del Río, Veracruz Llave","2","3","/detalle/41032-73-cd0e980265e9-3371-194dd71-9bf9-799a"
"Casa en Venta en Lomas de la Rioja","$ 3,450,000","234 m²","Lomas de la Rioja, Alvarado, Veracruz Llave","3","3","/detalle/41032-73-6ceb5b238f0e-6391-197e877-a165-746b"
"Casa en Venta en Luis Echeverria Alvarez","$ 3,630,000","222 m²","Luis Echeverria Alvarez, Boca del Río, Veracruz Llave","3","3","/detalle/41032-73-ec79a5a099a6-6fe1-1966b6b-bd84-71cc"
"Casa en Venta en Lomas de la Rioja","$ 3,800,000","200 m²","Lomas de la Rioja, Alvarado, Veracruz Llave","3","3","/detalle/41032-73-c04c39e680ee-f521-197628d-b1a1-77ae"
"Casa en Venta en San Jose Novillero","$ 5,650,000","250 m²","San Jose Novillero, Boca del Río, Veracruz Llave","4","4","/detalle/41032-73-cc5264e58cf0-8f57-1954d8b-a74e-7d9f"
"Casa en Venta en Playas de Conchal","$ 4,360,000","200 m²","Playas de Conchal, Alvarado, Veracruz Llave","3","3","/detalle/41032-73-8258dc37c8a1-e47f-1978bca-8e57-750c"
"Casa en Venta en Lomas del Sol","$ 7,000,000","400 m²","Lomas del Sol, Alvarado, Veracruz Llave","5","4","/detalle/41032-73-e8465472d9f1-ea74-194df98-9f7c-7bec"
"Casa en Venta en Alvarado Centro","$ 4,350,000","213 m²","Alvarado Centro, Alvarado, Veracruz Llave","3","3","/detalle/41032-73-3a463aa764b6-41f1-194db31-85b1-7875"
"Casa en Venta en Playas de Conchal","$ 4,350,000","250 m²","Playas de Conchal, Alvarado, Veracruz Llave","3","3","/detalle/41032-73-debfea405834-f15b-1917879-813b-7e35"
"Casa en Venta en Boca Del Rio Centro","$ 2,670,000","155 m²","Boca Del Rio Centro, Boca del Río, Veracruz Llave","3","3","/detalle/41032-73-6b1c572216a8-1b70-1917878-87a2-77cd"
"Casa en Venta en Playas de Conchal","$ 17,500,000","547 m²","Playas de Conchal, Alvarado, Veracruz Llave","5","5","/detalle/41032-73-51511b374ef1-5e1b-195c173-b6c4-7843"
"Casa en Venta en Playa de Oro","$ 1,640,000","91 m²","Playa de Oro, Boca del Río, Veracruz Llave","2","2","/detalle/41032-73-3221b34a21ed-9d90-194ddb3-a010-7112"
"Casa en Venta en Las Lomas","$ 5,250,000","200 m²","Las Lomas, Alvarado, Veracruz Llave","3","3","/detalle/41032-73-f1bbec60006b-82e5-194df92-982b-7840"
"Casa en Venta en Lomas de la Rioja","$ 2,580,000","105 m²","Lomas de la Rioja, Alvarado, Veracruz Llave","2","2","/detalle/41032-73-8c321abb76e5-7e4c-195e577-81cd-7730"
"Casa en Venta en Las Lomas","$ 8,500,000","454 m²","Las Lomas, Alvarado, Veracruz Llave","3","3","/detalle/41032-73-c3150dbc77af-8814-197ade2-acbf-7719"
"Casa en Venta en Alvarado Centro","$ 3,200,000","150 m²","Alvarado Centro, Alvarado, Veracruz Llave","2","3","/detalle/41032-73-25376276e85c-7236-1967406-99e1-76a9"
"Casa en Venta en Playas de Conchal","$ 4,300,000","240 m²","Playas de Conchal, Alvarado, Veracruz Llave","3","3","/detalle/41032-73-39b9216088ab-4367-196221a-b89f-8044"
"Casa en Venta en Lomas de la Rioja","$ 2,980,000","210 m²","Lomas de la Rioja, Alvarado, Veracruz Llave","4","3","/detalle/41032-73-a4984a046858-cc6b-6aa28eb4-9fcc-387c"
"Casa en Venta en La Tampiquera","$ 2,950,000","205 m²","La Tampiquera, Boca del Río, Veracruz Llave","2","3","/detalle/41032-73-fca085f388cd-8fb2-1973c77-a720-7d15"
"Casa en Venta en Las Palmas","$ 4,600,000","200 m²","Las Palmas, Medellín, Veracruz Llave","4","4","/detalle/41032-73-11debf27aa83-1110-f5b03782-82e0-31a6"
"Casa en Venta en Playa Dorada","$ 2,690,000","188 m²","Playa Dorada, Alvarado, Veracruz Llave","3","3","/detalle/41032-73-3c508d0cd26e-d9e8-1938eed-82f6-7e27"
"Casa en Venta en Playas de Conchal","$ 9,250,000","340 m²","Playas de Conchal, Alvarado, Veracruz Llave","3","3","/detalle/41032-73-23a0e416b472-f87d-19379b7-934c-76aa"
"Casa en Venta en Playas de Conchal","$ 5,645,000","340 m²","Playas de Conchal, Alvarado, Veracruz Llave","2","3","/detalle/41032-73-adb91f5a98df-1d7f-18fb07a-9b80-77b3"
"Casa en Venta en Real Mandinga","$ 2,050,000","169 m²","Real Mandinga, Alvarado, Veracruz Llave","2","3","/detalle/41032-73-bee4ab9e73ec-a672-1974a3b-9e05-73c6"
"Casa en Venta en Playa de Vacas","$ 22,000,000","858 m²","Playa de Vacas, Medellín, Veracruz Llave","5","3","/detalle/41032-73-2792df9fef9d-9150-196d126-b6f9-7aef"
"Casa en Venta en Anton Lizardo","$ 8,650,000","371 m²","Anton Lizardo, Alvarado, Veracruz Llave","3","3","/detalle/41032-73-eb8157d6a5c5-fdfa-194d315-c01a-7d17"
"Casa en Venta en Alvarado Centro","$ 5,500,000","222 m²","Alvarado Centro, Alvarado, Veracruz Llave","3","3","/detalle/41032-73-9b8c3b7b2323-9310-1966aa3-b1c6-77c4"
"Casa en Venta en Anton Lizardo","$ 8,650,000","371 m²","Anton Lizardo, Alvarado, Veracruz Llave","3","3","/detalle/41032-73-59f4994e6a52-d3c5-195f27d-9285-7160"
"Casa en Venta en Lomas de la Rioja","$ 2,990,000","200 m²","Lomas de la Rioja, Alvarado, Veracruz Llave","3","3","/detalle/41032-73-505612b0fe31-e5da-21306aa3-b955-3779"
"Casa en Venta en Las Palmas","$ 6,100,000","289 m²","Las Palmas, Medellín, Veracruz Llave","4","4","/detalle/41032-73-7420233f314e-55a2-195f291-9285-7160"
"Casa en Fraccionamiento en Venta en Alvarado Centro","$ 3,190,000","145 m²","Alvarado Centro, Alvarado, Veracruz Llave","3","3","/detalle/41032-73-de347dc34f8c-b93-194f6c0-b4f2-7c03"
"Casa en Venta en Boca Del Rio","$ 3,890,000","182 m²","Boca Del Rio, Boca del Río, Veracruz Llave","3","3","/detalle/41032-73-1c3d6042eb0b-58de-3ae2e507-9b3c-3667"
"Casa en Venta en Alvarado Centro","$ 3,750,000","216 m²","Alvarado Centro, Alvarado, Veracruz Llave","3","3","/detalle/41032-73-f4734a71abe8-d03b-230de1f6-b1ab-3495"
"Casa en Venta en Playas de Conchal","$ 2,850,000","170 m²","Playas de Conchal, Alvarado, Veracruz Llave","2","3","/detalle/41032-73-1a142870ba90-d623-196d11d-b6f9-7aef"
"Casa en Venta en Alvarado Centro","$ 2,600,000","150 m²","Alvarado Centro, Alvarado, Veracruz Llave","3","3","/detalle/41032-73-26d2f4b4ceea-7de6-196a7ce-9cbf-7c19"
"Casa en Venta en San Jose Novillero","$ 5,450,000","250 m²","San Jose Novillero, Boca del Río, Veracruz Llave","4","4","/detalle/41032-73-6d86bd0082fc-aa68-195f288-9285-7160"
"Casa en Venta en Alvarado Centro","$ 3,250,000","222 m²","Alvarado Centro, Alvarado, Veracruz Llave","2","3","/detalle/41032-73-c434fa78d416-276b-193d76c-8648-79db"
"Casa en Venta en Alvarado Centro","$ 3,100,000","145 m²","Alvarado Centro, Alvarado, Veracruz Llave","2","2","/detalle/41032-73-80e5664e5d5d-c567-18fab52-8fa3-707b"
"Casa en Venta en Alvarado Centro","$ 4,150,000","205 m²","Alvarado Centro, Alvarado, Veracruz Llave","3","3","/detalle/41032-73-2d44032c0f80-e73e-196d13d-b6f9-7aef"
"Casa en Venta en Alvarado Centro","$ 4,990,000","180 m²","Alvarado Centro, Alvarado, Veracruz Llave","3","3","/detalle/41032-73-1a8e62f92228-4df2-195f439-9286-7160"
"Casa en Venta en Alvarado Centro","$ 6,095,000","265 m²","Alvarado Centro, Alvarado, Veracruz Llave","4","4","/detalle/41032-73-514a9b98e1b6-e048-18f8220-8ae7-7bff"
"Casa en Venta en Alvarado Centro","$ 2,110,000","222 m²","Alvarado Centro, Alvarado, Veracruz Llave","2","2","/detalle/41032-73-274d495f74d-7ee0-1939939-ad27-7e24"
"Casa en Venta en Las Lomas","$ 5,300,000","290 m²","Las Lomas, Alvarado, Veracruz Llave","4","4","/detalle/41032-73-f85e1b35af27-7a7e-1937998-934b-76aa"
"Casa en Venta en Lomas de la Rioja","$ 2,400,000","160 m²","Lomas de la Rioja, Alvarado, Veracruz Llave","3","3","/detalle/41032-73-71044b435e7e-9844-e4d2c144-947c-3ab0"
"Casa en Venta en Lomas del Sol","$ 4,350,000","266 m²","Lomas del Sol, Alvarado, Veracruz Llave","3","3","/detalle/41032-73-63cb2936208a-9a7b-cbad5fd2-9fb2-30f9"
"Casa en Venta en Luis Echeverria Alvarez","$ 2,950,000","209 m²","Luis Echeverria Alvarez, Boca del Río, Veracruz Llave","3","3","/detalle/41032-73-529268b7293c-4bac-18f497a-a4f6-72f6"
"Casa en Venta en Las Lomas","$ 3,600,000","225 m²","Las Lomas, Alvarado, Veracruz Llave","4","3","/detalle/41032-73-3a6446ebd555-a79c-194c041-bbdf-7bff"
"Casa en Venta en Las Lomas","$ 2,215,000","91 m²","Las Lomas, Alvarado, Veracruz Llave","2","2","/detalle/41032-73-7a3fb79c2843-77ee-195ede9-a00d-7055"
"Casa en Venta en Costa de Oro 1a Secc","$ 5,800,000","337 m²","Costa de Oro 1a Secc, Boca del Río, Veracruz Llave","4","5","/detalle/41032-73-57ea25cf3f1b-e617-192a615-b362-77c3"
"Casa en Venta en Alvarado Centro","$ 2,799,000","125 m²","Alvarado Centro, Alvarado, Veracruz Llave","2","3","/detalle/41032-73-a70b3470f155-58c7-4534a582-bbc3-4e1f"
"Casa en Venta en Alvarado Centro","$ 2,199,000","160.00 m²","Alvarado Centro, Alvarado, Veracruz Llave","2","2","/detalle/41032-73-a99178e050db-faca-190d1c0-9563-79c4"
"Casa en Venta en Alvarado Centro","$ 6,800,000","381 m²","Alvarado Centro, Alvarado, Veracruz Llave","6","4","/detalle/41032-73-69c0fd186f6d-db4-ede46b3b-a876-3c7a"
"Casa en Fraccionamiento en Venta en Boca Del Rio","$ 3,960,000","No disponible","Boca Del Rio, Boca del Río, Veracruz Llave","3","3","/detalle/41032-73-25ea8abde1ef-cc97-19191c2-ad37-76d8"
"Casa en Venta en Alvarado Centro","$ 5,700,000","250 m²","Alvarado Centro, Alvarado, Veracruz Llave","3","3","/detalle/41032-73-2bdd9b84b433-e1f3-194ba45-b067-79f9"
"Casa en Venta en Paso Del Toro","$ 1,850,000","124 m²","Paso Del Toro, Medellín, Veracruz Llave","2","3","/detalle/41032-73-16359d1cffd1-8be4-194b530-9454-7499"
"Casa en Venta en San Jose Novillero","$ 4,490,000","225 m²","San Jose Novillero, Boca del Río, Veracruz Llave","3","3","/detalle/41032-73-fcf37dfc1b18-ba4f-195d095-b739-72fc"
"Casa en Venta en Boca Del Rio","$ 35,000,000","1,200 m²","Boca Del Rio, Boca del Río, Veracruz Llave","6","3","/detalle/41032-73-c876f1e91b1f-a1d1-197b1b7-a72a-7087"
"Casa en Venta en San Jose Novillero","$ 5,180,000","180 m²","San Jose Novillero, Boca del Río, Veracruz Llave","4","3","/detalle/41032-73-9bfa73db5f61-351a-195349f-a24b-7f55"
"Casa en Venta en Las Palmas","$ 5,500,000","205 m²","Las Palmas, Medellín, Veracruz Llave","4","3","/detalle/41032-73-5f2f646b6eec-ee06-194432e-ac01-768b"
"Casa en Venta en El Morro las Colonias","$ 4,250,000","225 m²","El Morro las Colonias, Boca del Río, Veracruz Llave","4","4","/detalle/41032-73-281c866fbb49-14d8-19785ff-895a-70eb"
"Casa en Venta en La Calera","$ 1,840,000","95 m²","La Calera, Emiliano Zapata, Veracruz Llave","2","3","/detalle/41032-73-5439157bef49-1ff3-19314ac-8de2-78cd"
"Casa en Venta en Ricardo Flores Magon","$ 2,800,000","182 m²","Ricardo Flores Magon, Boca del Río, Veracruz Llave","2","3","/detalle/41032-73-11f1db16561-3a7a-197ed37-a608-73e3"
"Casa en Venta en Luis Echeverria Alvarez","$ 3,790,000","240 m²","Luis Echeverria Alvarez, Boca del Río, Veracruz Llave","3","4","/detalle/41032-73-a7cae82d5b7a-cde6-1976285-b013-7138"
"Casa en Venta en Ejido Primero de Mayo Sur","$ 2,800,000","182 m²","Ejido Primero de Mayo Sur, Boca del Río, Veracruz Llave","2","3","/detalle/41032-73-f6b2a93d829-6ca2-1965953-9b1f-7658"
"Casa en Venta en Alvarado Centro","$ 6,500,000","280 m²","Alvarado Centro, Alvarado, Veracruz Llave","3","3","/detalle/41032-73-388892d43c16-a0c0-197d143-8ddd-7984"
"Casa en Venta en Alvarado Centro","$ 7,800,000","484 m²","Alvarado Centro, Alvarado, Veracruz Llave","5","4","/detalle/41032-73-9da5f1420cc8-4a31-19743bf-9848-7bf3"
"Casa en Venta en Costa de Oro 1a Secc","$ 12,000,000","400 m²","Costa de Oro 1a Secc, Boca del Río, Veracruz Llave","3","4","/detalle/41032-73-30eba1bed393-fbf5-195f8d4-821e-7e1b"
"Casa en Venta en Playas de Conchal","$ 13,000,000","474 m²","Playas de Conchal, Alvarado, Veracruz Llave","6","4","/detalle/41032-73-4e93cb8c6f90-beeb-192d9b7-996c-78d8"
"Casa en Fraccionamiento en Venta en Costa de Oro 1a Secc","$ 7,000,000","No disponible","Costa de Oro 1a Secc, Boca del Río, Veracruz Llave","5","4","/detalle/41032-73-a10522e2a1ba-2aab-516de243-be25-3a4b"
"Casa en Venta en Galaxia","$ 2,490,000","98 m²","Galaxia, Boca del Río, Veracruz Llave","2","2","/detalle/41032-73-51e3eb390abe-2d8c-19397e3-9019-7d0b"
"Casa en Venta en Las Palmas","$ 8,000,000","372 m²","Las Palmas, Medellín, Veracruz Llave","6","3","/detalle/41032-73-39fd878cd5f6-83ed-19767f3-92d9-7051"
"Casa en Venta en Playas de Conchal","$ 8,750,000","436 m²","Playas de Conchal, Alvarado, Veracruz Llave","3","3","/detalle/41032-73-61d032b64b37-1107-84028df7-a435-4c21"
"Casa en Venta en Playas de Conchal","$ 6,500,000","280 m²","Playas de Conchal, Alvarado, Veracruz Llave","3","3","/detalle/41032-73-12e498c28c72-5043-1971a80-a16e-7b11"
"Casa en Venta en Boca Del Rio","$ 3,725,000","180 m²","Boca Del Rio, Boca del Río, Veracruz Llave","2","3","/detalle/41032-73-ea631de35253-50a0-e0ff1fdc-bd7c-3704"
"Casa en Venta en Revolucion","$ 2,800,000","96 m²","Revolucion, Boca del Río, Veracruz Llave","2","2","/detalle/41032-73-624d7d8c6324-561a-d8ab1132-ba09-4db1"
"Casa en Venta en Lomas de la Rioja","$ 5,150,000","236 m²","Lomas de la Rioja, Alvarado, Veracruz Llave","3","3","/detalle/41032-73-763329a90a48-764c-1975d65-a2bc-7561"
"Casa en Venta en Las Lomas","$ 3,900,000","260 m²","Las Lomas, Alvarado, Veracruz Llave","3","3","/detalle/41032-73-504cc8cc309d-3527-197102a-94c5-7cff"
"Casa en Venta en Playas de Conchal","$ 4,700,000","310 m²","Playas de Conchal, Alvarado, Veracruz Llave","3","3","/detalle/41032-73-2e980c16b6ec-a120-194dfa8-be87-72c2"
"Casa en Venta en Playas de Conchal","$ 6,320,000","250 m²","Playas de Conchal, Alvarado, Veracruz Llave","4","4","/detalle/41032-73-d62fd9cb064f-d71b-194ddb6-90e4-78d1"
"Casa en Venta en Lomas de la Rioja","$ 3,950,000","238 m²","Lomas de la Rioja, Alvarado, Veracruz Llave","3","3","/detalle/41032-73-45831f8d3c25-36c5-191f195-8921-7493"
"Casa en Venta en Las Lomas","$ 8,750,000","479 m²","Las Lomas, Alvarado, Veracruz Llave","4","3","/detalle/41032-73-93c257723afb-c34f-1e89a5c6-92b8-457d"
"Casa en Venta en Camino Real","$ 4,050,000","196 m²","Camino Real, Boca del Río, Veracruz Llave","3","3","/detalle/41032-73-1fdf9ed4763b-1f6a-19729eb-afe7-75c4"
"Casa en Venta en Alvarado Centro","$ 3,150,000","148 m²","Alvarado Centro, Alvarado, Veracruz Llave","3","3","/detalle/41032-73-dd657b91dd83-f17b-1959325-bf2b-7316"
"Casa en Venta en Alvarado Centro","$ 4,360,000","234 m²","Alvarado Centro, Alvarado, Veracruz Llave","3","3","/detalle/41032-73-b1be04d08b5f-6ee7-194df28-8f16-7106"
"Casa en Venta en Lomas de la Rioja","$ 3,690,000","260 m²","Lomas de la Rioja, Alvarado, Veracruz Llave","3","3","/detalle/41032-73-13920197a9f9-bc60-194dd6e-a0e1-7492"
"Casa en Venta en Alvarado Centro","$ 6,590,000","298 m²","Alvarado Centro, Alvarado, Veracruz Llave","4","4","/detalle/41032-73-284ffe86b83f-9f8b-190a8e0-bd80-78cf"
"Casa en Venta en Playas de Conchal","$ 7,250,000","395 m²","Playas de Conchal, Alvarado, Veracruz Llave","No disponible","3","/detalle/41032-73-507b1c2527d-908e-d1eb9ff8-8df2-3662"
"Casa en Venta en Alvarado Centro","$ 4,350,000","213 m²","Alvarado Centro, Alvarado, Veracruz Llave","3","3","/detalle/41032-73-dc3cefd19706-42ba-1941602-822c-7c52"
"Casa en Venta en Las Palmas","$ 6,000,000","450 m²","Las Palmas, Medellín, Veracruz Llave","3","3","/detalle/41032-73-81a3f8b6b356-e9ed-19679f0-bb2c-32c5"
"Casa en Venta en Costa de Oro 1a Secc","$ 13,500,000","630 m²","Costa de Oro 1a Secc, Boca del Río, Veracruz Llave","4","4","/detalle/41032-73-7d30758cb1c6-6502-194df56-b0d7-772f"
"Casa en Venta en El Conchal","$ 12,000,000","480 m²","El Conchal, Alvarado, Veracruz Llave","3","3","/detalle/41032-73-8fdd48efb42-82e9-194dfab-b6ec-70d7"
"Casa en Venta en Alvarado Centro","$ 3,850,000","238 m²","Alvarado Centro, Alvarado, Veracruz Llave","3","3","/detalle/41032-73-51398fcb5eda-7fe9-194df93-a2fd-708e"
"Casa en Venta en Real Mandinga","$ 2,100,000","98 m²","Real Mandinga, Alvarado, Veracruz Llave","2","2","/detalle/41032-73-3aeb2e3a3710-57ce-194dd2f-8d5b-764c"
"Casa en Venta en Alvarado Centro","$ 4,320,000","223 m²","Alvarado Centro, Alvarado, Veracruz Llave","3","3","/detalle/41032-73-7869536d6e54-9fd5-cc4f7bb3-8880-318e"
"Casa en Venta en Costa de Oro 1a Secc","$ 7,100,000","354 m²","Costa de Oro 1a Secc, Boca del Río, Veracruz Llave","2","3","/detalle/41032-73-29e6c2b58af0-e2c5-ae7d84dd-ba98-48f1"
"Casa en Venta en Las Lomas","$ 3,900,000","320 m²","Las Lomas, Alvarado, Veracruz Llave","3","3","/detalle/41032-73-6c64b8bae611-f35c-196fb8c-b1d9-7109"
"Casa en Venta en Lomas del Sol","$ 13,200,000","500 m²","Lomas del Sol, Alvarado, Veracruz Llave","6","4","/detalle/41032-73-36f8d068c1d2-28fc-19615c8-87a0-7d66"
"Casa en Venta en Las Lomas","$ 3,800,000","220 m²","Las Lomas, Alvarado, Veracruz Llave","3","3","/detalle/41032-73-6b74d23106c1-46c2-30396235-adca-48ef"
"Casa en Fraccionamiento en Venta en San Jose Novillero","$ 4,380,000","210 m²","San Jose Novillero, Boca del Río, Veracruz Llave","3","3","/detalle/41032-73-6d95100e544b-4df7-1928dd8-9c11-79e4"
"Casa en Fraccionamiento en Venta en Anton Lizardo","$ 2,295,000","115 m²","Anton Lizardo, Alvarado, Veracruz Llave","1","2","/detalle/41032-73-9a07ac5ebfd6-a3fe-1948c89-8d1f-7162"
"Casa en Venta en Alvarado Centro","$ 2,850,000","146 m²","Alvarado Centro, Alvarado, Veracruz Llave","2","3","/detalle/41032-73-6343777f19d-a6f1-13035ef7-b202-43bb"
"Casa en Venta en Alvarado Centro","$ 5,350,000","218 m²","Alvarado Centro, Alvarado, Veracruz Llave","No disponible","2","/detalle/41032-73-ce5f378e1f2d-c1e-193d4ff-bc57-7627"
"Casa en Venta en Alvarado Centro","$ 3,890,000","194 m²","Alvarado Centro, Alvarado, Veracruz Llave","3","3","/detalle/41032-73-1069cb128afa-7824-190ecea-b239-7f36"
"Casa en Venta en Las Lomas","$ 3,495,000","120 m²","Las Lomas, Alvarado, Veracruz Llave","2","2","/detalle/41032-73-a0d713091d31-4a9d-1966ec2-b4fa-71cf"
"Casa en Venta en Alvarado Centro","$ 2,050,000","123.75 m²","Alvarado Centro, Alvarado, Veracruz Llave","2","3","/detalle/41032-73-29f19f0d408f-bf26-e5bb9639-9f47-1237"
"Casa en Venta en Costa de Oro 1a Secc","$ 16,950,000","600 m²","Costa de Oro 1a Secc, Boca del Río, Veracruz Llave","6","4","/detalle/41032-73-44401b8bf963-464a-1ce44b1b-89e8-4e67"
"Casa en Venta en Alvarado Centro","$ 4,400,000","290 m²","Alvarado Centro, Alvarado, Veracruz Llave","2","3","/detalle/41032-73-49eb08fc9625-ea93-1956868-8424-7bfe"
"Casa en Venta en Lomas Del Mar","$ 2,600,000","130 m²","Lomas Del Mar, Boca del Río, Veracruz Llave","2","3","/detalle/41032-73-9ed4c6984fb7-e715-46f9103d-a9fa-4461"
"Casa en Venta en Lomas de la Rioja","$ 2,630,000","140 m²","Lomas de la Rioja, Alvarado, Veracruz Llave","2","3","/detalle/41032-73-f0ad10665f18-240a-196ac56-b9be-7296"
"Casa en Venta en Playas de Conchal","$ 10,990,000","445 m²","Playas de Conchal, Alvarado, Veracruz Llave","5","4","/detalle/41032-73-d7d6e61d7fae-2ae4-4c7087a-9449-4e96"
"Casa en Fraccionamiento en Venta en Anton Lizardo","$ 2,850,000","145 m²","Anton Lizardo, Alvarado, Veracruz Llave","3","3","/detalle/41032-73-af5e3066fdda-eb4c-1978ac3-b7a1-7386"
"Casa en Venta en Las Lomas","$ 4,700,000","287 m²","Las Lomas, Alvarado, Veracruz Llave","3","3","/detalle/41032-73-ebe9b4d45e8c-c139-194df0e-9a7d-7345"
"Casa en Venta en Alvarado Centro","$ 16,300,000","556 m²","Alvarado Centro, Alvarado, Veracruz Llave","5","4","/detalle/41032-73-2d55bc92e8ff-37b8-194def0-9d7a-7e13"
"Casa en Venta en Playas de Conchal","$ 4,300,000","266 m²","Playas de Conchal, Alvarado, Veracruz Llave","4","3","/detalle/41032-73-291f06d858c9-c385-194df51-a4fd-78f0"
"Casa en Venta en Alvarado Centro","$ 3,880,000","189 m²","Alvarado Centro, Alvarado, Veracruz Llave","3","3","/detalle/41032-73-644104bb9b0b-7270-19743aa-9ec8-7625"
"Casa en Venta en Alvarado Centro","$ 6,015,000","246 m²","Alvarado Centro, Alvarado, Veracruz Llave","3","3","/detalle/41032-73-4b164e7fd027-bcbc-194dfa0-8911-75be"
"Casa en Venta en Alvarado Centro","$ 4,350,000","245 m²","Alvarado Centro, Alvarado, Veracruz Llave","3","3","/detalle/41032-73-a64353468180-f9a0-1946d7d-a163-7a86"
"Casa en Venta en Alvarado Centro","$ 3,950,000","232 m²","Alvarado Centro, Alvarado, Veracruz Llave","4","3","/detalle/41032-73-c681085b1742-a9dc-194dee0-a185-7d9c"
"Casa en Venta en Las Lomas","$ 4,000,000","220 m²","Las Lomas, Alvarado, Veracruz Llave","3","3","/detalle/41032-73-c2f37c61b752-c01b-18f5e69-8a16-771a"
"Casa en Venta en Las Lomas","$ 4,000,000","265 m²","Las Lomas, Alvarado, Veracruz Llave","3","3","/detalle/41032-73-f083d597899e-dfcd-194df1a-bf1b-7ac3"
"Casa en Venta en Playas de Conchal","$ 5,250,000","No disponible","Playas de Conchal, Alvarado, Veracruz Llave","3","3","/detalle/41032-73-86dea8a39df8-efb0-1950808-93f2-77df"
"Casa en Venta en Alvarado Centro","$ 7,280,000","294 m²","Alvarado Centro, Alvarado, Veracruz Llave","5","4","/detalle/41032-73-8177a4b725e8-4cf4-1976b46-b3f4-7272"
"Casa en Venta en Alvarado Centro","$ 2,180,000","129 m²","Alvarado Centro, Alvarado, Veracruz Llave","2","2","/detalle/41032-73-92c48054beb7-f54-1973c94-82ca-78cd"
"Casa en Venta en Alvarado Centro","$ 4,590,000","No disponible","Alvarado Centro, Alvarado, Veracruz Llave","No disponible","2","/detalle/41032-73-91c0f3da9249-ec29-194247d-bb46-773c"
"Casa en Venta en Alvarado Centro","$ 4,000,000","218 m²","Alvarado Centro, Alvarado, Veracruz Llave","4","3","/detalle/41032-73-9afeebfe00e0-8bc9-1976b83-b3f4-7272"
"Casa en Venta en Lomas del Sol","$ 4,200,000","180 m²","Lomas del Sol, Alvarado, Veracruz Llave","3","3","/detalle/41032-73-23c89f39769a-30f-1973b20-a25d-7edd"
"Casa en Fraccionamiento en Venta en San Jose Novillero","$ 4,499,000","210 m²","San Jose Novillero, Boca del Río, Veracruz Llave","4","4","/detalle/41032-73-9ee0bdeb31c9-31b1-1914cd1-b3f9-7d10"
"Casa en Venta en El Morro las Colonias","$ 2,990,000","172 m²","El Morro las Colonias, Boca del Río, Veracruz Llave","3","3","/detalle/41032-73-4f28362e786-db09-1959182-a774-75a5"
"Casa en Fraccionamiento en Venta en San Jose Novillero","$ 3,950,000","230 m²","San Jose Novillero, Boca del Río, Veracruz Llave","3","3","/detalle/41032-73-520a331ed1f2-3926-1911fec-84a1-704e"
"Casa en Venta en La Tampiquera","$ 2,800,000","166 m²","La Tampiquera, Boca del Río, Veracruz Llave","2","3","/detalle/41032-73-bc36f75090d-e383-6dab237b-a550-503e"
"Casa en Fraccionamiento en Venta en Costa de Oro 1a Secc","$ 6,500,000","390 m²","Costa de Oro 1a Secc, Boca del Río, Veracruz Llave","4","3","/detalle/41032-73-1282b75a622f-aeda-2a783f1a-8470-3eea"
"Casa en Fraccionamiento en Venta en San Jose Novillero","$ 3,990,000","240 m²","San Jose Novillero, Boca del Río, Veracruz Llave","3","3","/detalle/41032-73-9b5f84989584-9ae7-1918ab9-9785-7d11"
"Casa en Fraccionamiento en Venta en Boca Del Rio Centro","$ 4,449,000","215 m²","Boca Del Rio Centro, Boca del Río, Veracruz Llave","3","3","/detalle/41032-73-21abefa41d4d-faaf-1914a3f-a75c-79e2"
"Casa en Fraccionamiento en Venta en San Jose Novillero","$ 4,490,000","225 m²","San Jose Novillero, Boca del Río, Veracruz Llave","3","3","/detalle/41032-73-8f876f474f77-66f9-19182a7-9785-7d11"
"Casa en Fraccionamiento en Venta en San Jose Novillero","$ 4,350,000","226 m²","San Jose Novillero, Boca del Río, Veracruz Llave","3","3","/detalle/41032-73-4a78a2a376a1-6ba5-1911faa-84a1-704e"
"Casa en Fraccionamiento en Venta en San Jose Novillero","$ 3,625,000","184 m²","San Jose Novillero, Boca del Río, Veracruz Llave","2","3","/detalle/41032-73-757a62a9d4ce-115d-1916d09-bcd4-715d"
"Casa en Fraccionamiento en Venta en San Jose Novillero","$ 3,990,000","225 m²","San Jose Novillero, Boca del Río, Veracruz Llave","3","3","/detalle/41032-73-42bf6b7c47d2-85f7-1915943-bcd4-715d"
"Casa en Fraccionamiento en Venta en Boca Del Rio","$ 4,400,000","210 m²","Boca Del Rio, Boca del Río, Veracruz Llave","4","4","/detalle/41032-73-ec3077dda3e-6c9a-320b7dde-9ef9-407c"
"Casa en Fraccionamiento en Venta en San Jose Novillero","$ 3,185,000","108 m²","San Jose Novillero, Boca del Río, Veracruz Llave","2","2","/detalle/41032-73-6b34af36c556-83f4-2b876eb4-91b1-48f8"
"Casa en Fraccionamiento en Venta en Alvarado Centro","$ 3,720,000","176 m²","Alvarado Centro, Alvarado, Veracruz Llave","3","3","/detalle/41032-73-d4850789dc3a-c1b7-196e9f9-80f8-7af3"
"Casa en Fraccionamiento en Venta en San Jose Novillero","$ 3,300,000","172 m²","San Jose Novillero, Boca del Río, Veracruz Llave","2","3","/detalle/41032-73-66a559679c6a-9bbb-1912ad2-84a1-704e"
"Casa en Fraccionamiento en Venta en Playa Dorada","$ 3,050,000","161 m²","Playa Dorada, Alvarado, Veracruz Llave","2","3","/detalle/41032-73-857624b1a220-a93f-191e776-8a22-78d4"
"Casa en Venta en Playas de Conchal","$ 4,750,000","250 m²","Playas de Conchal, Alvarado, Veracruz Llave","4","3","/detalle/41032-73-373caaefdbf8-e127-190f030-a4ce-704e"
"Casa en Fraccionamiento en Venta en Paso Del Toro","$ 1,850,000","124 m²","Paso Del Toro, Medellín, Veracruz Llave","2","3","/detalle/41032-73-f1fbb2c5dc6b-2f6-e9acc5f7-824a-46b2"
"Casa en Fraccionamiento en Venta en Alvarado Centro","$ 3,725,000","213 m²","Alvarado Centro, Alvarado, Veracruz Llave","3","3","/detalle/41032-73-7d1fe9749303-e8f1-718ede1d-ae89-4e21"
"Casa en Fraccionamiento en Venta en San Jose Novillero","$ 4,680,000","233 m²","San Jose Novillero, Boca del Río, Veracruz Llave","3","3","/detalle/41032-73-7e12ff7e8e7c-c637-1949475-a128-7e19"
"Casa en Fraccionamiento en Venta en Anton Lizardo","$ 2,800,000","115 m²","Anton Lizardo, Alvarado, Veracruz Llave","2","2","/detalle/41032-73-b5d40086579d-64ca-197328d-b371-7c04"
"Casa en Fraccionamiento en Venta en Lomas del Sol","$ 4,190,000","200 m²","Lomas del Sol, Alvarado, Veracruz Llave","2","3","/detalle/41032-73-d35d3e3e7416-f706-196d64b-ad92-77c6"
"Casa en Fraccionamiento en Venta en Alvarado Centro","$ 3,700,000","217 m²","Alvarado Centro, Alvarado, Veracruz Llave","3","4","/detalle/41032-73-4ea9330c6860-18d9-19548ab-9952-78cb"
"Casa en Fraccionamiento en Venta en San Jose Novillero","$ 4,050,000","200 m²","San Jose Novillero, Boca del Río, Veracruz Llave","3","3","/detalle/41032-73-861ea490c455-d52b-1942d40-8fab-79e5"
"Casa en Fraccionamiento en Venta en Lomas del Sol","$ 7,000,000","400 m²","Lomas del Sol, Alvarado, Veracruz Llave","5","4","/detalle/41032-73-7c7b60f0b8a4-f55a-ad47afbc-b710-4de2"
"Casa en Fraccionamiento en Venta en Lomas del Sol","$ 5,900,000","290 m²","Lomas del Sol, Alvarado, Veracruz Llave","4","3","/detalle/41032-73-8e991a7afba5-a186-5011570e-b434-45b7"
"Casa en Fraccionamiento en Venta en Las Palmas","$ 5,190,000","275 m²","Las Palmas, Medellín, Veracruz Llave","4","4","/detalle/41032-73-b7f055ce4e32-c5b4-195b0c3-aa50-803b"
"Casa en Fraccionamiento en Venta en Alvarado Centro","$ 4,580,000","245 m²","Alvarado Centro, Alvarado, Veracruz Llave","3","3","/detalle/41032-73-7706add6b177-f233-21e13526-a734-4cd8"
"Villa en Venta en La Aguada","$ 7,100,000","532 m²","La Aguada, Alvarado, Veracruz Llave","6","6","/detalle/41032-73-afea4a581c8c-b883-20f96075-849d-41cf"
"Casa en Fraccionamiento en Venta en Alvarado Centro","$ 3,550,000","201 m²","Alvarado Centro, Alvarado, Veracruz Llave","3","3","/detalle/41032-73-c78a318a913f-ac09-dd87137a-b6a7-49a3"
"Casa en Fraccionamiento en Venta en San Jose Novillero","$ 4,490,000","268 m²","San Jose Novillero, Boca del Río, Veracruz Llave","3","3","/detalle/41032-73-cc7e88d665ca-bb3b-195247e-9b25-76b3"
"Casa en Fraccionamiento en Venta en Las Palmas","$ 4,350,000","269 m²","Las Palmas, Medellín, Veracruz Llave","4","4","/detalle/41032-73-7d4c84653c55-5439-1951b64-c016-7ae9"
"Casa en Fraccionamiento en Venta en Las Palmas","$ 4,750,000","276 m²","Las Palmas, Medellín, Veracruz Llave","3","3","/detalle/41032-73-e5bea477678f-3770-1938931-a684-7272"
"Casa en Fraccionamiento en Venta en Playas de Conchal","$ 7,400,000","611 m²","Playas de Conchal, Alvarado, Veracruz Llave","5","5","/detalle/41032-73-bfa2af6926c3-521f-19235e5-8d75-803b"
"Casa en Fraccionamiento en Venta en Playas de Conchal","$ 3,250,000","115 m²","Playas de Conchal, Alvarado, Veracruz Llave","2","2","/detalle/41032-73-d071ffe43ca1-5edc-196b64d-a7ca-7273"
"Casa en Fraccionamiento en Venta en Alvarado Centro","$ 4,350,000","213 m²","Alvarado Centro, Alvarado, Veracruz Llave","3","3","/detalle/41032-73-6aef5b851419-58ed-c6c4aada-9cf6-4d4f"
"Casa en Fraccionamiento en Venta en Quintas Al Andalus","$ 2,100,000","126 m²","Quintas Al Andalus, Boca del Río, Veracruz Llave","3","3","/detalle/41032-73-9d4c2cd639bb-5fbe-bafd7047-b5d5-39df"
"Casa en Fraccionamiento en Venta en Las Palmas","$ 4,400,000","297 m²","Las Palmas, Medellín, Veracruz Llave","4","3","/detalle/41032-73-7bb1a5b47071-8a2e-8919a3e7-90d9-461b"
"Casa en Venta en Ejido Primero de Mayo Sur","$ 2,500,000","120 m²","Ejido Primero de Mayo Sur, Boca del Río, Veracruz Llave","2","3","/detalle/41032-73-bb255943f483-35f5-1978f6c-bc71-78d7"
"Casa en Fraccionamiento en Venta en Lomas del Sol","$ 4,500,000","253 m²","Lomas del Sol, Alvarado, Veracruz Llave","3","3","/detalle/41032-73-415016a31876-5362-927d8bf1-9132-3ff6"
"Casa en Fraccionamiento en Venta en Las Lomas","$ 3,750,000","253 m²","Las Lomas, Alvarado, Veracruz Llave","2","3","/detalle/41032-73-7ded9cd3b985-273e-1966a1b-813a-7274"
"Casa en Venta en El Morro las Colonias","$ 2,670,000","155 m²","El Morro las Colonias, Boca del Río, Veracruz Llave","3","3","/detalle/41032-73-9ef695b9d2ce-4021-1920be7-b908-79e5"
"Casa en Fraccionamiento en Venta en Costa de Oro 1a Secc","$ 17,750,000","650 m²","Costa de Oro 1a Secc, Boca del Río, Veracruz Llave","5","3","/detalle/41032-73-9389b2787701-913c-9ee712bd-9f09-4cac"
"Casa en Venta en Alvarado Centro","$ 3,100,000","151 m²","Alvarado Centro, Alvarado, Veracruz Llave","3","3","/detalle/41032-73-9ede3cd2681-94d2-191c8bd-ac22-7d15"
"Casa en Fraccionamiento en Venta en Costa de Oro 1a Secc","$ 9,500,000","500 m²","Costa de Oro 1a Secc, Boca del Río, Veracruz Llave","No disponible","3","/detalle/41032-73-494dbeb0eb2d-65ba-568218eb-ac79-31ae"
"Casa en Venta en Banus","$ 1,840,000","94 m²","Banus, Alvarado, Veracruz Llave","2","3","/detalle/41032-73-b723344acde5-ca4e-1933359-9d4a-762c"
"Casa en Venta en El Manantial","$ 2,250,000","160 m²","El Manantial, Boca del Río, Veracruz Llave","3","2","/detalle/41032-73-72c8a391cdf-a903-19675a0-8daf-7bdf"
"Casa en Venta en Boca Del Rio","$ 5,650,000","230 m²","Boca Del Rio, Boca del Río, Veracruz Llave","4","4","/detalle/41032-73-dfbd4a03c925-8579-196286d-a1f0-771e"
"Casa en Venta en El Morro las Colonias","$ 4,750,000","434 m²","El Morro las Colonias, Boca del Río, Veracruz Llave","3","4","/detalle/41032-73-bf9f6b8aeb5-5235-1967fec-890e-7b71"
"Casa en Venta en Lomas de la Rioja","$ 3,350,000","170 m²","Lomas de la Rioja, Alvarado, Veracruz Llave","2","3","/detalle/41032-73-c38e60dc57f7-63a7-1966b5d-b54b-7a93"
"Casa en Venta en Alvarado Centro","$ 4,940,000","236 m²","Alvarado Centro, Alvarado, Veracruz Llave","3","3","/detalle/41032-73-9bda7049f80c-796-197a589-9050-754f"
"Casa en Venta en Boca Del Rio","$ 3,150,000","110 m²","Boca Del Rio, Boca del Río, Veracruz Llave","2","2","/detalle/41032-73-ff3d2599ae7f-40c9-196fb82-98f7-7897"
"Casa en Venta en San Jose Novillero","$ 3,675,000","181 m²","San Jose Novillero, Boca del Río, Veracruz Llave","2","3","/detalle/41032-73-e67e807fcbaa-c14c-193953b-9b7d-772d"
"Casa en Venta en Alvarado Centro","$ 2,850,000","160 m²","Alvarado Centro, Alvarado, Veracruz Llave","2","3","/detalle/41032-73-230058289669-73bb-195055f-ae5b-70eb"
"Casa en Venta en Playas de Conchal","$ 5,600,000","320 m²","Playas de Conchal, Alvarado, Veracruz Llave","4","3","/detalle/41032-73-c0562fcf6a3a-85eb-196f9a0-b743-758a"
"Casa en Venta en Lomas de la Rioja","$ 2,000,000","127 m²","Lomas de la Rioja, Alvarado, Veracruz Llave","2","3","/detalle/41032-73-79d4e16aa1d0-24cc-19603ac-a6d2-77c3"
"Casa en Venta en San Jose Novillero","$ 4,790,000","232 m²","San Jose Novillero, Boca del Río, Veracruz Llave","3","3","/detalle/41032-73-6bb4d0130805-c05c-1976abc-8749-7d0a"
"Casa en Venta en Playas de Conchal","$ 4,980,000","204 m²","Playas de Conchal, Alvarado, Veracruz Llave","2","3","/detalle/41032-73-d936e50c1dc9-846b-197227c-9580-73db"
"Casa en Venta en Playas de Conchal","$ 6,500,000","280 m²","Playas de Conchal, Alvarado, Veracruz Llave","3","3","/detalle/41032-73-fa963bc167ba-da40-196d006-86df-7e6b"
"Casa en Venta en Alvarado Centro","$ 3,690,000","219 m²","Alvarado Centro, Alvarado, Veracruz Llave","3","3","/detalle/41032-73-71473b70fa95-fcd5-1961bec-b50c-7e28"
"Casa en Venta en Playas de Conchal","$ 5,100,000","226 m²","Playas de Conchal, Alvarado, Veracruz Llave","3","3","/detalle/41032-73-2391e87fd607-bd0a-1977bee-a3d6-755e"
"Casa en Venta en Plan de Ayala","$ 2,400,000","180 m²","Plan de Ayala, Boca del Río, Veracruz Llave","2","3","/detalle/41032-73-267909cb9b3a-e9f1-196fb38-97ec-7dda"
"Casa en Venta en Playas de Conchal","$ 4,350,000","126 m²","Playas de Conchal, Alvarado, Veracruz Llave","3","3","/detalle/41032-73-2e284d1c027a-8cc5-197aa22-a406-7480"
"Casa en Venta en Costa de Oro 1a Secc","$ 6,100,000","309 m²","Costa de Oro 1a Secc, Boca del Río, Veracruz Llave","3","3","/detalle/41032-73-2f2387ee8eea-9505-9d2bf95e-916f-397a"
"Casa en Venta en El Manantial","$ 1,700,000","162 m²","El Manantial, Boca del Río, Veracruz Llave","2","3","/detalle/41032-73-d6ac2c0f0972-84f4-c6b6148-b75c-3920"
"Casa en Venta en La Tampiquera","$ 2,990,000","172 m²","La Tampiquera, Boca del Río, Veracruz Llave","3","3","/detalle/41032-73-fb9e9b04f9db-cb36-19785f3-bc88-76d5"
"Casa en Venta en Alvarado Centro","$ 4,900,000","237 m²","Alvarado Centro, Alvarado, Veracruz Llave","3","3","/detalle/41032-73-578fc014c9d1-3479-196ada4-8c0a-70b7"
"Casa en Venta en Lomas de la Rioja","$ 4,300,000","238 m²","Lomas de la Rioja, Alvarado, Veracruz Llave","2","3","/detalle/41032-73-a9f5a58abf84-553d-18fc739-b9d3-7865"
"Casa en Venta en Costa de Oro 1a Secc","$ 10,000,000","380 m²","Costa de Oro 1a Secc, Boca del Río, Veracruz Llave","3","3","/detalle/41032-73-7642d013cf53-2e7b-78b2526b-bd1e-33ec"
"Casa en Venta en Las Lomas","$ 3,500,000","308 m²","Las Lomas, Alvarado, Veracruz Llave","3","4","/detalle/41032-73-967e487618fd-372d-196cc8c-8d63-7dda"
"Casa en Venta en Alvarado Centro","$ 16,000,000","670 m²","Alvarado Centro, Alvarado, Veracruz Llave","7","5","/detalle/41032-73-4a6d088134a6-5460-251c7183-b7b6-3295"
"Casa en Venta en Costa de Oro 1a Secc","$ 5,500,000","260 m²","Costa de Oro 1a Secc, Boca del Río, Veracruz Llave","2","3","/detalle/41032-73-9ad02a8671eb-c1a0-193dcd3-b625-78a0"
"Casa en Venta en Alvarado Centro","$ 4,600,000","No disponible","Alvarado Centro, Alvarado, Veracruz Llave","3","3","/detalle/41032-73-ed5e71df1e4b-6db6-6fd791c1-b7a7-3735"
"Casa en Fraccionamiento en Venta en Tres Pasos","$ 6,600,000","659 m²","Tres Pasos, Emiliano Zapata, Veracruz Llave","3","4","/detalle/41032-73-8115734d6888-a616-1370bf09-b439-1087"
"Casa en Venta en Playa Hermosa","$ 2,100,000","75 m²","Playa Hermosa, Boca del Río, Veracruz Llave","1","2","/detalle/41032-73-c2e76191aa33-a622-191b9bd-b134-7e23"
"Casa en Venta en El Morro las Colonias","$ 2,600,000","370 m²","El Morro las Colonias, Boca del Río, Veracruz Llave","3","4","/detalle/41032-73-ca2ff9a84852-3053-197c799-a7ee-70a9"
"Casa en Venta en Las Lomas","$ 3,500,000","220 m²","Las Lomas, Alvarado, Veracruz Llave","3","3","/detalle/41032-73-e4838d4e3db6-89e3-c439159d-bc48-3240"
"Casa en Venta en Pedregal de las Animas","$ 7,600,000","200 m²","Pedregal de las Animas, Xalapa, Veracruz Llave","4","4","/detalle/41032-73-a24d23fe8205-4b9e-19609dc-860b-77bd"
"Casa en Venta en Medellin de Bravo","$ 4,000,000","200 m²","Medellin de Bravo, Medellín, Veracruz Llave","2","2","/detalle/41032-73-e1e087806454-6502-8d7615fd-b60e-4c5d"
"Casa en Fraccionamiento en Venta en Playas de Conchal","$ 4,250,000","257 m²","Playas de Conchal, Alvarado, Veracruz Llave","4","3","/detalle/41032-73-eba930a1fac2-c5df-537b6ca5-b99b-3197"
"Casa en Venta en Boca Del Rio Centro","$ 2,800,000","378 m²","Boca Del Rio Centro, Boca del Río, Veracruz Llave","1","4","/detalle/41032-73-f013d8257fc3-e7e1-1963123-b08d-75cb"
"Casa en Fraccionamiento en Venta en Costa de Oro 1a Secc","$ 6,850,000","261 m²","Costa de Oro 1a Secc, Boca del Río, Veracruz Llave","4","4","/detalle/41032-73-1de8994bdc05-949d-f732655c-bd5b-35a3"
"Casa en Venta en Costa de Oro 1a Secc","$ 5,740,000","285 m²","Costa de Oro 1a Secc, Boca del Río, Veracruz Llave","5","3","/detalle/41032-73-2ead7a022dcb-7d4d-81237104-86f4-33ff"
"Casa en Fraccionamiento en Venta en Paso Del Toro","$ 1,725,000","126 m²","Paso Del Toro, Medellín, Veracruz Llave","3","3","/detalle/41032-73-b80f806559a4-6fa1-383c53c3-8c1d-32a3"
"Casa en Fraccionamiento en Venta en El Colorado","$ 3,950,000","259 m²","El Colorado, Coatzacoalcos, Veracruz Llave","4","3","/detalle/41032-73-e46dbf60d848-cbbd-784ed1e-b45f-401e"
"Casa en Venta en Ejido Primero de Mayo Sur","$ 1,899,000","204 m²","Ejido Primero de Mayo Sur, Boca del Río, Veracruz Llave","2","3","/detalle/41032-73-475f6a20a3ca-4de9-f4ead0bb-af90-4af5"
"Casa en Venta en El Morro las Colonias","$ 2,100,000","141 m²","El Morro las Colonias, Boca del Río, Veracruz Llave","2","3","/detalle/41032-73-7a594746d958-391a-90764b66-9c64-3958"
"Casa en Fraccionamiento en Venta en Villas Del Alvarado","$ 2,700,000","200 m²","Villas Del Alvarado, Alvarado, Veracruz Llave","5","3","/detalle/41032-73-9d169b334448-c77c-122dcbcf-ae10-4029"
"Casa en Venta en Paraiso Del Estero","$ 4,000,000","No disponible","Paraiso Del Estero, Alvarado, Veracruz Llave","3","3","/detalle/41032-73-3ccdfdecacbf-feec-19709a3-9451-7b2d"
"Casa en Venta en Lomas de la Rioja","$ 2,450,000","155 m²","Lomas de la Rioja, Alvarado, Veracruz Llave","3","3","/detalle/41032-73-17e7d0ff9c3c-b1a5-39be51fb-8f29-3d72"
"Casa en Venta en El Morro las Colonias","$ 1,880,000","120 m²","El Morro las Colonias, Boca del Río, Veracruz Llave","3","3","/detalle/41032-73-f2c440eb618c-63c0-b3c8b6e4-bfa0-3830"
"Casa en Venta en Lomas de la Rioja","$ 2,350,000","165 m²","Lomas de la Rioja, Alvarado, Veracruz Llave","3","3","/detalle/41032-73-38a69f92cc4c-3ea1-621cc327-b4d3-3cf8"
"Casa en Fraccionamiento en Venta en Lomas del Sol","$ 1,980,000","135 m²","Lomas del Sol, Alvarado, Veracruz Llave","2","2","/detalle/41032-73-7e3526c979a3-1ef2-b57a70a2-9a58-32be"
"Casa en Fraccionamiento en Venta en Lomas de la Rioja","$ 10,490,000","528 m²","Lomas de la Rioja, Alvarado, Veracruz Llave","7","4","/detalle/41032-73-ca2325d712e5-e28a-2fca6b84-91e7-3c31"
"Casa en Venta en El Morro las Colonias","$ 1,850,000","170 m²","El Morro las Colonias, Boca del Río, Veracruz Llave","3","3","/detalle/41032-73-9810c512f94d-f4db-498812d6-9932-311f"
"Casa en Venta en Costa de Oro 1a Secc","$ 4,600,000","240 m²","Costa de Oro 1a Secc, Boca del Río, Veracruz Llave","3","3","/detalle/41032-73-7fc1700ef934-bb12-de8f948b-8834-32a8"
"Casa en Venta en Lomas de la Rioja","$ 2,600,000","200 m²","Lomas de la Rioja, Alvarado, Veracruz Llave","4","3","/detalle/41032-73-b442bc930c0-7965-5ca0aeaa-a5cf-3a5b"
"Casa en Venta en Villas Del Alvarado","$ 5,840,000","300 m²","Villas Del Alvarado, Alvarado, Veracruz Llave","5","3","/detalle/41032-73-32c3563e8a7a-6264-575b9c22-ab43-314f"
"Casa en Venta en Fernando Gutierrez Barrios","$ 1,860,000","150 m²","Fernando Gutierrez Barrios, Boca del Río, Veracruz Llave","3","3","/detalle/41032-73-87f33d42e19c-c65d-3033e8b0-acba-4037"
"Casa en Fraccionamiento en Venta en Lomas de la Rioja","$ 2,650,000","206 m²","Lomas de la Rioja, Alvarado, Veracruz Llave","3","3","/detalle/41032-73-9c4fc19c04cd-3953-20b090a8-845d-3d25"
"Casa en Venta en El Morro las Colonias","$ 2,890,000","130 m²","El Morro las Colonias, Boca del Río, Veracruz Llave","2","3","/detalle/41032-73-3f6c690b9f08-dc6a-1970956-95c1-776f"
"Casa en Venta en Fernando Gutierrez Barrios","$ 1,890,000","176 m²","Fernando Gutierrez Barrios, Boca del Río, Veracruz Llave","3","3","/detalle/41032-73-2e9350eff016-d397-3f9a1924-8e37-3ada"
"Casa en Fraccionamiento en Venta en Lomas de la Rioja","$ 1,990,000","155 m²","Lomas de la Rioja, Alvarado, Veracruz Llave","3","3","/detalle/41032-73-d4148c967f9d-7759-71a82062-b051-39c8"
"Casa en Venta en Fernando Gutierrez Barrios","$ 1,750,000","176 m²","Fernando Gutierrez Barrios, Boca del Río, Veracruz Llave","3","3","/detalle/41032-73-404629fce584-e51e-59b3139a-822f-3620"
"Casa en Venta en Medellin de Bravo","$ 1,750,000","135 m²","Medellin de Bravo, Medellín, Veracruz Llave","2","2","/detalle/41032-73-521f9148d4af-7f94-127e51b4-bc65-3615"
"Casa en Venta en Adalberto Tejeda","$ 1,799,000","245 m²","Adalberto Tejeda, Boca del Río, Veracruz Llave","3","3","/detalle/41032-73-393e907d34a3-a273-197bd97-a6f7-7ba2"
"Casa en Venta en Medellin de Bravo","$ 2,432,400","52 m²","Medellin de Bravo, Medellín, Veracruz Llave","1","2","/detalle/41032-73-3b077225b9ca-2c6b-19288c3-a48c-71d2"
"Casa en Fraccionamiento en Venta en Lomas de la Rioja","$ 1,685,000","90 m²","Lomas de la Rioja, Alvarado, Veracruz Llave","2","2","/detalle/41032-73-a1c42d4c2c58-51a0-171159bc-a5e0-3986"
"Casa en Venta en La Tampiquera","$ 2,990,000","172 m²","La Tampiquera, Boca del Río, Veracruz Llave","3","3","/detalle/41032-73-f28c9edf5ced-b8ca-196a2ab-abbb-78d2"
"Casa en Fraccionamiento en Venta en Palma Real","$ 1,100,000","No disponible","Palma Real, Veracruz, Veracruz Llave","1","2","/detalle/41032-73-25feb4f36da5-ac1f-1954da6-a335-7cd4"
"Casa en Fraccionamiento en Venta en Las Palmas","$ 5,850,000","310 m²","Las Palmas, Medellín, Veracruz Llave","4","3","/detalle/41032-73-1fac071ae650-eb4-19718c5-be1f-7166"
"Casa en Venta en Banus","$ 1,483,000","149 m²","Banus, Alvarado, Veracruz Llave","2","2","/detalle/41032-73-abe659b26a7d-b035-1941d07-9bbc-7d11"
"Casa en Fraccionamiento en Venta en Costa de Oro 1a Secc","$ 4,500,000","260 m²","Costa de Oro 1a Secc, Boca del Río, Veracruz Llave","4","3","/detalle/41032-73-d6ea2fb54cbb-47f8-d7b43c15-8275-32e0"
"Casa en Venta en Anton Lizardo","$ 4,250,000","248 m²","Anton Lizardo, Alvarado, Veracruz Llave","3","3","/detalle/41032-73-8933dbc3e649-8e6b-195ede0-b3e3-7379"
"Casa en Venta en Boca Del Rio","$ 3,350,000","167 m²","Boca Del Rio, Boca del Río, Veracruz Llave","2","3","/detalle/41032-73-a9f6b27dd5af-5c4e-19743b5-937f-7b88"
"Casa en Venta en Alvarado Centro","$ 4,200,000","140 m²","Alvarado Centro, Alvarado, Veracruz Llave","3","3","/detalle/41032-73-41bac9d22fbf-adc4-1969ede-ac03-7ce1"
"Casa en Venta en Playas de Conchal","$ 4,750,000","250 m²","Playas de Conchal, Alvarado, Veracruz Llave","3","3","/detalle/41032-73-6b9caee6fcf9-b374-196ae56-b877-7b93"
"Casa en Venta en Alvarado Centro","$ 4,320,000","223 m²","Alvarado Centro, Alvarado, Veracruz Llave","3","3","/detalle/41032-73-e6047058b61b-4eb0-196ae47-9866-7bbf"
"Casa en Venta en Las Palmas","$ 6,350,000","289 m²","Las Palmas, Medellín, Veracruz Llave","4","4","/detalle/41032-73-34fec11280e0-c30f-196948b-a466-70ba"
"Casa en Venta en Playas de Conchal","$ 5,600,000","320 m²","Playas de Conchal, Alvarado, Veracruz Llave","3","3","/detalle/41032-73-79125532f333-929b-1967acc-bdbb-7a8d"
"Casa en Venta en Alvarado Centro","$ 2,675,000","114 m²","Alvarado Centro, Alvarado, Veracruz Llave","2","2","/detalle/41032-73-d10d18f381-af3d-1968006-abe5-72b0"
"Casa en Venta en Las Lomas","$ 5,250,000","200 m²","Las Lomas, Alvarado, Veracruz Llave","3","3","/detalle/41032-73-1516caf48cef-d700-1967db4-8757-759b"
"Casa en Venta en Las Palmas","$ 4,200,000","210 m²","Las Palmas, Medellín, Veracruz Llave","2","3","/detalle/41032-73-30ad86f1de97-dfe8-196b695-90b5-7f2a"
"Casa en Venta en El Manantial","$ 2,250,000","160 m²","El Manantial, Boca del Río, Veracruz Llave","3","2","/detalle/41032-73-3436357a8685-6de-195cf21-9d23-79e1"
"Casa en Venta en Las Lomas","$ 3,050,000","226 m²","Las Lomas, Alvarado, Veracruz Llave","4","3","/detalle/41032-73-9c51822236d0-a1e9-196a263-83dd-7164"
"Casa en Venta en San Jose Novillero","$ 3,199,000","168 m²","San Jose Novillero, Boca del Río, Veracruz Llave","3","3","/detalle/41032-73-6c74254cdd66-386c-19525ab-8c79-715d"
"Casa en Venta en Lomas de la Rioja","$ 2,850,000","162 m²","Lomas de la Rioja, Alvarado, Veracruz Llave","3","3","/detalle/41032-73-42547af7a851-a9cc-e2c20247-9dde-3508"
"Casa en Venta en Lomas de la Rioja","$ 2,990,000","140 m²","Lomas de la Rioja, Alvarado, Veracruz Llave","2","3","/detalle/41032-73-b5d6e8fef98e-3621-1905f4d-b52c-7b1f"
"Casa en Venta en Lomas del Sol","$ 4,299,000","253 m²","Lomas del Sol, Alvarado, Veracruz Llave","3","3","/detalle/41032-73-f0c9c58bdf69-33e7-2837aa73-ae03-310d"
"Casa en Venta en Lomas de la Rioja","$ 2,850,000","135 m²","Lomas de la Rioja, Alvarado, Veracruz Llave","3","3","/detalle/41032-73-16a388a650d2-b8b4-1905a0b-ad56-7459"
"Casa en Venta en Lomas de la Rioja","$ 3,150,000","200 m²","Lomas de la Rioja, Alvarado, Veracruz Llave","3","3","/detalle/41032-73-e85dde323333-ffe3-5bb9bcf-a665-31e9"
"Casa en Venta en Las Lomas","$ 3,675,000","206 m²","Las Lomas, Alvarado, Veracruz Llave","3","3","/detalle/41032-73-81890b82e670-6e16-76348e1-9826-380d"
"Casa en Venta en Lomas de la Rioja","$ 3,850,000","214 m²","Lomas de la Rioja, Alvarado, Veracruz Llave","3","3","/detalle/41032-73-d72f6299e069-1f92-192ff46-bb85-7739"
"Casa en Venta en Alvarado Centro","$ 8,980,000","437 m²","Alvarado Centro, Alvarado, Veracruz Llave","4","4","/detalle/41032-73-862f0afd3163-5f4f-194dc20-bd9a-7ef7"
"Casa en Venta en Alvarado Centro","$ 3,725,000","213 m²","Alvarado Centro, Alvarado, Veracruz Llave","3","3","/detalle/41032-73-f7bbf96d8e3d-d21b-194daee-a4b9-7d48"
"Casa en Venta en La Matosa","$ 6,250,000","285 m²","La Matosa, Alvarado, Veracruz Llave","4","3","/detalle/41032-73-80a2c852c54c-ef35-1956f05-aadd-72ab"
"Casa en Venta en Las Lomas","$ 4,769,000","235 m²","Las Lomas, Alvarado, Veracruz Llave","3","3","/detalle/41032-73-ff5b3578925e-a610-196d269-934e-7e4f"
"Casa en Venta en Lomas de la Rioja","$ 3,900,000","214 m²","Lomas de la Rioja, Alvarado, Veracruz Llave","4","3","/detalle/41032-73-c93e7b1ecda-91cd-195d376-8a7c-71c5"
"Casa en Venta en Punta de Arenas","$ 5,090,000","232 m²","Punta de Arenas, Alvarado, Veracruz Llave","4","3","/detalle/41032-73-10cc8edb1836-3ec4-191ec59-92a9-7c6b"
"Casa en Venta en La Tampiquera","$ 3,100,000","172 m²","La Tampiquera, Boca del Río, Veracruz Llave","3","3","/detalle/41032-73-bccd73a78578-ee42-195593e-8882-759c"
"Casa en Venta en Ejido Primero de Mayo Sur","$ 1,650,000","84 m²","Ejido Primero de Mayo Sur, Boca del Río, Veracruz Llave","2","3","/detalle/41032-73-3b1ffac87d66-e297-4dfc70a9-af78-1237"
"Casa en Venta en Alvarado Centro","$ 2,550,000","115 m²","Alvarado Centro, Alvarado, Veracruz Llave","2","2","/detalle/41032-73-7910970c60a3-815a-19644aa-99c3-719e"
"Casa en Venta en Lomas de la Rioja","$ 2,490,000","93 m²","Lomas de la Rioja, Alvarado, Veracruz Llave","2","2","/detalle/41032-73-123a462c890a-68c7-197344a-aa87-7615"
"Casa en Venta en San Jose Novillero","$ 3,975,000","188 m²","San Jose Novillero, Boca del Río, Veracruz Llave","3","3","/detalle/41032-73-d82e6c7e32a3-22bf-194df5e-9084-727a"
"Casa en Venta en Las Lomas","$ 3,900,000","260 m²","Las Lomas, Alvarado, Veracruz Llave","3","3","/detalle/41032-73-67e525c963cf-d73e-1978172-972f-798a"
"Casa en Venta en Las Palmas","$ 3,390,000","140 m²","Las Palmas, Medellín, Veracruz Llave","3","3","/detalle/41032-73-c96048cc9236-7b1e-1975d65-9d8e-7243"
"Casa en Venta en Alvarado Centro","$ 3,495,000","120 m²","Alvarado Centro, Alvarado, Veracruz Llave","2","2","/detalle/41032-73-d9a0a0053174-5717-1969483-93c5-73fa"
"Casa en Venta en Villa Rica","$ 2,690,000","155 m²","Villa Rica, Boca del Río, Veracruz Llave","3","3","/detalle/41032-73-f5a6d4a17539-cbd6-195e04e-98b0-79c5"
"Casa en Venta en Las Palmas","$ 5,850,000","250 m²","Las Palmas, Medellín, Veracruz Llave","3","3","/detalle/41032-73-4a2c1e8942e-f181-1966b53-a2d4-7881"
"Casa en Venta en El Morro las Colonias","$ 2,750,000","180 m²","El Morro las Colonias, Boca del Río, Veracruz Llave","2","3","/detalle/41032-73-d64fd22f6a27-6a43-195e570-8d36-7390"
"Casa en Venta en Playas de Conchal","$ 4,500,000","213 m²","Playas de Conchal, Alvarado, Veracruz Llave","4","3","/detalle/41032-73-e1904e0a284-adb5-194dc0a-9d63-789c"
"Casa en Venta en Medellin de Bravo","$ 2,500,000","155 m²","Medellin de Bravo, Medellín, Veracruz Llave","2","3","/detalle/41032-73-7ac73d61884e-c9ad-194dfb0-9342-75a5"
"Casa en Venta en Playas de Conchal","$ 4,980,000","203 m²","Playas de Conchal, Alvarado, Veracruz Llave","2","3","/detalle/41032-73-6f7e1d469434-82ba-194dbf8-873f-7072"
"Casa en Venta en Playas de Conchal","$ 6,290,000","250 m²","Playas de Conchal, Alvarado, Veracruz Llave","4","4","/detalle/41032-73-af886847145f-272-1922788-8565-7a05"
"Casa en Venta en Villa Rica","$ 4,750,000","323 m²","Villa Rica, Boca del Río, Veracruz Llave","2","3","/detalle/41032-73-20a5e6519495-9b2a-1973967-8911-7b38"
"Casa en Venta en Anton Lizardo","$ 2,615,000","160 m²","Anton Lizardo, Alvarado, Veracruz Llave","2","3","/detalle/41032-73-d7c46fba2a38-4424-1962d92-bc2f-7904"
"Casa en Venta en Las Lomas","$ 3,800,000","248 m²","Las Lomas, Alvarado, Veracruz Llave","3","3","/detalle/41032-73-43a82825632f-c0f7-197d3e8-8cb1-7337"
"Casa en Venta en Playas de Conchal","$ 6,395,000","270 m²","Playas de Conchal, Alvarado, Veracruz Llave","3","3","/detalle/41032-73-ea939b93d777-3c64-195bc3d-9312-7814"
"Casa en Venta en Anton Lizardo","$ 2,200,000","77 m²","Anton Lizardo, Alvarado, Veracruz Llave","1","1","/detalle/41032-73-2f1b7abb8785-479f-194dbdb-870f-7845"
"Casa en Venta en Las Palmas","$ 6,300,000","329 m²","Las Palmas, Medellín, Veracruz Llave","3","3","/detalle/41032-73-a6417ed4d5b2-6102-197de1e-b4b1-78a3"
"Casa en Venta en San Jose Novillero","$ 4,090,000","183 m²","San Jose Novillero, Boca del Río, Veracruz Llave","3","3","/detalle/41032-73-f53052115136-dc17-194dd62-b181-7232"
"Casa en Venta en Playas de Conchal","$ 6,850,000","330 m²","Playas de Conchal, Alvarado, Veracruz Llave","3","3","/detalle/41032-73-cd5dc8625362-a263-194db79-8d8a-72fa"
"Casa en Venta en Playas de Conchal","$ 5,150,000","230 m²","Playas de Conchal, Alvarado, Veracruz Llave","4","3","/detalle/41032-73-111e8357db5d-c32c-194df77-b66e-7ee9"
"Casa en Venta en Playas de Conchal","$ 13,150,000","494 m²","Playas de Conchal, Alvarado, Veracruz Llave","4","3","/detalle/41032-73-6f342d68b68d-de9d-194df2d-93fd-774f"
"Casa en Venta en Las Palmas","$ 15,500,000","500 m²","Las Palmas, Medellín, Veracruz Llave","3","3","/detalle/41032-73-530f1beaae6a-24a9-19423cb-b395-7bec"
"Casa en Venta en Las Palmas","$ 8,000,000","372 m²","Las Palmas, Medellín, Veracruz Llave","3","3","/detalle/41032-73-3fbdb6605f27-99c1-1919c98-b148-7737"
"Casa en Venta en Playas de Conchal","$ 5,950,000","253 m²","Playas de Conchal, Alvarado, Veracruz Llave","3","3","/detalle/41032-73-1878e33c4108-402e-194db58-a82e-7628"
"Casa en Venta en Las Palmas","$ 4,200,000","200 m²","Las Palmas, Medellín, Veracruz Llave","2","3","/detalle/41032-73-cbe4bcb99507-f4d4-1966b69-961c-74a8"
"Casa en Venta en Luis Echeverria Alvarez","$ 3,790,000","240 m²","Luis Echeverria Alvarez, Boca del Río, Veracruz Llave","3","4","/detalle/41032-73-98c34c41cb1a-7659-1966b5f-afba-79f5"
"Casa en Venta en Alvarado Centro","$ 9,500,000","500 m²","Alvarado Centro, Alvarado, Veracruz Llave","4","4","/detalle/41032-73-44eb1c94f725-e8f3-194dc07-a2ea-7c76"
"Casa en Venta en Lomas de la Rioja","$ 3,920,000","230 m²","Lomas de la Rioja, Alvarado, Veracruz Llave","3","3","/detalle/41032-73-1a90a171045-3da8-197f2bd-bb3a-716c"
"Casa en Venta en Anton Lizardo","$ 3,290,000","190 m²","Anton Lizardo, Alvarado, Veracruz Llave","4","4","/detalle/41032-73-ed9bc337eef4-b2ec-1955fa0-8bd8-7494"
"Casa en Venta en Lomas de la Rioja","$ 3,300,000","200 m²","Lomas de la Rioja, Alvarado, Veracruz Llave","3","3","/detalle/41032-73-f48bf0382cd2-9b21-194df70-a231-7904"
"Casa en Venta en Lomas de la Rioja","$ 4,000,000","220 m²","Lomas de la Rioja, Alvarado, Veracruz Llave","3","3","/detalle/41032-73-b0e148a0cd42-886b-19729db-8080-75a8"
"Casa en Venta en Alvarado Centro","$ 5,600,000","320 m²","Alvarado Centro, Alvarado, Veracruz Llave","5","3","/detalle/41032-73-a7c3133315f2-6994-196a7ce-9c99-7ec4"
"Casa en Venta en Playas de Conchal","$ 5,100,000","226 m²","Playas de Conchal, Alvarado, Veracruz Llave","5","3","/detalle/41032-73-ed13fb1f50d0-9aed-196a7cd-8c07-75d7"
"Casa en Venta en Alvarado Centro","$ 2,630,000","140 m²","Alvarado Centro, Alvarado, Veracruz Llave","2","3","/detalle/41032-73-4e112bf509df-3664-196dba6-870b-8044"
"Casa en Venta en Ejido Primero de Mayo Sur","$ 2,200,000","131 m²","Ejido Primero de Mayo Sur, Boca del Río, Veracruz Llave","2","3","/detalle/41032-73-81ba77d109e0-a7cf-194bf23-bd5b-79e7"
"Casa en Venta en Las Lomas","$ 3,700,000","260 m²","Las Lomas, Alvarado, Veracruz Llave","2","2","/detalle/41032-73-96d5621e2b04-90f0-1974809-8375-7382"
"Casa en Venta en Alvarado Centro","$ 17,980,000","700 m²","Alvarado Centro, Alvarado, Veracruz Llave","6","4","/detalle/41032-73-d8399cb3e838-3f21-194d30d-c01a-7d17"
"Casa en Venta en Alvarado Centro","$ 3,190,000","163 m²","Alvarado Centro, Alvarado, Veracruz Llave","2","3","/detalle/41032-73-142a7d185d5c-6653-1978587-a81b-7492"
"Casa en Venta en Playa Dorada","$ 3,630,000","190 m²","Playa Dorada, Alvarado, Veracruz Llave","3","3","/detalle/41032-73-1dd64c719b7-9ee3-197044e-b3a2-8045"
"Casa en Venta en Alvarado Centro","$ 2,850,000","150 m²","Alvarado Centro, Alvarado, Veracruz Llave","2","3","/detalle/41032-73-493ce556780a-9cef-1968468-99e1-76a9"
"Casa en Venta en Adalberto Tejeda","$ 2,300,000","155 m²","Adalberto Tejeda, Boca del Río, Veracruz Llave","3","3","/detalle/41032-73-29a1034d791c-8d8c-19621c4-b89f-8044"
"Casa en Fraccionamiento en Venta en Playa Dorada","$ 2,990,000","152 m²","Playa Dorada, Alvarado, Veracruz Llave","2","3","/detalle/41032-73-2a4dc10f7a22-edfb-194e2b5-aa84-7f31"
"Casa en Venta en Benito Juarez","$ 3,000,000","350 m²","Benito Juarez, Boca del Río, Veracruz Llave","4","4","/detalle/41032-73-5b0ae230988b-49f5-18fcf5f-87f9-71b5"
"Casa en Venta en Las Palmas","$ 3,390,000","140 m²","Las Palmas, Medellín, Veracruz Llave","3","3","/detalle/41032-73-1996b75c5a6-c9ba-19789c4-9b3a-78d8"
"Casa en Venta en Ejido Primero de Mayo Sur","$ 2,975,000","189 m²","Ejido Primero de Mayo Sur, Boca del Río, Veracruz Llave","3","3","/detalle/41032-73-5e3bf253d4ad-9ee3-196d699-abe4-7e1f"
"Casa en Venta en Lomas de la Rioja","$ 3,350,000","230 m²","Lomas de la Rioja, Alvarado, Veracruz Llave","2","3","/detalle/41032-73-7dd1d35a8c8f-645b-b381fffb-ada3-37c8"
"Casa en Venta en Lomas del Sol","$ 3,350,000","173 m²","Lomas del Sol, Alvarado, Veracruz Llave","2","3","/detalle/41032-73-a16a18669d24-5d6c-197e658-98a5-74c4"
"Casa en Venta en Joyas de Mocambo (Granjas los Pinos)","$ 1,700,000","114 m²","Joyas de Mocambo (Granjas los Pinos), Boca del Río, Veracruz Llave","1","2","/detalle/41032-73-c4eb7b3b3eed-7d46-1970373-b3a1-8045"
"Casa en Venta en Rincon Del Conchal","$ 2,700,000","151 m²","Rincon Del Conchal, Alvarado, Veracruz Llave","3","3","/detalle/41032-73-eb3aff97776f-847c-1938eab-82f5-7e27"
"Casa en Venta en Alvarado Centro","$ 5,700,000","260 m²","Alvarado Centro, Alvarado, Veracruz Llave","3","3","/detalle/41032-73-d75a0c0d866b-ea67-db0e05aa-b86b-35cf"
"Casa en Venta en Alvarado Centro","$ 14,000,000","437 m²","Alvarado Centro, Alvarado, Veracruz Llave","4","4","/detalle/41032-73-2083acdc7f43-7c0f-796019f1-b318-35c8"
"Casa en Venta en Anton Lizardo","$ 7,250,000","377 m²","Anton Lizardo, Alvarado, Veracruz Llave","3","3","/detalle/41032-73-af4d2981889c-aeaa-195f2eb-9285-7160"
"Casa en Venta en Costa Verde","$ 1,900,000","78 m²","Costa Verde, Boca del Río, Veracruz Llave","1","2","/detalle/41032-73-35ca02c74878-5dfc-1951aea-af13-76b4"
"Casa en Venta en Alvarado Centro","$ 2,450,000","174 m²","Alvarado Centro, Alvarado, Veracruz Llave","2","3","/detalle/41032-73-34cdc7d113ed-1481-194910e-9bcf-7051"
"Casa en Venta en Ricardo Flores Magon","$ 1,700,000","156 m²","Ricardo Flores Magon, Boca del Río, Veracruz Llave","3","3","/detalle/41032-73-5ed6bd619e3-fd7a-195f995-9e50-78ca"
"Casa en Fraccionamiento en Venta en Playa Dorada","$ 3,500,000","257 m²","Playa Dorada, Alvarado, Veracruz Llave","2","3","/detalle/41032-73-d431d1441a8f-6328-19557fb-8682-79e8"
"Casa en Venta en El Morro las Colonias","$ 2,500,000","134 m²","El Morro las Colonias, Boca del Río, Veracruz Llave","2","3","/detalle/41032-73-33ee85ff9512-3f3a-19747bb-8375-7382"
"Casa en Venta en Alvarado Centro","$ 3,500,000","235 m²","Alvarado Centro, Alvarado, Veracruz Llave","3","3","/detalle/41032-73-23e2ca785aa0-c167-8e20802a-8e0a-356d"
"Casa en Venta en El Morro las Colonias","$ 2,650,000","167 m²","El Morro las Colonias, Boca del Río, Veracruz Llave","2","3","/detalle/41032-73-e30e66fb52fd-1646-1974c5f-8375-7382"
"Casa en Venta en Playa Dorada","$ 2,900,000","180 m²","Playa Dorada, Alvarado, Veracruz Llave","3","3","/detalle/41032-73-dc3abb4b7ac4-b2d-196921e-badb-78cc"
"Casa en Venta en Alvarado Centro","$ 8,500,000","406 m²","Alvarado Centro, Alvarado, Veracruz Llave","4","4","/detalle/41032-73-5b275d0f8fe2-bc70-19393f8-ad26-7e24"
"Casa en Venta en Alvarado Centro","$ 3,900,000","216 m²","Alvarado Centro, Alvarado, Veracruz Llave","3","3","/detalle/41032-73-980494237673-8eab-a24398e4-a11e-3e71"
"Casa en Venta en Luis Echeverria Alvarez","$ 1,950,000","155 m²","Luis Echeverria Alvarez, Boca del Río, Veracruz Llave","4","3","/detalle/41032-73-c68904aa1b70-2358-e242d52-9bd8-3c7d"
"Casa en Venta en Lomas de la Rioja","$ 3,100,000","206 m²","Lomas de la Rioja, Alvarado, Veracruz Llave","3","3","/detalle/41032-73-2e4f3ba92ce7-9a90-18ffdb8-8b7f-7dce"
"Casa en Venta en Ojo de Agua","$ 1,800,000","170 m²","Ojo de Agua, Emiliano Zapata, Veracruz Llave","3","3","/detalle/41032-73-678ae573658b-cadc-18f34e0-8171-7d31"
"Casa en Fraccionamiento en Venta en Las Palmas","$ 6,200,000","300 m²","Las Palmas, Medellín, Veracruz Llave","No disponible","No disponible","/detalle/41032-73-a0b8085f903b-835b-1955348-8558-715c"
"Casa en Venta en Anton Lizardo","$ 8,100,000","350 m²","Anton Lizardo, Alvarado, Veracruz Llave","No disponible","3","/detalle/41032-73-8451af9d2008-ec5b-1957675-a1c8-7f29"
"Casa en Venta en Margarita Maza de Juárez","$ 2,100,000","205 m²","Margarita Maza de Juárez, Xalapa, Veracruz Llave","2","3","/detalle/41032-73-f3d495d0efb6-c281-7f4b5-b83f-4cd7"
"Casa en Venta en Playa de Vacas","$ 1,750,000","100 m²","Playa de Vacas, Medellín, Veracruz Llave","3","3","/detalle/41032-73-69696c7a0998-2c07-194ab07-a364-7270"
"Casa en Fraccionamiento en Venta en Tres Pasos","$ 2,500,000","167 m²","Tres Pasos, Emiliano Zapata, Veracruz Llave","3","3","/detalle/41032-73-99fcccf1843d-cf54-194f902-bc3d-76d3"
"Casa en Venta en Jardines de Dos Bocas","$ 4,800,000","280 m²","Jardines de Dos Bocas, Medellín, Veracruz Llave","4","3","/detalle/41032-73-91d859b38f15-ac9b-fe433d47-8aa6-37ab"
"Casa en Venta en Hípico","$ 2,350,000","175 m²","Hípico, Boca del Río, Veracruz Llave","1","3","/detalle/41032-73-be488e68441c-c49-192ab71-93dd-7389"
"Casa en Venta en El Manantial","$ 1,800,000","156 m²","El Manantial, Boca del Río, Veracruz Llave","2","3","/detalle/41032-73-a8e0676c876f-266c-192458e-a7d0-748b"
"Casa en Venta en Alvarado Centro","$ 2,500,000","117 m²","Alvarado Centro, Alvarado, Veracruz Llave","2","3","/detalle/41032-73-4f41faa14062-ba46-1919c58-8967-77fe"
"Casa en Venta en Las Palmas","$ 5,300,000","260 m²","Las Palmas, Medellín, Veracruz Llave","4","4","/detalle/41032-73-69e84ebc5043-1d7d-19123ef-b0a3-79e8"
"Casa en Venta en Costa de Oro 1a Secc","$ 5,990,000","220 m²","Costa de Oro 1a Secc, Boca del Río, Veracruz Llave","3","3","/detalle/41032-73-df4f39b31c2f-a9a9-194de3d-89b7-758d"
"Casa en Venta en Las Palmas","Consultar precios","160 m²","Las Palmas, Medellín, Veracruz Llave","3","3","/detalle/41032-73-16c8314020b4-4d86-194431e-9de9-7604"
"Casa en Venta en Alvarado Centro","$ 2,550,000","162 m²","Alvarado Centro, Alvarado, Veracruz Llave","2","2","/detalle/41032-73-fc0e539d406f-82c7-1949005-93d8-717b"
"Casa en Venta en San Jose Novillero","$ 3,965,000","170 m²","San Jose Novillero, Boca del Río, Veracruz Llave","3","3","/detalle/41032-73-e31307dde535-1b6c-1946722-bb43-729c"
"Casa en Venta en San Jose Novillero","$ 3,600,000","182.55 m²","San Jose Novillero, Boca del Río, Veracruz Llave","3","3","/detalle/41032-73-ba70ae66edfe-e43c-19442b6-a65b-7482"
"Casa en Venta en Alvarado Centro","$ 2,585,000","No disponible","Alvarado Centro, Alvarado, Veracruz Llave","2","2","/detalle/41032-73-1344a90557cb-b458-194d31a-acaf-7f1f"
"Casa en Venta en Playas de Conchal","$ 7,250,000","377 m²","Playas de Conchal, Alvarado, Veracruz Llave","3","3","/detalle/41032-73-992ab49ab3-130c-196a382-9e15-7deb"
"Casa en Venta en El Zapote","$ 6,800,000","133 m²","El Zapote, Alvarado, Veracruz Llave","2","No disponible","/detalle/41032-73-d7f36c5f8cda-e061-19719f6-b301-7bf4"
"Casa en Venta en Las Palmas","$ 4,200,000","210 m²","Las Palmas, Medellín, Veracruz Llave","2","3","/detalle/41032-73-ac76da204bb-98fe-196f1ce-ad87-7e9a"
"Casa en Venta en Lomas de la Rioja","$ 2,350,000","81 m²","Lomas de la Rioja, Alvarado, Veracruz Llave","2","2","/detalle/41032-73-376741beba75-bd19-195b1f2-b766-76a8"
"Casa en Venta en Playas de Conchal","$ 7,790,000","292 m²","Playas de Conchal, Alvarado, Veracruz Llave","4","3","/detalle/41032-73-ed5044da42fc-8cd6-1934fb4-bc11-7d79"
"Casa en Venta en Las Palmas","$ 3,390,000","140 m²","Las Palmas, Medellín, Veracruz Llave","3","3","/detalle/41032-73-1268dc105a79-6e4b-197881e-9c4b-789f"
"Casa en Venta en Lomas de la Rioja","$ 2,450,000","102 m²","Lomas de la Rioja, Alvarado, Veracruz Llave","2","2","/detalle/41032-73-acec3b9e501-5d58-19668ba-b32f-7947"
"Casa en Venta en Lomas del Sol","$ 6,390,000","395 m²","Lomas del Sol, Alvarado, Veracruz Llave","5","5","/detalle/41032-73-c398d1a450c-e1b7-19426d7-ac57-7075"
"Casa en Venta en Costa de Oro 1a Secc","$ 15,190,000","471 m²","Costa de Oro 1a Secc, Boca del Río, Veracruz Llave","6","4","/detalle/41032-73-c84f583eecc8-8d59-f3a2953f-954c-41cf"
"Casa en Venta en El Conchal","$ 7,500,000","356 m²","El Conchal, Alvarado, Veracruz Llave","4","3","/detalle/41032-73-a7c466ba8537-de25-96fcf222-8900-34f8"
"Casa en Venta en Club de Golf Villa Rica","$ 13,500,000","620 m²","Club de Golf Villa Rica, Alvarado, Veracruz Llave","2","2","/detalle/41032-73-30ca654dd51-d2ef-19727ed-a038-7c05"
"Casa en Venta en Boca Del Rio","$ 7,200,000","345 m²","Boca Del Rio, Boca del Río, Veracruz Llave","4","3","/detalle/41032-73-4b53670fab0b-60a8-1971fb6-a26b-759c"
"Casa en Venta en Lomas de la Rioja","$ 3,950,000","285 m²","Lomas de la Rioja, Alvarado, Veracruz Llave","3","3","/detalle/41032-73-6991f7f1319a-e92b-bf931016-8234-47d7"
"Casa en Venta en Reforma","$ 10,850,000","450 m²","Reforma, Veracruz, Veracruz Llave","4","3","/detalle/41032-73-63e1994cec26-a955-76bb69cf-8e20-39e4"
"Casa en Venta en Lomas del Sol","$ 2,400,000","160 m²","Lomas del Sol, Alvarado, Veracruz Llave","No disponible","2","/detalle/41032-73-f7200139e133-7be3-47f123e9-98b8-34aa"
"Casa en Venta en Real Mandinga","$ 1,895,000","94 m²","Real Mandinga, Alvarado, Veracruz Llave","2","2","/detalle/41032-73-cf27027723bc-14fa-f4a6e55a-be3b-39f6"
"Casa en Fraccionamiento en Venta en Costa de Oro 1a Secc","$ 9,850,000","450 m²","Costa de Oro 1a Secc, Boca del Río, Veracruz Llave","1","3","/detalle/41032-73-8c440475a338-aa3-224c833e-a27f-3e70"
"Casa en Venta en El Morro las Colonias","$ 4,950,000","228 m²","El Morro las Colonias, Boca del Río, Veracruz Llave","4","4","/detalle/41032-73-f7f93155046b-81e7-194d723-a6c9-7af0"
"Casa en Venta en Costa de Oro 1a Secc","$ 5,690,000","298 m²","Costa de Oro 1a Secc, Boca del Río, Veracruz Llave","4","3","/detalle/41032-73-758122291e23-461f-8b5471d0-80a7-42cd"
"Casa en Venta en Playas de Conchal","$ 6,900,000","298 m²","Playas de Conchal, Alvarado, Veracruz Llave","4","4","/detalle/41032-73-d4739ace53af-ee2d-1951cb2-b7e5-7857"
"Casa en Venta en Costa de Oro 1a Secc","$ 12,960,000","541 m²","Costa de Oro 1a Secc, Boca del Río, Veracruz Llave","6","4","/detalle/41032-73-d7b29a189251-4c60-3ee71154-967c-4bea"
"Casa en Venta en Las Palmas","$ 6,350,000","289 m²","Las Palmas, Medellín, Veracruz Llave","4","4","/detalle/41032-73-599eeab6c121-5b0b-1959833-c00d-7f08"
"Casa en Venta en Lomas del Sol","$ 4,725,000","260 m²","Lomas del Sol, Alvarado, Veracruz Llave","3","3","/detalle/41032-73-da9e22fa8f9e-a995-edf5a370-af46-411f"
"Casa en Venta en Costa de Oro 1a Secc","$ 6,900,000","250 m²","Costa de Oro 1a Secc, Boca del Río, Veracruz Llave","5","3","/detalle/41032-73-dd6b9d738760-4224-42208444-b50a-49cd"
"Casa en Venta en Playas de Conchal","$ 4,750,000","250 m²","Playas de Conchal, Alvarado, Veracruz Llave","3","3","/detalle/41032-73-9d3727e3484c-c6a5-194df05-903e-79cd"
"Casa en Venta en Lomas de la Rioja","$ 3,380,000","193 m²","Lomas de la Rioja, Alvarado, Veracruz Llave","4","4","/detalle/41032-73-6f7f409f60fc-5119-194df46-bb5b-7f5f"
"Casa en Venta en Boca Del Rio","$ 5,470,000","230 m²","Boca Del Rio, Boca del Río, Veracruz Llave","4","4","/detalle/41032-73-3d1b1a3f0c84-fb22-194dccc-87f6-781e"
"Casa en Venta en Playa de Vacas","$ 51,000,000","146,794 m²","Playa de Vacas, Medellín, Veracruz Llave","13","9","/detalle/41032-73-a9f1c516b406-c282-1927883-a2aa-79e5"
"Casa en Fraccionamiento en Venta en El Conchal","$ 8,500,000","385 m²","El Conchal, Alvarado, Veracruz Llave","4","3","/detalle/41032-73-629d079e2ca-8f5a-34f281a8-88ba-3c96"
"Casa en Venta en Las Palmas","$ 15,500,000","570 m²","Las Palmas, Medellín, Veracruz Llave","4","3","/detalle/41032-73-ca8f49c7969f-cb12-194dbc4-9e8b-7a5f"
"Casa en Venta en Playas de Conchal","$ 4,980,000","204 m²","Playas de Conchal, Alvarado, Veracruz Llave","3","3","/detalle/41032-73-f12cf245cf5c-d9ed-19724c7-9802-73f7"
"Casa en Venta en Costa de Oro 1a Secc","$ 25,000,000","605 m²","Costa de Oro 1a Secc, Boca del Río, Veracruz Llave","6","5","/detalle/41032-73-84298c59970e-307d-d54b594c-ab5f-5027"
"Casa en Venta en Costa de Oro 1a Secc","$ 17,000,000","776 m²","Costa de Oro 1a Secc, Boca del Río, Veracruz Llave","3","5","/detalle/41032-73-99e8d5008401-a958-68f7a170-a770-400a"
"Casa en Venta en Alvarado Centro","$ 12,250,000","452 m²","Alvarado Centro, Alvarado, Veracruz Llave","4","4","/detalle/41032-73-55f52ed1b1ec-2515-194df6b-9646-77fd"
"Casa en Venta en Las Lomas","$ 3,500,000","250 m²","Las Lomas, Alvarado, Veracruz Llave","2","3","/detalle/41032-73-1810403a0ca5-d823-194dc27-82ca-72b1"
"Casa en Venta en Costa de Oro 1a Secc","$ 6,750,000","310 m²","Costa de Oro 1a Secc, Boca del Río, Veracruz Llave","3","3","/detalle/41032-73-8511211403e9-3f9b-194df3d-b8d0-73f4"
"Casa en Venta en Alvarado Centro","$ 3,095,000","155 m²","Alvarado Centro, Alvarado, Veracruz Llave","3","3","/detalle/41032-73-5fc6230fd2b1-6f24-194dd5a-8297-797c"
"Casa en Venta en Playas de Conchal","$ 10,500,000","570 m²","Playas de Conchal, Alvarado, Veracruz Llave","4","4","/detalle/41032-73-81b8cd61dd9d-d011-194dd75-a56a-750a"
"Casa en Venta en Alvarado Centro","$ 4,450,000","210 m²","Alvarado Centro, Alvarado, Veracruz Llave","3","3","/detalle/41032-73-a4edf79387b8-4517-19613c9-8648-75cc"
"Casa en Venta en Lomas de la Rioja","$ 6,560,000","363 m²","Lomas de la Rioja, Alvarado, Veracruz Llave","4","3","/detalle/41032-73-2d6dbbde9535-e013-194dfb4-b742-7e8c"
"Casa en Venta en Alvarado Centro","$ 4,990,000","230 m²","Alvarado Centro, Alvarado, Veracruz Llave","3","3","/detalle/41032-73-1c04a1f74da1-bb31-192125a-8b4e-7f25"
"Casa en Fraccionamiento en Venta en Ixhuatlán de Madero","$ 4,849,000","293 m²","Ixhuatlán de Madero, Veracruz Llave","3","4","/detalle/41032-73-55ef4e7142d6-34c6-15eb0e2-91c0-4523"
"Casa en Fraccionamiento en Venta en San Jose Novillero","$ 3,990,000","205 m²","San Jose Novillero, Boca del Río, Veracruz Llave","3","3","/detalle/41032-73-97c6182607f3-e6dd-1928eb8-9c11-79e4"
"Casa en Venta en Alvarado Centro","$ 16,980,000","574 m²","Alvarado Centro, Alvarado, Veracruz Llave","7","5","/detalle/41032-73-ffc239d41ca8-45b0-e871d439-9b85-4e88"
"Casa en Venta en El Morro las Colonias","$ 2,350,000","134 m²","El Morro las Colonias, Boca del Río, Veracruz Llave","2","3","/detalle/41032-73-bc7ee8dcf7a0-7073-47b49202-8f8c-4ea4"
"Casa en Venta en El Morro las Colonias","$ 2,700,000","172 m²","El Morro las Colonias, Boca del Río, Veracruz Llave","2","3","/detalle/41032-73-9bb65720b38c-40e5-350a0b21-bcb5-4454"
"Casa en Fraccionamiento en Venta en Alvarado Centro","$ 11,500,000","400 m²","Alvarado Centro, Alvarado, Veracruz Llave","3","2","/detalle/41032-73-2c538198daf1-1557-1966bc9-b09d-759f"
"Casa en Venta en El Morro las Colonias","$ 2,890,000","130 m²","El Morro las Colonias, Boca del Río, Veracruz Llave","2","3","/detalle/41032-73-805165dd9f96-10ee-196d7b8-ab23-7117"
"Casa en Venta en Boca Del Rio Centro","$ 45,000,000","598 m²","Boca Del Rio Centro, Boca del Río, Veracruz Llave","6","4","/detalle/41032-73-c0e6fe8b0d75-b481-1915e7f-a949-7aea"
"Casa en Venta en Las Lomas","$ 3,999,000","No disponible","Las Lomas, Alvarado, Veracruz Llave","3","3","/detalle/41032-73-4bcc7ddab41d-8bff-194dbde-a696-7747"
"Casa en Venta en Lomas de la Rioja","$ 3,650,000","291 m²","Lomas de la Rioja, Alvarado, Veracruz Llave","4","3","/detalle/41032-73-3f61837adbf7-cab9-194242d-a4b8-7418"
"Casa en Venta en Alvarado Centro","$ 5,950,000","239 m²","Alvarado Centro, Alvarado, Veracruz Llave","4","4","/detalle/41032-73-9785fe2e8137-f436-194268a-b7d3-7446"
"Casa en Venta en Costa de Oro 1a Secc","$ 6,800,000","300 m²","Costa de Oro 1a Secc, Boca del Río, Veracruz Llave","No disponible","5","/detalle/41032-73-26b9e582781a-a050-194dd8d-8f89-7113"
"Casa en Venta en Alvarado Centro","$ 1,650,000","78 m²","Alvarado Centro, Alvarado, Veracruz Llave","2","2","/detalle/41032-73-746e45466541-c3be-194df5d-b907-78e9"
"Casa en Venta en Lomas del Sol","$ 7,400,000","No disponible","Lomas del Sol, Alvarado, Veracruz Llave","4","3","/detalle/41032-73-b54044c8ecd6-6c7a-19426cb-8de0-7db1"
"Casa en Venta en Las Lomas","$ 3,880,000","No disponible","Las Lomas, Alvarado, Veracruz Llave","3","3","/detalle/41032-73-4fbbaa2501fa-f650-194df23-8fd9-763b"
"Casa en Venta en San Jose Novillero","$ 3,790,000","219 m²","San Jose Novillero, Boca del Río, Veracruz Llave","3","3","/detalle/41032-73-eeb4b87cd9b0-4216-1913062-9934-7dfb"
"Casa en Venta en El Morro las Colonias","$ 2,650,000","110 m²","El Morro las Colonias, Boca del Río, Veracruz Llave","3","3","/detalle/41032-73-b81cfa7a1ebd-1e83-1909fe1-9482-7a33"
"Casa en Venta en Paso Del Toro","$ 4,800,000","255 m²","Paso Del Toro, Xalapa, Veracruz Llave","5","3","/detalle/41032-73-b017942faa5c-d71e-1976bd3-a468-78ce"
"Casa en Venta en Costa de Oro 1a Secc","$ 17,000,000","776 m²","Costa de Oro 1a Secc, Boca del Río, Veracruz Llave","5","7","/detalle/41032-73-443b5e89d9d3-e339-194e076-be91-7161"
"Casa en Venta en Costa de Oro 1a Secc","$ 15,600,000","660 m²","Costa de Oro 1a Secc, Boca del Río, Veracruz Llave","3","3","/detalle/41032-73-a42ddb007aa6-e990-196cae9-859b-7d0c"
"Casa en Venta en Paso Del Toro","$ 4,800,000","255 m²","Paso Del Toro, Xalapa, Veracruz Llave","3","3","/detalle/41032-73-e5f45ecb484f-3046-19705de-a0e6-7168"
"Casa en Venta en Residencial Monte Magno","$ 3,200,000","178 m²","Residencial Monte Magno, Xalapa, Veracruz Llave","2","3","/detalle/41032-73-8ff6eeee7cc2-77ce-1953a7a-8a8f-7e1e"
"Casa en Fraccionamiento en Venta en San Jose Novillero","$ 3,340,000","182 m²","San Jose Novillero, Boca del Río, Veracruz Llave","3","3","/detalle/41032-73-7ec66e71646f-9717-1918023-9785-7d11"
"Casa en Venta en Costa Verde","$ 6,750,000","250 m²","Costa Verde, Boca del Río, Veracruz Llave","4","4","/detalle/41032-73-50aa04f40fcf-aa70-1920342-9691-7af8"
"Casa en Venta en San Jose Novillero","$ 3,490,000","212 m²","San Jose Novillero, Boca del Río, Veracruz Llave","3","3","/detalle/41032-73-ee49a798ac29-6e42-1914e02-b3f9-7d10"
"Casa en Fraccionamiento en Venta en Alvarado Centro","$ 8,980,000","437 m²","Alvarado Centro, Alvarado, Veracruz Llave","3","3","/detalle/41032-73-650a71dff10-94f8-61d82ed1-84df-48a2"
"Casa en Fraccionamiento en Venta en San Jose Novillero","$ 3,990,000","227 m²","San Jose Novillero, Boca del Río, Veracruz Llave","3","3","/detalle/41032-73-82251870388d-129b-1916d33-bcd4-715d"
"Casa en Fraccionamiento en Venta en Costa de Oro 1a Secc","$ 5,420,000","220 m²","Costa de Oro 1a Secc, Boca del Río, Veracruz Llave","3","3","/detalle/41032-73-b1c4bd87a929-ffb5-195d083-b4c3-7f35"
"Casa en Fraccionamiento en Venta en San Jose Novillero","$ 4,250,000","216 m²","San Jose Novillero, Boca del Río, Veracruz Llave","3","3","/detalle/41032-73-3b1de65964f5-11b3-19158e4-bcd4-715d"
"Casa en Fraccionamiento en Venta en San Jose Novillero","$ 3,975,000","211 m²","San Jose Novillero, Boca del Río, Veracruz Llave","3","3","/detalle/41032-73-b364c65c51bf-a87f-57f04d9c-a2dd-4a55"
"Casa en Fraccionamiento en Venta en Ixhuatlán de Madero","$ 3,965,000","217 m²","Ixhuatlán de Madero, Veracruz Llave","3","3","/detalle/41032-73-d77bfb7da3d8-79cf-1913e7c-84a1-704e"
"Casa en Fraccionamiento en Venta en Playas de Conchal","$ 6,450,000","345 m²","Playas de Conchal, Alvarado, Veracruz Llave","4","3","/detalle/41032-73-f15d3700e8c5-fb43-e06cfc2c-b967-388e"
"Casa en Fraccionamiento en Venta en Anton Lizardo","$ 2,800,000","115 m²","Anton Lizardo, Alvarado, Veracruz Llave","2","2","/detalle/41032-73-122a58f2f63-a036-197278c-8874-7049"
"Casa en Fraccionamiento en Venta en Lomas de la Rioja","$ 2,600,000","166 m²","Lomas de la Rioja, Alvarado, Veracruz Llave","2","3","/detalle/41032-73-ac512f7a09a2-272f-1955dbf-bba9-7381"
"Casa en Fraccionamiento en Venta en Las Palmas","$ 5,990,000","280 m²","Las Palmas, Medellín, Veracruz Llave","5","4","/detalle/41032-73-de35866f9657-e528-1919f5e-be03-7e21"
"Casa en Fraccionamiento en Venta en San Jose Novillero","$ 4,150,000","216 m²","San Jose Novillero, Boca del Río, Veracruz Llave","3","3","/detalle/41032-73-902c0745bbfa-8445-190e1e7-9c38-715e"
"Casa en Fraccionamiento en Venta en Paso Del Toro","$ 1,700,000","91 m²","Paso Del Toro, Medellín, Veracruz Llave","2","2","/detalle/41032-73-50cb7cbc11f5-9e63-d389139a-8f80-469b"
"Casa en Fraccionamiento en Venta en Anton Lizardo","$ 3,050,000","174 m²","Anton Lizardo, Alvarado, Veracruz Llave","3","3","/detalle/41032-73-3b41dc596004-1aec-19644ba-89e2-78d4"
"Casa en Fraccionamiento en Venta en Costa de Oro 1a Secc","$ 17,000,000","776 m²","Costa de Oro 1a Secc, Boca del Río, Veracruz Llave","4","4","/detalle/41032-73-3803adb57017-c5e6-1949ec5-a031-7f31"
"Casa en Venta en Villa Rica","$ 20,000,000","932 m²","Villa Rica, Boca del Río, Veracruz Llave","5","5","/detalle/41032-73-309f63efc09e-7640-197d344-9088-77b4"
"Casa en Fraccionamiento en Venta en Las Palmas","$ 4,200,000","210 m²","Las Palmas, Medellín, Veracruz Llave","4","3","/detalle/41032-73-bd02985eb4b6-ac47-1960751-b97c-77c3"
"Casa en Venta en El Manantial","$ 2,250,000","160 m²","El Manantial, Boca del Río, Veracruz Llave","3","2","/detalle/41032-73-299c0d887efe-164e-19543d4-8494-759d"
"Casa en Fraccionamiento en Venta en Las Palmas","$ 5,990,000","417 m²","Las Palmas, Medellín, Veracruz Llave","4","3","/detalle/41032-73-d65810b99604-6db2-1942853-8c2a-7269"
"Casa en Fraccionamiento en Venta en Costa de Oro 1a Secc","$ 29,900,000","1,150 m²","Costa de Oro 1a Secc, Boca del Río, Veracruz Llave","7","4","/detalle/41032-73-718f8de35b8b-7765-391c33ab-9ed7-4122"
"Casa en Fraccionamiento en Venta en Las Palmas","$ 6,350,000","289 m²","Las Palmas, Medellín, Veracruz Llave","4","4","/detalle/41032-73-5891af289b4d-cba4-19659a1-9400-7054"
"Casa en Fraccionamiento en Venta en Las Palmas","$ 5,800,000","320 m²","Las Palmas, Medellín, Veracruz Llave","4","3","/detalle/41032-73-73262d4e5dbd-43b6-1958c8f-84d8-75a0"
"Casa en Fraccionamiento en Venta en Lomas del Sol","$ 6,490,000","315 m²","Lomas del Sol, Alvarado, Veracruz Llave","5","4","/detalle/41032-73-3583061943e0-af69-195b4e8-b96a-7165"
"Casa en Fraccionamiento en Venta en Alvarado Centro","$ 16,980,000","574 m²","Alvarado Centro, Alvarado, Veracruz Llave","6","6","/detalle/41032-73-ec19f8fdaa8e-9eb8-fd25f8ad-907a-4ee1"
"Casa en Venta en Residencial Monte Magno","$ 5,078,000","330 m²","Residencial Monte Magno, Xalapa, Veracruz Llave","4","4","/detalle/41032-73-9ea125a1d268-7895-196a8b2-9c26-7514"
"Casa en Venta en Ixhuatlán de Madero","$ 2,750,000","109 m²","Ixhuatlán de Madero, Veracruz Llave","2","2","/detalle/41032-73-c3364870fc58-22ff-1938e02-9d08-7160"
"Casa en Fraccionamiento en Venta en Lomas de la Rioja","$ 3,050,000","160 m²","Lomas de la Rioja, Alvarado, Veracruz Llave","2","3","/detalle/41032-73-84057373f058-c566-191f137-8ec3-7162"
"Casa en Fraccionamiento en Venta en Quintas Al Andalus","$ 1,960,000","100 m²","Quintas Al Andalus, Boca del Río, Veracruz Llave","3","3","/detalle/41032-73-47bf3ed45721-5c0-992d085f-aba3-349d"
"Casa en Venta en Costa de Oro 1a Secc","$ 11,100,000","317 m²","Costa de Oro 1a Secc, Boca del Río, Veracruz Llave","3","3","/detalle/41032-73-acb77cb6df23-dcf2-1969143-8a1f-7a17"
"Casa en Venta en Ejido Primero de Mayo Sur","$ 1,850,000","250 m²","Ejido Primero de Mayo Sur, Boca del Río, Veracruz Llave","2","3","/detalle/41032-73-561c2855de93-56c5-1925de2-83b9-7f2e"
"Casa en Fraccionamiento en Venta en Las Palmas","$ 2,700,000","276 m²","Las Palmas, Medellín, Veracruz Llave","2","3","/detalle/41032-73-e9754cfed225-7a88-191e25e-a952-7055"
"Casa en Venta en Playas de Conchal","$ 4,800,000","305 m²","Playas de Conchal, Alvarado, Veracruz Llave","5","4","/detalle/41032-73-253ee41117cc-6aa9-a5e0ea98-ad15-3924"
"Casa en Venta en Playas de Conchal","$ 5,800,000","273 m²","Playas de Conchal, Alvarado, Veracruz Llave","3","3","/detalle/41032-73-2ea774e7e580-15d5-1939a5a-85a9-78dd"
"Casa en Venta en Villa Rica","$ 2,650,000","150 m²","Villa Rica, Boca del Río, Veracruz Llave","2","3","/detalle/41032-73-e30de580de32-4af1-1967ffe-9248-7e47"
"Casa en Venta en Las Palmas","$ 3,390,000","140 m²","Las Palmas, Medellín, Veracruz Llave","3","3","/detalle/41032-73-5793537dd796-3ef4-197a063-941c-7343"
"Casa en Venta en Luis Echeverria Alvarez","$ 3,790,000","240 m²","Luis Echeverria Alvarez, Boca del Río, Veracruz Llave","3","4","/detalle/41032-73-d0d187dcca89-54fe-1967ff7-b047-7c81"
"Casa en Venta en Alvarado Centro","$ 5,500,000","208 m²","Alvarado Centro, Alvarado, Veracruz Llave","3","4","/detalle/41032-73-1b0116176154-89ca-197d2de-bbf2-779f"
"Casa en Venta en Costa de Oro 1a Secc","$ 5,950,000","220 m²","Costa de Oro 1a Secc, Boca del Río, Veracruz Llave","3","3","/detalle/41032-73-1af9b54aec5b-e309-1968a3d-b67d-7f3d"
"Casa en Venta en Alvarado Centro","$ 3,800,000","209 m²","Alvarado Centro, Alvarado, Veracruz Llave","3","3","/detalle/41032-73-61a3d50216cb-dee-1924eef-aad9-78d1"
"Casa en Venta en Lomas Del Mar","$ 3,800,000","180 m²","Lomas Del Mar, Boca del Río, Veracruz Llave","4","3","/detalle/41032-73-95e34404f023-ca4d-1965a4f-9db9-7d42"
"Casa en Venta en Boca Del Rio","$ 6,950,000","540 m²","Boca Del Rio, Boca del Río, Veracruz Llave","6","5","/detalle/41032-73-8ba82c4e3700-706b-1966406-bc26-7f35"
"Casa en Venta en Estatuto Juridico","$ 2,790,000","75 m²","Estatuto Juridico, Boca del Río, Veracruz Llave","2","2","/detalle/41032-73-38285fe2240-1f52-195d394-adca-7e26"
"Casa en Venta en Lomas del Sol","$ 5,800,000","371 m²","Lomas del Sol, Alvarado, Veracruz Llave","4","4","/detalle/41032-73-1eb9d39c7775-fd2c-197f49f-bafe-77b5"
"Casa en Venta en Costa de Oro 1a Secc","$ 20,000,000","No disponible","Costa de Oro 1a Secc, Boca del Río, Veracruz Llave","4","4","/detalle/41032-73-c3d635acc539-c242-b806ac1e-b4d7-31ec"
"Casa en Venta en Boca Del Rio Centro","$ 4,125,000","188 m²","Boca Del Rio Centro, Boca del Río, Veracruz Llave","3","3","/detalle/41032-73-be4342083d60-61ba-1954a9c-9268-762f"
"Casa en Venta en Costa de Oro 1a Secc","$ 5,995,000","310 m²","Costa de Oro 1a Secc, Boca del Río, Veracruz Llave","3","4","/detalle/41032-73-3fc5539a8a37-f664-1969148-8600-7c9f"
"Casa en Venta en Las Lomas","$ 5,200,000","250 m²","Las Lomas, Alvarado, Veracruz Llave","2","3","/detalle/41032-73-2e4443e16021-87ad-72a8111f-a590-3c24"
"Casa en Venta en Alvarado Centro","$ 3,390,000","172 m²","Alvarado Centro, Alvarado, Veracruz Llave","2","3","/detalle/41032-73-d73104418497-e2d-a4b0dbfe-bf5d-33ad"
"Casa en Venta en Costa de Oro 1a Secc","$ 6,100,000","309 m²","Costa de Oro 1a Secc, Boca del Río, Veracruz Llave","3","3","/detalle/41032-73-bf1696c63d82-262-b36a2260-8659-33c7"
"Casa en Venta en Manuel Nieto","$ 2,990,000","179 m²","Manuel Nieto, Boca del Río, Veracruz Llave","3","3","/detalle/41032-73-620390cdabef-d1f1-19785f3-819a-798c"
"Casa en Venta en El Conchal","$ 12,000,000","500 m²","El Conchal, Alvarado, Veracruz Llave","3","3","/detalle/41032-73-dc91802d5aec-df3b-195fee2-adc5-7328"
"Casa en Venta en Las Lomas","$ 6,200,000","290 m²","Las Lomas, Alvarado, Veracruz Llave","3","3","/detalle/41032-73-a3ad99a57cbf-439c-1902ba6-920a-71cb"
"Casa en Venta en Anton Lizardo","$ 2,290,000","87 m²","Anton Lizardo, Alvarado, Veracruz Llave","2","2","/detalle/41032-73-5e29960451e5-b3b5-195fd41-b829-7f87"
"Casa en Venta en El Morro las Colonias","$ 2,550,000","172 m²","El Morro las Colonias, Boca del Río, Veracruz Llave","2","3","/detalle/41032-73-c00e37780cb7-e916-1913057-a8fd-78ac"
"Casa en Venta en Lomas de la Rioja","$ 3,150,000","179 m²","Lomas de la Rioja, Alvarado, Veracruz Llave","No disponible","3","/detalle/41032-73-ae68106d4195-3323-194df99-8fef-7899"
"Casa en Venta en Ejido Primero de Mayo Norte","$ 2,995,000","261 m²","Ejido Primero de Mayo Norte, Boca del Río, Veracruz Llave","5","5","/detalle/41032-73-7d26fb0d8124-a200-18f59ce-bba4-7a40"
"Casa en Venta en Lomas de la Rioja","$ 2,785,000","205 m²","Lomas de la Rioja, Alvarado, Veracruz Llave","2","2","/detalle/41032-73-bd75b58448b9-cecd-6e96f920-89f7-31f0"
"Casa en Venta en Alvarado Centro","$ 7,650,000","270 m²","Alvarado Centro, Alvarado, Veracruz Llave","3","3","/detalle/41032-73-a9c613bf89f0-eedc-1947670-8cb8-7d25"
"Casa en Venta en Boca Del Rio","$ 4,370,000","210 m²","Boca Del Rio, Boca del Río, Veracruz Llave","3","3","/detalle/41032-73-baec33606f3e-c526-18f54a6-875e-7671"
"Casa en Venta en La Calera","$ 2,100,000","90 m²","La Calera, Emiliano Zapata, Veracruz Llave","2","2","/detalle/41032-73-236f692a8ead-75ad-196dcb3-912d-7cee"
"Casa en Venta en El Conchal","$ 2,470,000","136 m²","El Conchal, Alvarado, Veracruz Llave","1","3","/detalle/41032-73-3486b733bb2a-2ce9-19424ec-b11f-7f43"
"Casa en Venta en Ejido Primero de Mayo Sur","$ 1,380,000","90 m²","Ejido Primero de Mayo Sur, Boca del Río, Veracruz Llave","1","3","/detalle/41032-73-56c298f98688-5aa6-1969485-889b-751b"
"Casa en Venta en El Morro las Colonias","$ 2,500,000","140 m²","El Morro las Colonias, Boca del Río, Veracruz Llave","3","4","/detalle/41032-73-9266506f625f-2691-1962710-9800-718a"
"Casa en Venta en Paso Del Toro","$ 2,500,000","250 m²","Paso Del Toro, Medellín, Veracruz Llave","2","2","/detalle/41032-73-65c6afd08f05-7f33-f7f5d64d-96ac-355b"
"Casa en Venta en Adalberto Tejeda","$ 1,890,000","186 m²","Adalberto Tejeda, Boca del Río, Veracruz Llave","3","3","/detalle/41032-73-c274da28b34f-d5e1-79dfc7b9-a430-3478"
"Casa en Fraccionamiento en Venta en Playa de Vacas","$ 4,900,000","270 m²","Playa de Vacas, Medellín, Veracruz Llave","4","3","/detalle/41032-73-af30d3407550-24ca-bfec5c3-a3ab-3bc8"
"Casa en Venta en Lomas del Sol","$ 3,690,000","192 m²","Lomas del Sol, Alvarado, Veracruz Llave","3","3","/detalle/41032-73-7130d9c56f0b-5b39-b5eec809-9c8d-31f3"
"Casa en Venta en Lomas de la Rioja","$ 1,990,000","155 m²","Lomas de la Rioja, Alvarado, Veracruz Llave","3","3","/detalle/41032-73-58a259a32162-a713-b57f0bb9-8403-3b21"
"Casa en Fraccionamiento en Venta en Lomas de la Rioja","$ 1,920,000","89 m²","Lomas de la Rioja, Alvarado, Veracruz Llave","2","2","/detalle/41032-73-a0c7634da3d-aae9-b1c6042d-910c-3a63"
"Casa en Fraccionamiento en Venta en Costa de Oro 1a Secc","$ 16,500,000","600 m²","Costa de Oro 1a Secc, Boca del Río, Veracruz Llave","5","5","/detalle/41032-73-655434bf58ea-e9d7-23aecb7-a674-348d"
"Casa en Venta en Adalberto Tejeda","$ 1,780,000","187 m²","Adalberto Tejeda, Boca del Río, Veracruz Llave","2","3","/detalle/41032-73-b5a96117845b-e1c6-193f6d4-8a45-77dc"
"Casa en Fraccionamiento en Venta en Lomas de la Rioja","$ 1,890,000","105 m²","Lomas de la Rioja, Alvarado, Veracruz Llave","2","2","/detalle/41032-73-2c975adf8a8b-e42d-c471774d-908b-3808"
"Casa en Venta en Lomas del Sol","$ 2,900,000","175 m²","Lomas del Sol, Alvarado, Veracruz Llave","3","3","/detalle/41032-73-bd6d684077a5-6536-5267ea27-be40-3b3a"
"Casa en Venta en Anton Lizardo","$ 4,400,000","200 m²","Anton Lizardo, Alvarado, Veracruz Llave","2","2","/detalle/41032-73-e7fcf746659e-ff68-e368e39d-8225-3daf"
"Casa en Fraccionamiento en Venta en Lomas del Sol","$ 3,650,000","210 m²","Lomas del Sol, Alvarado, Veracruz Llave","4","3","/detalle/41032-73-ca6598023f3b-1c82-f6190d35-b74d-3b43"
"Casa en Fraccionamiento en Venta en Lomas de la Rioja","$ 1,890,000","118 m²","Lomas de la Rioja, Alvarado, Veracruz Llave","3","3","/detalle/41032-73-aedba7c8e648-2614-d84eab62-b209-3f36"
"Casa en Venta en Manuel Nieto","$ 2,990,000","179 m²","Manuel Nieto, Boca del Río, Veracruz Llave","3","3","/detalle/41032-73-f9de5e539856-6ccc-1969894-8d27-7055"
"Casa en Venta en Adolfo Lopez Mateos","$ 2,450,000","206 m²","Adolfo Lopez Mateos, Veracruz, Veracruz Llave","2","3","/detalle/41032-73-b413fb93f88b-2960-19263f6-9950-8046"
"Casa en Fraccionamiento en Venta en Playas de Conchal","$ 3,350,000","219 m²","Playas de Conchal, Alvarado, Veracruz Llave","3","4","/detalle/41032-73-e87517b8a1fd-8421-6cd88e5e-9350-310e"
"Casa en Venta en Costa de Oro 1a Secc","$ 8,842,000","759 m²","Costa de Oro 1a Secc, Boca del Río, Veracruz Llave","3","4","/detalle/41032-73-7367034464d9-c23e-19238ea-95f5-791e"
"Casa en Venta en Boca Del Rio Centro","$ 2,670,000","155 m²","Boca Del Rio Centro, Boca del Río, Veracruz Llave","3","3","/detalle/41032-73-9a5ceb0d52cf-90ed-190b267-b601-76ae"
"Casa en Venta en Virgilio Uribe","$ 1,860,000","115 m²","Virgilio Uribe, Veracruz, Veracruz Llave","2","2","/detalle/41032-73-49d61c11d0d-3352-1962dd9-bef9-748c"
"Casa en Fraccionamiento en Venta en Jose Lopez Portillo","$ 2,890,000","156 m²","Jose Lopez Portillo, Boca del Río, Veracruz Llave","2","3","/detalle/41032-73-814ea2a1da7c-e9e9-89bfa1e1-ac8e-4b25"
"Casa en Venta en Ejido Primero de Mayo Sur","$ 3,150,000","144 m²","Ejido Primero de Mayo Sur, Boca del Río, Veracruz Llave","3","3","/detalle/41032-73-fc669a8866c2-4c1b-196a320-abbb-78d2"
"Casa en Venta en Costa de Oro 1a Secc","$ 3,553,500","400 m²","Costa de Oro 1a Secc, Boca del Río, Veracruz Llave","4","4","/detalle/41032-73-d8244f18cd74-ce13-19443fe-9925-7180"
"Casa en Venta en San Jose Novillero","$ 4,250,000","268 m²","San Jose Novillero, Boca del Río, Veracruz Llave","3","3","/detalle/41032-73-b92edea9f032-f433-196a936-88aa-7691"
"Casa en Venta en Alvarado Centro","$ 4,940,000","236 m²","Alvarado Centro, Alvarado, Veracruz Llave","3","3","/detalle/41032-73-eccc74523f94-d994-1979b2c-9453-7684"
"Casa en Venta en Alvarado Centro","$ 2,750,000","170 m²","Alvarado Centro, Alvarado, Veracruz Llave","3","4","/detalle/41032-73-673829581891-fa39-196852a-a99a-75a7"
"Casa en Venta en San Jose Novillero","$ 4,090,000","18 m²","San Jose Novillero, Boca del Río, Veracruz Llave","2","3","/detalle/41032-73-e6d0fc819c3d-ddfd-193adbc-8290-7d13"
"Casa en Venta en Alvarado Centro","$ 4,495,000","240 m²","Alvarado Centro, Alvarado, Veracruz Llave","2","3","/detalle/41032-73-9c18ad6540d7-f62d-196a91b-9992-7d8c"
"Casa en Venta en El Morro las Colonias","$ 2,670,000","155 m²","El Morro las Colonias, Boca del Río, Veracruz Llave","3","3","/detalle/41032-73-cfb93091e11d-1000f-1920216-9b28-7aec"
"Casa en Venta en Alvarado Centro","$ 2,450,000","105 m²","Alvarado Centro, Alvarado, Veracruz Llave","2","2","/detalle/41032-73-5d137fa6b9dc-9ce7-1967f42-b66f-7383"
"Casa en Venta en Costa de Oro 1a Secc","$ 17,000,000","776 m²","Costa de Oro 1a Secc, Boca del Río, Veracruz Llave","4","5","/detalle/41032-73-6e2b8ca36d7f-df9-19586f4-a520-803c"
"Casa en Venta en Playas de Conchal","$ 4,495,000","230 m²","Playas de Conchal, Alvarado, Veracruz Llave","2","3","/detalle/41032-73-84626822c00-3fdc-5de6ee35-9037-3825"
"Casa en Venta en Playas de Conchal","$ 4,800,000","225 m²","Playas de Conchal, Alvarado, Veracruz Llave","3","3","/detalle/41032-73-67cd9c9e6875-7364-1952ece-bbf0-7569"
"Casa en Venta en San Jose Novillero","$ 3,975,000","211 m²","San Jose Novillero, Boca del Río, Veracruz Llave","3","3","/detalle/41032-73-c97dd2da7248-6f85-19542b4-8bef-74f7"
"Casa en Venta en Jalcomulco","$ 14,990,000","1,296 m²","Jalcomulco, Jalcomulco, Veracruz Llave","2","3","/detalle/41032-73-df55fa7f70e4-f195-1916861-a8c7-7268"
"Casa en Venta en San Jose Novillero","$ 4,150,000","216 m²","San Jose Novillero, Boca del Río, Veracruz Llave","3","3","/detalle/41032-73-1aa9faecbdf8-47c0-19542b4-ac68-7b5f"
"Casa en Venta en Guillermo Lopez Portillo","$ 2,300,000","140 m²","Guillermo Lopez Portillo, Boca del Río, Veracruz Llave","2","3","/detalle/41032-73-468d9443b25c-3402-18fe8b5-92be-712e"
"Casa en Venta en Villa Rica","$ 2,650,000","150 m²","Villa Rica, Boca del Río, Veracruz Llave","2","3","/detalle/41032-73-c6a1890f7d25-2edc-7cdec0e7-a8c3-378c"
"Casa en Venta en Alvarado Centro","$ 2,310,000","96 m²","Alvarado Centro, Alvarado, Veracruz Llave","2","2","/detalle/41032-73-ab7f82d5c697-98f6-511b621-8990-3868"
"Casa en Venta en Club de Golf Villa Rica","$ 6,550,000","292 m²","Club de Golf Villa Rica, Alvarado, Veracruz Llave","3","3","/detalle/41032-73-954be601c0a9-b0b7-4a3ea88f-9267-3d58"
"Casa en Venta en San Jose Novillero","$ 3,390,000","170 m²","San Jose Novillero, Boca del Río, Veracruz Llave","2","3","/detalle/41032-73-8ff34f5106fc-7a0d-1c79da5c-ba88-3d8b"
"Casa en Venta en Lomas de la Rioja","$ 2,975,000","161 m²","Lomas de la Rioja, Alvarado, Veracruz Llave","2","3","/detalle/41032-73-c54936a01545-2110-19134fa-8c53-762f"
"Casa en Venta en Playas de Conchal","$ 6,090,000","270 m²","Playas de Conchal, Alvarado, Veracruz Llave","3","3","/detalle/41032-73-e1a9839f23ab-acd9-18f7f66-888c-790e"
"Casa en Venta en San Jose Novillero","$ 5,180,000","250 m²","San Jose Novillero, Boca del Río, Veracruz Llave","3","3","/detalle/41032-73-fd0bb2e06c01-3789-193475b-b84f-767c"
"Casa en Venta en San Jose Novillero","$ 3,390,000","140 m²","San Jose Novillero, Boca del Río, Veracruz Llave","2","3","/detalle/41032-73-8ade1ca2eb14-453-1932d8d-8323-7c3f"
"Casa en Venta en San Jose Novillero","$ 4,125,000","188 m²","San Jose Novillero, Boca del Río, Veracruz Llave","3","3","/detalle/41032-73-22ed092d1f3e-bd8a-1918c70-b1a4-762d"
"Casa en Venta en San Jose Novillero","$ 4,250,000","250 m²","San Jose Novillero, Boca del Río, Veracruz Llave","3","3","/detalle/41032-73-6bc108cefe1a-9c40-a8803318-bc92-3c49"
"Casa en Venta en Playas de Conchal","$ 6,525,000","349 m²","Playas de Conchal, Alvarado, Veracruz Llave","3","3","/detalle/41032-73-aff9826767d3-2caa-191a678-a9fd-7bed"
"Casa en Venta en Las Palmas","$ 4,750,000","276 m²","Las Palmas, Medellín, Veracruz Llave","3","3","/detalle/41032-73-e3032d0d934c-1052-195239f-95f0-78ed"
"Casa en Venta en San Jose Novillero","$ 3,950,000","210 m²","San Jose Novillero, Boca del Río, Veracruz Llave","3","3","/detalle/41032-73-dd035db3855b-e98c-1932d8c-a6a0-7f6c"
"Casa en Venta en Anton Lizardo","$ 2,295,000","115 m²","Anton Lizardo, Alvarado, Veracruz Llave","2","2","/detalle/41032-73-2735541308b3-1d1b-1953bc6-a0a8-7baf"
"Casa en Venta en Villa Rica","$ 3,450,000","172 m²","Villa Rica, Boca del Río, Veracruz Llave","2","3","/detalle/41032-73-9ec8b454a172-56cc-192ff46-a62c-7695"
"Casa en Venta en Boca Del Rio","$ 5,650,000","230 m²","Boca Del Rio, Boca del Río, Veracruz Llave","3","3","/detalle/41032-73-68afe65dbdf-48ec-1919c65-8da8-7e13"
"Casa en Venta en Punta de Arenas","$ 5,800,000","246 m²","Punta de Arenas, Alvarado, Veracruz Llave","4","3","/detalle/41032-73-8d12aa275e8-6806-194db1a-b996-742c"
"Casa en Venta en Villa Rica","$ 3,500,000","180 m²","Villa Rica, Boca del Río, Veracruz Llave","3","3","/detalle/41032-73-f36761696808-1e98-19767bb-b057-76c5"
"Casa en Venta en Playas de Conchal","$ 14,200,000","554 m²","Playas de Conchal, Alvarado, Veracruz Llave","7","5","/detalle/41032-73-1168c1e263f0-7a49-194dc91-ac90-76c1"
"Casa en Venta en Alvarado Centro","$ 3,990,000","240 m²","Alvarado Centro, Alvarado, Veracruz Llave","4","3","/detalle/41032-73-bb7da16456fc-74d1-19426c4-bb29-74aa"
"Casa en Venta en Las Palmas","$ 6,650,000","No disponible","Las Palmas, Medellín, Veracruz Llave","3","4","/detalle/41032-73-f7e8e5d158ce-8fe8-194dd6c-82df-733a"
"Casa en Venta en Las Lomas","$ 3,800,000","254 m²","Las Lomas, Alvarado, Veracruz Llave","5","3","/detalle/41032-73-a5df2a306fbe-9d2a-b30df451-8629-3d5f"
"Casa en Venta en Lomas del Sol","$ 3,750,000","222 m²","Lomas del Sol, Alvarado, Veracruz Llave","3","3","/detalle/41032-73-ac9124425a4d-ec1d-197adbc-982e-750b"
"Casa en Fraccionamiento en Venta en Lomas de la Rioja","$ 5,900,000","263 m²","Lomas de la Rioja, Alvarado, Veracruz Llave","3","3","/detalle/41032-73-cb994dbb1e7-c783-49ec20c-b89f-34b5"
"Casa en Fraccionamiento en Venta en Club de Golf Villa Rica","$ 5,900,000","263 m²","Club de Golf Villa Rica, Alvarado, Veracruz Llave","3","4","/detalle/41032-73-9ba22ffc17b0-e699-be4e5209-b663-1237"
"Casa en Venta en Lomas Del Mar","$ 2,750,000","144 m²","Lomas Del Mar, Boca del Río, Veracruz Llave","3","3","/detalle/41032-73-fe14dd6c31db-c012-196a741-b2de-78ca"
"Casa en Venta en Alvarado Centro","$ 6,890,000","314 m²","Alvarado Centro, Alvarado, Veracruz Llave","3","3","/detalle/41032-73-77364e2df1d6-858e-19644aa-b1bd-70b2"
"Casa en Venta en Veracruz Centro","$ 5,900,000","400 m²","Veracruz Centro, Veracruz, Veracruz Llave","2","4","/detalle/41032-73-4c989fc6a7c5-26e0-195e813-a9e1-7743"
"Casa en Venta en Costa de Oro 1a Secc","$ 6,500,000","285 m²","Costa de Oro 1a Secc, Boca del Río, Veracruz Llave","4","5","/detalle/41032-73-efa315ab323e-226a-195e813-b041-7466"
"Casa en Venta en Anton Lizardo","$ 2,580,000","160 m²","Anton Lizardo, Alvarado, Veracruz Llave","2","3","/detalle/41032-73-ef210fc65ec1-eee8-1966b66-8288-750c"
"Casa en Venta en Lomas de la Rioja","$ 3,850,000","234 m²","Lomas de la Rioja, Alvarado, Veracruz Llave","2","3","/detalle/41032-73-c0729b797922-eff3-1976295-b953-7b62"
"Casa en Venta en Villa Rica","$ 2,590,000","150 m²","Villa Rica, Boca del Río, Veracruz Llave","2","3","/detalle/41032-73-225642ace959-d255-194df4e-9a4d-7471"
"Casa en Venta en San Jose Novillero","$ 3,990,000","205 m²","San Jose Novillero, Boca del Río, Veracruz Llave","3","3","/detalle/41032-73-4e30bbe6212c-eb41-1929dfd-8ee6-7da4"
"Casa en Venta en Ejido Primero de Mayo Norte","$ 3,125,000","190 m²","Ejido Primero de Mayo Norte, Boca del Río, Veracruz Llave","3","3","/detalle/41032-73-f342f4eb5a0-fee1-19502d4-ab30-78c4"
"Casa en Venta en Lomas de la Rioja","$ 2,990,000","140 m²","Lomas de la Rioja, Alvarado, Veracruz Llave","2","3","/detalle/41032-73-e1ab3a907326-4eb7-18f5c7d-b181-7426"
"Casa en Venta en San Jose Novillero","$ 3,150,000","168 m²","San Jose Novillero, Boca del Río, Veracruz Llave","2","2","/detalle/41032-73-134fb76bec8f-cf2e-1955549-aa85-7c4d"
"Casa en Venta en Alvarado Centro","$ 5,700,000","259 m²","Alvarado Centro, Alvarado, Veracruz Llave","4","4","/detalle/41032-73-f33dc57c7136-32a9-197f2ca-b81b-7946"
"Casa en Venta en El Morro las Colonias","$ 2,600,000","152 m²","El Morro las Colonias, Boca del Río, Veracruz Llave","3","3","/detalle/41032-73-a5669994793b-5f0-197d3d1-905a-7d9d"
"Casa en Venta en Las Americas","$ 3,500,000","250 m²","Las Americas, Boca del Río, Veracruz Llave","3","4","/detalle/41032-73-e9ea7028b3cd-8930-194df6a-8946-7b77"
"Casa en Venta en Lomas del Sol","$ 16,500,000","935 m²","Lomas del Sol, Alvarado, Veracruz Llave","6","5","/detalle/41032-73-4dd6848894ae-d8f3-194264c-947e-77d7"
"Casa en Venta en Playa de Vacas","$ 52,000,000","779 m²","Playa de Vacas, Medellín, Veracruz Llave","3","3","/detalle/41032-73-e5a40244a05-9c8f-1951cb9-9453-7bc4"
"Casa en Venta en Las Palmas","$ 8,600,000","427 m²","Las Palmas, Medellín, Veracruz Llave","6","5","/detalle/41032-73-74e091910c1f-b84f-1927a16-a4c9-7bd5"
"Casa en Venta en Playas de Conchal","$ 8,950,000","339 m²","Playas de Conchal, Alvarado, Veracruz Llave","4","3","/detalle/41032-73-4e294e0f3fcc-a6e6-195ff37-865d-7afe"
"Casa en Venta en Las Palmas","$ 5,950,000","320 m²","Las Palmas, Medellín, Veracruz Llave","3","3","/detalle/41032-73-e44463d06f-d25a-197de1b-9fd6-78c3"
"Casa en Venta en Playa de Vacas","$ 17,000,000","1200 m²","Playa de Vacas, Medellín, Veracruz Llave","4","4","/detalle/41032-73-7ef88b1e0ab8-f448-194dbea-8b36-7f7c"
"Casa en Venta en Alvarado Centro","$ 6,095,000","265 m²","Alvarado Centro, Alvarado, Veracruz Llave","4","4","/detalle/41032-73-5356eb8f5afa-472d-2d97aaa4-a880-31dc"
"Casa en Venta en Alvarado Centro","$ 2,500,000","116 m²","Alvarado Centro, Alvarado, Veracruz Llave","2","3","/detalle/41032-73-56268a60e332-bf40-194e32e-aa84-7f31"
"Casa en Venta en Costa de Oro 1a Secc","$ 6,200,000","320 m²","Costa de Oro 1a Secc, Boca del Río, Veracruz Llave","4","3","/detalle/41032-73-28f040093285-c023-a16f495b-9f68-375a"
"Casa en Fraccionamiento en Venta en Lomas de la Rioja","$ 2,600,000","224 m²","Lomas de la Rioja, Alvarado, Veracruz Llave","3","3","/detalle/41032-73-d4f9686f62e6-f13a-5a6206a9-9ae8-3eba"
"Casa en Venta en Alvarado Centro","$ 8,280,000","500 m²","Alvarado Centro, Alvarado, Veracruz Llave","4","4","/detalle/41032-73-98365e78f5d5-1410-195f2d7-9285-7160"
"Casa en Venta en Jardines de Virginia","$ 6,800,000","424 m²","Jardines de Virginia, Boca del Río, Veracruz Llave","3","3","/detalle/41032-73-e38fdd924fe3-fb33-193c1a4-9257-7d0f"
"Casa en Fraccionamiento en Venta en Las Lomas","$ 3,880,000","238 m²","Las Lomas, Alvarado, Veracruz Llave","3","3","/detalle/41032-73-de94f4a02f38-64c8-895fad76-8736-305c"
"Casa en Venta en La Cuchilla","$ 2,380,000","140 m²","La Cuchilla, Boca del Río, Veracruz Llave","2","3","/detalle/41032-73-bcec80f1a58f-f73-57ff2480-9bcb-3f0b"
"Casa en Venta en San Jose Novillero","$ 4,790,000","232 m²","San Jose Novillero, Boca del Río, Veracruz Llave","3","3","/detalle/41032-73-77479e70d43-aed6-1978564-a81b-7492"
"Casa en Venta en Las Palmas","$ 6,350,000","288 m²","Las Palmas, Medellín, Veracruz Llave","3","4","/detalle/41032-73-a9fc19617faf-156a-1965a7c-b1c5-77c4"
"Casa en Venta en Boca Del Rio Centro","$ 15,000,000","660 m²","Boca Del Rio Centro, Boca del Río, Veracruz Llave","5","3","/detalle/41032-73-d492a92965bb-1162-195f3a7-9285-7160"
"Casa en Venta en Infonavit el Morro","$ 4,200,000","225 m²","Infonavit el Morro, Boca del Río, Veracruz Llave","4","4","/detalle/41032-73-960a3fa2973e-9c78-195df63-8133-7e28"
"Casa en Venta en Ejido Primero de Mayo Norte","$ 2,600,000","160 m²","Ejido Primero de Mayo Norte, Boca del Río, Veracruz Llave","3","3","/detalle/41032-73-7c0bf7b2f157-47d0-18f497a-bb9a-7996"
"Casa en Venta en Lomas de la Rioja","$ 2,790,000","160 m²","Lomas de la Rioja, Alvarado, Veracruz Llave","4","3","/detalle/41032-73-d4ea1af426e4-d25a-62565fcc-aa5e-32af"
"Casa en Venta en El Morro las Colonias","$ 2,500,000","209 m²","El Morro las Colonias, Boca del Río, Veracruz Llave","3","4","/detalle/41032-73-b07d3952b634-16ee-195f2f2-9285-7160"
"Casa en Venta en Alvarado Centro","$ 1,850,000","94 m²","Alvarado Centro, Alvarado, Veracruz Llave","2","2","/detalle/41032-73-c9b151898ebc-376a-19393f0-97fb-75a2"
"Casa en Venta en Alvarado Centro","$ 4,950,000","329 m²","Alvarado Centro, Alvarado, Veracruz Llave","4","3","/detalle/41032-73-275afd3cb932-fc78-ad94e12e-985f-3b48"
"Casa en Venta en Boca Del Rio","$ 1,346,000","89 m²","Boca Del Rio, Boca del Río, Veracruz Llave","2","3","/detalle/41032-73-e836188a7d80-5a0a-1978986-9b39-78d8"
"Casa en Venta en Villa Rica","$ 2,750,000","192 m²","Villa Rica, Boca del Río, Veracruz Llave","2","3","/detalle/41032-73-d30ef15e3141-9156-194765b-9837-8041"
"Casa en Venta en Lomas de la Rioja","$ 2,690,000","188 m²","Lomas de la Rioja, Alvarado, Veracruz Llave","4","3","/detalle/41032-73-a08c074f9f14-a268-4bea2dca-a20d-3da9"
"Casa en Venta en Club de Golf Villa Rica","$ 4,750,000","273 m²","Club de Golf Villa Rica, Alvarado, Veracruz Llave","3","4","/detalle/41032-73-e5da7dfa37c6-86a7-1958834-a787-77bd"
"Casa en Venta en Alvarado Centro","$ 12,800,000","758 m²","Alvarado Centro, Alvarado, Veracruz Llave","6","6","/detalle/41032-73-b6bd22cc573f-3e22-193d714-8648-79db"
"Casa en Venta en Costa de Oro 1a Secc","$ 7,600,000","500 m²","Costa de Oro 1a Secc, Boca del Río, Veracruz Llave","4","4","/detalle/41032-73-4068403d27c4-43da-e2528544-99aa-3ca9"
"Casa en Venta en Encinal","$ 2,435,000","215 m²","Encinal, Xalapa, Veracruz Llave","3","3","/detalle/41032-73-b35b9881b0a6-d5c0-196f080-870b-8044"
"Casa en Venta en Lomas de la Rioja","$ 2,390,000","120 m²","Lomas de la Rioja, Alvarado, Veracruz Llave","2","3","/detalle/41032-73-d2dabb43ff8a-8568-7bc1141c-b543-3543"
"Casa en Venta en Lomas de la Rioja","$ 3,790,000","252 m²","Lomas de la Rioja, Alvarado, Veracruz Llave","4","3","/detalle/41032-73-c93bf5a79e3c-b90e-8c66aa5-9c9d-3aac"
"Casa en Venta en Las Palmas","$ 4,200,000","210 m²","Las Palmas, Medellín, Veracruz Llave","2","3","/detalle/41032-73-85fbfe49154e-5c06-1966edc-875d-7275"
"Casa en Venta en Costa de Oro 1a Secc","$ 11,100,000","332 m²","Costa de Oro 1a Secc, Boca del Río, Veracruz Llave","3","3","/detalle/41032-73-beecce4d6ed3-d84c-1979427-92d9-7278"
"Casa en Venta en San Jose Novillero","$ 4,540,000","227 m²","San Jose Novillero, Boca del Río, Veracruz Llave","3","3","/detalle/41032-73-c2e331cd0894-ed6b-193c311-8af3-704f"
"Casa en Venta en La Tampiquera","$ 2,800,000","142 m²","La Tampiquera, Boca del Río, Veracruz Llave","2","3","/detalle/41032-73-7f53f28cc98e-5d29-19397f9-ad26-7e24"
"Casa en Venta en Costa de Oro 1a Secc","$ 6,000,000","350 m²","Costa de Oro 1a Secc, Boca del Río, Veracruz Llave","3","4","/detalle/41032-73-1b137f941c4d-4f23-18f497a-9608-739e"
"Casa en Venta en Enrique Rodriguez Cano","$ 42,000,000","No disponible","Enrique Rodriguez Cano, Tihuatlán, Veracruz Llave","No disponible","No disponible","/detalle/41032-73-68b1b86c940f-98-1913aa6-844f-720f"
"Casa en Venta en Club de Golf Villa Rica","$ 4,500,000","250 m²","Club de Golf Villa Rica, Alvarado, Veracruz Llave","3","3","/detalle/41032-73-be505d7d1601-d956-195977b-bb78-7491"
"Casa en Venta en Alvarado Centro","$ 4,220,000","210 m²","Alvarado Centro, Alvarado, Veracruz Llave","3","3","/detalle/41032-73-9865b1062681-2f8b-1928ce6-8b35-7f35"
"Casa en Venta en Anton Lizardo","$ 2,200,000","91 m²","Anton Lizardo, Alvarado, Veracruz Llave","2","2","/detalle/41032-73-45b1d93bdc-dea2-6e181423-94cb-4175"
"Casa en Venta en Las Palmas","$ 5,860,000","290 m²","Las Palmas, Medellín, Veracruz Llave","2","2","/detalle/41032-73-70a29cf705b2-6a1b-195f4a1-8223-7741"
"Casa en Venta en Jardines de Mocambo","$ 3,800,000","305 m²","Jardines de Mocambo, Boca del Río, Veracruz Llave","3","4","/detalle/41032-73-ed9c09f8b3ad-10f1-193070d-a4bc-7463"
"Casa en Venta en El Manantial","$ 1,800,000","140 m²","El Manantial, Boca del Río, Veracruz Llave","2","3","/detalle/41032-73-c252a1f41e36-cb34-19245d9-a7d0-748b"
"Casa en Fraccionamiento en Venta en San Jose Novillero","$ 3,490,000","No disponible","San Jose Novillero, Boca del Río, Veracruz Llave","3","3","/detalle/41032-73-a4d014f8bda0-f373-1914776-8aca-7cfd"
"Casa en Fraccionamiento en Venta en San Jose Novillero","$ 3,950,000","200 m²","San Jose Novillero, Boca del Río, Veracruz Llave","2","3","/detalle/41032-73-e033a92235e3-3d78-190ea8c-bba9-7c89"
"Casa en Venta en Paso Del Toro","$ 1,719,000","124 m²","Paso Del Toro, Medellín, Veracruz Llave","2","3","/detalle/41032-73-86fa40bc0cfe-97d3-1907e1e-b95d-7ecb"
"Casa en Venta en Ixhuatlán de Madero","$ 3,990,000","180 m²","Ixhuatlán de Madero, Veracruz Llave","3","3","/detalle/41032-73-5b94b420476c-827-1944374-ad53-7dc4"
"Casa en Venta en San Jose Novillero","$ 3,290,000","160.00 m²","San Jose Novillero, Boca del Río, Veracruz Llave","2","3","/detalle/41032-73-5c6934ad1701-b146-19442f6-8f82-7bae"
"Casa en Venta en San Jose Novillero","$ 2,750,000","160 m²","San Jose Novillero, Boca del Río, Veracruz Llave","2","2","/detalle/41032-73-d6dff946e0f6-6a98-1944360-a359-7857"
"Casa en Venta en Ixhuatlán de Madero","$ 3,975,000","211 m²","Ixhuatlán de Madero, Veracruz Llave","3","3","/detalle/41032-73-5991bd9773d4-88f2-194437a-8ddb-7827"
"Casa en Venta en San Jose Novillero","$ 3,099,000","168 m²","San Jose Novillero, Boca del Río, Veracruz Llave","3","3","/detalle/41032-73-716a5d0149bd-9a43-1948fd7-976e-7356"
"Casa en Venta en San Jose Novillero","$ 4,125,000","188 m²","San Jose Novillero, Boca del Río, Veracruz Llave","3","3","/detalle/41032-73-7da54446fd2b-7219-194671d-a45d-776e"
"Casa en Venta en Real Mandinga","$ 1,850,000","176 m²","Real Mandinga, Alvarado, Veracruz Llave","2","2","/detalle/41032-73-4c02d617e6c1-5e90-1948ff6-9f0b-78de"
"Casa en Venta en Boca Del Rio","$ 4,090,000","180 m²","Boca Del Rio, Boca del Río, Veracruz Llave","2","3","/detalle/41032-73-8005d5206c95-89d4-19447ea-a28f-7c11"
"Casa en Venta en Alvarado Centro","$ 3,150,000","135 m²","Alvarado Centro, Alvarado, Veracruz Llave","3","3","/detalle/41032-73-780052fd42b1-ff39-1957220-8caa-7383"
"Casa en Venta en Alvarado Centro","$ 4,690,000","160 m²","Alvarado Centro, Alvarado, Veracruz Llave","3","3","/detalle/41032-73-a2641cbf708d-c539-194d2e5-b3ba-7565"
"Casa en Venta en San Jose Novillero","$ 3,990,000","168 m²","San Jose Novillero, Boca del Río, Veracruz Llave","3","3","/detalle/41032-73-376f6926dc2e-6a07-194435c-bcc3-7fa1"
"Casa en Venta en Costa Verde","$ 1,950,000","104 m²","Costa Verde, Boca del Río, Veracruz Llave","1","2","/detalle/41032-73-98fa545f2863-10046-1943e93-80f7-7a75"
"Casa en Venta en Alvarado Centro","$ 2,850,000","152 m²","Alvarado Centro, Alvarado, Veracruz Llave","2","3","/detalle/41032-73-82693fa0358f-f41-1970af5-bd64-7d41"
"Casa en Venta en Alvarado Centro","$ 3,250,000","148 m²","Alvarado Centro, Alvarado, Veracruz Llave","3","3","/detalle/41032-73-89323ff554f0-be9d-197d143-b165-7935"
"Casa en Venta en Alvarado Centro","$ 4,940,000","236 m²","Alvarado Centro, Alvarado, Veracruz Llave","4","3","/detalle/41032-73-635a1d16e1d7-89b9-197881f-bdd5-77c2"
"Casa en Venta en Costa de Oro 1a Secc","$ 6,350,000","240 m²","Costa de Oro 1a Secc, Boca del Río, Veracruz Llave","3","3","/detalle/41032-73-de2ad74d9bec-6e29-1976286-ae49-7c97"
"Casa en Venta en El Morro las Colonias","$ 3,750,000","200 m²","El Morro las Colonias, Boca del Río, Veracruz Llave","3","3","/detalle/41032-73-3cd77a734460-e2c0-195554d-894d-71f5"
"Casa en Venta en Playa de Vacas","$ 51,000,000","1,468 m²","Playa de Vacas, Medellín, Veracruz Llave","10","9","/detalle/41032-73-43c5f035ade7-1624-194bd52-a439-785e"
"Casa en Venta en Alvarado Centro","$ 3,200,000","220 m²","Alvarado Centro, Alvarado, Veracruz Llave","2","3","/detalle/41032-73-3c5b9d2232da-3043-1973e7c-8b2c-7428"
"Casa en Venta en Anton Lizardo","$ 3,600,000","229 m²","Anton Lizardo, Alvarado, Veracruz Llave","No disponible","2","/detalle/41032-73-9c5d223694c-f316-196664f-a3c6-7495"
"Casa en Venta en Lomas de la Rioja","$ 3,690,000","234 m²","Lomas de la Rioja, Alvarado, Veracruz Llave","3","4","/detalle/41032-73-c0e9b44a4455-596c-194f89c-bd22-79f5"
"Casa en Venta en Alvarado Centro","$ 4,600,000","250 m²","Alvarado Centro, Alvarado, Veracruz Llave","3","3","/detalle/41032-73-f929a99e2689-892d-194cf58-9a08-7b2c"
"Casa en Venta en Alvarado Centro","$ 5,480,000","256 m²","Alvarado Centro, Alvarado, Veracruz Llave","2","3","/detalle/41032-73-55f8f8812ecf-3244-df06c9cc-980d-3a01"
"Casa en Venta en Jamapa","$ 1,100,000","143 m²","Jamapa, Jamapa, Veracruz Llave","1","2","/detalle/41032-73-6a31f63d3011-2d4b-1934c10-be9d-76aa"
"Casa en Venta en Boca Del Rio Centro","$ 50,000,000","900 m²","Boca Del Rio Centro, Boca del Río, Veracruz Llave","5","4","/detalle/41032-73-d5f5f6bfa609-e228-196b261-aeee-7af1"
"Casa en Venta en Las Palmas","$ 4,610,000","297 m²","Las Palmas, Medellín, Veracruz Llave","3","4","/detalle/41032-73-186baaee1842-c31c-b30ac784-a333-453a"
"Casa en Venta en Club de Golf Villa Rica","$ 8,500,000","378 m²","Club de Golf Villa Rica, Alvarado, Veracruz Llave","4","4","/detalle/41032-73-427e5e3529f-237e-3eb1f517-82b3-4702"
"Casa en Venta en Las Palmas","$ 5,800,000","No disponible","Las Palmas, Medellín, Veracruz Llave","3","3","/detalle/41032-73-c87906fa5d4f-a892-a36442d4-ac87-4805"
"Casa en Venta en Las Palmas","$ 7,000,000","370 m²","Las Palmas, Medellín, Veracruz Llave","4","4","/detalle/41032-73-21667bc317a3-8e36-7d26f9ce-8cc0-4057"
"Casa en Venta en Boca Del Rio Centro","$ 38,500,000","1,056 m²","Boca Del Rio Centro, Boca del Río, Veracruz Llave","5","4","/detalle/41032-73-818c613e440d-1ad3-35da58b7-95fa-4969"
"Casa en Venta en Playas de Conchal","$ 5,700,000","265 m²","Playas de Conchal, Alvarado, Veracruz Llave","3","3","/detalle/41032-73-68fe63b0a2bb-76b9-19724b8-936e-776d"
"Casa en Venta en Playas de Conchal","$ 17,500,000","547 m²","Playas de Conchal, Alvarado, Veracruz Llave","5","5","/detalle/41032-73-96ff1ed9b07f-cdf2-196fb8e-bd62-7474"
"Casa en Venta en Alvarado Centro","$ 4,540,000","222 m²","Alvarado Centro, Alvarado, Veracruz Llave","3","3","/detalle/41032-73-60e515797da4-f49a-1959318-9f75-759e"
"Casa en Venta en Playas de Conchal","$ 6,850,000","330 m²","Playas de Conchal, Alvarado, Veracruz Llave","3","3","/detalle/41032-73-28e6dd78ceec-50a8-194dd87-90a6-7e13"
"Casa en Venta en El Estero","$ 14,990,000","403 m²","El Estero, Boca del Río, Veracruz Llave","4","4","/detalle/41032-73-c00c5de01223-b0f1-1923a26-9775-7382"
"Casa en Venta en Camino Real","$ 3,975,000","211 m²","Camino Real, Boca del Río, Veracruz Llave","3","3","/detalle/41032-73-181d48dfc2ed-4cc9-194df7f-b6f8-70d3"
"Casa en Venta en Alvarado Centro","$ 3,800,000","195 m²","Alvarado Centro, Alvarado, Veracruz Llave","3","3","/detalle/41032-73-ea9cdd71a5fe-b09e-194df27-a2ea-7a68"
"Casa en Venta en Playas de Conchal","$ 26,000,000","730 m²","Playas de Conchal, Alvarado, Veracruz Llave","4","4","/detalle/41032-73-717dd1b088e7-fa74-19475f0-82b3-7c08"
"Casa en Venta en San Jose Novillero","$ 4,500,000","265 m²","San Jose Novillero, Boca del Río, Veracruz Llave","4","3","/detalle/41032-73-c37eca06beb6-df2d-1941888-a61d-78d6"
"Casa en Venta en Costa Verde","$ 2,400,000","No disponible","Costa Verde, Boca del Río, Veracruz Llave","1","3","/detalle/41032-73-be4dd6cf6ec6-c9d5-195eda4-bde9-78ce"
"Casa en Venta en Playas de Conchal","$ 13,150,000","494 m²","Playas de Conchal, Alvarado, Veracruz Llave","3","3","/detalle/41032-73-11f68e4eee74-dd5c-194df5e-9c23-73a4"
"Casa en Venta en Lomas Del Rosario","$ 3,675,000","205 m²","Lomas Del Rosario, Alvarado, Veracruz Llave","3","3","/detalle/41032-73-332ecacb9d1c-4707-194ded0-9309-706f"
"Casa en Venta en Costa de Oro 1a Secc","$ 9,000,000","420 m²","Costa de Oro 1a Secc, Boca del Río, Veracruz Llave","2","3","/detalle/41032-73-d790b5a2e624-e523-194dd9d-bd44-7680"
"Casa en Venta en Boca Del Rio","$ 5,470,000","230 m²","Boca Del Rio, Boca del Río, Veracruz Llave","4","4","/detalle/41032-73-59c29d9107b2-9a70-194dcce-aff9-7410"
"Casa en Venta en Las Palmas","$ 4,750,000","276 m²","Las Palmas, Medellín, Veracruz Llave","3","3","/detalle/41032-73-5f05c8185930-1f1f-194dc39-8700-7940"
"Casa en Venta en Club de Golf Villa Rica","$ 3,850,000","232 m²","Club de Golf Villa Rica, Alvarado, Veracruz Llave","3","3","/detalle/41032-73-9ec6eff4665e-fea1-cbd5f001-b5a2-4eef"
"Casa en Venta en Costa de Oro 1a Secc","$ 6,000,000","430 m²","Costa de Oro 1a Secc, Boca del Río, Veracruz Llave","3","3","/detalle/41032-73-c53de87cdebb-8a48-a3cadc52-b488-485b"
"Casa en Venta en San Jose Novillero","$ 5,600,000","250 m²","San Jose Novillero, Boca del Río, Veracruz Llave","4","4","/detalle/41032-73-dafd4a40db60-24a6-1959833-a197-7441"
"Casa en Venta en Costa de Oro 1a Secc","$ 9,000,000","684 m²","Costa de Oro 1a Secc, Boca del Río, Veracruz Llave","5","3","/detalle/41032-73-724d626a7740-94ab-4b642e6-a002-4218"
"Casa en Venta en Boca Del Rio","$ 7,200,000","345 m²","Boca Del Rio, Boca del Río, Veracruz Llave","3","3","/detalle/41032-73-d157c3cfab6e-1296-194df5b-b5cb-7753"
"Casa en Venta en Playas de Conchal","$ 16,980,000","574 m²","Playas de Conchal, Alvarado, Veracruz Llave","5","6","/detalle/41032-73-f64c9127f7fa-2ce7-194ddb3-9168-796a"
"Casa en Venta en Alvarado Centro","$ 11,000,000","447 m²","Alvarado Centro, Alvarado, Veracruz Llave","4","3","/detalle/41032-73-b14389464177-29c1-1942463-85a4-7daa"
"Casa en Venta en Costa de Oro 1a Secc","$ 13,125,000","400 m²","Costa de Oro 1a Secc, Boca del Río, Veracruz Llave","4","3","/detalle/41032-73-119ad12ccaef-f45-64459694-a9da-4341"
"Casa en Venta en Camino Real","$ 3,390,000","140 m²","Camino Real, Boca del Río, Veracruz Llave","2","3","/detalle/41032-73-856c91930f1-ca68-195297a-94c4-7b3b"
"Casa en Venta en Alvarado Centro","$ 4,500,000","281 m²","Alvarado Centro, Alvarado, Veracruz Llave","4","4","/detalle/41032-73-27f8bc5dbf18-cf0a-194df35-9b57-7d58"
"Casa en Venta en Vista Bella","$ 7,140,000","368 m²","Vista Bella, Alvarado, Veracruz Llave","4","3","/detalle/41032-73-dbc2a918a63e-5c66-19005ad-b444-764b"
"Casa en Venta en Revolucion","$ 3,600,000","300 m²","Revolucion, Boca del Río, Veracruz Llave","No disponible","3","/detalle/41032-73-d4af6717f9d5-869f-1948f81-b781-79dc"
"Casa en Venta en Ignacio Zaragoza","$ 7,300,000","330 m²","Ignacio Zaragoza, Veracruz, Veracruz Llave","3","3","/detalle/41032-73-e31d8c5c72bb-c8e0-193e1f9-bfea-7cc7"
"Casa en Venta en Alvarado Centro","$ 4,750,000","250 m²","Alvarado Centro, Alvarado, Veracruz Llave","3","3","/detalle/41032-73-d9ac5ceb47a6-f656-192e062-bc50-7c04"
"Casa en Venta en Casa Blanca","$ 2,250,000","117 m²","Casa Blanca, Xalapa, Veracruz Llave","1","2","/detalle/41032-73-a6adb70141ee-7751-196609a-859d-70e9"
"Casa en Venta en San Jose Novillero","$ 2,871,000","136 m²","San Jose Novillero, Boca del Río, Veracruz Llave","2","3","/detalle/41032-73-26e01109a4f6-c4c0-320bcedc-8d1c-3285"
"Casa en Venta en San Jose Novillero","$ 3,598,000","178 m²","San Jose Novillero, Boca del Río, Veracruz Llave","3","3","/detalle/41032-73-d6be4efc4c56-ef24-19682d4-a263-8041"
"Casa en Venta en Playas de Conchal","$ 11,500,000","492 m²","Playas de Conchal, Alvarado, Veracruz Llave","7","4","/detalle/41032-73-8f11f127cd89-2f1b-194439f-908e-7ccf"
"Casa en Venta en Alvarado Centro","$ 4,400,000","250 m²","Alvarado Centro, Alvarado, Veracruz Llave","3","3","/detalle/41032-73-60992a308c4b-d85d-193e1f9-95ac-72bc"
"Casa en Venta en San Jose Novillero","$ 3,450,000","140 m²","San Jose Novillero, Boca del Río, Veracruz Llave","3","3","/detalle/41032-73-e30b52b0c770-b7b3-1923197-a02d-78e4"
"Casa en Venta en Alvarado Centro","$ 4,400,000","290 m²","Alvarado Centro, Alvarado, Veracruz Llave","2","3","/detalle/41032-73-607384c66c95-d15d-193e1f9-b78d-773c"
"Casa en Venta en Las Palmas","$ 5,500,000","205 m²","Las Palmas, Medellín, Veracruz Llave","No disponible","2","/detalle/41032-73-b4af5bda1ed5-e1ed-193d4fe-a99e-7d77"
"Casa en Fraccionamiento en Venta en Playas de Conchal","$ 8,750,000","436 m²","Playas de Conchal, Alvarado, Veracruz Llave","3","3","/detalle/41032-73-f86ff4ac21a5-6d13-b90547be-afea-4147"
"Casa en Fraccionamiento en Venta en Boca Del Rio Centro","$ 14,900,000","586 m²","Boca Del Rio Centro, Boca del Río, Veracruz Llave","4","3","/detalle/41032-73-bd115a994d8f-5724-75913626-a57d-4aa0"
"Casa en Fraccionamiento en Venta en Alvarado Centro","$ 3,180,000","193 m²","Alvarado Centro, Alvarado, Veracruz Llave","4","4","/detalle/41032-73-d0e06dcc1b65-e02-1948fc0-8d1f-7162"
"Casa en Venta en Floresta","$ 1,200,000","90 m²","Floresta, Veracruz, Veracruz Llave","1","3","/detalle/41032-73-efbc3fde984-dd4d-195f9da-b192-7bd3"
"Casa en Venta en Costa de Oro 1a Secc","$ 6,300,000","No disponible","Costa de Oro 1a Secc, Boca del Río, Veracruz Llave","No disponible","3","/detalle/41032-73-756c727682ea-ffa6-19304a7-c00f-7354"
"Casa en Venta en Boca Del Rio Centro","$ 3,980,000","200 m²","Boca Del Rio Centro, Boca del Río, Veracruz Llave","No disponible","3","/detalle/41032-73-c94720740f81-f237-19304a7-a1cd-7c17"
"Casa en Venta en San Jose Novillero","$ 3,950,000","160.00 m²","San Jose Novillero, Boca del Río, Veracruz Llave","2","2","/detalle/41032-73-f98e0eae0b32-fbab-193d4fe-9461-70ba"
"Casa en Venta en Reforma","$ 4,300,000","300 m²","Reforma, Veracruz, Veracruz Llave","No disponible","1","/detalle/41032-73-d73aec510673-be16-18fc23f-89ae-76db"
"Casa en Venta en San Jose Novillero","$ 4,540,000","171.57 m²","San Jose Novillero, Boca del Río, Veracruz Llave","No disponible","2","/detalle/41032-73-3b83391cbdc0-f3d2-193d4fe-912d-7d6c"
"Casa en Venta en Lomas Del Mar","$ 2,900,000","145 m²","Lomas Del Mar, Boca del Río, Veracruz Llave","2","3","/detalle/41032-73-8a850e6ce22a-ca94-6d0bc719-bd5c-4e0e"
"Casa en Venta en La Cuchilla","$ 2,940,000","147 m²","La Cuchilla, Boca del Río, Veracruz Llave","3","3","/detalle/41032-73-9b165d0e5fd-c97b-d842462-ada9-4ee1"
"Casa en Venta en Lomas Del Mar","$ 3,350,000","145 m²","Lomas Del Mar, Boca del Río, Veracruz Llave","2","3","/detalle/41032-73-c5a17c31201d-45a8-808bcfc9-b415-1237"
"Casa en Venta en Estatuto Juridico","$ 2,790,000","186 m²","Estatuto Juridico, Boca del Río, Veracruz Llave","2","2","/detalle/41032-73-265f0005a1ef-fea2-1966bbc-b09d-759f"
"Casa en Venta en Costa de Oro 1a Secc","$ 20,000,000","932 m²","Costa de Oro 1a Secc, Boca del Río, Veracruz Llave","6","5","/detalle/41032-73-865acee44edd-5646-197bd55-b66e-7573"
"Casa en Venta en Miguel Alemán Valdes","$ 1,950,000","114 m²","Miguel Alemán Valdes, Boca del Río, Veracruz Llave","2","3","/detalle/41032-73-6e4bf19dd299-86dc-197429c-b724-7599"
"Casa en Venta en Alvarado Centro","$ 2,700,000","123.75 m²","Alvarado Centro, Alvarado, Veracruz Llave","2","3","/detalle/41032-73-1df893a228a4-5a4d-1975bd0-bb3f-752a"
"Casa en Venta en Costa de Oro 1a Secc","$ 17,000,000","776 m²","Costa de Oro 1a Secc, Boca del Río, Veracruz Llave","7","5","/detalle/41032-73-b6fccb2357d4-84e-194b06b-8b7e-7151"
"Casa en Venta en Costa de Oro 1a Secc","$ 11,500,000","332 m²","Costa de Oro 1a Secc, Boca del Río, Veracruz Llave","4","3","/detalle/41032-73-3ac78aeb511-ff6d-194b079-ab6c-7d66"
"Casa en Venta en Club de Golf Villa Rica","$ 14,000,000","634.30 m²","Club de Golf Villa Rica, Alvarado, Veracruz Llave","5","4","/detalle/41032-73-4f3da325d069-2341-19544fa-be92-7cde"
"Casa en Venta en Anton Lizardo","$ 2,260,000","160 m²","Anton Lizardo, Alvarado, Veracruz Llave","2","2","/detalle/41032-73-34b700731b09-751a-1950206-a85d-7416"
"Casa en Venta en San Jose Novillero","$ 4,790,000","175 m²","San Jose Novillero, Boca del Río, Veracruz Llave","3","3","/detalle/41032-73-fb187104ac80-d2f2-193d6dc-93b5-7c5f"
"Casa en Fraccionamiento en Venta en San Jose Novillero","$ 2,400,000","113 m²","San Jose Novillero, Boca del Río, Veracruz Llave","3","3","/detalle/41032-73-640903bb9491-63a3-15a19417-8790-3a24"
"Casa en Venta en Anton Lizardo","$ 2,610,000","160 m²","Anton Lizardo, Alvarado, Veracruz Llave","2","3","/detalle/41032-73-e997d63491e9-c752-19501f7-be7e-8041"
"Casa en Venta en Anton Lizardo","$ 3,180,000","160 m²","Anton Lizardo, Alvarado, Veracruz Llave","3","3","/detalle/41032-73-fef81875ba0b-2fc1-19501e0-be39-733d"
"Casa en Venta en Costa de Oro 1a Secc","$ 21,000,000","635 m²","Costa de Oro 1a Secc, Boca del Río, Veracruz Llave","4","3","/detalle/41032-73-861745c92553-cb80-1951773-97ca-7d9b"
"Casa en Venta en San Jose Novillero","$ 4,540,000","227 m²","San Jose Novillero, Boca del Río, Veracruz Llave","3","3","/detalle/41032-73-496b103ea82b-d693-19472b2-b264-7328"
"Casa en Venta en Anton Lizardo","$ 2,750,000","No disponible","Anton Lizardo, Alvarado, Veracruz Llave","2","3","/detalle/41032-73-23f88917d3fd-a21d-1976bbf-93d5-76ba"
"Casa en Venta en Alvarado Centro","$ 4,465,000","160 m²","Alvarado Centro, Alvarado, Veracruz Llave","3","3","/detalle/41032-73-e5ec4efa07c8-c0d4-1927e1a-9b95-8034"
"Casa en Venta en Geovillas los Pinos","$ 950,000","No disponible","Geovillas los Pinos, Veracruz, Veracruz Llave","3","3","/detalle/41032-73-ff854b8e6525-4c0a-191ecf2-a934-775c"
"Casa en Venta en La Tampiquera","$ 2,990,000","170 m²","La Tampiquera, Boca del Río, Veracruz Llave","2","3","/detalle/41032-73-1dbeca7aff28-cc7c-18f5e3c-a2c2-720c"
"Casa en Venta en Alvarado Centro","$ 4,250,000","245 m²","Alvarado Centro, Alvarado, Veracruz Llave","3","3","/detalle/41032-73-eeb4043d7106-ace1-1946d7a-b626-7691"
"Casa en Venta en Alvarado Centro","$ 7,870,000","478 m²","Alvarado Centro, Alvarado, Veracruz Llave","No disponible","2","/detalle/41032-73-c1cc0f14dce8-83d8-18f5dfb-b224-7148"
"Casa en Venta en El Morro las Colonias","$ 2,650,000","155 m²","El Morro las Colonias, Boca del Río, Veracruz Llave","3","3","/detalle/41032-73-fe67e0ee94b8-9f8f-197dada-ba0b-70c3"
"Casa en Venta en Costa de Oro 1a Secc","$ 6,500,000","300 m²","Costa de Oro 1a Secc, Boca del Río, Veracruz Llave","4","4","/detalle/41032-73-31409df69c68-92a3-195ee64-b30f-7056"
"Casa en Venta en Tres Pasos","$ 2,990,000","123 m²","Tres Pasos, Emiliano Zapata, Veracruz Llave","2","3","/detalle/41032-73-d9ac8a8a2b6c-5417-197558a-8100-7380"
"Casa en Venta en Ricardo Flores Magon","$ 9,400,000","717 m²","Ricardo Flores Magon, Veracruz, Veracruz Llave","6","5","/detalle/41032-73-3dcf0c7d30e-c8e0-28d12959-814f-202e"
"Casa en Venta en Moderno","$ 5,950,000","405 m²","Moderno, Veracruz, Veracruz Llave","2","3","/detalle/41032-73-e9d4f915a8db-6092-19196cb-99e6-7edc"
"Casa en Fraccionamiento en Venta en Costa de Oro 1a Secc","$ 18,000,000","750 m²","Costa de Oro 1a Secc, Boca del Río, Veracruz Llave","2","3","/detalle/41032-73-2a620acb3c3b-a755-eabf5747-bc39-3c30"
"Casa en Venta en Residencial Monte Magno","$ 3,800,000","260 m²","Residencial Monte Magno, Xalapa, Veracruz Llave","4","3","/detalle/41032-73-ca1adb9bff07-b24d-59272ac9-ab98-3fc1"
"Casa en Venta en Tres Pasos","$ 4,400,000","275 m²","Tres Pasos, Emiliano Zapata, Veracruz Llave","3","4","/detalle/41032-73-7d8f23ebdde6-2b29-2e44b0c1-a68c-47c3"
"Casa en Fraccionamiento en Venta en San Jose Novillero","$ 4,950,000","233 m²","San Jose Novillero, Boca del Río, Veracruz Llave","3","3","/detalle/41032-73-b12a8b039a52-7b15-1914d21-b3f9-7d10"
"Casa en Fraccionamiento en Venta en Alvarado Centro","$ 7,900,000","406 m²","Alvarado Centro, Alvarado, Veracruz Llave","3","4","/detalle/41032-73-cbb286b9c2d2-bf35-140f0267-8774-4bb1"
"Casa en Fraccionamiento en Venta en San Jose Novillero","$ 3,950,000","200 m²","San Jose Novillero, Boca del Río, Veracruz Llave","3","3","/detalle/41032-73-be7606d9a3ae-2166-1914d3a-b3f9-7d10"
"Casa en Fraccionamiento en Venta en Club de Golf Villa Rica","$ 4,850,000","225 m²","Club de Golf Villa Rica, Alvarado, Veracruz Llave","3","3","/detalle/41032-73-e8953272e3c9-f4a9-990d6185-b019-48cb"
"Casa en Venta en Alvarado Centro","$ 2,950,000","150 m²","Alvarado Centro, Alvarado, Veracruz Llave","2","3","/detalle/41032-73-64e4908636d0-3dbc-1d3c36d5-8e90-4e3e"
"Casa en Fraccionamiento en Venta en Alvarado Centro","$ 4,000,000","290 m²","Alvarado Centro, Alvarado, Veracruz Llave","3","3","/detalle/41032-73-9ede446dfb6-79b7-1959772-a774-75a5"
"Casa en Fraccionamiento en Venta en San Jose Novillero","$ 3,940,000","213 m²","San Jose Novillero, Boca del Río, Veracruz Llave","3","3","/detalle/41032-73-8cffe724d7d4-41f4-1916dd6-bcd4-715d"
"Casa en Fraccionamiento en Venta en Boca Del Rio","$ 3,950,000","206 m²","Boca Del Rio, Boca del Río, Veracruz Llave","3","3","/detalle/41032-73-2b94d1d019dc-2ffa-1915396-bcd4-715d"
"Casa en Venta en Villa Rica","$ 2,550,000","146 m²","Villa Rica, Boca del Río, Veracruz Llave","2","3","/detalle/41032-73-deb2de094336-e5b0-f1efd92e-9394-4165"
"Casa en Venta en Alvarado Centro","$ 3,700,000","212 m²","Alvarado Centro, Alvarado, Veracruz Llave","3","3","/detalle/41032-73-c373228b0232-36bd-cdfa2ad-b775-4430"
"Casa en Fraccionamiento en Venta en San Jose Novillero","$ 4,125,000","188 m²","San Jose Novillero, Boca del Río, Veracruz Llave","3","3","/detalle/41032-73-869ff79ea8d6-1965-1918054-9785-7d11"
"Casa en Fraccionamiento en Venta en Las Palmas","$ 15,500,000","580 m²","Las Palmas, Medellín, Veracruz Llave","5","4","/detalle/41032-73-e903e29e3b38-91c5-4912ca4e-a26e-339b"
"Casa en Fraccionamiento en Venta en Ejido Primero de Mayo Norte","$ 2,975,000","170 m²","Ejido Primero de Mayo Norte, Boca del Río, Veracruz Llave","3","3","/detalle/41032-73-af7763a300c4-9572-196737d-90cf-726e"
"Casa en Venta en El Morro las Colonias","$ 3,100,000","172 m²","El Morro las Colonias, Boca del Río, Veracruz Llave","3","3","/detalle/41032-73-11e8ff73e6e7-dfa9-192b559-bc17-75a8"
"Casa en Fraccionamiento en Venta en Las Palmas","$ 7,900,000","433 m²","Las Palmas, Medellín, Veracruz Llave","4","3","/detalle/41032-73-acfcb2dac05b-c568-49f998c5-a696-47e8"
"Casa en Venta en Manlio Fabio Altamirano","$ 1,400,000","120 m²","Manlio Fabio Altamirano, Manlio Fabio Altamirano, Veracruz Llave","2","2","/detalle/41032-73-f0de3ca3b13b-2b9c-e6ca9eed-811a-369a"
"Casa en Fraccionamiento en Venta en Paso Del Toro","$ 1,750,000","91 m²","Paso Del Toro, Medellín, Veracruz Llave","2","2","/detalle/41032-73-d564f5015e4-ac7e-8a6a3106-9b7b-4c81"
"Casa en Fraccionamiento en Venta en Boca Del Rio","$ 4,300,000","160 m²","Boca Del Rio, Boca del Río, Veracruz Llave","3","3","/detalle/41032-73-895c5099f953-446d-7d6be43a-8b34-477c"
"Casa en Fraccionamiento en Venta en Las Palmas","$ 3,200,000","147 m²","Las Palmas, Medellín, Veracruz Llave","2","3","/detalle/41032-73-1f388cf644d8-7839-1974688-a204-7494"
"Casa en Fraccionamiento en Venta en Costa de Oro 1a Secc","$ 6,995,000","370 m²","Costa de Oro 1a Secc, Boca del Río, Veracruz Llave","4","3","/detalle/41032-73-88a1b076842b-4262-194e6ad-b4a2-7e20"
"Casa en Venta en Alvarado Centro","$ 3,250,000","148 m²","Alvarado Centro, Alvarado, Veracruz Llave","3","3","/detalle/41032-73-dac824324931-ed8a-197e83c-8d2b-7122"
"Casa en Venta en Villa Rica","$ 1,891,000","95 m²","Villa Rica, Boca del Río, Veracruz Llave","2","3","/detalle/41032-73-8c9d7bd87ae9-597a-197d344-b7fe-7724"
"Casa en Venta en El Morro las Colonias","$ 3,150,000","183 m²","El Morro las Colonias, Boca del Río, Veracruz Llave","3","3","/detalle/41032-73-903d2c05ac44-2a24-197c8f1-8777-7e8a"
"Casa en Fraccionamiento en Venta en San Jose Novillero","$ 3,390,000","140 m²","San Jose Novillero, Boca del Río, Veracruz Llave","3","3","/detalle/41032-73-2c8367f2ec60-53a8-1945731-bd20-737c"
"Casa en Venta en Villa Rica","$ 2,590,000","150 m²","Villa Rica, Boca del Río, Veracruz Llave","2","3","/detalle/41032-73-d9c81567b143-3d98-19190c4-b1c0-7052"
"Casa en Fraccionamiento en Venta en Ejido Primero de Mayo Norte","$ 3,200,000","247 m²","Ejido Primero de Mayo Norte, Boca del Río, Veracruz Llave","2","3","/detalle/41032-73-df0173c3499d-9bca-c2cff8a7-974e-442c"
"Casa en Venta en El Chico","$ 2,650,000","190 m²","El Chico, Emiliano Zapata, Veracruz Llave","2","3","/detalle/41032-73-58e9afc61e45-1466-196a8b3-c004-713f"
"Casa en Venta en Campestre el Porvenir","$ 1,800,000","95 m²","Campestre el Porvenir, Emiliano Zapata, Veracruz Llave","2","3","/detalle/41032-73-416022e4b911-da2-196a8b3-9fe3-70d6"
"Casa en Venta en Emiliano Zapata","$ 2,790,000","123 m²","Emiliano Zapata, Emiliano Zapata, Veracruz Llave","2","3","/detalle/41032-73-7bbc774c5394-dd2e-196b303-be5d-7477"
"Casa en Venta en Bugambilias de Xalapa","$ 2,090,000","125 m²","Bugambilias de Xalapa, Xalapa, Veracruz Llave","2","3","/detalle/41032-73-dbed5565422a-6f47-1977bc6-aa48-7347"
"Casa en Venta en Las Trancas","$ 2,500,000","200 m²","Las Trancas, Emiliano Zapata, Veracruz Llave","2","3","/detalle/41032-73-9baee5abdb5e-442d-196a8b2-9f6c-7cbc"
"Casa en Fraccionamiento en Venta en Isla Del Amor","$ 6,500,000","220 m²","Isla Del Amor, Alvarado, Veracruz Llave","3","3","/detalle/41032-73-8bdc60b42a40-7909-19239bc-8df3-7f35"
"Casa en Venta en Alvarado Centro","$ 3,200,000","160 m²","Alvarado Centro, Alvarado, Veracruz Llave","3","3","/detalle/41032-73-17079e0298bb-e4b2-5d8bd5b9-ba1a-1fe0"
"Casa en Venta en Playas de Conchal","$ 10,500,000","No disponible","Playas de Conchal, Alvarado, Veracruz Llave","5","4","/detalle/41032-73-7fe9230271b9-336f-90722ec9-aeb4-1237"
"Casa en Venta en Centro Sct Veracruz","$ 4,250,000","215 m²","Centro Sct Veracruz, Xalapa, Veracruz Llave","3","4","/detalle/41032-73-49d2382ccf91-4478-19733aa-a789-7b63"
"Casa en Fraccionamiento en Venta en Las Palmas","$ 5,500,000","289 m²","Las Palmas, Medellín, Veracruz Llave","3","3","/detalle/41032-73-fbae6615ea2e-1268-191e7ef-9125-7f32"
"Casa en Venta en Lomas del Sol","$ 3,000,000","162 m²","Lomas del Sol, Alvarado, Veracruz Llave","2","2","/detalle/41032-73-984b1a8d51d-6276-1937611-9390-7dea"
"Casa en Venta en Quintas Al Andalus","$ 3,300,000","162 m²","Quintas Al Andalus, Boca del Río, Veracruz Llave","No disponible","2","/detalle/41032-73-9c574a2f3ff7-452b-195d34a-b562-76b1"
"Casa en Venta en Mecatlán","$ 7,750,000","625 m²","Mecatlán, Veracruz Llave","3","5","/detalle/41032-73-8a26e21babf0-a14f-19092ac-af15-75f0"
"Casa en Venta en Centro Sct Veracruz","$ 3,980,000","248 m²","Centro Sct Veracruz, Xalapa, Veracruz Llave","3","3","/detalle/41032-73-763dee787cfd-537d-19733aa-a1a9-7990"
"Casa en Fraccionamiento en Venta en Medellin de Bravo","$ 4,100,000","230 m²","Medellin de Bravo, Medellín, Veracruz Llave","4","3","/detalle/41032-73-3e7fd49da19f-503b-78136df6-ba07-3c07"
"Casa en Venta en Playas de Conchal","$ 15,250,000","900 m²","Playas de Conchal, Alvarado, Veracruz Llave","4","3","/detalle/41032-73-22921024fd9b-bd19-1945c06-8078-7adc"
"Casa en Venta en La Nueva Victoria","$ 7,000,000","300 m²","La Nueva Victoria, San Andrés Tuxtla, Veracruz Llave","3","4","/detalle/41032-73-b42712904089-f86d-1953397-ab72-7e31"
"Casa en Venta en Coahuitlán","USD 379,000","165 m²","Coahuitlán, Veracruz Llave","2","3","/detalle/41032-73-d574f75908bf-dbd9-1956de8-9d50-7418"
"Casa en Venta en Mata de Pita","$ 1,578,012","102 m²","Mata de Pita, Veracruz, Veracruz Llave","1","3","/detalle/41032-73-5c2dfe4ac837-2d78-196c2c7-95b8-73e3"
"Casa en Venta en Loma Alta Infonavit","$ 2,800,000","100 m²","Loma Alta Infonavit, Xalapa, Veracruz Llave","3","5","/detalle/41032-73-3a74fe9a7d6b-7bc4-196c146-8d1d-7c81"
"Casa en Venta en Boca Del Rio","$ 5,650,000","230 m²","Boca Del Rio, Boca del Río, Veracruz Llave","5","4","/detalle/41032-73-7e9c133d154-566c-1962870-8a6d-7dfb"
"Casa en Venta en Paso Del Toro","$ 1,650,000","78 m²","Paso Del Toro, Medellín, Veracruz Llave","2","2","/detalle/41032-73-529b16328bef-8e4c-1961e24-8929-70b4"
"Casa en Venta en Playa de Vacas","$ 6,500,000","242 m²","Playa de Vacas, Medellín, Veracruz Llave","5","4","/detalle/41032-73-fe76504930f5-677-191df63-8d0d-70ff"
"Casa en Venta en Real del Bosque","$ 3,600,000","200 m²","Real del Bosque, Xalapa, Veracruz Llave","3","3","/detalle/41032-73-1c63c4b15d86-7687-196c146-b3e5-7764"
"Casa en Venta en Mata de Pita","$ 2,640,000","111.7 m²","Mata de Pita, Veracruz, Veracruz Llave","2","3","/detalle/41032-73-18e9ea752395-72f6-1967fd4-9f13-7b2b"
"Casa en Venta en Costa de Oro 1a Secc","$ 5,990,000","240 m²","Costa de Oro 1a Secc, Boca del Río, Veracruz Llave","3","3","/detalle/41032-73-18d4e98762ad-b3a3-19675aa-8403-7354"
"Casa en Venta en San Jose Novillero","$ 4,500,000","215 m²","San Jose Novillero, Boca del Río, Veracruz Llave","3","3","/detalle/41032-73-f0ae6cc3d41b-d5f0-194f88a-8d70-7487"
"Casa en Venta en El Manantial","$ 1,850,000","80 m²","El Manantial, Boca del Río, Veracruz Llave","No disponible","2","/detalle/41032-73-7e0e3d7214c0-4c77-196cd14-b46f-741a"
"Casa en Fraccionamiento en Venta en Peñascal","$ 3,360,000","215 m²","Peñascal, Xalapa, Veracruz Llave","3","3","/detalle/41032-73-2eeeb9cd51f2-ff9f-cc946034-a2bc-454e"
"Casa en Venta en Fuentes de Las Ánimas","$ 3,150,000","105 m²","Fuentes de Las Ánimas, Xalapa, Veracruz Llave","3","4","/detalle/41032-73-69f1fd9aaff2-e413-197d2ba-ac00-7179"
"Casa en Venta en Campestre el Porvenir","$ 4,980,000","189 m²","Campestre el Porvenir, Emiliano Zapata, Veracruz Llave","3","3","/detalle/41032-73-f2ae7776b18-8661-d13c8059-a1ef-1f5d"
"Casa en Fraccionamiento en Venta en Residencial Monte Magno","$ 6,950,000","206 m²","Residencial Monte Magno, Xalapa, Veracruz Llave","5","4","/detalle/41032-73-3a6e101b8f2e-6074-70373bfc-bc41-30d2"
"Casa en Venta en Alvarado Centro","$ 4,800,000","250 m²","Alvarado Centro, Alvarado, Veracruz Llave","4","4","/detalle/41032-73-8c54c4e0c77e-47cd-19279de-b448-7e56"
"Casa en Venta en Maria Enriqueta","$ 1,980,000","215 m²","Maria Enriqueta, Coatepec, Veracruz Llave","2","3","/detalle/41032-73-6253275728f6-8fee-1905b23-b94c-7fea"
"Casa en Venta en La Orduña","$ 2,250,000","10 m²","La Orduña, Coatepec, Veracruz Llave","2","3","/detalle/41032-73-f348430aaac0-c278-c160c4e9-acf8-1237"
"Casa en Venta en Morada del Quetzal","$ 2,500,000","106.00 m²","Morada del Quetzal, Emiliano Zapata, Veracruz Llave","3","4","/detalle/41032-73-c7f34ed84352-67d2-1923952-ae35-784f"
"Casa en Fraccionamiento en Venta en Indeco Animas","$ 3,370,000","No disponible","Indeco Animas, Xalapa, Veracruz Llave","2","3","/detalle/41032-73-81798d7dbece-9afe-5f69c39-a7d3-1237"
"Casa en Venta en Club de Golf Villa Rica","$ 6,100,000","No disponible","Club de Golf Villa Rica, Alvarado, Veracruz Llave","3","3","/detalle/41032-73-c316b8d3be9c-d2ca-192a3ff-8a9a-70fd"
"Casa en Venta en Ixhuacán de los Reyes","$ 5,500,000","2,600 m²","Ixhuacán de los Reyes, Veracruz Llave","2","3","/detalle/41032-73-694609e2aa77-319f-fc981899-bde0-1f47"
"Casa en Venta en Pedregal de las Animas","$ 3,985,000","160 m²","Pedregal de las Animas, Xalapa, Veracruz Llave","3","3","/detalle/41032-73-19f7160b1675-5d79-19453e9-a645-71f8"
"Casa en Venta en Alvarado Centro","$ 4,940,000","236 m²","Alvarado Centro, Alvarado, Veracruz Llave","3","3","/detalle/41032-73-653794da89ca-8697-1976ab0-8749-7d0a"
"Casa en Venta en Tlalnelhuayocan","$ 3,950,000","No disponible","Tlalnelhuayocan, Tlalnelhuayocan, Veracruz Llave","3","4","/detalle/41032-73-49655af29077-966f-19752bb-8429-7139"
"Casa en Venta en Campestre el Porvenir","$ 4,300,000","155 m²","Campestre el Porvenir, Emiliano Zapata, Veracruz Llave","3","3","/detalle/41032-73-fb408ff85319-a7f9-f9b6cdc9-987b-2024"
"Casa en Venta en Jardines de Las Ánimas","$ 3,700,000","200 m²","Jardines de Las Ánimas, Xalapa, Veracruz Llave","3","4","/detalle/41032-73-66f99136cd94-871-90d0d68c-9289-4a58"
"Casa en Venta en Las Palmas","$ 4,500,000","200 m²","Las Palmas, Medellín, Veracruz Llave","3","3","/detalle/41032-73-388703a148c6-3b30-196a1c8-991a-70ef"
"Casa en Venta en El Morro las Colonias","$ 2,670,000","155 m²","El Morro las Colonias, Boca del Río, Veracruz Llave","2","3","/detalle/41032-73-23d6f82ba84f-ead4-1965ee5-bca8-77b9"
"Casa en Venta en Emiliano Zapata","$ 3,950,000","No disponible","Emiliano Zapata, Emiliano Zapata, Veracruz Llave","4","4","/detalle/41032-73-d04bf33bb200-6263-1939e93-bfab-74b8"
"Casa en Venta en Ejido Primero de Mayo Sur","$ 1,750,000","160 m²","Ejido Primero de Mayo Sur, Boca del Río, Veracruz Llave","2","3","/detalle/41032-73-5e9760cf6900-aff6-194b820-bc09-7d0b"
"Casa en Venta en Unidad Jardín","$ 1,500,000","No disponible","Unidad Jardín, Xalapa, Veracruz Llave","2","3","/detalle/41032-73-be9bc33730dd-8c3d-192931f-b7cb-7c69"
"Casa en Venta en Estatuto Juridico","$ 2,790,000","75 m²","Estatuto Juridico, Boca del Río, Veracruz Llave","2","2","/detalle/41032-73-f1aa347b1c4c-f439-197a36a-a274-7196"
"Casa en Venta en Playas de Conchal","$ 6,500,000","280 m²","Playas de Conchal, Alvarado, Veracruz Llave","3","3","/detalle/41032-73-4ff1d533e213-e054-196d00d-8e8d-7188"
"Casa en Venta en Alvarado Centro","$ 2,975,000","161 m²","Alvarado Centro, Alvarado, Veracruz Llave","3","3","/detalle/41032-73-6cc616761a40-4aa9-196acb4-82c1-7383"
"Casa en Venta en Alvarado Centro","$ 5,150,000","236 m²","Alvarado Centro, Alvarado, Veracruz Llave","3","3","/detalle/41032-73-58b79d35c81b-ed18-1976aa9-8749-7d0a"
"Casa en Venta en Alvarado Centro","$ 3,749,000","153 m²","Alvarado Centro, Alvarado, Veracruz Llave","3","3","/detalle/41032-73-3e55c8184cac-390b-19682e7-8c5b-7d12"
"Casa en Venta en Medellin de Bravo","$ 17,000,000","2,770 m²","Medellin de Bravo, Medellín, Veracruz Llave","4","4","/detalle/41032-73-bf1ed448f25d-aca1-b4605b88-b43c-32e7"
"Casa en Venta en Alvarado Centro","$ 2,450,000","105 m²","Alvarado Centro, Alvarado, Veracruz Llave","2","2","/detalle/41032-73-125910b5c029-38f5-1971207-bc10-7327"
"Casa en Venta en Costa de Oro 1a Secc","$ 19,000,000","760 m²","Costa de Oro 1a Secc, Boca del Río, Veracruz Llave","5","4","/detalle/41032-73-753176abceb5-3d18-d24596a0-a498-3f38"
"Casa en Venta en Jamapa","$ 600,000","150 m²","Jamapa, Jamapa, Veracruz Llave","1","2","/detalle/41032-73-21afce432b97-c6eb-37eb8ac8-bf9d-3e56"
"Casa en Venta en Costa Verde","$ 2,980,000","230 m²","Costa Verde, Boca del Río, Veracruz Llave","2","3","/detalle/41032-73-18a0a8882d56-19c7-18fc249-b812-7175"
"Casa en Venta en Anton Lizardo","$ 2,550,000","324.52 m²","Anton Lizardo, Alvarado, Veracruz Llave","2","2","/detalle/41032-73-4f4fe986a36b-3a2f-1927e80-9f55-707c"
"Casa en Venta en Alvarado Centro","$ 5,950,000","634 m²","Alvarado Centro, Alvarado, Veracruz Llave","5","4","/detalle/41032-73-4b44c15cea31-786c-579ee558-9583-3fac"
"Casa en Venta en Medellin de Bravo","$ 8,500,000","450 m²","Medellin de Bravo, Medellín, Veracruz Llave","4","4","/detalle/41032-73-c7e7facdea81-c19-acb5eaa-a5e1-3a27"
"Casa en Venta en Costa Verde","$ 10,700,000","No disponible","Costa Verde, Boca del Río, Veracruz Llave","4","5","/detalle/41032-73-83cc1035a195-33b3-f622c147-a196-3730"
"Casa en Venta en Alvarado Centro","$ 4,500,000","250 m²","Alvarado Centro, Alvarado, Veracruz Llave","3","3","/detalle/41032-73-f76878e17389-3426-195f8fa-9955-7770"
"Casa en Venta en Lomas de la Rioja","$ 3,200,000","204 m²","Lomas de la Rioja, Alvarado, Veracruz Llave","3","3","/detalle/41032-73-ac8ff89f696e-dabc-197f2cc-80aa-7c0a"
"Casa en Venta en El Zapote","$ 10,900,000","246 m²","El Zapote, Alvarado, Veracruz Llave","3","3","/detalle/41032-73-a8cc3f4a1c1a-14df-196bbca-9004-798c"
"Casa en Venta en Boca Del Rio Centro","$ 4,750,000","309 m²","Boca Del Rio Centro, Boca del Río, Veracruz Llave","3","4","/detalle/41032-73-7766b8480b42-7d6f-18f13db-9140-7235"
"Casa en Venta en Costa de Oro 1a Secc","$ 6,000,000","240 m²","Costa de Oro 1a Secc, Boca del Río, Veracruz Llave","2","3","/detalle/41032-73-3fd3f0177a3a-f675-5d3b392c-b1e7-446d"
"Casa en Venta en Coatepec Centro","$ 3,200,000","200 m²","Coatepec Centro, Coatepec, Veracruz Llave","2","3","/detalle/41032-73-2b3a40e57138-beb6-10f3a669-a193-1237"
"Casa en Venta en Boca Del Rio","$ 4,490,000","225 m²","Boca Del Rio, Boca del Río, Veracruz Llave","3","3","/detalle/41032-73-47a2e4bc4db1-a465-1902cf3-b0c0-75bf"
"Casa en Venta en Lomas del Sol","$ 5,200,000","296 m²","Lomas del Sol, Alvarado, Veracruz Llave","6","6","/detalle/41032-73-c80c048a71d3-3b42-197f0ca-94cf-73ca"
"Casa en Venta en Anton Lizardo","$ 9,500,000","416 m²","Anton Lizardo, Alvarado, Veracruz Llave","5","4","/detalle/41032-73-7ac86f2c6068-8389-196ef53-ab56-717c"
"Casa en Venta en Costa de Oro 1a Secc","$ 11,000,000","332 m²","Costa de Oro 1a Secc, Boca del Río, Veracruz Llave","6","4","/detalle/41032-73-fa961f6a9a92-2c63-19767c4-9e3e-78a4"
"Casa en Venta en Nuevo Coapexpan","$ 2,820,000","541 m²","Nuevo Coapexpan, Xalapa, Veracruz Llave","3","4","/detalle/41032-73-9a4f435d909b-eed3-19052f1-ae92-70aa"
"Casa en Venta en Coatepec Centro","$ 4,000,000","350 m²","Coatepec Centro, Coatepec, Veracruz Llave","2","3","/detalle/41032-73-1f08d3d7e0ca-7107-194df57-809a-7914"
"Casa en Venta en Los Ángeles","$ 2,480,000","230 m²","Los Ángeles, Xalapa, Veracruz Llave","3","5","/detalle/41032-73-2de15f2746cb-e08a-194dd2e-9f13-76b7"
"Casa en Venta en Nueva Xalapa","$ 1,800,000","133 m²","Nueva Xalapa, Xalapa, Veracruz Llave","1","2","/detalle/41032-73-a7014af13bc1-2f85-1927f19-aadd-791e"
"Casa en Venta en Los Ángeles","$ 19,000,000","514 m²","Los Ángeles, Xalapa, Veracruz Llave","4","3","/detalle/41032-73-4e36b246dc83-230d-8151b354-9c99-304b"
"Casa en Venta en Los Prados","$ 7,200,000","1,140 m²","Los Prados, Xalapa, Veracruz Llave","14","20","/detalle/41032-73-792cb51c3495-707a-194db9f-9953-781d"
"Casa en Venta en Los Ángeles","$ 1,800,000","131 m²","Los Ángeles, Xalapa, Veracruz Llave","2","3","/detalle/41032-73-8eea7b0f6f5c-1fce-1942652-8f38-79cc"
"Casa en Venta en Sebastián Lerdo de Tejada Indeco","$ 2,900,000","105 m²","Sebastián Lerdo de Tejada Indeco, Xalapa, Veracruz Llave","2","4","/detalle/41032-73-2d180ca1f5dc-509c-194dbf6-830a-7d90"
"Casa en Venta en San Jose Novillero","$ 3,390,000","140 m²","San Jose Novillero, Boca del Río, Veracruz Llave","2","3","/detalle/41032-73-fb8449d2bfd9-83d1-196c80e-a3bb-7ab9"
"Casa en Venta en El Morro las Colonias","$ 2,150,000","140 m²","El Morro las Colonias, Boca del Río, Veracruz Llave","3","3","/detalle/41032-73-917ad632ce8f-9e4b-b7bebad0-871c-338d"
"Casa en Fraccionamiento en Venta en Costa de Oro 1a Secc","$ 7,000,000","278 m²","Costa de Oro 1a Secc, Boca del Río, Veracruz Llave","4","4","/detalle/41032-73-84726f3bcaac-962c-21f49986-b416-447f"
"Casa en Fraccionamiento en Venta en Lomas del Sol","$ 4,950,000","330 m²","Lomas del Sol, Alvarado, Veracruz Llave","4","3","/detalle/41032-73-77c7ecca30ef-d36a-a2d953e4-980c-33b1"
"Casa en Venta en El Morro las Colonias","$ 2,400,000","150 m²","El Morro las Colonias, Boca del Río, Veracruz Llave","2","3","/detalle/41032-73-7398d7b78962-9c8-1967d27-9ba2-7871"
"Casa en Venta en Veracruz Centro","$ 2,599,000","208 m²","Veracruz Centro, Veracruz, Veracruz Llave","2","3","/detalle/41032-73-48f37f9ff4ac-4309-6e3f6bac-9568-3a34"
"Casa en Venta en Villas Del Alvarado","$ 4,150,000","266 m²","Villas Del Alvarado, Alvarado, Veracruz Llave","5","3","/detalle/41032-73-b45439776aa0-3f44-2002137a-82d0-34ef"
"Casa en Venta en Galaxia","$ 3,000,000","155 m²","Galaxia, Boca del Río, Veracruz Llave","3","3","/detalle/41032-73-53bfb99f555d-d88d-196fec9-a082-7942"
"Casa en Fraccionamiento en Venta en Villas Del Alvarado","$ 6,450,000","417 m²","Villas Del Alvarado, Alvarado, Veracruz Llave","6","4","/detalle/41032-73-d9149b6a3f11-5f92-13266b4-818c-3a8e"
"Casa en Venta en Federico Garcia Blanco","$ 7,500,000","430 m²","Federico Garcia Blanco, Tuxpan, Veracruz Llave","5","5","/detalle/41032-73-4481aa7be361-841d-1968eb8-94a0-7b50"
"Casa en Fraccionamiento en Venta en Playa de Vacas","$ 3,690,000","225 m²","Playa de Vacas, Medellín, Veracruz Llave","3","3","/detalle/41032-73-8c9195ee3474-2ee9-103081d-c007-3b36"
"Casa en Venta en Fernando Gutierrez Barrios","$ 1,950,000","140 m²","Fernando Gutierrez Barrios, Boca del Río, Veracruz Llave","3","3","/detalle/41032-73-b575f1c49431-e741-aa2aae74-992f-36c9"
"Casa en Fraccionamiento en Venta en El Colorado","$ 5,650,000","352 m²","El Colorado, Coatzacoalcos, Veracruz Llave","6","4","/detalle/41032-73-75a94435072a-e216-21fdf661-a006-3bcb"
"Casa en Venta en El Morro las Colonias","$ 2,700,000","190 m²","El Morro las Colonias, Boca del Río, Veracruz Llave","3","4","/detalle/41032-73-21d6a8ff6c94-e80f-82f6ef81-9c66-3c66"
"Casa en Venta en Villas Del Alvarado","$ 4,500,000","266 m²","Villas Del Alvarado, Alvarado, Veracruz Llave","4","3","/detalle/41032-73-5b87beafd23e-c07e-a30e5ab3-b427-3bca"
"Casa en Venta en Lomas del Sol","$ 3,690,000","188 m²","Lomas del Sol, Alvarado, Veracruz Llave","4","3","/detalle/41032-73-3b3cb34441b6-73db-1b74571f-9b2d-3db9"
"Casa en Fraccionamiento en Venta en Lomas de la Rioja","$ 1,790,000","126 m²","Lomas de la Rioja, Alvarado, Veracruz Llave","2","3","/detalle/41032-73-2261a85cb415-7cfd-117b2190-9b99-3f2a"
"Casa en Venta en 17 de Octubre","$ 3,350,000","280 m²","17 de Octubre, Tuxpan, Veracruz Llave","2","5","/detalle/41032-73-7971b15d3853-2344-1968eb4-b9ec-7574"
"Casa en Venta en Lomas del Sol","$ 4,790,000","296 m²","Lomas del Sol, Alvarado, Veracruz Llave","3","3","/detalle/41032-73-16c3fd943425-bf0-e1ec250-b59d-3096"
"Casa en Venta en Las Lomas","$ 3,380,000","230 m²","Las Lomas, Alvarado, Veracruz Llave","4","3","/detalle/41032-73-21bff77a85c2-9bb1-48dff767-a574-3cfa"
"Casa en Venta en Tuxpan de Rodriguez Cano Centro","$ 6,850,000","450 m²","Tuxpan de Rodriguez Cano Centro, Tuxpan, Veracruz Llave","3","3","/detalle/41032-73-81e417f19033-820-1968eb6-b27e-7c42"
"Casa en Fraccionamiento en Venta en Real Mandinga","$ 1,780,000","124 m²","Real Mandinga, Alvarado, Veracruz Llave","3","3","/detalle/41032-73-d1ad2663c0ea-a019-e98c13ad-bf29-36fb"
"Casa en Fraccionamiento en Venta en El Colorado","$ 4,400,000","250 m²","El Colorado, Coatzacoalcos, Veracruz Llave","4","3","/detalle/41032-73-7d2d59db0b81-82ad-ef7b8a1-996a-3b6b"
"Casa en Fraccionamiento en Venta en Costa de Oro 1a Secc","$ 5,940,000","245 m²","Costa de Oro 1a Secc, Boca del Río, Veracruz Llave","4","3","/detalle/41032-73-b456125693de-f3cc-2cdc033f-81a8-378a"
"Casa en Venta en Costa de Oro 1a Secc","$ 5,740,000","285 m²","Costa de Oro 1a Secc, Boca del Río, Veracruz Llave","5","3","/detalle/41032-73-3fc3fef854f-af4a-a90314a-9186-374c"
"Casa en Venta en Costa de Oro 1a Secc","$ 5,850,000","320 m²","Costa de Oro 1a Secc, Boca del Río, Veracruz Llave","4","3","/detalle/41032-73-463698b263e9-893f-9b6c04f9-9ed8-39a0"
"Casa en Fraccionamiento en Venta en Mandinga y Cardon","$ 2,450,000","145 m²","Mandinga y Cardon, Alvarado, Veracruz Llave","4","3","/detalle/41032-73-dd231706f898-adc7-1ff24c7-a46c-37fe"
"Casa en Fraccionamiento en Venta en El Colorado","$ 4,250,000","270 m²","El Colorado, Coatzacoalcos, Veracruz Llave","5","3","/detalle/41032-73-fbb7a13aaa6-6ccb-1179563-a992-3449"
"Casa en Fraccionamiento en Venta en Playas de Conchal","$ 1,590,000","98 m²","Playas de Conchal, Alvarado, Veracruz Llave","3","2","/detalle/41032-73-b4c892f0a0a0-76d5-d59ac76f-a14d-39e2"
"Casa en Venta en Azteca","$ 1,750,000","149 m²","Azteca, Tuxpan, Veracruz Llave","2","3","/detalle/41032-73-ad94eaca6ab2-33e0-197e019-9a44-75b9"
"Casa en Fraccionamiento en Venta en Boca Del Rio","$ 2,850,000","109 m²","Boca Del Rio, Boca del Río, Veracruz Llave","No disponible","No disponible","/detalle/41032-73-793015bc0652-faf2-e51f22e0-a4ec-4c72"
"Casa en Fraccionamiento en Venta en Lomas de la Rioja","$ 1,645,000","85 m²","Lomas de la Rioja, Alvarado, Veracruz Llave","2","2","/detalle/41032-73-21c96c001fee-d8ab-fb1d9ee0-a1c4-3136"
"Casa en Fraccionamiento en Venta en Paseos del Campestre","$ 890,000","79 m²","Paseos del Campestre, Medellín, Veracruz Llave","2","3","/detalle/41032-73-a71172eac514-425f-4bc7b55a-8c0d-367f"
"Casa en Fraccionamiento en Venta en Costa de Oro 1a Secc","$ 5,600,000","360 m²","Costa de Oro 1a Secc, Boca del Río, Veracruz Llave","4","3","/detalle/41032-73-2fd80aa68780-51d7-9fcd4074-9a62-3a85"
"Casa en Fraccionamiento en Venta en Las Lomas","$ 2,600,000","210 m²","Las Lomas, Alvarado, Veracruz Llave","2","3","/detalle/41032-73-4312b72fb97d-b727-4b96d359-8d04-3619"
"Casa en Venta en Reforma","$ 1,825,200","156 m²","Reforma, Veracruz, Veracruz Llave","1","2","/detalle/41032-73-dbcd8516966a-adc1-196131a-bfb7-77f6"
"Casa en Venta en Fuentes de Las Ánimas","$ 4,980,000","336 m²","Fuentes de Las Ánimas, Xalapa, Veracruz Llave","3","4","/detalle/41032-73-1d7d3ce1e515-1694-19757c5-90d6-7674"
"Casa en Venta en Tuxpan de Rodriguez Cano Centro","$ 3,450,000","250 m²","Tuxpan de Rodriguez Cano Centro, Tuxpan, Veracruz Llave","5","4","/detalle/41032-73-edf9cad90cfa-9852-ea1849e3-94a5-41ee"
"Casa en Venta en Alvarado Centro","$ 3,550,000","160 m²","Alvarado Centro, Alvarado, Veracruz Llave","2","3","/detalle/41032-73-5d09fdf41f9a-9b76-197cec8-8a7b-73b6"
"Casa en Venta en Anton Lizardo","$ 3,250,000","148 m²","Anton Lizardo, Alvarado, Veracruz Llave","3","3","/detalle/41032-73-db1aa2573d58-e4d6-197aaab-8848-7123"
"Casa en Venta en Diaz Ordaz","$ 950,000","93 m²","Diaz Ordaz, Agua Dulce, Veracruz Llave","1","2","/detalle/41032-73-fca144fcf7f0-d2d7-5c70aa76-8cc1-4595"
"Casa en Venta en Alvarado Centro","$ 5,850,000","256 m²","Alvarado Centro, Alvarado, Veracruz Llave","3","3","/detalle/41032-73-e5d3f36dfb99-d94-196ae64-b05e-730a"
"Casa en Venta en Vista Bella","$ 13,870,000","580 m²","Vista Bella, Alvarado, Veracruz Llave","3","3","/detalle/41032-73-75080045e091-5dc7-192313d-a71f-77be"
"Casa en Venta en Residencial Monte Magno","$ 4,250,000","200 m²","Residencial Monte Magno, Xalapa, Veracruz Llave","3","4","/detalle/41032-73-dc5d0e250e0a-176b-1975a26-bd30-7f0e"
"Casa en Venta en El Morro las Colonias","$ 4,200,000","225 m²","El Morro las Colonias, Boca del Río, Veracruz Llave","4","4","/detalle/41032-73-454121485398-62a6-197a370-9435-73e5"
"Casa en Venta en Coatepec Centro","$ 3,250,000","250 m²","Coatepec Centro, Coatepec, Veracruz Llave","4","3","/detalle/41032-73-435604b21110-eef9-19714b5-99d5-7465"
"Casa en Venta en Nuevo Coapexpan","$ 3,250,000","296 m²","Nuevo Coapexpan, Xalapa, Veracruz Llave","4","4","/detalle/41032-73-93a74162d86e-45d-1946e0c-bcf9-78fb"
"Casa en Venta en Las Vegas II","$ 2,850,000","135 m²","Las Vegas II, Boca del Río, Veracruz Llave","3","3","/detalle/41032-73-f864af9bf7bd-dc0-1976589-a6e6-78c9"
"Casa en Venta en Pedregal de las Animas","$ 3,300,000","230 m²","Pedregal de las Animas, Xalapa, Veracruz Llave","2","3","/detalle/41032-73-4c0a5ab0c76a-3cbe-1966828-8aef-78ba"
"Casa en Venta en Pedregal de las Animas","$ 3,600,000","250 m²","Pedregal de las Animas, Xalapa, Veracruz Llave","2","3","/detalle/41032-73-e32461472dbb-8290-1963c85-a63c-78a1"
"Casa en Venta en Coatepec Centro","$ 2,390,000","155 m²","Coatepec Centro, Coatepec, Veracruz Llave","2","3","/detalle/41032-73-a1455e00bd70-c050-1950c77-9a35-72bc"
"Casa en Venta en Tulipanes de Las Ánimas","$ 3,620,000","185 m²","Tulipanes de Las Ánimas, Xalapa, Veracruz Llave","3","3","/detalle/41032-73-eeec48528de-1059-196253b-9014-7798"
"Casa en Fraccionamiento en Venta en La Matosa","$ 4,600,000","277 m²","La Matosa, Alvarado, Veracruz Llave","2","3","/detalle/41032-73-b16b081f8753-fd1e-e9f1d33b-ad70-4ed2"
"Casa en Venta en La Gachupina","$ 2,800,000","220 m²","La Gachupina, Coatepec, Veracruz Llave","3","3","/detalle/41032-73-a279e3e45779-973c-1959503-99ac-7e21"
"Casa en Venta en Tres Pasos","$ 2,800,000","195 m²","Tres Pasos, Emiliano Zapata, Veracruz Llave","2","3","/detalle/41032-73-2746481f8a04-2e58-1947c4c-8508-720b"
"Casa en Venta en Tres Pasos","$ 2,835,000","171 m²","Tres Pasos, Emiliano Zapata, Veracruz Llave","2","3","/detalle/41032-73-4c906a9f4ab4-5291-197ef77-9298-793d"
"Casa en Venta en Coatepec Centro","$ 2,500,000","207 m²","Coatepec Centro, Coatepec, Veracruz Llave","3","3","/detalle/41032-73-10a4f745cfd9-1ef9-197af5f-893b-758c"
"Casa en Venta en Tulipanes de Las Ánimas","$ 6,600,000","350 m²","Tulipanes de Las Ánimas, Xalapa, Veracruz Llave","5","4","/detalle/41032-73-1e2f3ddc54ea-595f-194de56-a90b-7109"
"Casa en Venta en Tres Pasos","$ 2,890,000","120 m²","Tres Pasos, Emiliano Zapata, Veracruz Llave","2","3","/detalle/41032-73-90973d021d13-6117-1969148-96ae-79d9"
"Casa en Venta en Costa Verde","$ 4,000,000","234 m²","Costa Verde, Boca del Río, Veracruz Llave","3","4","/detalle/41032-73-e53d28625c4-e77b-191333a-a8f6-76aa"
"Casa en Venta en Pedregal de las Animas","$ 4,000,000","252 m²","Pedregal de las Animas, Xalapa, Veracruz Llave","2","3","/detalle/41032-73-64eb711a2c12-bf58-197d5cd-ac34-78fd"
"Casa en Venta en El Morro las Colonias","$ 2,600,000","147 m²","El Morro las Colonias, Boca del Río, Veracruz Llave","3","3","/detalle/41032-73-df6e482a0625-95e3-1958bf4-9eb5-76b0"
"Casa en Venta en Coatepec Centro","$ 3,300,000","187 m²","Coatepec Centro, Coatepec, Veracruz Llave","3","3","/detalle/41032-73-1986caea25ef-b7d2-1950c77-9ec3-76b9"
"Casa en Venta en Los Ríos","$ 895,000","No disponible","Los Ríos, Veracruz, Veracruz Llave","2","3","/detalle/41032-73-d0f6149fdd5d-e120-194b40a-82c2-76b8"
"Casa en Venta en Tejería","$ 1,081,500","82 m²","Tejería, Veracruz, Veracruz Llave","3","3","/detalle/41032-73-4e489dfe1cec-18b7-1967f38-b66f-7383"
"Casa en Venta en Residencial Monte Magno","$ 4,900,000","250 m²","Residencial Monte Magno, Xalapa, Veracruz Llave","4","3","/detalle/41032-73-705e17c9c0d4-4469-195dd18-a496-7dc6"
"Casa en Venta en Ricardo Flores Magon","$ 3,500,000","146 m²","Ricardo Flores Magon, Veracruz, Veracruz Llave","No disponible","32","/detalle/41032-73-75f55c5b803a-146f-19586fd-aa07-79e4"
"Casa en Venta en Alvarado Centro","$ 5,400,000","230 m²","Alvarado Centro, Alvarado, Veracruz Llave","4","3","/detalle/41032-73-4c0ab10045f9-1c4f-19581d4-90f2-7d13"
"Casa en Venta en Paso Del Toro","$ 5,050,000","313 m²","Paso Del Toro, Xalapa, Veracruz Llave","4","4","/detalle/41032-73-20c1529d27e0-1fbd-1944e1f-a493-771a"
"Casa en Venta en Formando Hogar","$ 2,800,000","160 m²","Formando Hogar, Veracruz, Veracruz Llave","3","3","/detalle/41032-73-9a6a1f9874de-a6f-1968801-94c0-79df"
"Casa en Venta en Pedregal de las Animas","$ 5,000,000","320 m²","Pedregal de las Animas, Xalapa, Veracruz Llave","4","4","/detalle/41032-73-bb1e6bd282d3-4b53-197ef77-8c7a-707b"
"Casa en Venta en Lomas de Rio Medio II","$ 800,000","No disponible","Lomas de Rio Medio II, Veracruz, Veracruz Llave","1","2","/detalle/41032-73-321641d0fb2-55b6-197c384-926a-7448"
"Casa en Venta en Jardines de Las Ánimas","$ 3,900,000","225 m²","Jardines de Las Ánimas, Xalapa, Veracruz Llave","3","3","/detalle/41032-73-34fcbf977c1b-eb7f-196b302-ae00-736d"
"Casa en Venta en Lomas de la Rioja","$ 3,600,000","212 m²","Lomas de la Rioja, Alvarado, Veracruz Llave","3","3","/detalle/41032-73-d272234e8bef-fed-bf057641-9973-3d1e"
"Casa en Venta en Alvarado Centro","$ 2,635,000","128 m²","Alvarado Centro, Alvarado, Veracruz Llave","2","2","/detalle/41032-73-a48096b93ab8-d1d3-1952bc6-bc0d-7aa1"
"Casa en Venta en Alvarado Centro","$ 2,595,000","115 m²","Alvarado Centro, Alvarado, Veracruz Llave","2","2","/detalle/41032-73-4cdf953eeee5-d101-dd245904-aa92-3b73"
"Casa en Venta en La Tampiquera","$ 2,800,000","166 m²","La Tampiquera, Boca del Río, Veracruz Llave","2","3","/detalle/41032-73-73bceaa951dc-b0be-8ee73a58-a58c-3dfd"
"Casa en Venta en Villa Rica","$ 2,850,000","145 m²","Villa Rica, Boca del Río, Veracruz Llave","2","3","/detalle/41032-73-9964c727245f-64c8-192ff46-9dc7-72b6"
"Casa en Venta en Boca Del Rio","$ 4,950,000","240 m²","Boca Del Rio, Boca del Río, Veracruz Llave","3","3","/detalle/41032-73-1e6f1beb4082-43b-191a111-8282-73c1"
"Casa en Venta en El Conchal","$ 3,200,000","130 m²","El Conchal, Alvarado, Veracruz Llave","3","3","/detalle/41032-73-1677eca6a316-7ef7-d39257c3-8b9a-3a2e"
"Casa en Venta en Anton Lizardo","$ 3,150,000","182 m²","Anton Lizardo, Alvarado, Veracruz Llave","3","3","/detalle/41032-73-e37a03d187cb-93eb-1931e42-920b-78c3"
"Casa en Venta en Villa Rica","$ 2,450,000","140 m²","Villa Rica, Boca del Río, Veracruz Llave","2","3","/detalle/41032-73-7eec6a5b1117-4f01-192ff46-99b1-7c74"
"Casa en Venta en San Jose Novillero","$ 5,650,000","300 m²","San Jose Novillero, Boca del Río, Veracruz Llave","4","4","/detalle/41032-73-63fa10140f39-4f5a-1919c65-b3df-78e7"
"Casa en Venta en Costa de Oro 1a Secc","$ 6,990,000","280 m²","Costa de Oro 1a Secc, Boca del Río, Veracruz Llave","4","4","/detalle/41032-73-677dc7a47c91-6325-193475b-b68f-7687"
"Casa en Venta en Playas de Conchal","$ 6,320,000","250 m²","Playas de Conchal, Alvarado, Veracruz Llave","4","4","/detalle/41032-73-2705a1681a0b-fec8-191d9cf-81fe-7750"
"Casa en Venta en San Jose Novillero","$ 3,965,000","217 m²","San Jose Novillero, Boca del Río, Veracruz Llave","3","3","/detalle/41032-73-59c67b840b00-3930-1919c65-97ee-7edd"
"Casa en Venta en Playas de Conchal","$ 6,290,000","250 m²","Playas de Conchal, Alvarado, Veracruz Llave","4","4","/detalle/41032-73-14f7fdb6197a-631-191d9d0-96e6-72a7"
"Casa en Venta en Boca Del Rio Centro","$ 2,650,000","155 m²","Boca Del Rio Centro, Boca del Río, Veracruz Llave","3","3","/detalle/41032-73-54fc7a1e8ec2-d155-18faae4-809d-7457"
"Casa en Venta en Playas de Conchal","$ 6,800,000","286 m²","Playas de Conchal, Alvarado, Veracruz Llave","4","4","/detalle/41032-73-3162400a6dad-4519-193475b-a1f2-7aca"
"Casa en Venta en Playas de Conchal","$ 4,990,000","212 m²","Playas de Conchal, Alvarado, Veracruz Llave","3","3","/detalle/41032-73-30a42e2aed26-b5cf-19149ba-a9c1-761b"
"Casa en Venta en Villa Rica","$ 2,250,000","158 m²","Villa Rica, Boca del Río, Veracruz Llave","3","3","/detalle/41032-73-a4326604f5c6-941a-b1f3af6e-857e-357a"
"Casa en Venta en San Jose Novillero","$ 3,550,000","171 m²","San Jose Novillero, Boca del Río, Veracruz Llave","2","3","/detalle/41032-73-c2a5fedd59b0-69ee-1918c70-93f7-7bb5"
"Casa en Venta en Playa de Vacas","$ 6,400,000","420 m²","Playa de Vacas, Medellín, Veracruz Llave","6","3","/detalle/41032-73-4db6d98e493a-143-194ded1-902b-7415"
"Casa en Venta en Costa de Oro 1a Secc","$ 17,500,000","512 m²","Costa de Oro 1a Secc, Boca del Río, Veracruz Llave","6","4","/detalle/41032-73-e689dca41d61-621a-194daa1-8164-7137"
"Casa en Venta en San Jose Novillero","$ 2,470,000","142 m²","San Jose Novillero, Boca del Río, Veracruz Llave","3","3","/detalle/41032-73-f1dd7d507a22-4f20-194df39-a553-788a"
"Casa en Venta en Playas de Conchal","$ 6,850,000","330 m²","Playas de Conchal, Alvarado, Veracruz Llave","4","3","/detalle/41032-73-f1a45179ecbd-20ab-194df14-b75a-73c2"
"Casa en Venta en Playas de Conchal","$ 8,650,000","400 m²","Playas de Conchal, Alvarado, Veracruz Llave","5","3","/detalle/41032-73-9410b2329982-3b81-194df10-b8dc-7a97"
"Casa en Venta en Costa de Oro 1a Secc","$ 17,000,000","344 m²","Costa de Oro 1a Secc, Boca del Río, Veracruz Llave","4","3","/detalle/41032-73-5199832d1d42-d56c-194dbe8-9a7c-7716"
"Casa en Venta en Playas de Conchal","$ 3,950,000","205 m²","Playas de Conchal, Alvarado, Veracruz Llave","3","3","/detalle/41032-73-4a382e85e593-cdc5-194db56-904b-7611"
"Casa en Venta en Playas de Conchal","$ 8,600,000","450 m²","Playas de Conchal, Alvarado, Veracruz Llave","6","4","/detalle/41032-73-6e516c6dbda-2ccd-194db3b-afd6-7e43"
"Casa en Venta en San Jose Novillero","$ 4,550,000","181 m²","San Jose Novillero, Boca del Río, Veracruz Llave","3","3","/detalle/41032-73-62ddca1d2821-efbd-195d609-b319-789c"
"Casa en Venta en Lomas de la Rioja","$ 3,450,000","234 m²","Lomas de la Rioja, Alvarado, Veracruz Llave","3","3","/detalle/41032-73-b6bd1e8b2771-f437-194dee1-8fd0-7d19"
"Casa en Venta en San Jose Novillero","$ 3,975,000","211 m²","San Jose Novillero, Boca del Río, Veracruz Llave","3","3","/detalle/41032-73-695b2c4a1439-2514-194dc39-b986-79fc"
"Casa en Venta en Las Palmas","$ 5,990,000","280 m²","Las Palmas, Medellín, Veracruz Llave","4","4","/detalle/41032-73-3e45b6eda86e-a299-19424f3-80d5-7504"
"Casa en Venta en La Tampiquera","$ 2,990,000","182 m²","La Tampiquera, Boca del Río, Veracruz Llave","3","3","/detalle/41032-73-7db8a6329bb4-7926-19786ab-854b-799c"
"Casa en Venta en Mata de Pita","$ 1,640,000","72 m²","Mata de Pita, Veracruz, Veracruz Llave","1","2","/detalle/41032-73-5403dd82c05-c6b3-194dd2d-84bd-7a35"
"Casa en Venta en Villa Rica","$ 2,150,000","158 m²","Villa Rica, Boca del Río, Veracruz Llave","3","3","/detalle/41032-73-d2ee99953477-9c5f-194dbfb-ab79-7719"
"Casa en Venta en Las Palmas","$ 5,500,000","305 m²","Las Palmas, Medellín, Veracruz Llave","4","3","/detalle/41032-73-8a826d9269e2-cc1a-194dbe8-9281-7bc7"
"Casa en Venta en Villa Rica","$ 2,600,000","155 m²","Villa Rica, Boca del Río, Veracruz Llave","3","3","/detalle/41032-73-a42cf8d985e9-43e0-194db01-b9f5-7063"
"Casa en Venta en Casas Tamsa","$ 2,650,000","150 m²","Casas Tamsa, Boca del Río, Veracruz Llave","2","3","/detalle/41032-73-fafb9fb2217-44be-194249c-be29-7f51"
"Casa en Venta en Las Palmas","$ 6,000,000","338 m²","Las Palmas, Medellín, Veracruz Llave","5","3","/detalle/41032-73-972838513bdb-1c4a-19736c2-8145-7e92"
"Casa en Venta en Playa de Vacas","$ 53,000,000","779 m²","Playa de Vacas, Medellín, Veracruz Llave","5","3","/detalle/41032-73-145409e4a5d3-80d-1971031-8779-7516"
"Casa en Venta en Ciudad de Veracruz","$ 2,300,000","111 m²","Ciudad de Veracruz, Veracruz, Veracruz Llave","2","3","/detalle/41032-73-9c496914649-a4b-194dee4-8cb3-7686"
"Casa en Venta en Alvarado Centro","$ 2,270,000","96 m²","Alvarado Centro, Alvarado, Veracruz Llave","2","2","/detalle/41032-73-47c184cda38f-1b15-194dd7d-8d45-7b26"
"Casa en Venta en Playa de Vacas","$ 8,200,000","427 m²","Playa de Vacas, Medellín, Veracruz Llave","6","5","/detalle/41032-73-12be82c71f99-d4af-194dc92-96b0-7da2"
"Casa en Venta en Alvarado Centro","$ 3,020,000","178 m²","Alvarado Centro, Alvarado, Veracruz Llave","3","3","/detalle/41032-73-504ca5ab049c-c385-194db56-8b6f-75db"
"Casa en Venta en Lomas de la Rioja","$ 4,450,000","210 m²","Lomas de la Rioja, Alvarado, Veracruz Llave","3","3","/detalle/41032-73-96dcb1904cf9-fb77-19705d8-9460-7370"
"Casa en Venta en Alvarado Centro","$ 5,020,000","210 m²","Alvarado Centro, Alvarado, Veracruz Llave","3","3","/detalle/41032-73-826063752338-cb1-195d373-b705-77f3"
"Casa en Venta en Playas de Conchal","$ 5,950,000","253 m²","Playas de Conchal, Alvarado, Veracruz Llave","4","3","/detalle/41032-73-4ed6aedaced7-dfcb-194dee2-bde1-7c9d"
"Casa en Venta en Boca Del Rio","$ 3,790,000","219 m²","Boca Del Rio, Boca del Río, Veracruz Llave","3","3","/detalle/41032-73-da567edab872-a44b-194decd-b6a3-7413"
"Casa en Venta en San Jose Novillero","$ 4,150,000","216 m²","San Jose Novillero, Boca del Río, Veracruz Llave","3","3","/detalle/41032-73-fbf4d798bad8-229e-194db51-ad99-71a4"
"Casa en Venta en Paso Del Toro","$ 4,500,000","310 m²","Paso Del Toro, Medellín, Veracruz Llave","3","3","/detalle/41032-73-f37332b1ca91-11fa-19426ab-b4f4-7743"
"Casa en Venta en Playas de Conchal","$ 6,290,000","250 m²","Playas de Conchal, Alvarado, Veracruz Llave","3","3","/detalle/41032-73-de293c31ad97-1259-194247f-ac14-7342"
"Casa en Venta en La Tampiquera","$ 2,800,000","200 m²","La Tampiquera, Boca del Río, Veracruz Llave","2","3","/detalle/41032-73-e33fad9115bc-f1c-194dc01-8102-7bc6"
"Casa en Venta en San Jose Novillero","$ 3,550,000","171 m²","San Jose Novillero, Boca del Río, Veracruz Llave","2","3","/detalle/41032-73-c5b9e7edaa9-ec-194dbeb-94cd-7750"
"Casa en Venta en El Morro las Colonias","$ 2,670,000","160 m²","El Morro las Colonias, Boca del Río, Veracruz Llave","3","3","/detalle/41032-73-29b0fefa23e3-d46f-194db40-836e-7640"
"Casa en Venta en Boca Del Rio","$ 3,965,000","217 m²","Boca Del Rio, Boca del Río, Veracruz Llave","3","3","/detalle/41032-73-9ce4f6ddba6f-38fb-194daf4-8955-794d"
"Casa en Venta en Boca Del Rio","$ 3,800,000","205 m²","Boca Del Rio, Boca del Río, Veracruz Llave","3","3","/detalle/41032-73-2c6458f1f70a-48c0-194dad9-bf89-77cb"
"Casa en Venta en Las Palmas","$ 4,750,000","276 m²","Las Palmas, Medellín, Veracruz Llave","3","3","/detalle/41032-73-14a13a9eee7-f5f7-1953b84-9340-7971"
"Casa en Venta en Boca Del Rio","$ 4,050,000","200 m²","Boca Del Rio, Boca del Río, Veracruz Llave","3","3","/detalle/41032-73-ba539df79de4-ec76-194db4b-b412-7542"
"Casa en Venta en Lomas de la Rioja","$ 4,540,000","222 m²","Lomas de la Rioja, Alvarado, Veracruz Llave","3","3","/detalle/41032-73-f7d49f89816b-f2fd-19705d9-c021-7acd"
"Casa en Venta en Lomas Del Mar","$ 3,180,000","152 m²","Lomas Del Mar, Boca del Río, Veracruz Llave","2","3","/detalle/41032-73-e74e7eaec5b-5ba1-196f201-bb01-705a"
"Casa en Venta en Playas de Conchal","$ 6,600,000","363 m²","Playas de Conchal, Alvarado, Veracruz Llave","4","3","/detalle/41032-73-f1bfb742253d-1c2c-194df1d-9eb7-73ef"
"Casa en Venta en San Jose Novillero","$ 3,105,000","180 m²","San Jose Novillero, Boca del Río, Veracruz Llave","2","2","/detalle/41032-73-78dcbc3c5ec0-2b72-194dee7-b934-773d"
"Casa en Venta en San Jose Novillero","$ 4,250,000","268 m²","San Jose Novillero, Boca del Río, Veracruz Llave","3","3","/detalle/41032-73-20020eff4c48-2d24-194dc89-b49a-70dd"
"Casa en Venta en Playas de Conchal","$ 6,980,000","286 m²","Playas de Conchal, Alvarado, Veracruz Llave","4","4","/detalle/41032-73-4ee42c4a7062-b120-194db25-b356-7d0b"
"Casa en Venta en Playas de Conchal","$ 6,320,000","250 m²","Playas de Conchal, Alvarado, Veracruz Llave","3","3","/detalle/41032-73-457554b549d7-120f-192b7d4-8966-7470"
"Casa en Venta en Lomas del Sol","$ 4,050,000","229 m²","Lomas del Sol, Alvarado, Veracruz Llave","3","3","/detalle/41032-73-568bd8b6a903-e588-1971029-84d4-705f"
"Casa en Venta en Playas de Conchal","$ 4,980,000","203 m²","Playas de Conchal, Alvarado, Veracruz Llave","2","3","/detalle/41032-73-83a616b45e06-df6e-194dfad-90d9-7c16"
"Casa en Venta en El Morro las Colonias","$ 3,100,000","172 m²","El Morro las Colonias, Boca del Río, Veracruz Llave","2","3","/detalle/41032-73-56d7e6ef9e61-2d0e-191df7a-b06b-7db9"
"Casa en Venta en Virginia","$ 2,800,000","172 m²","Virginia, Boca del Río, Veracruz Llave","2","3","/detalle/41032-73-9bd575bd5ee2-d865-1978815-874d-762b"
"Casa en Venta en Alvarado Centro","$ 2,650,000","115 m²","Alvarado Centro, Alvarado, Veracruz Llave","2","2","/detalle/41032-73-83f25bc648a0-c222-1969c4a-a0e1-7d6e"
"Casa en Venta en Lomas de la Rioja","$ 3,150,000","153 m²","Lomas de la Rioja, Alvarado, Veracruz Llave","3","3","/detalle/41032-73-724a576304d9-b53d-195d5fc-8d99-7341"
"Casa en Venta en Playa de Vacas","$ 15,500,000","570 m²","Playa de Vacas, Medellín, Veracruz Llave","4","4","/detalle/41032-73-a6a5a0e24f00-770c-194dc91-9c24-7908"
"Casa en Venta en Playas de Conchal","$ 6,290,000","298 m²","Playas de Conchal, Alvarado, Veracruz Llave","4","4","/detalle/41032-73-4bd618332d9a-4d04-1942484-ad82-7738"
"Casa en Venta en Alvarado Centro","$ 3,720,000","19,975 m²","Alvarado Centro, Alvarado, Veracruz Llave","3","3","/detalle/41032-73-a815ccd0c2b1-c821-1953af3-87ca-7b04"
"Casa en Venta en Playas de Conchal","$ 6,550,000","292 m²","Playas de Conchal, Alvarado, Veracruz Llave","4","3","/detalle/41032-73-a088e6662c9d-e6b3-194ded1-8f9e-739b"
"Casa en Venta en Playas de Conchal","$ 4,350,000","250 m²","Playas de Conchal, Alvarado, Veracruz Llave","3","3","/detalle/41032-73-1969f889f82-5595-194dca2-9a6f-7396"
"Casa en Venta en Quintas Al Andalus","$ 2,000,000","128 m²","Quintas Al Andalus, Boca del Río, Veracruz Llave","2","3","/detalle/41032-73-cdd71862560f-837a-194f898-a41c-7e6e"
"Casa en Venta en Las Lomas","$ 2,998,000","155 m²","Las Lomas, Alvarado, Veracruz Llave","3","3","/detalle/41032-73-f80f57daa34-59e7-191a1b8-a11b-7cb1"
"Casa en Venta en Boca Del Rio Centro","$ 3,280,000","202 m²","Boca Del Rio Centro, Boca del Río, Veracruz Llave","3","3","/detalle/41032-73-8d92426c1706-97d8-194dc98-aa01-7ce5"
"Casa en Venta en Adolfo Ruiz Cortines Ipe","$ 1,500,000","120 m²","Adolfo Ruiz Cortines Ipe, Veracruz, Veracruz Llave","2","3","/detalle/41032-73-4932759a0526-6ec8-195a662-85a3-73cb"
"Casa en Venta en Lomas de la Rioja","$ 3,880,000","163 m²","Lomas de la Rioja, Alvarado, Veracruz Llave","3","3","/detalle/41032-73-690703f135c1-8fe8-1953b02-a482-7cb4"
"Casa en Venta en Fuentes de Las Ánimas","$ 3,700,000","330 m²","Fuentes de Las Ánimas, Xalapa, Veracruz Llave","4","5","/detalle/41032-73-c30d160b0458-2476-60059862-9e11-380b"
"Casa en Venta en Playas de Conchal","$ 2,700,000","195 m²","Playas de Conchal, Alvarado, Veracruz Llave","4","3","/detalle/41032-73-fdb936ee1e4a-7b72-a5e31cdc-8c3c-32a5"
"Casa en Fraccionamiento en Venta en Paso Del Toro","$ 1,650,000","78 m²","Paso Del Toro, Medellín, Veracruz Llave","2","2","/detalle/41032-73-4d9c19c60758-7740-44d7e991-a9b8-4d36"
"Casa en Fraccionamiento en Venta en Costa de Oro 1a Secc","$ 17,000,000","720 m²","Costa de Oro 1a Secc, Boca del Río, Veracruz Llave","5","4","/detalle/41032-73-d9fe16fc7b75-e395-35586879-a894-1237"
"Casa en Venta en San Jose Novillero","$ 60,000,000","779 m²","San Jose Novillero, Boca del Río, Veracruz Llave","6","3","/detalle/41032-73-3df1553af15e-b87f-191a174-af57-7958"
"Casa en Fraccionamiento en Venta en Puente Moreno","$ 14,950,000","500 m²","Puente Moreno, Medellín, Veracruz Llave","4","3","/detalle/41032-73-3cfaa624fa6b-1aab-15301abb-90b5-3314"
"Casa en Fraccionamiento en Venta en Alvarado Centro","$ 9,500,000","500 m²","Alvarado Centro, Alvarado, Veracruz Llave","4","3","/detalle/41032-73-23445d023382-2eac-196219d-9e6f-77c1"
"Casa en Venta en El Zapote","$ 10,900,000","246 m²","El Zapote, Alvarado, Veracruz Llave","3","3","/detalle/41032-73-8688e5282475-89b8-1971e36-a567-803e"
"Casa en Venta en El Morro las Colonias","$ 2,600,000","370 m²","El Morro las Colonias, Boca del Río, Veracruz Llave","4","4","/detalle/41032-73-eccecd2488c5-426e-f15efabe-980a-47b3"
"Casa en Venta en La Tampiquera","$ 1,800,000","59 m²","La Tampiquera, Boca del Río, Veracruz Llave","2","3","/detalle/41032-73-3350c31411cf-2a84-197c2cc-b78c-77e4"
"Casa en Venta en Playa de Vacas","$ 9,500,000","700 m²","Playa de Vacas, Medellín, Veracruz Llave","4","5","/detalle/41032-73-ed50d56ad9d5-1001e-b4e36130-ba14-3f06"
"Casa en Venta en Ricardo Flores Magon","$ 5,650,000","340 m²","Ricardo Flores Magon, Veracruz, Veracruz Llave","6","3","/detalle/41032-73-edc1980baa75-abc2-97c13fe8-9f34-3972"
"Casa en Venta en La Cuchilla","$ 2,990,000","172 m²","La Cuchilla, Boca del Río, Veracruz Llave","3","3","/detalle/41032-73-175856a34ee1-a424-194df53-86a1-78ee"
"Casa en Venta en Playas de Conchal","$ 16,500,000","630 m²","Playas de Conchal, Alvarado, Veracruz Llave","5","3","/detalle/41032-73-8caf8ab56d01-1391-191923a-b0d0-71da"
"Casa en Venta en Vista Bella","$ 12,900,000","580 m²","Vista Bella, Alvarado, Veracruz Llave","4","5","/detalle/41032-73-dd9cf8fbb5c-d94a-191c5ce-875c-7426"
"Casa en Venta en Camino Real","$ 20,000,000","932 m²","Camino Real, Boca del Río, Veracruz Llave","5","5","/detalle/41032-73-69a65af501b2-9df-197d3cd-902b-775f"
"Casa en Venta en Anton Lizardo","$ 2,680,000","145 m²","Anton Lizardo, Alvarado, Veracruz Llave","3","3","/detalle/41032-73-9c6174a4c8d0-c464-1955faa-b2ad-7569"
"Casa en Venta en Lomas de la Rioja","$ 4,020,000","238 m²","Lomas de la Rioja, Alvarado, Veracruz Llave","2","3","/detalle/41032-73-4d8dac453444-bc7a-18f5c78-8082-76bf"
"Casa en Venta en Playas de Conchal","$ 3,250,000","115 m²","Playas de Conchal, Alvarado, Veracruz Llave","2","2","/detalle/41032-73-c0c92c15b791-51b8-19700bd-886f-7a2b"
"Casa en Venta en El Morro las Colonias","$ 3,100,000","172 m²","El Morro las Colonias, Boca del Río, Veracruz Llave","3","3","/detalle/41032-73-241ddd65a681-5927-195502c-aeb6-7f89"
"Casa en Venta en El Estero","$ 10,250,000","360 m²","El Estero, Boca del Río, Veracruz Llave","3","3","/detalle/41032-73-96dee2930774-8f5c-194df8a-a0b3-772c"
"Casa en Venta en Playas de Conchal","$ 5,200,000","237 m²","Playas de Conchal, Alvarado, Veracruz Llave","3","3","/detalle/41032-73-2b5fe603202a-ad9c-194df4e-89e4-7212"
"Casa en Venta en Boca Del Rio","$ 5,650,000","230 m²","Boca Del Rio, Boca del Río, Veracruz Llave","4","4","/detalle/41032-73-2fb8c94a1ea3-5d43-194dd35-b7db-76c1"
"Casa en Venta en Boca Del Rio","$ 5,650,000","230 m²","Boca Del Rio, Boca del Río, Veracruz Llave","4","4","/detalle/41032-73-cacd8e2e0729-4475-194dc86-b83e-7642"
"Casa en Venta en Boca Del Rio","$ 7,200,000","345 m²","Boca Del Rio, Boca del Río, Veracruz Llave","4","3","/detalle/41032-73-9dd252779e59-2447-1925b10-a64f-7502"
"Casa en Venta en Playas de Conchal","$ 45,000,000","804 m²","Playas de Conchal, Alvarado, Veracruz Llave","3","3","/detalle/41032-73-c03dad121125-48d9-197a574-8af7-7dbc"
"Casa en Venta en Las Palmas","$ 6,350,000","289 m²","Las Palmas, Medellín, Veracruz Llave","4","4","/detalle/41032-73-4526c5475e33-7110-19569db-bc06-7a14"
"Casa en Venta en Boca Del Rio Centro","$ 35,000,000","1,056 m²","Boca Del Rio Centro, Boca del Río, Veracruz Llave","4","4","/detalle/41032-73-e267d649ebef-3a9c-194df7f-b7e7-75fb"
"Casa en Venta en La Cuchilla","$ 3,450,000","171 m²","La Cuchilla, Boca del Río, Veracruz Llave","3","4","/detalle/41032-73-99e211d11303-ff92-192bce5-b560-79d9"
"Casa en Venta en Boca Del Rio","$ 3,085,000","105 m²","Boca Del Rio, Boca del Río, Veracruz Llave","2","2","/detalle/41032-73-d11452db50f5-dd73-19569e4-a35a-79ca"
"Casa en Venta en Las Aldas","$ 2,495,000","209 m²","Las Aldas, Naolinco, Veracruz Llave","1","4","/detalle/41032-73-92f51f7bce9a-917a-1934623-8703-704a"
"Casa en Fraccionamiento en Venta en Acueducto Animas","$ 3,100,000","200 m²","Acueducto Animas, Xalapa, Veracruz Llave","4","4","/detalle/41032-73-e6e81eaa3a61-7cfe-1971840-91c1-7497"
"Casa en Venta en Acueducto Animas","$ 3,100,000","200 m²","Acueducto Animas, Xalapa, Veracruz Llave","4","4","/detalle/41032-73-b88edacd5768-851-1970e59-9d19-76b3"
"Casa en Venta en Ignacio Zaragoza","$ 1,850,000","145 m²","Ignacio Zaragoza, Veracruz, Veracruz Llave","2","2","/detalle/41032-73-bf9a7c407336-c255-192c020-82f3-7163"
"Casa en Venta en Costa de Oro 1a Secc","$ 17,500,000","790 m²","Costa de Oro 1a Secc, Boca del Río, Veracruz Llave","3","3","/detalle/41032-73-40d2f5cabf4b-4d1f-196ff67-a152-8044"
"Casa en Venta en Ejido Primero de Mayo Sur","$ 3,600,000","340 m²","Ejido Primero de Mayo Sur, Boca del Río, Veracruz Llave","3","4","/detalle/41032-73-9570499c13c-989d-1977b49-a8c2-7498"
"Casa en Venta en Villa Rica","$ 3,180,000","152 m²","Villa Rica, Boca del Río, Veracruz Llave","2","3","/detalle/41032-73-6fd88c18aa63-6633-196dbd3-870b-8044"
"Casa en Venta en Las Palmas","$ 6,400,000","368 m²","Las Palmas, Medellín, Veracruz Llave","3","3","/detalle/41032-73-f7c86206fcda-a375-19692d5-badb-78cc"
"Casa en Venta en Alvarado Centro","$ 4,500,000","213 m²","Alvarado Centro, Alvarado, Veracruz Llave","3","3","/detalle/41032-73-48119ca21f2f-3043-196222b-b89f-8044"
"Casa en Venta en Medellin de Bravo","$ 1,700,000","94 m²","Medellin de Bravo, Medellín, Veracruz Llave","2","2","/detalle/41032-73-1a1ff01b335a-a400-1962198-b89f-8044"
"Casa en Venta en San Jose Novillero","$ 2,260,000","136 m²","San Jose Novillero, Boca del Río, Veracruz Llave","2","3","/detalle/41032-73-1994f4b5d723-ed34-1942e63-b14f-803d"
"Casa en Venta en Ricardo Flores Magon","$ 5,500,000","289 m²","Ricardo Flores Magon, Veracruz, Veracruz Llave","3","3","/detalle/41032-73-263824e3a73-4fd0-1971d8c-9266-7386"
"Casa en Venta en Lomas de la Rioja","$ 3,850,000","216 m²","Lomas de la Rioja, Alvarado, Veracruz Llave","3","3","/detalle/41032-73-d9b4ccc7504-ca30-1971361-8e21-7d13"
"Casa en Venta en Alvarado Centro","$ 4,100,000","266 m²","Alvarado Centro, Alvarado, Veracruz Llave","4","3","/detalle/41032-73-b1b9fa8559e6-7189-d92a31d9-a602-3185"
"Casa en Venta en Alvarado Centro","$ 3,350,000","220 m²","Alvarado Centro, Alvarado, Veracruz Llave","3","3","/detalle/41032-73-8da6ab1ce32a-7b88-194be2a-9ebe-704c"
"Casa en Venta en Adalberto Tejeda","$ 1,790,000","187 m²","Adalberto Tejeda, Boca del Río, Veracruz Llave","2","3","/detalle/41032-73-af273ba0126e-898-193bc8f-9257-7d0f"
"Casa en Venta en Costa de Oro 1a Secc","$ 5,900,000","342 m²","Costa de Oro 1a Secc, Boca del Río, Veracruz Llave","4","3","/detalle/41032-73-e33325f120f7-bd3-1977f94-a81a-7492"
"Casa en Venta en Luis Echeverria Alvarez","$ 3,800,000","190 m²","Luis Echeverria Alvarez, Boca del Río, Veracruz Llave","2","3","/detalle/41032-73-65bd5aebdb2a-d988-195cff0-bd0c-77c7"
"Casa en Venta en Lomas de la Rioja","$ 2,290,000","120 m²","Lomas de la Rioja, Alvarado, Veracruz Llave","2","2","/detalle/41032-73-7f7bbb65714-dbbb-e740b317-be1a-3ac2"
"Casa en Venta en Lomas de la Rioja","$ 3,790,000","216 m²","Lomas de la Rioja, Alvarado, Veracruz Llave","4","4","/detalle/41032-73-d43332e16b1a-bb9e-132fee3a-ab47-3fd1"
"Casa en Venta en Alvarado Centro","$ 3,990,000","287 m²","Alvarado Centro, Alvarado, Veracruz Llave","3","3","/detalle/41032-73-3dfb8e1845f1-5bd8-18f644d7-adce-3efc"
"Casa en Venta en Costa de Oro 1a Secc","$ 17,000,000","790 m²","Costa de Oro 1a Secc, Boca del Río, Veracruz Llave","4","3","/detalle/41032-73-a8847e0b7ef3-220c-58234a99-a6ee-3cfd"
"Casa en Venta en San Jose Novillero","$ 4,390,000","225 m²","San Jose Novillero, Boca del Río, Veracruz Llave","3","3","/detalle/41032-73-eb040e5278de-c296-197e63c-b9a3-7162"
"Casa en Venta en Venustiano Carranza","$ 1,950,000","160 m²","Venustiano Carranza, Boca del Río, Veracruz Llave","2","2","/detalle/41032-73-577fc8770831-d82f-19530c2-8110-77c8"
"Casa en Venta en San Jose Novillero","$ 3,150,000","110 m²","San Jose Novillero, Boca del Río, Veracruz Llave","2","2","/detalle/41032-73-17f33e19ec1c-5333-196d035-b6f9-7aef"
"Casa en Venta en Ejido Primero de Mayo Norte","$ 2,975,000","170 m²","Ejido Primero de Mayo Norte, Boca del Río, Veracruz Llave","3","3","/detalle/41032-73-bb4debb77ec1-774c-1966fb9-8f55-748e"
"Casa en Venta en Villa Rica","$ 2,300,000","170 m²","Villa Rica, Boca del Río, Veracruz Llave","2","2","/detalle/41032-73-6e84d80c2b53-b88-19499fb-a21a-7272"
"Casa en Venta en Luis Echeverria Alvarez","$ 2,990,000","174 m²","Luis Echeverria Alvarez, Boca del Río, Veracruz Llave","3","3","/detalle/41032-73-53b901280739-ea9d-18fb079-ab9a-736c"
"Casa en Venta en Lomas de la Rioja","$ 2,730,000","165 m²","Lomas de la Rioja, Alvarado, Veracruz Llave","4","3","/detalle/41032-73-7450ee125487-ec64-8d70767d-83af-35eb"
"Casa en Venta en Boca Del Rio","$ 2,650,000","185 m²","Boca Del Rio, Boca del Río, Veracruz Llave","2","2","/detalle/41032-73-3471a23ac983-1c5f-196d146-b6f9-7aef"
"Casa en Venta en El Morro las Colonias","$ 2,000,000","91 m²","El Morro las Colonias, Boca del Río, Veracruz Llave","2","2","/detalle/41032-73-7a0d945d9815-7454-195df47-8133-7e28"
"Casa en Venta en Lomas Del Mar","$ 1,800,000","220 m²","Lomas Del Mar, Boca del Río, Veracruz Llave","2","3","/detalle/41032-73-a4730ea464a2-f13f-197ebde-a8b4-7333"
"Casa en Venta en San Jose Novillero","$ 2,060,000","113 m²","San Jose Novillero, Boca del Río, Veracruz Llave","2","3","/detalle/41032-73-12143724e546-fff-1942e51-b14f-803d"
"Casa en Venta en Costa de Oro 1a Secc","$ 7,300,000","278 m²","Costa de Oro 1a Secc, Boca del Río, Veracruz Llave","2","4","/detalle/41032-73-605c2682a1ba-fdea-93d0a34e-b6e0-3d27"
"Casa en Venta en Costa de Oro 1a Secc","$ 7,000,000","372 m²","Costa de Oro 1a Secc, Boca del Río, Veracruz Llave","3","3","/detalle/41032-73-431819f57180-2278-197e73c-9a07-7782"
"Casa en Venta en Veracruz Centro","$ 1,600,000","99 m²","Veracruz Centro, Veracruz, Veracruz Llave","2","3","/detalle/41032-73-6ee80766c7bf-690f-1974caa-b193-748a"
"Casa en Venta en Puente Moreno","$ 1,390,000","85 m²","Puente Moreno, Medellín, Veracruz Llave","1","2","/detalle/41032-73-184952a77f8e-d0c-1943e22-bc48-78cf"
"Casa en Venta en La Tampiquera","$ 2,300,000","112 m²","La Tampiquera, Boca del Río, Veracruz Llave","2","3","/detalle/41032-73-44ede9f6339b-64fa-1938ef7-82f6-7e27"
"Casa en Venta en Boca Del Rio","$ 3,650,000","150 m²","Boca Del Rio, Boca del Río, Veracruz Llave","2","2","/detalle/41032-73-6eb4fa465caf-632b-4c0f517f-9e48-34a0"
"Casa en Condominio en Venta en Hueyapan de Ocampo","$ 30,000,000","No disponible","Hueyapan de Ocampo, Hueyapan de Ocampo, Veracruz Llave","No disponible","No disponible","/detalle/41032-73-47a3922fa0c1-6df-7f62f87b-8448-4e14"
"Casa en Venta en Jardines de Tuxpan","$ 13,000,000","850 m²","Jardines de Tuxpan, Tuxpan, Veracruz Llave","11","9","/detalle/41032-73-4ccc0ca7a143-244-19291a7-b50d-76af"
"Casa en Venta en Miraflores","$ 2,250,000","No disponible","Miraflores, Tierra Blanca, Veracruz Llave","2","3","/detalle/41032-73-5d7bd442a663-745f-1962384-878d-7f28"
"Casa en Venta en Jardines de Tuxpan","$ 1","458 m²","Jardines de Tuxpan, Tuxpan, Veracruz Llave","4","4","/detalle/41032-73-48de35e1725a-e9c1-195250e-880b-759f"
"Casa en Venta en Santiago de La Peña","$ 5,000,000","450 m²","Santiago de La Peña, Tuxpan, Veracruz Llave","5","7","/detalle/41032-73-5c1f315154aa-c0b8-d4f3788d-86fc-4d60"
"Casa en Venta en Emiliano Zapata","$ 2,200,000","182 m²","Emiliano Zapata, Xalapa, Veracruz Llave","4","4","/detalle/41032-73-cea3283d6b1e-343e-195bad6-8628-79e7"
"Casa en Venta en Higueras","$ 1,400,000","95 m²","Higueras, Xalapa, Veracruz Llave","1","2","/detalle/41032-73-baa9a654239f-7c15-1970eab-a096-78cd"
"Casa en Venta en Santa Bárbara","$ 3,000,000","199 m²","Santa Bárbara, Xalapa, Veracruz Llave","2","3","/detalle/41032-73-90e97a868fc1-f27e-196daa3-81d4-78cb"
"Casa en Venta en Progreso Macuiltepetl","$ 2,940,000","240 m²","Progreso Macuiltepetl, Xalapa, Veracruz Llave","2","3","/detalle/41032-73-f66773844817-50ef-191293f-819a-7f2b"
"Casa en Venta en 22 de Septiembre","$ 2,400,000","180 m²","22 de Septiembre, Coatepec, Veracruz Llave","3","3","/detalle/41032-73-25d3eef80b0c-9d9b-19124d2-9bd4-79e1"
"Casa en Fraccionamiento en Venta en Centenario","$ 2,560,000","210 m²","Centenario, Coatepec, Veracruz Llave","3","3","/detalle/41032-73-2a5b1af14e9a-845d-3a14470f-9f57-4aad"
"Casa en Venta en Rubí Ánimas","$ 4,200,000","275 m²","Rubí Ánimas, Xalapa, Veracruz Llave","4","3","/detalle/41032-73-ff9ddda91075-44e9-194f7dc-98af-7168"
"Casa en Venta en Lomas de Casablanca","$ 2,000,000","180 m²","Lomas de Casablanca, Xalapa, Veracruz Llave","2","3","/detalle/41032-73-3cb2a09f7bfd-7f1b-1970ef1-9acc-7599"
"Casa en Venta en Casa Blanca","$ 1,190,000","90 m²","Casa Blanca, Xalapa, Veracruz Llave","1","2","/detalle/41032-73-196b675838d1-d2ba-1956880-bfb0-7af1"
"Casa en Venta en Libertad","$ 2,900,000","235 m²","Libertad, Xalapa, Veracruz Llave","3","3","/detalle/41032-73-3f00351540de-829f-1967b28-b268-7f31"
"Casa en Venta en Perote","$ 1,600,000","110 m²","Perote, Perote, Veracruz Llave","2","3","/detalle/41032-73-448fee49e9e5-be6e-191a010-be71-75a5"
"Casa en Venta en Benito Juárez","$ 2,130,000","136 m²","Benito Juárez, Xalapa, Veracruz Llave","3","3","/detalle/41032-73-9c9e045ead71-573-1953b1f-a0d7-7380"
"Casa en Venta en Casa Blanca","$ 2,300,000","281 m²","Casa Blanca, Xalapa, Veracruz Llave","2","5","/detalle/41032-73-718e50d4d086-bd1-a4c6a9a7-9ada-4193"
"Casa en Venta en Santa Rosa","$ 2,100,000","165 m²","Santa Rosa, Xalapa, Veracruz Llave","2","3","/detalle/41032-73-870370adc4fc-edcc-19374ca-a3f8-76b6"
"Casa en Venta en 21 de Marzo","$ 1,750,000","160 m²","21 de Marzo, Xalapa, Veracruz Llave","2","3","/detalle/41032-73-43126f38e3b5-4d6b-1958cb0-b3b9-7c04"
"Casa en Venta en José Vasconcelos","$ 1,685,000","170 m²","José Vasconcelos, Xalapa, Veracruz Llave","2","3","/detalle/41032-73-a5ac5a9fbe2f-15f3-194f870-8a25-759c"
"Casa en Venta en Campo Viejo","$ 2,130,000","140 m²","Campo Viejo, Coatepec, Veracruz Llave","3","3","/detalle/41032-73-93d4b5b60223-d492-1953b15-a0d7-7380"
"Casa en Venta en Rubí Ánimas","$ 3,600,000","No disponible","Rubí Ánimas, Xalapa, Veracruz Llave","2","3","/detalle/41032-73-f56c9dfcff73-4b9-194f72c-98af-7168"
"Casa en Venta en Higueras","$ 1,450,000","120 m²","Higueras, Xalapa, Veracruz Llave","1","2","/detalle/41032-73-c38874b7377f-d3a0-1970ec3-a096-78cd"
"Casa en Venta en Carolino Anaya","$ 1,800,000","150 m²","Carolino Anaya, Xalapa, Veracruz Llave","3","3","/detalle/41032-73-34852b2992f0-e0c0-1969356-b973-726a"
"Casa en Fraccionamiento en Venta en El Olmo","$ 3,050,000","198 m²","El Olmo, Xalapa, Veracruz Llave","2","3","/detalle/41032-73-b8c3717bc50-27e3-196f039-83cd-7e1d"
"Casa en Venta en Jardines de Las Ánimas","$ 3,900,000","225 m²","Jardines de Las Ánimas, Xalapa, Veracruz Llave","3","3","/detalle/41032-73-fa8b8bfd7636-89b3-196b708-9cc7-7f29"
"Casa en Venta en Campo de Tiro","$ 1,580,000","No disponible","Campo de Tiro, Xalapa, Veracruz Llave","2","3","/detalle/41032-73-3c2109c94f52-ec7e-1919b18-bf41-7055"
"Casa en Venta en Don Pedro","$ 3,470,000","714 m²","Don Pedro, Catemaco, Veracruz Llave","2","3","/detalle/41032-73-4ffe726b09d5-fc9f-195553d-be70-712f"
"Casa en Venta en Cazones","$ 5,200,000","196 m²","Cazones, Veracruz Llave","4","4","/detalle/41032-73-f38518c2dac1-4318-2b97b3cb-9b2b-3f66"
"Casa en Venta en Campo Viejo","$ 2,130,000","No disponible","Campo Viejo, Coatepec, Veracruz Llave","3","3","/detalle/41032-73-673b557a1ec0-fdbd-191aa0d-8604-7aed"
"Casa en Venta en Pedro Ignacio Mata","$ 1,200,000","80 m²","Pedro Ignacio Mata, Veracruz, Veracruz Llave","3","3","/detalle/41032-73-57d9c76a32de-7543-19640d2-926d-77bb"
"Casa en Venta en Reforma","$ 10,850,000","450 m²","Reforma, Veracruz, Veracruz Llave","5","3","/detalle/41032-73-a1db72cebd51-2d1d-191952f-bd23-78cf"
"Casa en Venta en Puente Moreno","$ 1,030,300","64 m²","Puente Moreno, Medellín, Veracruz Llave","1","2","/detalle/41032-73-a0563ec18d76-d402-195b643-9689-79e6"
"Casa en Venta en Ixhuatlán de Madero","$ 3,150,000","110 m²","Ixhuatlán de Madero, Veracruz Llave","2","2","/detalle/41032-73-4dcacb37d534-3421-196cc3e-a7e6-76af"
"Casa en Venta en Formando Hogar","$ 2,100,000","204 m²","Formando Hogar, Veracruz, Veracruz Llave","2","3","/detalle/41032-73-858bd1c1561-cb27-19196a2-9768-7af2"
"Casa en Fraccionamiento en Venta en San Jose","$ 8,700,000","569 m²","San Jose, Córdoba, Veracruz Llave","4","5","/detalle/41032-73-38be42db96df-fc5b-191e2ff-8409-803b"
"Casa en Venta en Jardines de Virginia","$ 3,900,000","238 m²","Jardines de Virginia, Boca del Río, Veracruz Llave","2","3","/detalle/41032-73-68e07d9603c7-cb38-191e910-856d-7af7"
"Casa en Venta en Camino Real","$ 2,250,000","160 m²","Camino Real, Boca del Río, Veracruz Llave","2","2","/detalle/41032-73-2db3b88287c4-4b0a-1954b6e-9689-7492"
"Casa en Venta en Mexico","$ 4,200,000","265 m²","Mexico, Veracruz, Veracruz Llave","4","3","/detalle/41032-73-59ffdcc9584e-52f3-1964169-926d-77bb"
"Casa en Fraccionamiento en Venta en Geovillas de las Flores","$ 1,950,000","136 m²","Geovillas de las Flores, Fortín, Veracruz Llave","2","3","/detalle/41032-73-118b9ea61fbd-ab97-191e2e1-93c0-803c"
"Casa en Venta en Las Flores","$ 1,820,000","132 m²","Las Flores, Fortín, Veracruz Llave","2","3","/detalle/41032-73-88b860b2b107-84c5-1962b35-81bd-78cd"
"Casa en Venta en Lomas de Rio Medio II","$ 1,350,000","No disponible","Lomas de Rio Medio II, Veracruz, Veracruz Llave","3","4","/detalle/41032-73-1b5a366e2026-4a04-1954a8f-9689-7492"
"Casa en Venta en San Nicolás","$ 2,100,000","158 m²","San Nicolás, Córdoba, Veracruz Llave","2","3","/detalle/41032-73-8b8bec1c014d-b614-19543f6-869d-7380"
"Quinta / Hacienda en Venta en Fortín de las Flores Centro","$ 7,500,000","70 m²","Fortín de las Flores Centro, Fortín, Veracruz Llave","1","1","/detalle/41032-73-9f7098ccb6ac-e837-191e3c8-b15d-7159"
"Casa en Venta en Nuevo Toxpan","$ 2,800,000","404 m²","Nuevo Toxpan, Córdoba, Veracruz Llave","4","4","/detalle/41032-73-5c40c8ab6fa0-23b6-192e3d7-b791-7269"
"Casa en Venta en Puente Moreno","$ 1,100,000","70 m²","Puente Moreno, Medellín, Veracruz Llave","1","2","/detalle/41032-73-c8f89ffdb919-14db-1973260-93c8-8046"
"Casa en Venta en El Chico","$ 2,600,000","1,603 m²","El Chico, Emiliano Zapata, Veracruz Llave","3","3","/detalle/41032-73-e19fb482ac45-839c-a4872af9-9fc6-1237"
"Casa en Venta en Las Flores","$ 2,550,000","242 m²","Las Flores, Fortín, Veracruz Llave","3","4","/detalle/41032-73-9c33775b9001-7797-192ede7-9360-7c02"
"Casa en Venta en Costa Verde","$ 3,600,000","232 m²","Costa Verde, Boca del Río, Veracruz Llave","4","4","/detalle/41032-73-3aa53ecb7a58-9793-a0e6b16c-9f53-3c08"
"Casa en Venta en Lourdes","$ 3,500,000","160 m²","Lourdes, Orizaba, Veracruz Llave","2","3","/detalle/41032-73-33d189172083-5614-196691c-8b49-7e24"
"Casa en Venta en San Nicolás","$ 9,000,000","400 m²","San Nicolás, Córdoba, Veracruz Llave","5","5","/detalle/41032-73-71a21f33ecf2-3669-19567af-b5f9-78d1"
"Casa en Venta en Las Lomas","$ 2,500,000","278 m²","Las Lomas, Coatepec, Veracruz Llave","7","No disponible","/detalle/41032-73-80bd4741cc8c-d083-1945ca5-a5d1-8043"
"Casa en Venta en Fuentes de Las Ánimas","$ 5,000,000","280 m²","Fuentes de Las Ánimas, Xalapa, Veracruz Llave","5","5","/detalle/41032-73-f32e5e5f0fbc-ef55-56c84f8e-9bc9-3d79"
"Casa en Venta en El Olmo","$ 1,600,000","No disponible","El Olmo, Xalapa, Veracruz Llave","1","3","/detalle/41032-73-773fd6943082-eeac-1967eda-8952-75a4"
"Casa en Venta en San Jose","$ 5,900,000","239 m²","San Jose, Córdoba, Veracruz Llave","3","4","/detalle/41032-73-e281511a6b28-9cea-194b3df-ae2f-7d18"
"Casa en Venta en Esperanza","$ 2,150,000","149 m²","Esperanza, Córdoba, Veracruz Llave","2","3","/detalle/41032-73-a806e5ad29d1-2f6-1978a0a-8a2f-76ad"
"Quinta / Hacienda en Venta en Rafael Murillo Vidal","$ 325,000,000","No disponible","Rafael Murillo Vidal, Córdoba, Veracruz Llave","No disponible","No disponible","/detalle/41032-73-517785f6ed87-68e6-197b3f7-a868-7214"
"Casa en Venta en Revolución","$ 2,100,000","No disponible","Revolución, Xalapa, Veracruz Llave","2","3","/detalle/41032-73-ee40759b7888-f2a1-195ea82-bd59-7270"
"Casa en Venta en Nacional","$ 1,300,000","No disponible","Nacional, Xalapa, Veracruz Llave","2","3","/detalle/41032-73-6b2fdec67a3b-af3f-1967e83-8952-75a4"
"Casa en Venta en Bugambilias","$ 1,600,000","222 m²","Bugambilias, Emiliano Zapata, Veracruz Llave","2","3","/detalle/41032-73-19b7f2db630f-d5d6-1935227-91cb-7386"
"Casa en Venta en Ixhuatlán de Madero","$ 4,540,000","227 m²","Ixhuatlán de Madero, Veracruz Llave","3","3","/detalle/41032-73-93ac4055e326-a51d-193b2cc-ab9c-7497"
"Casa en Venta en Reforma","$ 2,800,000","197 m²","Reforma, Veracruz, Veracruz Llave","3","4","/detalle/41032-73-b40ef9994554-74ce-19172af-9fab-737f"
"Casa en Venta en Costa de Oro 1a Secc","$ 8,500,000","360 m²","Costa de Oro 1a Secc, Boca del Río, Veracruz Llave","5","5","/detalle/41032-73-a57930ee0064-e740-7bca13be-9eb1-43e4"
"Casa en Venta en Boca Del Rio","$ 4,449,000","210 m²","Boca Del Rio, Boca del Río, Veracruz Llave","4","4","/detalle/41032-73-2d79a5d0411d-680a-47a1a878-a676-49f2"
"Casa en Venta en Ciudad de Veracruz","$ 1,550,000","159 m²","Ciudad de Veracruz, Veracruz, Veracruz Llave","3","3","/detalle/41032-73-78d5b8a892a-2934-edd1a465-80ef-465e"
"Casa en Venta en Miguel Alemán Valdes","$ 2,250,000","155 m²","Miguel Alemán Valdes, Boca del Río, Veracruz Llave","3","3","/detalle/41032-73-33e00ccb1a40-4857-194820a-a7be-803f"
"Casa en Venta en Playa Dorada","$ 3,200,000","196 m²","Playa Dorada, Alvarado, Veracruz Llave","3","4","/detalle/41032-73-cbac8790dbac-262b-368b5ce8-ac35-4ab5"
"Casa en Venta en La Pochota","$ 1,600,000","106 m²","La Pochota, Veracruz, Veracruz Llave","3","3","/detalle/41032-73-27183c46a681-e0c8-195dfc5-a659-726a"
"Casa en Venta en Fernando Lopez Arias","$ 2,670,000","154 m²","Fernando Lopez Arias, Veracruz, Veracruz Llave","2","3","/detalle/41032-73-7b87c0e1005e-31a1-1956d7a-a1d7-77c8"
"Casa en Fraccionamiento en Venta en Anton Lizardo","$ 1,350","160 m²","Anton Lizardo, Alvarado, Veracruz Llave","3","3","/detalle/41032-73-9a02441ff061-c84c-195ac28-aadf-803d"
"Casa en Venta en Villa Rica","$ 2,550,000","102 m²","Villa Rica, Boca del Río, Veracruz Llave","2","3","/detalle/41032-73-dd9c2e8aec2c-eee8-1912d75-a5f3-72a4"
"Casa en Venta en La Nueva Victoria","$ 17,800,000","650 m²","La Nueva Victoria, San Andrés Tuxtla, Veracruz Llave","3","3","/detalle/41032-73-58042e8d8039-3541-19123de-b0a3-79e8"
"Casa en Venta en Buenavista Infonavit","$ 1,860,000","145 m²","Buenavista Infonavit, Veracruz, Veracruz Llave","2","2","/detalle/41032-73-d26c30527d27-2649-1953ae8-979a-78d4"
"Casa en Fraccionamiento en Venta en San Jose Novillero","$ 1,970,000","No disponible","San Jose Novillero, Boca del Río, Veracruz Llave","2","3","/detalle/41032-73-40cfccff9e35-b35a-1919978-8d1c-744d"
"Casa en Venta en Jardines de Virginia","$ 2,350,000","102 m²","Jardines de Virginia, Boca del Río, Veracruz Llave","2","3","/detalle/41032-73-191690ca858f-3394-194b530-a085-7633"
"Casa en Venta en Lomas del Sol","$ 7,850,000","450 m²","Lomas del Sol, Alvarado, Veracruz Llave","5","3","/detalle/41032-73-790213600923-862-951fdaf2-ac20-31e0"
"Casa en Venta en Lomas de Rio Medio III","$ 850,000","60 m²","Lomas de Rio Medio III, Veracruz, Veracruz Llave","2","2","/detalle/41032-73-de474fd003f7-d698-194148e-94a3-704c"
"Casa en Venta en El Morro las Colonias","$ 2,350,000","165 m²","El Morro las Colonias, Boca del Río, Veracruz Llave","2","3","/detalle/41032-73-25933373f0de-9c1f-194de3d-8b91-782a"
"Casa en Fraccionamiento en Venta en Arboledas","$ 8,400,000","310 m²","Arboledas, Cosoleacaque, Veracruz Llave","4","6","/detalle/41032-73-5f135c2fc86e-b58f-1947277-a085-8046"
"Casa en Venta en Texistepec","$ 3,150,000","120 m²","Texistepec, Texistepec, Veracruz Llave","2","3","/detalle/41032-73-c8b9e7ef030e-55d4-196b032-9821-7c81"
"Casa en Venta en Graciano Sánchez Romo","$ 3,790,000","200 m²","Graciano Sánchez Romo, Boca del Río, Veracruz Llave","2","3","/detalle/41032-73-2c6fe3735a2e-dab9-196ab2e-9535-7e76"
"Casa en Venta en Los Pinos","$ 1,250,000","170 m²","Los Pinos, Veracruz, Veracruz Llave","3","4","/detalle/41032-73-6fbbf95874a7-de00-194b52f-a011-77b2"
"Casa en Venta en Las Lomas","$ 3,150,000","148 m²","Las Lomas, Alvarado, Veracruz Llave","3","3","/detalle/41032-73-5a472d7b563b-8ac4-19590e3-aa8a-8048"
"Casa en Venta en San Jose Novillero","$ 2,875,000","180 m²","San Jose Novillero, Boca del Río, Veracruz Llave","2","3","/detalle/41032-73-e64a9d5cca4a-bb67-194d313-a213-7afd"
"Casa en Venta en San Jose Novillero","$ 3,850,000","No disponible","San Jose Novillero, Boca del Río, Veracruz Llave","3","3","/detalle/41032-73-5bc22ae0ecde-8f20-194d2df-b25a-74c2"
"Casa en Venta en Emiliano Zapata","$ 2,350,000","No disponible","Emiliano Zapata, Emiliano Zapata, Veracruz Llave","2","2","/detalle/41032-73-e5e70b25a327-5f50-8cd20d59-819c-1237"
"Casa en Venta en Nuevo Coapexpan","$ 2,350,000","123 m²","Nuevo Coapexpan, Xalapa, Veracruz Llave","3","3","/detalle/41032-73-b33cc86d07c5-a9d2-f8fd38f9-a1a1-1f32"
"Casa en Venta en Campestre el Porvenir","$ 3,800,000","No disponible","Campestre el Porvenir, Emiliano Zapata, Veracruz Llave","2","2","/detalle/41032-73-48b7ef8b6e1b-227f-195b566-8094-7a4b"
"Casa en Venta en Emiliano Zapata","$ 3,050,000","105 m²","Emiliano Zapata, Emiliano Zapata, Veracruz Llave","2","3","/detalle/41032-73-faf68128edb9-bb52-194493b-b71f-7773"
"Casa en Venta en Mártires de Chicago","$ 2,890,000","160 m²","Mártires de Chicago, Xalapa, Veracruz Llave","3","3","/detalle/41032-73-2fb43e390dc1-81ad-195bb7e-9a15-7c0b"
"Casa en Venta en Indeco Animas","$ 3,320,000","128 m²","Indeco Animas, Xalapa, Veracruz Llave","2","3","/detalle/41032-73-5e6d613dca5d-286f-195bb3a-9ef5-7eb6"
"Casa en Venta en Presa de San Bruno","$ 2,300,000","296 m²","Presa de San Bruno, Xalapa, Veracruz Llave","4","5","/detalle/41032-73-e126eb54b558-3c21-f622e249-a173-1237"
"Casa en Venta en Coatepec Centro","$ 2,500,000","No disponible","Coatepec Centro, Coatepec, Veracruz Llave","2","4","/detalle/41032-73-9fd16449fb21-290d-1951c03-b359-7937"
"Casa en Venta en Emiliano Zapata","$ 3,100,000","No disponible","Emiliano Zapata, Xalapa, Veracruz Llave","2","3","/detalle/41032-73-6eb317484e00-521f-191f2cc-8265-765b"
"Casa en Venta en Jalapa Enríquez Centro","$ 4,200,000","188 m²","Jalapa Enríquez Centro, Xalapa, Veracruz Llave","3","4","/detalle/41032-73-f5727f3d16d-5510-c306c599-84f8-1237"
"Casa en Venta en Banus","$ 8,350,000","212 m²","Banus, Alvarado, Veracruz Llave","3","3","/detalle/41032-73-35bfb28fab5c-d4de-194dfac-8695-7c3b"
"Casa en Venta en Lomas del Sol","$ 12,800,000","758 m²","Lomas del Sol, Alvarado, Veracruz Llave","9","6","/detalle/41032-73-88a74ee1e1f0-7b88-194ddb4-80bd-75ee"
"Casa en Venta en El Morro las Colonias","$ 4,950,000","228 m²","El Morro las Colonias, Boca del Río, Veracruz Llave","3","4","/detalle/41032-73-92328a1b7dbf-3f61-19637d8-99d8-7061"
"Casa en Venta en Indeco Animas","$ 2,500,000","No disponible","Indeco Animas, Xalapa, Veracruz Llave","2","3","/detalle/41032-73-cdd6dcd9ebd9-102-19587e5-b356-7398"
"Casa en Venta en San Jose Novillero","$ 2,900,000","195 m²","San Jose Novillero, Boca del Río, Veracruz Llave","3","4","/detalle/41032-73-2ea0446858ee-7a0b-197a066-a885-70e1"
"Casa en Venta en Las Palmas","$ 6,050,000","340 m²","Las Palmas, Medellín, Veracruz Llave","3","3","/detalle/41032-73-a6d1ffc869a9-af65-1971a6c-ba9d-7576"
"Casa en Venta en Las Lomas","$ 3,500,000","250 m²","Las Lomas, Alvarado, Veracruz Llave","3","3","/detalle/41032-73-233ca4f6cbba-7d44-194df9f-abde-79e7"
"Casa en Venta en Las Palmas","$ 5,500,000","305 m²","Las Palmas, Medellín, Veracruz Llave","4","3","/detalle/41032-73-fdb8f5b91ef9-4a77-194dc9a-9dd1-70a7"
"Casa en Venta en Veracruz Centro","$ 4,730,000","No disponible","Veracruz Centro, Veracruz, Veracruz Llave","4","3","/detalle/41032-73-bae94a93ff3a-92d3-1934fb9-80bb-7b1b"
"Casa en Venta en Estatuto Juridico","$ 2,850,000","186 m²","Estatuto Juridico, Boca del Río, Veracruz Llave","2","2","/detalle/41032-73-a6579ac6b82e-1c44-1957425-83d8-7838"
"Casa en Venta en Costa de Oro 1a Secc","$ 6,995,000","370 m²","Costa de Oro 1a Secc, Boca del Río, Veracruz Llave","3","3","/detalle/41032-73-8a0762fe7c5a-9ea5-61a26b95-a487-43be"
"Casa en Venta en Veracruz Centro","$ 60,000,000","No disponible","Veracruz Centro, Veracruz, Veracruz Llave","No disponible","No disponible","/detalle/41032-73-99a97d79ce18-ddd0-195db1b-ad1f-711a"
"Casa en Fraccionamiento en Venta en Las Hortalizas","$ 1,800,000","203 m²","Las Hortalizas, Veracruz, Veracruz Llave","2","5","/detalle/41032-73-c48c52060c99-fe6a-ee00a0e9-a0d6-4af3"
"Casa en Venta en Villas Del Alvarado","$ 5,800,000","375 m²","Villas Del Alvarado, Alvarado, Veracruz Llave","No disponible","3","/detalle/41032-73-116908258646-ff01-65a97b19-8936-3806"
"Casa en Venta en Costa de Oro 1a Secc","$ 8,900,000","380 m²","Costa de Oro 1a Secc, Boca del Río, Veracruz Llave","No disponible","4","/detalle/41032-73-114667f48f4f-6447-130651af-9f0c-3fc0"
"Casa en Venta en Lomas Del Mar","$ 3,500,000","222 m²","Lomas Del Mar, Boca del Río, Veracruz Llave","3","4","/detalle/41032-73-9c13b1996673-c8d4-26139fce-a903-3220"
"Casa en Venta en Medellin de Bravo","$ 669,900","42 m²","Medellin de Bravo, Medellín, Veracruz Llave","1","2","/detalle/41032-73-e73f94877087-b59f-c6e3ab93-873f-3569"
"Casa en Venta en Condado Valle Dorado","$ 1,070,000","143 m²","Condado Valle Dorado, Veracruz, Veracruz Llave","2","3","/detalle/41032-73-dccc23f7a568-631a-e78c48f7-9f23-41c8"
"Casa en Venta en Mexico","$ 1","No disponible","Mexico, Veracruz, Veracruz Llave","No disponible","No disponible","/detalle/41032-73-60bc6cc34807-87b5-d57399d4-be1f-49ee"
"Casa en Fraccionamiento en Venta en Medellin de Bravo","$ 982,300","63 m²","Medellin de Bravo, Medellín, Veracruz Llave","No disponible","2","/detalle/41032-73-1d4ddcdf844-323e-307bbf8c-bcfc-3cab"
"Casa en Venta en Morada del Quetzal","$ 3,100,000","105 m²","Morada del Quetzal, Emiliano Zapata, Veracruz Llave","3","3","/detalle/41032-73-c47a4faa0fe5-2fcc-19626ba-a7cd-7d3f"
"Casa en Venta en Camino Real","$ 13,500,000","660 m²","Camino Real, Boca del Río, Veracruz Llave","5","5","/detalle/41032-73-d90a2f0066bb-7f38-ae04e370-9c61-4b0a"
"Casa en Venta en Sumidero","$ 1,700,000","168 m²","Sumidero, Xalapa, Veracruz Llave","3","3","/detalle/41032-73-e801f3e30dc3-65ff-46aeb44b-80e5-4265"
"Casa en Venta en Nueva","$ 7,950,000","400 m²","Nueva, Veracruz, Veracruz Llave","4","4","/detalle/41032-73-a5287a168517-ebc-192a681-b191-726c"
"Casa en Venta en Lomas de la Rioja","$ 4,820,000","200 m²","Lomas de la Rioja, Alvarado, Veracruz Llave","2","3","/detalle/41032-73-8e6697a3602e-f3e-8578f2eb-89a6-4cde"
"Casa en Venta en Jardines de Virginia","$ 4,600,000","325 m²","Jardines de Virginia, Boca del Río, Veracruz Llave","4","4","/detalle/41032-73-5a323ac0c20f-fbe2-f042082e-995f-42e6"
"Casa en Venta en Punta de Arenas","$ 17,000,000","No disponible","Punta de Arenas, Alvarado, Veracruz Llave","6","5","/detalle/41032-73-594ef5ab3f9f-9ab9-192da0f-996c-78d8"
"Casa en Venta en Boca Del Rio","$ 4,790,000","232 m²","Boca Del Rio, Boca del Río, Veracruz Llave","3","3","/detalle/41032-73-402b01038e33-b5ec-19613d5-9800-7cd6"
"Casa en Venta en Costa de Oro 1a Secc","$ 7,500,000","205 m²","Costa de Oro 1a Secc, Boca del Río, Veracruz Llave","3","3","/detalle/41032-73-90a81583cfce-ef80-190be19-8829-76b8"
"Casa en Venta en Alvarado Centro","$ 4,500,000","252 m²","Alvarado Centro, Alvarado, Veracruz Llave","3","3","/detalle/41032-73-6e3514b31172-a5dc-19724ca-8f86-739e"
"Casa en Venta en Costa del Sol","$ 3,500,000","195 m²","Costa del Sol, Boca del Río, Veracruz Llave","3","3","/detalle/41032-73-2a4555e0caf1-3877-195f85b-821e-7e1b"
"Casa en Venta en El Morro las Colonias","$ 4,950,000","228 m²","El Morro las Colonias, Boca del Río, Veracruz Llave","4","4","/detalle/41032-73-12519f1b195d-d914-1958df1-b782-7524"
"Casa en Venta en Playas de Conchal","$ 14,115,000","408 m²","Playas de Conchal, Alvarado, Veracruz Llave","4","4","/detalle/41032-73-8be106fab115-6289-194dfa8-9362-74cb"
"Casa en Venta en Boca Del Rio","$ 4,249,000","215 m²","Boca Del Rio, Boca del Río, Veracruz Llave","3","3","/detalle/41032-73-4c851a99892d-185c-194df4a-b555-7049"
"Casa en Venta en Lomas Del Mar","$ 13,200,000","500 m²","Lomas Del Mar, Boca del Río, Veracruz Llave","4","4","/detalle/41032-73-6a81d55e5501-73d9-197d907-bdc4-705d"
"Casa en Venta en Los Faros","$ 5,800,000","420 m²","Los Faros, Veracruz, Veracruz Llave","3","4","/detalle/41032-73-993b3930900c-305a-1968513-a103-729d"
"Casa en Venta en Medellin de Bravo","$ 1,650,000","78 m²","Medellin de Bravo, Medellín, Veracruz Llave","2","2","/detalle/41032-73-1847a53b16b3-2acd-194dee2-b352-7754"
"Casa en Venta en Alvarado Centro","$ 9,500,000","500 m²","Alvarado Centro, Alvarado, Veracruz Llave","3","3","/detalle/41032-73-8dbeacb9ee2e-361e-5bb0b1b9-9741-3063"
"Casa en Venta en Boca Del Rio","$ 7,190,000","310 m²","Boca Del Rio, Boca del Río, Veracruz Llave","4","4","/detalle/41032-73-bac87e6f9d94-7fd7-195acc6-b16f-7eed"
"Casa en Venta en Boca Del Rio Centro","$ 36,800,000","1,056 m²","Boca Del Rio Centro, Boca del Río, Veracruz Llave","4","4","/detalle/41032-73-2297817ecbee-8c66-194dd6b-a95b-7a49"
"Casa en Venta en El Morro las Colonias","$ 2,670,000","155 m²","El Morro las Colonias, Boca del Río, Veracruz Llave","3","3","/detalle/41032-73-d5c6b27bf245-1af9-190a025-a08d-7ecc"
"Casa en Venta en Playas de Conchal","$ 7,180,000","368 m²","Playas de Conchal, Alvarado, Veracruz Llave","3","3","/detalle/41032-73-479a619c7769-89cd-194dcaa-a311-7407"
"Casa en Venta en Boca Del Rio","$ 5,470,000","230 m²","Boca Del Rio, Boca del Río, Veracruz Llave","4","4","/detalle/41032-73-f5c5b15ce26a-a781-194dc8b-97d7-7aef"
"Casa en Venta en Costa de Oro 1a Secc","$ 12,000,000","1,000 m²","Costa de Oro 1a Secc, Boca del Río, Veracruz Llave","5","5","/detalle/41032-73-7782f9958843-7591-9d0ee113-b75a-35a6"
"Casa en Venta en Alvarado Centro","$ 6,290,000","250 m²","Alvarado Centro, Alvarado, Veracruz Llave","4","4","/detalle/41032-73-9b1b7cad0678-a56b-194ddb5-8ee3-78a4"
"Casa en Venta en Lomas de la Rioja","$ 1,095,863","194.82 m²","Lomas de la Rioja, Alvarado, Veracruz Llave","No disponible","No disponible","/detalle/41032-73-bc691de92900-464e-194df07-bd55-7278"
"Casa en Venta en Costa de Oro 1a Secc","$ 15,000,000","900 m²","Costa de Oro 1a Secc, Boca del Río, Veracruz Llave","4","3","/detalle/41032-73-92327662b270-5c9d-6ddaaeb6-9d53-3a5f"
"Casa en Venta en Ricardo Flores Magón","$ 3,000,000","150 m²","Ricardo Flores Magón, Tecolutla, Veracruz Llave","4","4","/detalle/41032-73-153226823290-aa28-197cd7a-9290-7682"
"Casa en Venta en Tlacotengo","$ 3,500,000","255 m²","Tlacotengo, Fortín, Veracruz Llave","2","3","/detalle/41032-73-ddc085c82879-d04c-197155f-bd22-7c4e"
"Casa en Venta en Camino Real","$ 1,980,000","130 m²","Camino Real, Boca del Río, Veracruz Llave","3","3","/detalle/41032-73-5e92df4a2b65-e458-7fef76ab-9931-3297"
"Casa en Venta en La Tampiquera","$ 2,800,000","182 m²","La Tampiquera, Boca del Río, Veracruz Llave","3","3","/detalle/41032-73-9886cd12ba19-20f4-1978107-8492-7782"
"Casa en Fraccionamiento en Venta en Alvarado Centro","$ 6,990,000","358 m²","Alvarado Centro, Alvarado, Veracruz Llave","3","3","/detalle/41032-73-6677d62231a7-9964-1928dca-9c11-79e4"
"Casa en Venta en Rincón Chico","$ 2,900,000","160 m²","Rincón Chico, Orizaba, Veracruz Llave","2","3","/detalle/41032-73-ddf30aa05bfd-7825-197cca4-9eeb-7129"
"Casa en Fraccionamiento en Venta en El Conchal","$ 16,000,000","670 m²","El Conchal, Alvarado, Veracruz Llave","3","3","/detalle/41032-73-ca251126e215-20c7-1948fa2-8d1f-7162"
"Casa en Venta en Orizaba Centro","$ 3,200,000","189 m²","Orizaba Centro, Orizaba, Veracruz Llave","2","5","/detalle/41032-73-1c81791c2aed-6655-196b130-aeaa-7275"
"Casa en Fraccionamiento en Venta en Alvarado Centro","$ 5,550,000","268 m²","Alvarado Centro, Alvarado, Veracruz Llave","4","4","/detalle/41032-73-e80cbb77f56f-c632-19683ca-a263-8041"
"Casa en Fraccionamiento en Venta en Boca Del Rio Centro","$ 36,000,000","1,056 m²","Boca Del Rio Centro, Boca del Río, Veracruz Llave","5","4","/detalle/41032-73-c48b7e4fae50-8ae4-1948f70-8d1f-7162"
"Casa en Venta en Escamela","$ 3,800,000","308 m²","Escamela, Ixtaczoquitlán, Veracruz Llave","1","2","/detalle/41032-73-605a8bb92beb-afca-196abee-8583-7f2c"
"Casa en Venta en Alvarado Centro","$ 3,985,000","238 m²","Alvarado Centro, Alvarado, Veracruz Llave","3","3","/detalle/41032-73-ea0ce921b3e1-a621-6b5d4e9b-bc36-4a4b"
"Casa en Venta en Orizaba Centro","$ 1,290,000","80 m²","Orizaba Centro, Orizaba, Veracruz Llave","1","2","/detalle/41032-73-76726822e94f-29bb-196ad8f-b707-75a5"
"Casa en Venta en Floresta","$ 1,800,000","No disponible","Floresta, Veracruz, Veracruz Llave","2","2","/detalle/41032-73-a9fbf4850952-7b9f-1973b40-b52a-708d"
"Casa en Venta en Orizaba Centro","$ 1,750,000","89 m²","Orizaba Centro, Orizaba, Veracruz Llave","1","2","/detalle/41032-73-28f01313b077-57f8-196b134-aeaa-7275"
"Casa en Venta en Álvaro Obregón","$ 6,800,000","1,000 m²","Álvaro Obregón, Río Blanco, Veracruz Llave","2","4","/detalle/41032-73-6a69fd4ef372-42ee-196abf5-8583-7f2c"
"Casa en Venta en Orizaba Centro","$ 3,190,000","220 m²","Orizaba Centro, Orizaba, Veracruz Llave","1","3","/detalle/41032-73-89ee4da9963f-4a4-196ac56-8583-7f2c"
"Casa en Venta en Escamela","$ 6,500,000","1,200 m²","Escamela, Ixtaczoquitlán, Veracruz Llave","2","4","/detalle/41032-73-38e98a0ff34a-8136-196a83d-aea4-704d"
"Casa en Fraccionamiento en Venta en Alvarado Centro","$ 2,675,000","114 m²","Alvarado Centro, Alvarado, Veracruz Llave","2","2","/detalle/41032-73-e5050d926a22-f301-19682f6-a263-8041"
"Casa en Venta en Aquiles Serdán","$ 6,300,000","906 m²","Aquiles Serdán, Nogales, Veracruz Llave","2","4","/detalle/41032-73-a6e95482d38d-ab67-196adb2-b707-75a5"
"Casa en Fraccionamiento en Venta en Alvarado Centro","$ 2,585,000","128 m²","Alvarado Centro, Alvarado, Veracruz Llave","2","2","/detalle/41032-73-dbaac064ef55-e4d9-19682e0-a263-8041"
"Casa en Venta en Orizaba Centro","$ 3,250,000","147 m²","Orizaba Centro, Orizaba, Veracruz Llave","2","2","/detalle/41032-73-de50cfa4d986-e438-196b10f-aea9-7275"
"Casa en Venta en Orizaba Centro","$ 3,950,000","No disponible","Orizaba Centro, Orizaba, Veracruz Llave","3","3","/detalle/41032-73-ce04300c312d-dd42-196ade6-b707-75a5"
"Casa en Venta en Orizaba Centro","$ 3,000,000","161 m²","Orizaba Centro, Orizaba, Veracruz Llave","1","2","/detalle/41032-73-b380d3433666-72aa-196adbb-b707-75a5"
"Casa en Venta en San Cayetano","$ 1,600,000","115 m²","San Cayetano, Córdoba, Veracruz Llave","2","3","/detalle/41032-73-99840d7197f0-d2ae-196ac63-8583-7f2c"
"Casa en Venta en Orizaba Centro","$ 3,990,000","192 m²","Orizaba Centro, Orizaba, Veracruz Llave","2","3","/detalle/41032-73-949bebf0b2d0-78cf-196ac5e-8583-7f2c"
"Casa en Venta en Ixhuatlancillo","$ 1,450,000","188 m²","Ixhuatlancillo, Veracruz Llave","1","2","/detalle/41032-73-c311087b0bce-8b2e-196adcb-b707-75a5"
"Casa en Venta en Floresta","$ 2,350,000","200 m²","Floresta, Veracruz, Veracruz Llave","2","3","/detalle/41032-73-945f679ca204-26ee-1909ecf-8382-7ecd"
"Casa en Venta en Veracruz Centro","$ 4,900,000","400 m²","Veracruz Centro, Veracruz, Veracruz Llave","3","3","/detalle/41032-73-dfd148cf94e1-717a-1978e4a-87a0-7e20"
"Casa en Venta en Costa de Oro 1a Secc","$ 10,900,000","395 m²","Costa de Oro 1a Secc, Boca del Río, Veracruz Llave","4","3","/detalle/41032-73-b53e49c88302-4acb-1969e9a-a07a-76ad"
"Casa en Venta en Virgilio Uribe","$ 3,650,000","385 m²","Virgilio Uribe, Veracruz, Veracruz Llave","3","6","/detalle/41032-73-1c7bdb4b471d-99a5-1966b44-b09d-759f"
"Casa en Venta en Orizaba Centro","$ 4,100,000","222 m²","Orizaba Centro, Orizaba, Veracruz Llave","2","6","/detalle/41032-73-820b0ba3cb20-8335-196ad99-b707-75a5"
"Casa en Fraccionamiento en Venta en Alvarado Centro","$ 12,000,000","478 m²","Alvarado Centro, Alvarado, Veracruz Llave","5","5","/detalle/41032-73-3cbdf26596a2-642f-197c517-a676-740d"
"Casa en Venta en Escamela","$ 1,450,000","No disponible","Escamela, Ixtaczoquitlán, Veracruz Llave","1","2","/detalle/41032-73-f2380a2f1a99-694e-196b11d-aea9-7275"
"Casa en Venta en Ixhuatlancillo","$ 2,700,000","No disponible","Ixhuatlancillo, Veracruz Llave","3","4","/detalle/41032-73-e66b9c9adc91-ed41-196b115-aea9-7275"
"Casa en Venta en San Cayetano","$ 6,500,000","394 m²","San Cayetano, Córdoba, Veracruz Llave","1","2","/detalle/41032-73-6e977977f3bc-9e31-196ad8b-b707-75a5"
"Casa en Venta en San Cayetano","$ 2,260,000","185 m²","San Cayetano, Córdoba, Veracruz Llave","2","3","/detalle/41032-73-eac29b5931d8-ecd2-196b117-aea9-7275"
"Casa en Venta en Fortín de las Flores Centro","$ 1,790,000","450 m²","Fortín de las Flores Centro, Fortín, Veracruz Llave","1","3","/detalle/41032-73-88620040679e-c064-196ad9f-b707-75a5"
"Casa en Venta en Ejido Primero de Mayo Sur","$ 2,380,000","181 m²","Ejido Primero de Mayo Sur, Boca del Río, Veracruz Llave","2","3","/detalle/41032-73-eb321c2c7483-a126-197909b-88c2-7595"
"Casa en Venta en Álvaro Obregón","$ 3,600,000","299 m²","Álvaro Obregón, Río Blanco, Veracruz Llave","2","3","/detalle/41032-73-967687a93eee-36b2-196ada4-b707-75a5"
"Casa en Venta en Cosoleacaque Centro","$ 5,995,000","298 m²","Cosoleacaque Centro, Cosoleacaque, Veracruz Llave","3","3","/detalle/41032-73-d82b7a530f90-9ae1-190c968-8a79-748e"
"Casa en Venta en Huatusco de Chicuellar Centro","$ 3,000,000","260 m²","Huatusco de Chicuellar Centro, Huatusco, Veracruz Llave","3","4","/detalle/41032-73-b0796bdef6f0-4933-1966b11-b1b7-7ee1"
"Casa en Fraccionamiento en Venta en Pedregal de las Animas","$ 5,500,000","350 m²","Pedregal de las Animas, Xalapa, Veracruz Llave","4","4","/detalle/41032-73-bc1d7d3e16b6-a79b-197bf41-be64-76cd"
"Casa en Fraccionamiento en Venta en Rubí Ánimas","$ 6,290,000","408 m²","Rubí Ánimas, Xalapa, Veracruz Llave","4","3","/detalle/41032-73-ec1b6199967b-a9b-197bf3f-a9ee-7c89"
"Casa en Venta en Pedregal de las Animas","$ 4,950,000","327 m²","Pedregal de las Animas, Xalapa, Veracruz Llave","3","3","/detalle/41032-73-f35772aefe76-285c-197bf40-9fb0-7721"
"Casa en Venta en Pedregal de las Animas","$ 3,620,000","185 m²","Pedregal de las Animas, Xalapa, Veracruz Llave","2","3","/detalle/41032-73-2ec7563e2c4a-6d18-197bf3f-b88d-71da"
"Casa en Venta en Olmos de Las Ánimas","$ 3,250,000","180 m²","Olmos de Las Ánimas, Xalapa, Veracruz Llave","3","4","/detalle/41032-73-ed61ac5fa3f-9109-197eda2-9444-7961"
"Casa en Venta en Tres Pasos","$ 2,790,000","123 m²","Tres Pasos, Emiliano Zapata, Veracruz Llave","2","3","/detalle/41032-73-99d46b525bc4-60c5-197bf42-8c50-7702"
"Casa en Venta en Pedregal de las Animas","$ 3,770,000","260 m²","Pedregal de las Animas, Xalapa, Veracruz Llave","4","3","/detalle/41032-73-23406464610b-b0d-197bf42-af19-73ff"
"Casa en Fraccionamiento en Venta en Alvarado Centro","$ 2,190,000","87 m²","Alvarado Centro, Alvarado, Veracruz Llave","2","2","/detalle/41032-73-6cf415d42b15-7cbb-1960e4d-8600-78cd"
"Casa en Venta en Rubí Ánimas","$ 4,290,000","326 m²","Rubí Ánimas, Xalapa, Veracruz Llave","3","3","/detalle/41032-73-be216b0eb599-b923-197bf45-ac0f-79ed"
"Casa en Fraccionamiento en Venta en Paso Del Toro","$ 4,800,000","255 m²","Paso Del Toro, Xalapa, Veracruz Llave","3","3","/detalle/41032-73-3b468380a6ee-3a25-197bf3f-b94b-710a"
"Casa en Venta en Campestre el Porvenir","$ 4,788,000","280 m²","Campestre el Porvenir, Emiliano Zapata, Veracruz Llave","2","3","/detalle/41032-73-a66f86028030-afa4-197bf3a-8a91-7c96"
"Casa en Venta en Coapexpan","$ 9,500,000","420 m²","Coapexpan, Xalapa, Veracruz Llave","2","3","/detalle/41032-73-e927a90a37cf-dc3-197bf39-8f69-706f"
"Casa en Venta en Paso Del Toro","$ 18,500,000","705 m²","Paso Del Toro, Xalapa, Veracruz Llave","5","3","/detalle/41032-73-94e87d6a6fd4-f8d9-197bf44-8c4d-7b55"
"Casa en Venta en Emiliano Zapata","$ 1,890,000","149 m²","Emiliano Zapata, Xalapa, Veracruz Llave","2","3","/detalle/41032-73-49686b6e404f-c606-197bf33-92a6-7cb9"
"Casa en Venta en Boca Del Rio","$ 4,190,000","219 m²","Boca Del Rio, Boca del Río, Veracruz Llave","3","3","/detalle/41032-73-21d389770281-fd3d-19641e0-a0e1-8043"
"Casa en Venta en Pedregal de las Animas","$ 3,650,000","212 m²","Pedregal de las Animas, Xalapa, Veracruz Llave","2","3","/detalle/41032-73-afc5daeba86-cd6d-197bf3f-b489-714e"
"Casa en Fraccionamiento en Venta en Pedregal de las Animas","$ 5,790,000","360 m²","Pedregal de las Animas, Xalapa, Veracruz Llave","3","3","/detalle/41032-73-ecd2e9273640-6387-197bf3d-b1a5-7a67"
"Casa en Venta en Emiliano Zapata","$ 4,900,000","250 m²","Emiliano Zapata, Emiliano Zapata, Veracruz Llave","3","4","/detalle/41032-73-e030b3d8c409-1684-197bf3d-973b-7cbb"
"Casa en Venta en Paso Del Macho","$ 7,998,000","600 m²","Paso Del Macho, Veracruz Llave","4","3","/detalle/41032-73-4eeb4618e8cf-aafb-1961d00-90f2-75ed"
"Casa en Venta en San Jose Novillero","$ 3,150,000","110 m²","San Jose Novillero, Boca del Río, Veracruz Llave","2","2","/detalle/41032-73-3d2e82a8064b-e5a2-19540b1-8818-79be"
"Casa en Venta en San Jose Novillero","$ 4,390,000","180 m²","San Jose Novillero, Boca del Río, Veracruz Llave","3","3","/detalle/41032-73-4ba44cd3dafe-145d-19347c9-bebd-7e01"
"Casa en Venta en Ejido Primero de Mayo Norte","$ 6,995,000","370 m²","Ejido Primero de Mayo Norte, Boca del Río, Veracruz Llave","3","3","/detalle/41032-73-45a2d49c5ff-8a5d-18f5e66-b574-7b29"
"Casa en Venta en Boca Del Rio","$ 4,350,000","226 m²","Boca Del Rio, Boca del Río, Veracruz Llave","3","3","/detalle/41032-73-1097058a9619-4d95-194df85-bf4f-77fe"
"Casa en Venta en Playas de Conchal","$ 44,000,000","No disponible","Playas de Conchal, Alvarado, Veracruz Llave","4","4","/detalle/41032-73-778dde349fc9-b7c-1905d35-bf15-7e93"
"Casa en Venta en Camino Real","$ 2,995,000","120 m²","Camino Real, Boca del Río, Veracruz Llave","2","2","/detalle/41032-73-d05e5958d6cb-ddce-197b4e5-adef-78ef"
"Casa en Venta en Playas de Conchal","$ 4,800,000","222 m²","Playas de Conchal, Alvarado, Veracruz Llave","4","3","/detalle/41032-73-501e178324ee-440-194dc8f-ab84-79a5"
"Casa en Venta en Agrícola","$ 3,900,000","220 m²","Agrícola, Xalapa, Veracruz Llave","5","3","/detalle/41032-73-93d4522a0eb6-4302-197f5ba-916e-7236"
"Casa en Venta en Pastoresa","$ 13,400,000","526 m²","Pastoresa, Xalapa, Veracruz Llave","6","3","/detalle/41032-73-51911397e171-797e-197e787-b48e-75a4"
"Casa en Venta en Central de Abastos","$ 1,995,000","228 m²","Central de Abastos, Veracruz, Veracruz Llave","2","2","/detalle/41032-73-132548fcbd52-8b18-9fd9632f-952c-4ad3"
"Casa en Venta en Ugocep","$ 2,650,000","129 m²","Ugocep, Boca del Río, Veracruz Llave","2","3","/detalle/41032-73-790efec4899f-8cc4-9b773ba9-90d9-1fbb"
"Casa en Venta en El Morro las Colonias","$ 2,940,000","140 m²","El Morro las Colonias, Boca del Río, Veracruz Llave","No disponible","No disponible","/detalle/41032-73-ca0497acad7f-92eb-194dc57-851e-735e"
"Casa en Venta en Indeco Animas","$ 2,750,000","185 m²","Indeco Animas, Xalapa, Veracruz Llave","3","3","/detalle/41032-73-c6041bd16857-a409-1971dd0-b723-7f31"
"Casa en Venta en Alvarado Centro","$ 29,000,000","830 m²","Alvarado Centro, Alvarado, Veracruz Llave","4","4","/detalle/41032-73-9e148e3a6e42-2baa-197dac7-a589-73bd"
"Casa en Venta en Residencial Monte Magno","$ 5,700,000","270 m²","Residencial Monte Magno, Xalapa, Veracruz Llave","4","3","/detalle/41032-73-e5952c97155f-bba9-1974758-afd3-77bd"
"Casa en Venta en Residencial Monte Magno","$ 4,100,000","295 m²","Residencial Monte Magno, Xalapa, Veracruz Llave","4","3","/detalle/41032-73-8815b32329ba-832e-196f467-a517-7c01"
"Casa en Venta en Agrícola","$ 3,450,000","200 m²","Agrícola, Xalapa, Veracruz Llave","4","3","/detalle/41032-73-7565666b032a-a32f-196fea1-8f4f-7d12"
"Casa en Venta en Pedregal de las Animas","$ 3,850,000","260 m²","Pedregal de las Animas, Xalapa, Veracruz Llave","5","3","/detalle/41032-73-e02a5c77fe12-eed6-197a4b8-8b2f-7193"
"Casa en Venta en Renacimiento","$ 4,500,000","180 m²","Renacimiento, Xalapa, Veracruz Llave","3","3","/detalle/41032-73-91d1db000ae-57b2-196a86d-903d-7d0c"
"Casa en Venta en Formando Hogar","$ 1,080,000","115 m²","Formando Hogar, Veracruz, Veracruz Llave","2","3","/detalle/41032-73-e6f654c02f5f-d083-46e764eb-9267-4a77"
"Casa en Venta en Linda Vista","$ 2,950,000","209 m²","Linda Vista, Boca del Río, Veracruz Llave","3","3","/detalle/41032-73-154ba1da2fe6-779e-388277ce-bd15-4960"
"Casa en Venta en Xana","$ 1,733,000","95 m²","Xana, Veracruz, Veracruz Llave","2","3","/detalle/41032-73-ea877bbcf2ab-9974-3ec7ce3d-94e0-4f75"
"Casa en Venta en Las Gaviotas","$ 1,300,000","250 m²","Las Gaviotas, Coatzacoalcos, Veracruz Llave","3","4","/detalle/41032-73-1701cc155218-4c94-48b0295b-8d8f-406d"
"Casa en Venta en Central de Abastos","$ 1,995,000","125 m²","Central de Abastos, Veracruz, Veracruz Llave","2","3","/detalle/41032-73-e5dfe7b92616-c438-1d681899-aa2e-1fc6"
"Casa en Venta en El Morro las Colonias","$ 2,600,000","130 m²","El Morro las Colonias, Boca del Río, Veracruz Llave","2","3","/detalle/41032-73-9d8dd5249429-e8e4-8543c6b-9a72-44a3"
"Casa en Venta en Veracruz Centro","$ 2,892,000","288 m²","Veracruz Centro, Veracruz, Veracruz Llave","No disponible","No disponible","/detalle/41032-73-88a69b1b7900-c3d6-d3e480f7-a551-4cf3"
"Casa en Venta en El Estero","$ 30,800,000","671 m²","El Estero, Boca del Río, Veracruz Llave","4","4","/detalle/41032-73-13b0e355b03-c1a7-1975f4b-901e-771c"
"Casa en Fraccionamiento en Venta en San Jose","$ 1,298,000","89 m²","San Jose, Veracruz, Veracruz Llave","2","3","/detalle/41032-73-e52f2834a2e4-9092-aa1b1290-beff-3c3b"
"Casa en Venta en Indeco Animas","$ 6,500,000","380 m²","Indeco Animas, Xalapa, Veracruz Llave","3","4","/detalle/41032-73-84f050941b64-6388-2863d33e-890d-4358"
"Casa en Venta en Ánimas Marqueza","$ 3,250,000","No disponible","Ánimas Marqueza, Xalapa, Veracruz Llave","2","3","/detalle/41032-73-ba89f555854a-851f-1976503-88d5-79e7"
"Casa en Venta en Acueducto Animas","$ 3,490,000","200 m²","Acueducto Animas, Xalapa, Veracruz Llave","2","3","/detalle/41032-73-b2689fac8b6d-5ef8-19640ce-82fc-7e1e"
"Casa en Venta en Pedregal de las Animas","$ 5,100,000","320 m²","Pedregal de las Animas, Xalapa, Veracruz Llave","3","3","/detalle/41032-73-19f7cf248a0a-ad8e-1956e58-bf88-7d11"
"Casa en Fraccionamiento en Venta en San Jose","$ 1,518,000","89 m²","San Jose, Veracruz, Veracruz Llave","2","3","/detalle/41032-73-3ae55566dd35-f2c9-b6fac4f6-b671-365d"
"Casa en Venta en Rubí Ánimas","$ 6,690,000","408 m²","Rubí Ánimas, Xalapa, Veracruz Llave","4","3","/detalle/41032-73-86cb15877ae1-4fb6-196e0b5-a4ce-77be"
"Casa en Venta en Emiliano Zapata","$ 5,850,000","1707.50 m²","Emiliano Zapata, Xalapa, Veracruz Llave","4","3","/detalle/41032-73-b37da7047cec-5ed7-417f04f5-855a-421c"
"Casa en Venta en Coapexpan","$ 9,950,000","922 m²","Coapexpan, Xalapa, Veracruz Llave","3","3","/detalle/41032-73-db6535647a88-102c-193d35b-9b09-802f"
"Casa en Fraccionamiento en Venta en Las Cumbres","$ 5,900,000","372 m²","Las Cumbres, Xalapa, Veracruz Llave","No disponible","3","/detalle/41032-73-efd2dafaf6d6-8dd9-24bc49f1-9cf9-37e2"
"Casa en Fraccionamiento en Venta en Tejería","$ 1,298,000","80 m²","Tejería, Veracruz, Veracruz Llave","2","3","/detalle/41032-73-d821a0835d2c-298-a0faebf-bbab-33e6"
"Casa en Venta en Rio Medio","$ 1,300,000","112 m²","Rio Medio, Veracruz, Veracruz Llave","1","3","/detalle/41032-73-9104a6fdffcd-2545-197d85a-b977-7376"
"Casa en Venta en Paso Del Toro","$ 18,500,000","901.09 m²","Paso Del Toro, Xalapa, Veracruz Llave","5","3","/detalle/41032-73-cd9b22f1ac38-5af-193bebc-b11f-76a3"
"Casa en Venta en Banus","$ 3,500,000","239 m²","Banus, Alvarado, Veracruz Llave","3","3","/detalle/41032-73-df84b4a36912-5225-1977b16-8083-795e"
"Casa en Venta en Rubí Ánimas","$ 5,300,000","207 m²","Rubí Ánimas, Xalapa, Veracruz Llave","3","3","/detalle/41032-73-811d7bcfda61-e6b8-1970448-bdb8-7af2"
"Casa en Venta en Campestre","$ 2,100,000","145 m²","Campestre, Xalapa, Veracruz Llave","2","4","/detalle/41032-73-17651e910c4a-5166-98d1a358-a8c5-4c26"
"Casa en Venta en Indeco Animas","$ 3,500,000","183 m²","Indeco Animas, Xalapa, Veracruz Llave","3","4","/detalle/41032-73-d8e0c3195fc0-8880-1977e5b-b8ae-79d9"
"Casa en Venta en Predio Palo Blanco","$ 1,350,000","80 m²","Predio Palo Blanco, Xalapa, Veracruz Llave","2","3","/detalle/41032-73-82fa2b7ef8dd-1d1f-99b01776-acfc-4771"
"Casa en Venta en Represa Del Carmen","$ 8,000,000","121 m²","Represa Del Carmen, Xalapa, Veracruz Llave","5","6","/detalle/41032-73-e5a46994bb21-624c-22dd94d9-80e0-4d4b"
"Casa en Venta en Barrio Nuevo","$ 4,500,000","182 m²","Barrio Nuevo, Orizaba, Veracruz Llave","3","3","/detalle/41032-73-7681bfd0dce0-87d0-1913906-9ed0-746b"
"Casa en Venta en Agrícola Moctezuma","$ 3,990,000","192 m²","Agrícola Moctezuma, Orizaba, Veracruz Llave","3","3","/detalle/41032-73-2429aff8f875-aec2-5ecd496e-8fa5-4523"
"Casa en Venta en Alianza Popular","$ 3,600,000","177 m²","Alianza Popular, Córdoba, Veracruz Llave","3","4","/detalle/41032-73-5742c6ceca73-140f-1959570-96f6-7849"
"Casa en Venta en Orizaba Centro","$ 6,570,000","311 m²","Orizaba Centro, Orizaba, Veracruz Llave","6","5","/detalle/41032-73-af4ddd04fbf6-3357-1911975-b29f-79e7"
"Casa en Fraccionamiento en Venta en Álvaro Obregón","$ 2,495,000","130 m²","Álvaro Obregón, Río Blanco, Veracruz Llave","3","3","/detalle/41032-73-3c14ebd159d7-9243-fc1246b7-aa82-4726"
"Casa en Venta en Orizaba Centro","$ 4,100,000","229 m²","Orizaba Centro, Orizaba, Veracruz Llave","4","3","/detalle/41032-73-d566a47b61da-bb92-2420eae-81d0-4c27"
"Casa en Venta en Escamela","$ 1,850,000","14 m²","Escamela, Ixtaczoquitlán, Veracruz Llave","2","2","/detalle/41032-73-da4997c271e9-b850-196d033-bb3a-7cf2"
"Casa en Venta en Ixhuatlancillo","$ 1,590,000","122.45 m²","Ixhuatlancillo, Veracruz Llave","2","2","/detalle/41032-73-815e9df562ca-4daa-196b7ca-bbb8-7b37"
"Casa en Venta en Orizaba Centro","$ 3,000,000","111 m²","Orizaba Centro, Orizaba, Veracruz Llave","2","3","/detalle/41032-73-1372be20d918-11f2-1930ec5-9823-7313"
"Casa en Venta en Potrerillo 2","$ 5,900,000","322 m²","Potrerillo 2, Ixtaczoquitlán, Veracruz Llave","3","4","/detalle/41032-73-8685a1db3ef3-a317-c3941597-b1fc-434c"
"Casa en Venta en Valle Dorado","$ 2,150,000","123.77 m²","Valle Dorado, Ixhuatlancillo, Veracruz Llave","3","3","/detalle/41032-73-9171c13102df-93b-196d61f-a3d4-72c2"
"Casa en Venta en Barrio Nuevo","$ 2,190,000","No disponible","Barrio Nuevo, Orizaba, Veracruz Llave","3","3","/detalle/41032-73-d872e055c229-2ea6-19520d1-818d-7a64"
"Casa en Venta en Tlilapan","$ 2,820,000","454 m²","Tlilapan, Tlilapan, Veracruz Llave","4","4","/detalle/41032-73-e2d60862b185-9eff-197e8a4-bdcf-7ad3"
"Casa en Venta en La Tampiquera","$ 2,990,000","174 m²","La Tampiquera, Boca del Río, Veracruz Llave","3","3","/detalle/41032-73-e5022a42d2a0-34f8-6aaac493-a453-4c1f"
"Casa en Fraccionamiento en Venta en Boca Del Rio","$ 3,890,000","219 m²","Boca Del Rio, Boca del Río, Veracruz Llave","3","3","/detalle/41032-73-fd66b395357d-87d4-2164890b-9c80-41ce"
"Casa en Venta en Geovillas los Pinos","$ 1,600,000","190 m²","Geovillas los Pinos, Veracruz, Veracruz Llave","2","2","/detalle/41032-73-c70c8ae7992c-97d0-1913a87-84a1-704e"
"Casa en Venta en Jardines de Virginia","$ 4,300,000","300 m²","Jardines de Virginia, Boca del Río, Veracruz Llave","3","4","/detalle/41032-73-ecdddf66e8dc-c830-1959126-a773-75a5"
"Casa en Venta en Costa de Oro 1a Secc","$ 6,800,000","368 m²","Costa de Oro 1a Secc, Boca del Río, Veracruz Llave","3","3","/detalle/41032-73-3458c4ec67af-d6fc-5f44b63c-90b0-4e89"
"Casa en Venta en Boca Del Rio","$ 1,500,000","110 m²","Boca Del Rio, Boca del Río, Veracruz Llave","2","2","/detalle/41032-73-5b9eb0168789-72a6-fa57c082-80c2-4eb5"
"Casa en Venta en Alvarado Centro","$ 5,800,000","276 m²","Alvarado Centro, Alvarado, Veracruz Llave","4","3","/detalle/41032-73-25f54e7d5a86-b1b3-5e16b1dc-93a8-4f26"
"Casa en Venta en Adolfo Lopez Mateos","$ 2,450,000","196 m²","Adolfo Lopez Mateos, Veracruz, Veracruz Llave","2","3","/detalle/41032-73-ff908c52351f-1f12-730c060-b4f3-46f1"
"Casa en Venta en Alvarado Centro","$ 7,250,000","330 m²","Alvarado Centro, Alvarado, Veracruz Llave","4","3","/detalle/41032-73-6565bf0ef8d2-80cd-190a404-99db-7d15"
"Casa en Fraccionamiento en Venta en San Jose Novillero","$ 3,835,000","223 m²","San Jose Novillero, Boca del Río, Veracruz Llave","3","3","/detalle/41032-73-ff2162bf9290-526f-b8ee73d2-a2f8-4e1d"
"Casa en Venta en Villa Rica","$ 3,250,000","171 m²","Villa Rica, Boca del Río, Veracruz Llave","3","3","/detalle/41032-73-f6a5924ae365-db54-192693e-8686-715a"
"Casa en Venta en La Posta","$ 5,000,000","265 m²","La Posta, La Antigua, Veracruz Llave","5","4","/detalle/41032-73-a582ae6e778b-5b0d-1977aff-a0e7-7489"
"Casa en Fraccionamiento en Venta en Las Bajadas","$ 1,891,000","95 m²","Las Bajadas, Veracruz, Veracruz Llave","2","3","/detalle/41032-73-e352270c72fb-6175-8c1bb2bc-8acb-44e6"
"Casa en Fraccionamiento en Venta en Pedregal de las Animas","$ 5,050,000","280 m²","Pedregal de las Animas, Xalapa, Veracruz Llave","4","4","/detalle/41032-73-c8b52d424d50-81c1-da0b76af-bf6c-4719"
"Casa en Fraccionamiento en Venta en El Morro las Colonias","$ 2,890,000","160 m²","El Morro las Colonias, Boca del Río, Veracruz Llave","2","3","/detalle/41032-73-af27c96abf03-9d00-1970ea0-8722-7e26"
"Casa en Fraccionamiento en Venta en El Morro las Colonias","$ 4,750,000","273 m²","El Morro las Colonias, Boca del Río, Veracruz Llave","3","4","/detalle/41032-73-edd0376358ad-1b7d-194f6c4-98d2-7f32"
"Casa en Fraccionamiento en Venta en Paso Del Toro","$ 1,850,000","124 m²","Paso Del Toro, Medellín, Veracruz Llave","2","3","/detalle/41032-73-3780e22ff2b8-e894-197c8f0-a427-74b7"
"Casa en Fraccionamiento en Venta en Alvarado Centro","$ 4,500,000","250 m²","Alvarado Centro, Alvarado, Veracruz Llave","3","3","/detalle/41032-73-e82c7c45eeb3-7f69-efc2be99-aa28-423d"
"Casa en Fraccionamiento en Venta en La Nueva Victoria","$ 6,750,000","310 m²","La Nueva Victoria, San Andrés Tuxtla, Veracruz Llave","4","3","/detalle/41032-73-526aace80223-69a7-89e961be-84e9-4d9d"
"Casa en Fraccionamiento en Venta en Playas de Conchal","$ 6,450,000","319 m²","Playas de Conchal, Alvarado, Veracruz Llave","3","3","/detalle/41032-73-b998b9e63b17-1e16-f7ea652b-aedd-468d"
"Casa en Venta en Buenavista Infonavit","$ 1,245,000","115 m²","Buenavista Infonavit, Veracruz, Veracruz Llave","2","3","/detalle/41032-73-9a728e24819b-1f6-19499d4-a519-7e1a"
"Casa en Venta en La Tampiquera","$ 2,800,000","142 m²","La Tampiquera, Boca del Río, Veracruz Llave","2","3","/detalle/41032-73-b1017cfe3fee-3301-1949564-a128-7e19"
"Casa en Venta en Villa Rica","$ 2,850,000","140 m²","Villa Rica, Boca del Río, Veracruz Llave","3","3","/detalle/41032-73-e96c967c4e5e-7a4a-1926926-8686-715a"
"Casa en Venta en Paso Del Toro","$ 9,000,000","500 m²","Paso Del Toro, Medellín, Veracruz Llave","5","3","/detalle/41032-73-e0c0ff1e91be-e752-710ec2db-96cc-4c39"
"Casa en Fraccionamiento en Venta en Astilleros de Veracruz","$ 1,900,000","298 m²","Astilleros de Veracruz, Veracruz, Veracruz Llave","2","5","/detalle/41032-73-9df2321e25a1-54bb-197131a-a876-79de"
"Casa en Venta en La Cuchilla","$ 3,180,000","152 m²","La Cuchilla, Boca del Río, Veracruz Llave","3","3","/detalle/41032-73-ce1ab4701f04-9384-195681a-8f37-7d0e"
"Casa en Venta en Los Pinos","$ 2,950,000","380 m²","Los Pinos, Veracruz, Veracruz Llave","3","3","/detalle/41032-73-5b4573bc78c1-c65a-194421b-b964-7050"
"Casa en Fraccionamiento en Venta en Floresta","$ 4,450,000","325 m²","Floresta, Veracruz, Veracruz Llave","3","4","/detalle/41032-73-ab0f3a230359-7894-1949552-a128-7e19"
"Casa en Venta en Medellin de Bravo","$ 750,000","60 m²","Medellin de Bravo, Medellín, Veracruz Llave","1","2","/detalle/41032-73-e0d013342ebe-f401-193278a-b079-7057"
"Casa en Venta en Costa de Oro 1a Secc","$ 6,990,000","240 m²","Costa de Oro 1a Secc, Boca del Río, Veracruz Llave","3","4","/detalle/41032-73-2f892c93cf74-ced4-19244b6-ae24-73de"
"Casa en Venta en El Morro las Colonias","$ 2,890,000","174 m²","El Morro las Colonias, Boca del Río, Veracruz Llave","2","3","/detalle/41032-73-d399745b0b16-3b0e-b77f78f9-ac3f-1f1c"
"Casa en Venta en Playas de Conchal","$ 5,600,000","320 m²","Playas de Conchal, Alvarado, Veracruz Llave","4","3","/detalle/41032-73-7630abc7a600-b1ef-196f3ca-be99-79e2"
"Casa en Venta en Benito Juárez","$ 6,950,000","540 m²","Benito Juárez, Benito Juárez, Veracruz Llave","6","5","/detalle/41032-73-20b7c0cbd80-6bff-ab3696b4-b4f3-3dc5"
"Casa en Venta en Las Lomas","$ 3,800,000","248 m²","Las Lomas, Alvarado, Veracruz Llave","4","3","/detalle/41032-73-7f9f9fc4a7fe-cee7-196ff05-b8e4-7160"
"Casa en Venta en Playas de Conchal","$ 4,350,000","216 m²","Playas de Conchal, Alvarado, Veracruz Llave","3","3","/detalle/41032-73-f59088f533f7-cfc6-197a932-bef9-7607"
"Casa en Venta en El Morro las Colonias","$ 2,500,000","155 m²","El Morro las Colonias, Boca del Río, Veracruz Llave","1","2","/detalle/41032-73-d8b808dcc3f4-7f6c-a7e8a131-85d5-435a"
"Casa en Venta en Las Palmas","$ 2,500,000","175 m²","Las Palmas, Veracruz, Veracruz Llave","3","3","/detalle/41032-73-a4927adb86b-6ce-197cd38-89c9-716a"
"Casa en Venta en Playas de Conchal","$ 18,500,000","700 m²","Playas de Conchal, Alvarado, Veracruz Llave","5","4","/detalle/41032-73-f5174716e2e3-7090-196e9f3-863b-7052"
"Casa en Venta en Alvarado Centro","$ 4,940,000","236 m²","Alvarado Centro, Alvarado, Veracruz Llave","45","3","/detalle/41032-73-48d9b67999a2-7d14-196b194-b8aa-8040"
"Casa en Venta en Lomas de la Rioja","$ 3,650,000","212 m²","Lomas de la Rioja, Alvarado, Veracruz Llave","2","3","/detalle/41032-73-9fdae8f525b2-f311-19571e4-ae94-7ae9"
"Casa en Venta en Las Bajadas","$ 1,550,000","90 m²","Las Bajadas, Veracruz, Veracruz Llave","2","3","/detalle/41032-73-2980486ab15e-9474-1912051-ac2f-7f07"
"Casa en Venta en Jardines de Las Ánimas","$ 3,500,000","209 m²","Jardines de Las Ánimas, Xalapa, Veracruz Llave","2","3","/detalle/41032-73-e8d9059f0c0c-1282-196cbe6-9ab7-7c02"
"Casa en Venta en Playas de Conchal","$ 5,600,000","324 m²","Playas de Conchal, Alvarado, Veracruz Llave","3","3","/detalle/41032-73-34963624c63e-6327-19543ab-8ca9-737a"
"Casa en Venta en Playas de Conchal","$ 3,900,000","202 m²","Playas de Conchal, Alvarado, Veracruz Llave","2","3","/detalle/41032-73-ec653a817567-b0bc-195baee-a58f-76b1"
"Casa en Venta en Banderilla Centro","USD 3,750,000","800 m²","Banderilla Centro, Banderilla, Veracruz Llave","7","5","/detalle/41032-73-7e52d37d8d89-a907-1971037-86ae-7c11"
"Casa en Venta en Pastoresa","$ 13,800,000","520 m²","Pastoresa, Xalapa, Veracruz Llave","4","3","/detalle/41032-73-83f3237de086-d671-197ed25-bb2f-7679"
"Casa en Fraccionamiento en Venta en Valente Diaz","$ 1,260,000","90 m²","Valente Diaz, Veracruz, Veracruz Llave","5","3","/detalle/41032-73-c567f7f4a21a-477b-57d192d9-8896-4125"
"Casa en Venta en Emiliano Zapata","$ 3,000,000","240 m²","Emiliano Zapata, Xalapa, Veracruz Llave","2","5","/detalle/41032-73-5adae6771c5e-f543-1974d42-8872-79e1"
"Casa en Venta en Indeco Animas","$ 3,500,000","183 m²","Indeco Animas, Xalapa, Veracruz Llave","3","4","/detalle/41032-73-31d56f4609f5-a90e-197e836-b9d5-7d52"
"Casa en Venta en Residencial Monte Magno","$ 3,250,000","276 m²","Residencial Monte Magno, Xalapa, Veracruz Llave","3","3","/detalle/41032-73-85df98d5509c-aead-19733aa-b4da-7183"
"Casa en Venta en Bugambilias","$ 2,700,000","230 m²","Bugambilias, Emiliano Zapata, Veracruz Llave","2","3","/detalle/41032-73-be96e6896988-5167-196d724-930a-7686"
"Casa en Venta en Paso Del Toro","$ 5,000,000","320 m²","Paso Del Toro, Xalapa, Veracruz Llave","4","4","/detalle/41032-73-b271e991de6d-81e4-1961379-917e-7e25"
"Casa en Venta en Buenavista","$ 2,830,000","157 m²","Buenavista, Xalapa, Veracruz Llave","2","3","/detalle/41032-73-12f51cb3aceb-4b1b-1965f30-b2f3-7bfb"
"Casa en Venta en Jardines de Las Ánimas","$ 7,700,000","544 m²","Jardines de Las Ánimas, Xalapa, Veracruz Llave","No disponible","6","/detalle/41032-73-cd642b104fc-62bf-19733aa-8a5b-756b"
"Casa en Venta en Boca Del Rio Centro","$ 3,300,000","150 m²","Boca Del Rio Centro, Boca del Río, Veracruz Llave","2","3","/detalle/41032-73-fea231bcd51b-4c8d-1968528-9b12-7cb5"
"Casa en Venta en San Jose Novillero","$ 3,625,000","171 m²","San Jose Novillero, Boca del Río, Veracruz Llave","2","3","/detalle/41032-73-297355ee8dc0-ee15-1939f7b-bd6d-71f0"
"Casa en Venta en San Jose Novillero","$ 4,550,000","210 m²","San Jose Novillero, Boca del Río, Veracruz Llave","4","4","/detalle/41032-73-578b67c8619e-bf08-194f893-b1af-7ead"
"Casa en Venta en La Pitaya","$ 15,000,000","4,747 m²","La Pitaya, Coatepec, Veracruz Llave","4","4","/detalle/41032-73-b1698404319f-3e82-ee077c79-86ed-1237"
"Casa en Venta en Ánimas Marqueza","$ 5,100,000","No disponible","Ánimas Marqueza, Xalapa, Veracruz Llave","4","4","/detalle/41032-73-bc48b407ea88-72e6-195080f-9c99-7da8"
"Casa en Venta en Nueva Xalapa","$ 1,695,000","155 m²","Nueva Xalapa, Xalapa, Veracruz Llave","2","3","/detalle/41032-73-905fbecda80-a2c8-19364d8-a867-7cc6"
"Casa en Venta en Ixhuacán de los Reyes","$ 4,850,000","2,600 m²","Ixhuacán de los Reyes, Veracruz Llave","2","3","/detalle/41032-73-694609e2aa77-31a4-50bec5a9-bde0-1f47"
"Casa en Venta en Morada del Quetzal","$ 2,700,000","118 m²","Morada del Quetzal, Emiliano Zapata, Veracruz Llave","3","4","/detalle/41032-73-c950c15f7390-abaf-fa434339-8d0a-1237"
"Casa en Venta en Agrícola","$ 3,300,000","126 m²","Agrícola, Xalapa, Veracruz Llave","3","3","/detalle/41032-73-922057e43670-4a6-1978eff-bb56-7d3a"
"Casa en Fraccionamiento en Venta en Ensueño","$ 13,500,000","450 m²","Ensueño, Xalapa, Veracruz Llave","No disponible","3","/detalle/41032-73-f1821a582dab-5539-ddbbfa2f-b28a-3b23"
"Casa en Venta en Tres Pasos","$ 2,900,000","340 m²","Tres Pasos, Emiliano Zapata, Veracruz Llave","3","4","/detalle/41032-73-f1762aff3f51-547-d3533bc9-8918-105e"
"Casa en Venta en 22 de Septiembre","$ 2,370,000","No disponible","22 de Septiembre, Coatepec, Veracruz Llave","2","3","/detalle/41032-73-199c20bf8729-ae10-5d8b8679-b768-2011"
"Casa en Venta en Paso Del Toro","$ 4,800,000","173 m²","Paso Del Toro, Xalapa, Veracruz Llave","3","3","/detalle/41032-73-57d3582154f1-b460-1978f17-8b23-78a8"
"Casa en Venta en Reserva Territorial","$ 2,500,000","No disponible","Reserva Territorial, Xalapa, Veracruz Llave","2","4","/detalle/41032-73-d779aaf72e59-5588-df42fe9-8461-1f52"
"Casa en Venta en Astilleros de Veracruz","$ 1,649,000","119 m²","Astilleros de Veracruz, Veracruz, Veracruz Llave","2","3","/detalle/41032-73-1ebd069f846f-89de-197a0e4-8e0e-76e2"
"Casa en Venta en Camino Real","$ 2,260,000","136 m²","Camino Real, Boca del Río, Veracruz Llave","2","3","/detalle/41032-73-ca95be8c359a-a2cd-1950a86-9e58-79ba"
"Casa en Venta en Banderilla Centro","$ 2,950,000","150 m²","Banderilla Centro, Banderilla, Veracruz Llave","3","5","/detalle/41032-73-978a540ff784-9c6a-d5c38b49-9bd4-1237"
"Casa en Venta en Guadalupe Rodriguez","$ 2,250,000","125 m²","Guadalupe Rodriguez, Xalapa, Veracruz Llave","1","4","/detalle/41032-73-215fb221a36c-109e-466bf9d9-8579-1237"
"Casa en Venta en El Castillo","$ 2,250,000","105 m²","El Castillo, Xalapa, Veracruz Llave","2","4","/detalle/41032-73-aad9f19ad375-f78a-196cacd-8a60-706e"
"Casa en Venta en Floresta 80","$ 3,190,000","145 m²","Floresta 80, Veracruz, Veracruz Llave","3","3","/detalle/41032-73-11ea220ae5c8-9695-1950a86-8aae-70f6"
"Casa en Venta en Mexico","$ 3,300,000","200 m²","Mexico, Veracruz, Veracruz Llave","3","3","/detalle/41032-73-f125b6a3db9a-166f-194b2fc-96c6-79f1"
"Casa en Venta en Morada del Quetzal","$ 2,900,000","220 m²","Morada del Quetzal, Emiliano Zapata, Veracruz Llave","2","3","/detalle/41032-73-80225057035c-adde-191abde-a49c-7455"
"Casa en Fraccionamiento en Venta en Las Cumbres","$ 9,800,000","508 m²","Las Cumbres, Xalapa, Veracruz Llave","No disponible","4","/detalle/41032-73-3c1c5ba33eef-510b-fb66870b-a29c-338e"
"Casa en Venta en Rubí Ánimas","$ 4,800,000","200 m²","Rubí Ánimas, Xalapa, Veracruz Llave","3","3","/detalle/41032-73-99c8436b0a67-8801-376433f9-a935-1237"
"Casa en Fraccionamiento en Venta en Residencial Monte Magno","$ 3,250,000","No disponible","Residencial Monte Magno, Xalapa, Veracruz Llave","2","3","/detalle/41032-73-2445c66cf17-bad7-1978ef3-a058-7ec9"
"Casa en Fraccionamiento en Venta en Fuentes de Las Ánimas","$ 5,900,000","355 m²","Fuentes de Las Ánimas, Xalapa, Veracruz Llave","6","4","/detalle/41032-73-d5fa82db0081-3f4-eee68a45-ba44-375c"
"Casa en Venta en Lencero","$ 1,700,000","No disponible","Lencero, Emiliano Zapata, Veracruz Llave","2","3","/detalle/41032-73-5188b7410333-dcb0-b1849bd9-9271-1f4e"
"Casa en Venta en San Jose Novillero","$ 2,470,000","142 m²","San Jose Novillero, Boca del Río, Veracruz Llave","2","3","/detalle/41032-73-a53e689f83ed-db52-19603cc-a6d2-77c3"
"Casa en Venta en Mártires de Chicago","$ 2,890,000","No disponible","Mártires de Chicago, Xalapa, Veracruz Llave","3","3","/detalle/41032-73-cf3ec448a18c-30dc-1959079-98f2-77a6"
"Casa en Venta en Punta de Arenas","$ 4,350,000","216 m²","Punta de Arenas, Alvarado, Veracruz Llave","3","3","/detalle/41032-73-edad6abc7c4-24e7-197ad84-879d-77e9"
"Casa en Venta en Misión San Carlos","$ 2,900,000","189 m²","Misión San Carlos, Xalapa, Veracruz Llave","1","2","/detalle/41032-73-f65a91af62f1-2b46-1978f36-9428-724b"
"Casa en Venta en Playas de Conchal","$ 17,980,000","700 m²","Playas de Conchal, Alvarado, Veracruz Llave","5","4","/detalle/41032-73-267e3ebebba1-dcff-196a1d2-a583-75a0"
"Casa en Venta en Las Lomas","$ 2,750,000","119 m²","Las Lomas, Alvarado, Veracruz Llave","2","3","/detalle/41032-73-8ddd109e035e-8609-1974bc1-9c95-7160"
"Casa en Venta en Alvarado Centro","$ 16,000,000","No disponible","Alvarado Centro, Alvarado, Veracruz Llave","4","4","/detalle/41032-73-685a4d841ad8-3c3c-196a1fd-90ef-77db"
"Casa en Venta en Quintas Al Andalus","$ 2,163,572","113 m²","Quintas Al Andalus, Boca del Río, Veracruz Llave","2","3","/detalle/41032-73-93dd2aa34ec2-4fe2-19603c1-a6d2-77c3"
"Casa en Venta en Arboledas","$ 1,600,000","No disponible","Arboledas, Veracruz, Veracruz Llave","3","5","/detalle/41032-73-aa3c41d67f3-36bb-195d398-adca-7e26"
"Casa en Venta en Felipe Carrillo Puerto","$ 1,980,000","No disponible","Felipe Carrillo Puerto, Xalapa, Veracruz Llave","1","3","/detalle/41032-73-7fb2654a1c4d-852d-197b1df-8c25-7fce"
"Casa en Fraccionamiento en Venta en Boca Del Rio","$ 7,200,000","345 m²","Boca Del Rio, Boca del Río, Veracruz Llave","3","3","/detalle/41032-73-9e3d3b2b9d2c-639c-192bb18-abde-75a5"
"Casa en Venta en Ciudad Cuauhtémoc","$ 3,500,000","270 m²","Ciudad Cuauhtémoc, Pueblo Viejo, Veracruz Llave","3","3","/detalle/41032-73-44ce907a5134-947c-1967078-8388-7b3f"
"Casa en Venta en Lindavista","$ 1","200 m²","Lindavista, Pueblo Viejo, Veracruz Llave","2","3","/detalle/41032-73-502d9b7c2d8e-8244-1969c49-9e1b-7f36"
"Casa en Venta en Lindavista","$ 1","200 m²","Lindavista, Pueblo Viejo, Veracruz Llave","2","3","/detalle/41032-73-b41bd5880171-4f51-19729e9-b218-727a"
"Casa en Venta en Villa Rosita","$ 1,200,000","65 m²","Villa Rosita, Tuxpan, Veracruz Llave","1","2","/detalle/41032-73-df66e3272c6d-f63e-197293b-868f-761e"
"Casa en Venta en La Tampiquera","$ 2,100,000","92 m²","La Tampiquera, Boca del Río, Veracruz Llave","2","2","/detalle/41032-73-4c800651b18e-bc59-192c180-9fdc-7c06"
"Casa en Venta en Reforma","$ 7,500,000","530 m²","Reforma, Veracruz, Veracruz Llave","4","4","/detalle/41032-73-59bb1167d520-c765-27f0e20a-9585-32ae"
"Casa en Venta en Alvarado Centro","$ 3,150,000","148 m²","Alvarado Centro, Alvarado, Veracruz Llave","3","3","/detalle/41032-73-1d2e4d4a9e39-ecfc-1962295-aa15-732c"
"Casa en Venta en Reforma","$ 4,200,000","No disponible","Reforma, Veracruz, Veracruz Llave","3","4","/detalle/41032-73-d9834df35a1d-8de5-61962f62-a783-3ffb"
"Casa en Venta en La Tampiquera","$ 2,500,000","124 m²","La Tampiquera, Boca del Río, Veracruz Llave","2","3","/detalle/41032-73-76af31c6ccfa-d426-21915c12-8e79-33bc"
"Casa en Venta en Ejido Primero de Mayo Sur","$ 2,990,000","230 m²","Ejido Primero de Mayo Sur, Boca del Río, Veracruz Llave","3","3","/detalle/41032-73-ba64984dd882-c42b-19785f3-8280-7777"
"Casa en Venta en Costa Verde","$ 2,900,000","233 m²","Costa Verde, Boca del Río, Veracruz Llave","2","3","/detalle/41032-73-a771913ec9b5-88fd-19429e1-a2f9-7269"
"Casa en Venta en Pascual Ortiz Rubio","$ 1,750,000","95 m²","Pascual Ortiz Rubio, Veracruz, Veracruz Llave","4","3","/detalle/41032-73-a65ba8de15fd-a9f9-190c3aa-b215-729d"
"Casa en Venta en Villa Rica","$ 2,650,000","150 m²","Villa Rica, Boca del Río, Veracruz Llave","2","3","/detalle/41032-73-e21263fc27f0-9988-8c7b8821-b7e8-37a7"
"Casa en Venta en Reforma","$ 5,980,000","320 m²","Reforma, Veracruz, Veracruz Llave","4","8","/detalle/41032-73-80f8fb239a4f-ed81-18fe630-947e-7ea7"
"Casa en Venta en Alvarado Centro","$ 4,250,004","245 m²","Alvarado Centro, Alvarado, Veracruz Llave","3","3","/detalle/41032-73-8b4cd736c619-9740-1971551-8c63-72ff"
"Casa en Venta en La Tampiquera","$ 2,700,000","197 m²","La Tampiquera, Boca del Río, Veracruz Llave","3","3","/detalle/41032-73-e2f0389e74e8-badc-c689ea77-9660-3242"
"Casa en Fraccionamiento en Venta en Geovillas los Pinos","$ 1,100,000","No disponible","Geovillas los Pinos, Veracruz, Veracruz Llave","1","2","/detalle/41032-73-b65d5a4cd8e0-d839-f389e36e-920f-4059"
"Casa en Fraccionamiento en Venta en Paso Del Toro","$ 6,000,000","340 m²","Paso Del Toro, Xalapa, Veracruz Llave","3","3","/detalle/41032-73-e475e02d3596-f850-6945772d-8d09-3c63"
"Casa en Venta en Jalapa Enríquez Centro","$ 2,500,000","148 m²","Jalapa Enríquez Centro, Xalapa, Veracruz Llave","2","3","/detalle/41032-73-49489bb3e1db-277-1947664-8595-7875"
"Casa en Venta en La Tampiquera","$ 1,800,000","59 m²","La Tampiquera, Boca del Río, Veracruz Llave","2","3","/detalle/41032-73-b5c0ce21036f-10cb-197c799-b271-7475"
"Casa en Venta en Tampico Alto Centro","$ 1,450,000","154 m²","Tampico Alto Centro, Tampico Alto, Veracruz Llave","1","2","/detalle/41032-73-fdc74515fb73-a8c2-1971359-948e-752c"
"Casa en Venta en Gabino Barreda","$ 1,750,000","136 m²","Gabino Barreda, Cosamaloapan de Carpio, Veracruz Llave","2","2","/detalle/41032-73-461879518d92-3000-191da3e-914f-7641"
"Casa en Fraccionamiento en Venta en Morada del Quetzal","$ 3,200,000","245 m²","Morada del Quetzal, Emiliano Zapata, Veracruz Llave","2","3","/detalle/41032-73-af68f220ed76-79b7-1960c73-860b-77bd"
"Casa en Venta en Las Trancas","$ 3,200,000","150 m²","Las Trancas, Emiliano Zapata, Veracruz Llave","4","5","/detalle/41032-73-2e41c5861359-97-191da33-9b3c-789e"
"Casa en Venta en Ojo de Agua","$ 1,300,000","170 m²","Ojo de Agua, Emiliano Zapata, Veracruz Llave","2","3","/detalle/41032-73-5e78f1c26598-d67a-79ad9a7f-ba69-37ce"
"Casa en Fraccionamiento en Venta en Residencial Monte Magno","$ 3,500,000","No disponible","Residencial Monte Magno, Xalapa, Veracruz Llave","2","3","/detalle/41032-73-2cd98b582c5d-75ca-1958bfe-af32-7b13"
"Casa en Venta en Reforma","$ 11,000,000","570 m²","Reforma, Veracruz, Veracruz Llave","3","3","/detalle/41032-73-b0d632a6552d-3fc7-191ec55-a405-7b27"
"Casa en Fraccionamiento en Venta en San Marcos de Leon","$ 4,200,000","No disponible","San Marcos de Leon, Coatepec, Veracruz Llave","No disponible","4","/detalle/41032-73-c657a5ecd543-416e-ecb58ef5-b1f4-3349"
"Casa en Venta en Silva","$ 4,300,000","428 m²","Silva, San Andrés Tuxtla, Veracruz Llave","3","4","/detalle/41032-73-a3129d0c5f15-270d-196febf-be7c-734e"
"Casa en Venta en Tejería","$ 1,509,600","95 m²","Tejería, Veracruz, Veracruz Llave","3","3","/detalle/41032-73-46cf6179459c-d38c-f616f232-8700-3d88"
"Casa en Venta en Anton Lizardo","$ 4,000,000","300 m²","Anton Lizardo, Alvarado, Veracruz Llave","4","4","/detalle/41032-73-c3e5ddb1ca95-58f0-194264e-85b8-785e"
"Casa en Venta en Reforma","$ 4,725,000","389 m²","Reforma, Veracruz, Veracruz Llave","4","5","/detalle/41032-73-dacb480f754b-aeee-196d58b-9d4a-75fd"
"Casa en Venta en Los Pinos","$ 2,990,000","216 m²","Los Pinos, Xalapa, Veracruz Llave","3","3","/detalle/41032-73-d7bc501b1c56-537d-195f8d2-bb15-7b88"
"Quinta / Hacienda en Venta en Medellin de Bravo","$ 5,500,000","5000 m²","Medellin de Bravo, Medellín, Veracruz Llave","2","3","/detalle/41032-73-f24750955a3d-f267-e5f816f3-94a9-3eff"
"Casa en Fraccionamiento en Venta en Tres Pasos","$ 4,300,000","No disponible","Tres Pasos, Emiliano Zapata, Veracruz Llave","5","No disponible","/detalle/41032-73-ee154cdc22eb-4b32-f9fbc705-8206-420d"
"Casa en Venta en Formando Hogar","$ 1,500,000","No disponible","Formando Hogar, Veracruz, Veracruz Llave","1","2","/detalle/41032-73-b32004d0a607-b930-192ca9b-933d-7273"
"Casa en Venta en Cerritos","$ 3,100,000","178 m²","Cerritos, Orizaba, Veracruz Llave","1","4","/detalle/41032-73-51249f101672-48fd-2bfd847c-88e2-39c8"
"Casa en Venta en Acultzingo","$ 8,600,000","400 m²","Acultzingo, Acultzingo, Veracruz Llave","4","4","/detalle/41032-73-29b8fbae46f5-6bfe-195b143-b359-7beb"
"Casa en Venta en Ricardo Flores Magon","$ 3,950,000","212.88 m²","Ricardo Flores Magon, Veracruz, Veracruz Llave","No disponible","2","/detalle/41032-73-12c93d63685b-8809-191ce58-b22d-7aeb"
"Casa en Venta en Banderilla Centro","$ 2,550,000","208 m²","Banderilla Centro, Banderilla, Veracruz Llave","2","3","/detalle/41032-73-c16120a03215-884e-194dd16-871e-78a9"
"Casa en Venta en Pastoresa","$ 14,200,000","No disponible","Pastoresa, Xalapa, Veracruz Llave","3","4","/detalle/41032-73-f152bc028c79-b505-195e11f-93d9-741b"
"Casa en Venta en Pedregal de las Animas","$ 4,950,000","415 m²","Pedregal de las Animas, Xalapa, Veracruz Llave","4","3","/detalle/41032-73-49e63eac03e2-a65e-1966b60-95b5-70b6"
"Casa en Venta en Anáhuac","$ 5,200,000","380 m²","Anáhuac, Xalapa, Veracruz Llave","2","3","/detalle/41032-73-3a9b9d95d6ce-129b-1976a4b-a81c-7403"
"Casa en Venta en Jalapa Enríquez Centro","$ 3,500,000","250 m²","Jalapa Enríquez Centro, Xalapa, Veracruz Llave","2","3","/detalle/41032-73-3848b9f2c032-ddfb-194dc99-8492-7a03"
"Casa en Venta en Lencero","$ 2,800,000","199 m²","Lencero, Emiliano Zapata, Veracruz Llave","4","4","/detalle/41032-73-7578af12e6c3-8de-19588be-9c48-798c"
"Casa en Venta en Lencero","$ 22,000,000","713 m²","Lencero, Emiliano Zapata, Veracruz Llave","4","4","/detalle/41032-73-d09115fabb0-269c-194df9e-a069-7a04"
"Casa en Venta en Jalapa Enríquez Centro","$ 2,500,000","290 m²","Jalapa Enríquez Centro, Xalapa, Veracruz Llave","2","3","/detalle/41032-73-4b7200aeb52c-ac19-195b1fe-a99f-74ce"
"Casa en Venta en Lomas del Tejar","$ 15,800,000","537 m²","Lomas del Tejar, Xalapa, Veracruz Llave","6","3","/detalle/41032-73-2ca537f52e1c-1235-1955015-97f0-70b8"
"Casa en Venta en La Mata 2a Secc","$ 2,300,000","No disponible","La Mata 2a Secc, Coatepec, Veracruz Llave","2","3","/detalle/41032-73-b79e0b045f80-d42-191ef39-8ae5-7f9d"
"Casa en Venta en Residencial Monte Magno","$ 3,500,000","220 m²","Residencial Monte Magno, Xalapa, Veracruz Llave","3","3","/detalle/41032-73-ac4418306fcd-8cf1-385e1f1b-bc99-32b3"
"Casa en Venta en Jalapa Enríquez Centro","$ 7,650,000","453 m²","Jalapa Enríquez Centro, Xalapa, Veracruz Llave","6","8","/detalle/41032-73-d967060e49cf-3fe0-194deeb-b901-72f1"
"Casa en Venta en Las Trancas","$ 10,000,000","360 m²","Las Trancas, Emiliano Zapata, Veracruz Llave","3","4","/detalle/41032-73-2714d76eb75c-4831-194df55-82ff-7c5e"
"Casa en Venta en Emiliano Zapata","$ 1,700,000","175 m²","Emiliano Zapata, Emiliano Zapata, Veracruz Llave","3","4","/detalle/41032-73-f011c720cff6-be34-196d25b-a367-7e23"
"Casa en Venta en Residencial Monte Magno","$ 430,000","380 m²","Residencial Monte Magno, Xalapa, Veracruz Llave","3","4","/detalle/41032-73-c8c3c3362f27-e037-194f171-a13b-7166"
"Casa en Venta en La Orduña","$ 8,395,402","220 m²","La Orduña, Coatepec, Veracruz Llave","2","3","/detalle/41032-73-e90702f80e79-e077-19637ce-a182-7401"
"Casa en Venta en Lázaro Cárdenas","$ 3,240,000","240 m²","Lázaro Cárdenas, Xalapa, Veracruz Llave","2","3","/detalle/41032-73-7076f2521d99-4776-197aa9f-9b77-75f6"
"Casa en Venta en Emiliano Zapata","$ 2,700,000","160 m²","Emiliano Zapata, Xalapa, Veracruz Llave","4","5","/detalle/41032-73-a0165991c0d4-f415-194dd86-b303-7398"
"Casa en Venta en Los Ángeles","$ 1,800,000","84 m²","Los Ángeles, Xalapa, Veracruz Llave","1","4","/detalle/41032-73-5ed22eb42912-9489-194dc54-b689-7894"
"Casa en Venta en Briones","$ 4,500,000","130 m²","Briones, Xalapa, Veracruz Llave","1","2","/detalle/41032-73-cdd263b6b629-d9e1-18ef423-9f77-7c7f"
"Casa en Fraccionamiento en Venta en El Colorado","$ 4,250,000","300 m²","El Colorado, Coatzacoalcos, Veracruz Llave","4","3","/detalle/41032-73-d39c413617aa-a57e-62ef1dbe-b516-3866"
"Casa en Fraccionamiento en Venta en El Colorado","$ 4,999,999","380 m²","El Colorado, Coatzacoalcos, Veracruz Llave","5","3","/detalle/41032-73-6659abdb4444-a297-6c4197a-a946-3342"
"Casa en Venta en El Naranjal","$ 2,000,000","70 m²","El Naranjal, Tuxpan, Veracruz Llave","1","1","/detalle/41032-73-4961b8f354f9-c04-1968eb5-b318-7567"
"Casa en Venta en Venustiano Carranza","$ 1,600,000","250 m²","Venustiano Carranza, Boca del Río, Veracruz Llave","3","3","/detalle/41032-73-f56644ff6d3e-cc45-191da3c-b3b3-76b0"
"Casa en Fraccionamiento en Venta en Costa de Oro 1a Secc","$ 7,560,000","435 m²","Costa de Oro 1a Secc, Boca del Río, Veracruz Llave","5","4","/detalle/41032-73-ce35e147cad4-3cea-7ba6da71-8fb3-3f1a"
"Casa en Venta en La Calzada","$ 3,500,000","242 m²","La Calzada, Tuxpan, Veracruz Llave","2","4","/detalle/41032-73-53d5a315c95d-1b3e-196990f-bcb6-7276"
"Casa en Venta en El Romance","$ 3,800,000","320 m²","El Romance, Tuxpan, Veracruz Llave","4","4","/detalle/41032-73-c9ef95e4e37c-3f1e-1979a84-9949-7428"
"Casa en Fraccionamiento en Venta en Ciudad de Veracruz","$ 1,600,000","85 m²","Ciudad de Veracruz, Veracruz, Veracruz Llave","2","3","/detalle/41032-73-9cd822da88a2-85da-1970978-84d8-7e15"
"Casa en Fraccionamiento en Venta en Lomas del Sol","$ 3,300,000","220 m²","Lomas del Sol, Alvarado, Veracruz Llave","4","3","/detalle/41032-73-771e6eca988c-64f3-f4947f3a-bdac-3505"
"Casa en Fraccionamiento en Venta en Playa de Oro","$ 4,490,000","293 m²","Playa de Oro, Boca del Río, Veracruz Llave","3","4","/detalle/41032-73-8467e8e7cb1f-cd6-e4644c2d-8e32-320c"
"Casa en Fraccionamiento en Venta en Lomas del Sol","$ 3,200,000","220 m²","Lomas del Sol, Alvarado, Veracruz Llave","4","4","/detalle/41032-73-8b678e65d77b-9ab2-9990412c-ba15-3294"
"Casa en Fraccionamiento en Venta en Club de Golf Villa Rica","$ 3,600,000","251 m²","Club de Golf Villa Rica, Alvarado, Veracruz Llave","5","3","/detalle/41032-73-70d50352280a-41ef-5906af7f-b8e2-3e5f"
"Casa en Venta en Villas Del Alvarado","$ 5,600,000","420 m²","Villas Del Alvarado, Alvarado, Veracruz Llave","5","4","/detalle/41032-73-a383bf7ec92e-4e5a-1c9f125a-bc79-3c3f"
"Casa en Fraccionamiento en Venta en Lomas de la Rioja","$ 2,499,000","170 m²","Lomas de la Rioja, Alvarado, Veracruz Llave","3","3","/detalle/41032-73-707ee8636470-cec9-b4def912-83e7-38e9"
"Casa en Fraccionamiento en Venta en El Colorado","$ 4,750,000","330 m²","El Colorado, Coatzacoalcos, Veracruz Llave","4","3","/detalle/41032-73-57273faa50cd-4d97-22fa4160-bba7-34a8"
"Casa en Fraccionamiento en Venta en Playas de Conchal","$ 1,900,000","125 m²","Playas de Conchal, Alvarado, Veracruz Llave","3","2","/detalle/41032-73-3857570b2551-a848-1fa5025f-af52-356c"
"Casa en Venta en Luis Donaldo Colosio","$ 1,800,000","180 m²","Luis Donaldo Colosio, Tuxpan, Veracruz Llave","3","3","/detalle/41032-73-c526114130ff-7d62-197218e-bb66-798a"
"Casa en Venta en Mata de Pita","$ 2,100,000","180 m²","Mata de Pita, Veracruz, Veracruz Llave","2","3","/detalle/41032-73-5890eab8c238-bf55-194aaad-9fc3-747f"
"Casa en Venta en Reforma","$ 3,400,000","210 m²","Reforma, Veracruz, Veracruz Llave","3","3","/detalle/41032-73-ed9d435706cf-415e-873f40d9-88a7-3a8e"
"Casa en Venta en Chapultepec","$ 2,230,000","No disponible","Chapultepec, Veracruz, Veracruz Llave","3","3","/detalle/41032-73-89258aed50e3-9969-1973d1a-bb10-7950"
"Casa en Venta en Boca Del Rio","$ 6,200,000","345 m²","Boca Del Rio, Boca del Río, Veracruz Llave","3","3","/detalle/41032-73-81d6d4358572-4df5-197ef36-a853-7bbd"
"Casa en Fraccionamiento en Venta en Hacienda Sotavento","$ 599,999","98.29 m²","Hacienda Sotavento, Veracruz, Veracruz Llave","1","1","/detalle/41032-73-8a1c2c05db81-8035-1973d30-8dba-75d2"
"Casa en Venta en Pedregal de las Animas","$ 3,850,000","240 m²","Pedregal de las Animas, Xalapa, Veracruz Llave","4","4","/detalle/41032-73-af58db5ab273-7514-19730a2-9805-719c"
"Casa en Venta en Ejido Primero de Mayo Sur","$ 1,890,000","100 m²","Ejido Primero de Mayo Sur, Boca del Río, Veracruz Llave","2","3","/detalle/41032-73-162ece661869-d9f8-1970f1e-88ea-7a93"
"Casa en Fraccionamiento en Venta en Villas Del Alvarado","$ 6,950,000","417 m²","Villas Del Alvarado, Alvarado, Veracruz Llave","6","4","/detalle/41032-73-3f32e8782866-4aa8-7f8f242a-b7d0-3cc5"
"Casa en Fraccionamiento en Venta en Playas de Conchal","$ 1,790,000","120 m²","Playas de Conchal, Alvarado, Veracruz Llave","3","3","/detalle/41032-73-c1f554201671-f355-459ee1ce-8640-3986"
"Casa en Venta en 17 de Octubre","$ 2,400,000","454 m²","17 de Octubre, Tuxpan, Veracruz Llave","4","8","/detalle/41032-73-970760eef93c-2a25-196990f-a5c1-7a47"
"Casa en Fraccionamiento en Venta en Lomas de la Rioja","$ 2,450,000","190 m²","Lomas de la Rioja, Alvarado, Veracruz Llave","5","4","/detalle/41032-73-755beaa61cc7-3129-ebcfb02e-950c-30eb"
"Casa en Fraccionamiento en Venta en El Colorado","$ 2,900,000","260 m²","El Colorado, Coatzacoalcos, Veracruz Llave","4","3","/detalle/41032-73-831513e65383-43a1-8633b3b-8717-32c8"
"Casa en Venta en El Morro las Colonias","$ 4,490,000","305 m²","El Morro las Colonias, Boca del Río, Veracruz Llave","3","4","/detalle/41032-73-c320372eab06-c6db-dbe5c725-a68c-3ee2"
"Casa en Venta en Banus","$ 3,400,000","225 m²","Banus, Alvarado, Veracruz Llave","4","3","/detalle/41032-73-77132352ed18-5ac4-2352d27d-93b0-3c15"
"Casa en Venta en Tuxpan de Rodriguez Cano Centro","$ 1,000,000","No disponible","Tuxpan de Rodriguez Cano Centro, Tuxpan, Veracruz Llave","No disponible","2","/detalle/41032-73-c9bd51c6c516-949a-196eb98-98b1-7c20"
"Casa en Venta en Arboledas de San Ramon","$ 1,305,000","No disponible","Arboledas de San Ramon, Medellín, Veracruz Llave","2","2","/detalle/41032-73-35c2313f0d52-5ea3-e5313eae-8685-4474"
"Casa en Venta en Puente Moreno","$ 1,350,000","110 m²","Puente Moreno, Medellín, Veracruz Llave","3","3","/detalle/41032-73-e10ac0b959df-32ba-1966a93-a4eb-7bff"
"Casa en Venta en A I M P","$ 1,700,000","80 m²","A I M P, Poza Rica de Hidalgo, Veracruz Llave","1","2","/detalle/41032-73-a37fcad24746-1223-194b510-be24-7488"
"Casa en Venta en 2 Caminos","$ 890,000","103 m²","2 Caminos, Veracruz, Veracruz Llave","2","2","/detalle/41032-73-8fbc88d377a3-19ed-1948b09-aeb4-748e"
"Casa en Venta en Venustiano Carranza","$ 1,500,000","178 m²","Venustiano Carranza, Boca del Río, Veracruz Llave","2","3","/detalle/41032-73-97eaa09f34fb-87cc-197a3b5-92eb-7735"
"Casa en Fraccionamiento en Venta en El Conchal","$ 2,600,000","101 m²","El Conchal, Alvarado, Veracruz Llave","2","2","/detalle/41032-73-9ee2d199d84f-d038-ae5c61d4-ba06-3e21"
"Casa en Venta en Boca Del Rio Centro","$ 1,115,000","140 m²","Boca Del Rio Centro, Boca del Río, Veracruz Llave","2","3","/detalle/41032-73-f9c1f85e108a-50c9-1948e63-b140-741f"
"Casa en Fraccionamiento en Venta en Estatuto Juridico","$ 2,790,000","150 m²","Estatuto Juridico, Boca del Río, Veracruz Llave","2","2","/detalle/41032-73-38539beb8c96-37db-196639f-8771-759e"
"Casa en Venta en Adolfo Ruiz Cortines Ipe","$ 1,500,000","145 m²","Adolfo Ruiz Cortines Ipe, Veracruz, Veracruz Llave","2","3","/detalle/41032-73-1a7057e92a0b-a98b-195b0a4-aef5-7491"
"Casa en Venta en Ejido Primero de Mayo Sur","$ 2,450,000","182 m²","Ejido Primero de Mayo Sur, Boca del Río, Veracruz Llave","2","3","/detalle/41032-73-82726be3a255-d343-193fa06-a87a-7e1c"
"Casa en Fraccionamiento en Venta en Costa de Oro 1a Secc","$ 6,800,000","279 m²","Costa de Oro 1a Secc, Boca del Río, Veracruz Llave","3","4","/detalle/41032-73-d95a8a55c171-12f0-b21ae0fd-8144-4b18"
"Casa en Fraccionamiento en Venta en Las Lomas","$ 3,750,000","252 m²","Las Lomas, Alvarado, Veracruz Llave","4","3","/detalle/41032-73-7c6162f7dfd5-99f5-8f5c3352-ba1d-34b1"
"Casa en Venta en Banus","$ 1,694,000","149 m²","Banus, Alvarado, Veracruz Llave","1","2","/detalle/41032-73-c5a24c9298b9-8842-196131a-8cd2-7155"
"Casa en Venta en Adolfo Ruiz Cortines","$ 1,890,000","90 m²","Adolfo Ruiz Cortines, Veracruz, Veracruz Llave","2","3","/detalle/41032-73-7713ba11cdae-185e-1934a4b-9d24-7f2e"
"Casa en Fraccionamiento en Venta en San Jose Novillero","$ 795,000","80 m²","San Jose Novillero, Boca del Río, Veracruz Llave","2","2","/detalle/41032-73-ba0d591d072d-2e1d-77dc4874-a909-3308"
"Casa en Venta en El Coyol","$ 1,350,000","130 m²","El Coyol, Veracruz, Veracruz Llave","2","2","/detalle/41032-73-dcd9d6fce919-abf0-1950a6e-bdd6-7273"
"Casa en Venta en Residencial Monte Magno","$ 690,000","No disponible","Residencial Monte Magno, Xalapa, Veracruz Llave","3","4","/detalle/41032-73-722617f86a46-8bb1-1950c15-820a-7b56"
"Casa en Venta en Costa de Oro 1a Secc","$ 5,914,000","400 m²","Costa de Oro 1a Secc, Boca del Río, Veracruz Llave","1","2","/detalle/41032-73-370071231392-1fc9-19238eb-9e2a-7230"
"Casa en Venta en Ricardo Flores Magon","$ 1,865,990","280 m²","Ricardo Flores Magon, Veracruz, Veracruz Llave","3","4","/detalle/41032-73-27ac746a2424-79e9-1946d71-8bfc-7e6d"
"Casa en Venta en Banus","$ 1,605,000","300 m²","Banus, Alvarado, Veracruz Llave","2","3","/detalle/41032-73-8c38897965c9-706f-191733a-b5d1-7361"
"Casa en Fraccionamiento en Venta en Poza Rica Centro","$ 3,650,000","245 m²","Poza Rica Centro, Poza Rica de Hidalgo, Veracruz Llave","3","4","/detalle/41032-73-1ef9c758e686-7401-19569a5-bfa0-7498"
"Casa en Venta en Floresta","$ 3,400,000","270 m²","Floresta, Veracruz, Veracruz Llave","3","4","/detalle/41032-73-1157ccdc1cfd-c0c1-1951965-8b94-76a2"
"Casa en Venta en Mártires de Chicago","$ 5,300,000","593 m²","Mártires de Chicago, Xalapa, Veracruz Llave","2","4","/detalle/41032-73-928ef3567f68-6b53-195520c-8d68-7132"
"Casa en Venta en Palma Sola","$ 97,000,000","No disponible","Palma Sola, Alto Lucero de Gutiérrez Barrios, Veracruz Llave","6","4","/detalle/41032-73-b1b20024e865-8061-1944642-a1d0-7899"
"Casa en Venta en Club de Golf Villa Rica","$ 13,500,000","620 m²","Club de Golf Villa Rica, Alvarado, Veracruz Llave","5","5","/detalle/41032-73-94e830009133-3ba8-197afc7-8b94-7180"
"Casa en Venta en Playas de Conchal","$ 3,650,000","127 m²","Playas de Conchal, Alvarado, Veracruz Llave","2","2","/detalle/41032-73-ecc453ae465c-ba91-1968003-aca7-724b"
"Casa en Venta en Playas de Conchal","$ 1,533,430","232.338 m²","Playas de Conchal, Alvarado, Veracruz Llave","No disponible","No disponible","/detalle/41032-73-d3591dec5862-1200-1968514-a4d6-7767"
"Casa en Venta en Alvarado Centro","$ 3,595,000","185 m²","Alvarado Centro, Alvarado, Veracruz Llave","3","3","/detalle/41032-73-28b9b79db4b6-a99b-197ceda-8f6c-7913"
"Casa en Venta en Camino Real","$ 4,100,000","213 m²","Camino Real, Boca del Río, Veracruz Llave","3","3","/detalle/41032-73-9b662219bc1f-1378-196a40c-9134-776d"
"Casa en Venta en Casitas","$ 1,500,000","100 m²","Casitas, Tecolutla, Veracruz Llave","No disponible","2","/detalle/41032-73-6c1ee01585dd-f747-194f825-8b34-7e73"
"Casa en Venta en Las Cumbres","$ 4,550,000","270 m²","Las Cumbres, Xalapa, Veracruz Llave","4","3","/detalle/41032-73-6fda54685db4-dde8-192bef0-8987-7c15"
"Casa en Venta en Pedregal de las Animas","$ 3,600,000","243 m²","Pedregal de las Animas, Xalapa, Veracruz Llave","3","3","/detalle/41032-73-7ac318c5c23b-c74a-bc3cad1b-ad4d-32c9"
"Casa en Venta en Nuevo Coapexpan","$ 4,300,000","400 m²","Nuevo Coapexpan, Xalapa, Veracruz Llave","3","4","/detalle/41032-73-3265947c197f-97d3-19504d9-ac94-785d"
"Casa en Venta en Playas de Conchal","$ 7,360,000","265 m²","Playas de Conchal, Alvarado, Veracruz Llave","4","4","/detalle/41032-73-97414e4b10b4-9f5a-4dde1ee8-b037-404d"
"Casa en Venta en Pedregal de las Animas","$ 3,550,000","213 m²","Pedregal de las Animas, Xalapa, Veracruz Llave","4","3","/detalle/41032-73-2d00133e3f1-1000c-197b448-9775-7bc6"
"Casa en Venta en Coatepec Centro","$ 2,300,000","167 m²","Coatepec Centro, Coatepec, Veracruz Llave","3","3","/detalle/41032-73-11c9afc0cf4e-cdd6-190f726-a891-7208"
"Casa en Venta en Valente Diaz","$ 1,501,500","95 m²","Valente Diaz, Veracruz, Veracruz Llave","3","3","/detalle/41032-73-7d42f4a17ed6-77ae-1967d96-8783-76b4"
"Casa en Venta en Villa Rica","$ 3,600,000","195 m²","Villa Rica, Boca del Río, Veracruz Llave","3","3","/detalle/41032-73-42537027e9e8-3cf8-1951afd-82c9-76b6"
"Casa en Venta en Mártires de Chicago","$ 2,200,000","133 m²","Mártires de Chicago, Xalapa, Veracruz Llave","2","2","/detalle/41032-73-2f8ed5ce21d1-e005-18fc21c-85a9-7b04"
"Casa en Venta en La Tampiquera","$ 2,800,000","180 m²","La Tampiquera, Boca del Río, Veracruz Llave","2","3","/detalle/41032-73-22c31f16706-27f9-19225c4-9d19-7d11"
"Casa en Venta en La Nueva Victoria","$ 22,000,000","602 m²","La Nueva Victoria, San Andrés Tuxtla, Veracruz Llave","5","4","/detalle/41032-73-c969e308b54e-a695-6db2e06e-b471-42ec"
"Casa en Venta en La Nueva Victoria","$ 5,900,000","342 m²","La Nueva Victoria, San Andrés Tuxtla, Veracruz Llave","4","3","/detalle/41032-73-968794569dca-d8ca-197a3bf-bff9-7115"
"Casa en Venta en Veracruz","$ 4,500,000","272 m²","Veracruz, Xalapa, Veracruz Llave","2","3","/detalle/41032-73-cd1b781453e8-9c19-193e468-ae9f-7ee4"
"Casa en Venta en El Morro las Colonias","$ 2,890,000","160 m²","El Morro las Colonias, Boca del Río, Veracruz Llave","2","3","/detalle/41032-73-2d531137c67e-ba7d-41fa3d61-be6c-4334"
"Casa en Venta en Centro Sct Veracruz","$ 3,250,000","186 m²","Centro Sct Veracruz, Xalapa, Veracruz Llave","2","3","/detalle/41032-73-af21c3168bc6-7817-19394f7-aab2-7471"
"Casa en Venta en Xana","$ 1,469,000","77 m²","Xana, Veracruz, Veracruz Llave","1","3","/detalle/41032-73-d3bcda82e77b-b0ce-5e16d32c-ae7d-438b"
"Casa en Venta en Ánimas Marqueza","$ 7,100,000","456 m²","Ánimas Marqueza, Xalapa, Veracruz Llave","5","5","/detalle/41032-73-1a3ed4d31ed3-54-1941a71-9966-7767"
"Casa en Venta en Tejería","$ 733,950","43 m²","Tejería, Veracruz, Veracruz Llave","1","2","/detalle/41032-73-ac2497a786ec-2d91-1967df0-bbdc-7f2c"
"Casa en Venta en Tres Pasos","$ 2,650,000","200 m²","Tres Pasos, Emiliano Zapata, Veracruz Llave","2","3","/detalle/41032-73-71ba993f19fa-c9d3-194d3f1-b45d-7a50"
"Casa en Venta en Club de Golf Villa Rica","$ 17,500,000","547 m²","Club de Golf Villa Rica, Alvarado, Veracruz Llave","5","5","/detalle/41032-73-bffafa05782d-f8f4-192bfb9-c045-7271"
"Casa en Venta en Setse","$ 2,000,000","110 m²","Setse, Coatepec, Veracruz Llave","2","2","/detalle/41032-73-1c46c68f008c-3272-1910197-9f10-7057"
"Casa en Venta en Tejería","$ 903,000","61 m²","Tejería, Veracruz, Veracruz Llave","1","2","/detalle/41032-73-3f399860ea59-7283-1967f32-b66f-7383"
"Casa en Venta en Setse","$ 2,800,000","220 m²","Setse, Coatepec, Veracruz Llave","4","4","/detalle/41032-73-22bfd6fe5320-b118-192e820-b6a3-7a55"
"Casa en Venta en Xana","$ 1,733,000","95 m²","Xana, Veracruz, Veracruz Llave","2","3","/detalle/41032-73-ae19538df517-15ae-ff35d8be-9240-406e"
"Casa en Venta en Primero de Mayo","$ 3,125,000","189 m²","Primero de Mayo, Veracruz, Veracruz Llave","3","3","/detalle/41032-73-fb1bb8d0b67c-2329-197b304-bed9-73f7"
"Casa en Venta en Valente Diaz","$ 1,113,000","60 m²","Valente Diaz, Veracruz, Veracruz Llave","1","2","/detalle/41032-73-2191ced6b44b-467e-1963aa7-bc04-7159"
"Casa en Venta en Virgilio Uribe","$ 1,860,000","129 m²","Virgilio Uribe, Veracruz, Veracruz Llave","2","2","/detalle/41032-73-a3aa00bf4e29-deb4-1968806-94c0-79df"
"Casa en Venta en Costa de Oro 1a Secc","$ 21,000,000","635 m²","Costa de Oro 1a Secc, Boca del Río, Veracruz Llave","7","3","/detalle/41032-73-c8db788e4ba-6c6f-1967da5-8757-759b"
"Casa en Venta en Tejería","$ 1,008,000","72 m²","Tejería, Veracruz, Veracruz Llave","2","3","/detalle/41032-73-4736a1e4542b-a454-1967f35-b66f-7383"
"Casa en Venta en San Cayetano","$ 7,800,000","551 m²","San Cayetano, Córdoba, Veracruz Llave","2","3","/detalle/41032-73-ce97a36a3407-24b2-ddf395d8-9b37-42ac"
"Casa en Venta en Moderno","$ 6,950,000","247 m²","Moderno, Veracruz, Veracruz Llave","2","3","/detalle/41032-73-ce1b9c4f38f7-d303-1920368-8e6b-77bd"
"Casa en Venta en La Tampiquera","$ 2,800,000","182 m²","La Tampiquera, Boca del Río, Veracruz Llave","2","3","/detalle/41032-73-90c7d9ab50ed-4f24-7b536f06-b0a7-48d4"
"Casa en Venta en El Morro las Colonias","$ 2,000,000","92 m²","El Morro las Colonias, Boca del Río, Veracruz Llave","2","2","/detalle/41032-73-91e5ad85840e-bac1-1958320-af2b-79db"
"Casa en Venta en Olmos de Las Ánimas","$ 3,900,000","420 m²","Olmos de Las Ánimas, Xalapa, Veracruz Llave","4","3","/detalle/41032-73-5bb013a1bb94-c233-ac666c26-ab62-3679"
"Casa en Venta en Lomas del Estadio","$ 10,000,000","352.77 m²","Lomas del Estadio, Xalapa, Veracruz Llave","4","5","/detalle/41032-73-1a1ba5078f50-784d-1ed17362-add1-3fb3"
"Casa en Venta en Indeco Animas","$ 3,170,000","207 m²","Indeco Animas, Xalapa, Veracruz Llave","2","3","/detalle/41032-73-217de77f2110-8ea1-18ff594-bd8c-7be0"
"Casa en Venta en Nuevo Coapexpan","$ 15,000,000","2426.03 m²","Nuevo Coapexpan, Xalapa, Veracruz Llave","6","5","/detalle/41032-73-13aafb5c65c2-e4d-2e9f93c4-a307-3571"
"Casa en Fraccionamiento en Venta en Hípico","$ 2,800,000","180 m²","Hípico, Boca del Río, Veracruz Llave","4","5","/detalle/41032-73-dd09e477c444-96d8-1935548-a1d3-7795"
"Casa en Venta en Plan Del Rio","$ 2,500,000","17000 m²","Plan Del Rio, Emiliano Zapata, Veracruz Llave","No disponible","No disponible","/detalle/41032-73-b4d69a5b76db-e8f4-24f1d51-b443-3aea"
"Casa en Fraccionamiento en Venta en Ignacio Zaragoza","$ 6,900,000","625 m²","Ignacio Zaragoza, Veracruz, Veracruz Llave","6","8","/detalle/41032-73-9d13a2167008-2c36-1a314259-b67d-2006"
"Casa en Venta en Ejido Primero de Mayo Sur","$ 5,000,000","250 m²","Ejido Primero de Mayo Sur, Boca del Río, Veracruz Llave","3","3","/detalle/41032-73-d5667dea90d5-e04c-5551619-b537-1237"
"Casa en Fraccionamiento en Venta en Ignacio Zaragoza","$ 5,300,000","368 m²","Ignacio Zaragoza, Veracruz, Veracruz Llave","3","3","/detalle/41032-73-27f8c61e8d93-e1d2-9e623779-91bc-1237"
"Casa en Venta en Buenavista Infonavit","$ 1,350,000","76 m²","Buenavista Infonavit, Veracruz, Veracruz Llave","2","2","/detalle/41032-73-95840cf85030-143a-1091e559-b637-105c"
"Casa en Fraccionamiento en Venta en Unidad Veracruzana","$ 2,200,000","250 m²","Unidad Veracruzana, Veracruz, Veracruz Llave","4","4","/detalle/41032-73-6ff62545159c-e40b-2306e909-9717-1237"
"Casa en Venta en Alvarado Centro","$ 5,200,000","237 m²","Alvarado Centro, Alvarado, Veracruz Llave","3","3","/detalle/41032-73-8db8e969dd55-fa6c-80b10209-8b62-41e5"
"Casa en Venta en Las Trancas","$ 7,200,000","402 m²","Las Trancas, Emiliano Zapata, Veracruz Llave","5","4","/detalle/41032-73-a8f446b228a7-6a44-192c2b1-bd99-7617"
"Casa en Venta en Las Lomas","$ 3,990,000","200 m²","Las Lomas, Alvarado, Veracruz Llave","3","4","/detalle/41032-73-32c3952ce790-c166-194dd48-ab09-73c9"
"Casa en Venta en Lomas Del Mar","$ 3,350,000","167 m²","Lomas Del Mar, Boca del Río, Veracruz Llave","2","3","/detalle/41032-73-6312fd020f8b-57b1-1956f01-b182-7c10"
"Casa en Venta en Costa de Oro 1a Secc","$ 12,000,000","630 m²","Costa de Oro 1a Secc, Boca del Río, Veracruz Llave","6","4","/detalle/41032-73-a66f9d67d210-cf26-194dc08-a5e1-7ae3"
"Casa en Venta en Venustiano Carranza","$ 2,400,000","140 m²","Venustiano Carranza, Boca del Río, Veracruz Llave","2","3","/detalle/41032-73-de8ab34a8171-c417-191787c-87ee-7f0f"
"Casa en Venta en Jardines de Virginia","$ 6,800,000","424 m²","Jardines de Virginia, Boca del Río, Veracruz Llave","3","4","/detalle/41032-73-2cc34dd749a7-d67d-194dd5f-badd-738a"
"Casa en Venta en Real Mandinga","$ 1,850,000","94 m²","Real Mandinga, Alvarado, Veracruz Llave","2","2","/detalle/41032-73-2020fbd60bd7-158e-194db09-b2c7-7c38"
"Casa en Venta en Camino Real","$ 17,000,000","776 m²","Camino Real, Boca del Río, Veracruz Llave","7","5","/detalle/41032-73-ce8bc48ba92b-5728-194ab47-bb3d-7f57"
"Casa en Venta en Las Vegas II","$ 2,750,000","241 m²","Las Vegas II, Boca del Río, Veracruz Llave","3","3","/detalle/41032-73-57774621c562-91a-19426ca-a9f3-77a8"
"Casa en Venta en Boca Del Rio","$ 5,865,000","240 m²","Boca Del Rio, Boca del Río, Veracruz Llave","3","3","/detalle/41032-73-3756d15973cc-5e31-1976297-b875-7827"
"Casa en Venta en San Jose Novillero","$ 3,598,000","178 m²","San Jose Novillero, Boca del Río, Veracruz Llave","3","3","/detalle/41032-73-fd1dd3440ae2-6147-197de1a-847e-7757"
"Casa en Venta en Ejido Primero de Mayo Norte","$ 3,125,000","190 m²","Ejido Primero de Mayo Norte, Boca del Río, Veracruz Llave","3","3","/detalle/41032-73-28164310ec18-2ef1-196662d-aabf-714f"
"Casa en Venta en Boca Del Rio","$ 5,650,000","230 m²","Boca Del Rio, Boca del Río, Veracruz Llave","4","4","/detalle/41032-73-31ac4ee051d-27b8-1951c92-9635-7123"
"Casa en Venta en La Cuchilla","$ 2,890,000","140 m²","La Cuchilla, Boca del Río, Veracruz Llave","3","4","/detalle/41032-73-ae8fde34e61d-47ce-1942682-bc20-7210"
"Casa en Venta en San Jose Novillero","$ 3,300,000","93 m²","San Jose Novillero, Boca del Río, Veracruz Llave","2","2","/detalle/41032-73-88a58800936c-baee-196f660-bf19-7ef1"
"Casa en Venta en Club de Golf Villa Rica","$ 14,130,000","408 m²","Club de Golf Villa Rica, Alvarado, Veracruz Llave","4","4","/detalle/41032-73-ef114c22baa1-d091-194db3a-8328-77be"
"Casa en Venta en San Jose Novillero","$ 3,965,000","217 m²","San Jose Novillero, Boca del Río, Veracruz Llave","3","3","/detalle/41032-73-f9a29ecc1156-e58c-191e4af-b2eb-7aef"
"Casa en Venta en Medellin de Bravo","$ 3,350,000","260 m²","Medellin de Bravo, Medellín, Veracruz Llave","3","3","/detalle/41032-73-b70329ed4854-8920-1978176-a7f9-7f2b"
"Casa en Venta en Paso Del Toro","$ 1,650,000","78 m²","Paso Del Toro, Medellín, Veracruz Llave","2","2","/detalle/41032-73-44d38273aaa9-881-194dccd-ba2b-7a87"
"Casa en Venta en Laguna Real","$ 990,000","72 m²","Laguna Real, Veracruz, Veracruz Llave","2","3","/detalle/41032-73-b34445378215-4120-bd366e2e-a81f-4c49"
"Casa en Venta en Camino Real","$ 20,000,000","635 m²","Camino Real, Boca del Río, Veracruz Llave","7","3","/detalle/41032-73-9cc0fdb8153a-65b5-1954d8b-826a-78ce"
"Casa en Venta en Playa Hermosa","$ 9,500,000","488 m²","Playa Hermosa, Boca del Río, Veracruz Llave","3","4","/detalle/41032-73-71bac0aaad7e-d0eb-194dda4-92c5-7ec5"
"Casa en Venta en Reforma","$ 5,300,000","426 m²","Reforma, Veracruz, Veracruz Llave","2","3","/detalle/41032-73-b668032f48c3-f9b2-194dd9c-8878-73c4"
"Casa en Venta en El Morro las Colonias","$ 2,100,000","126 m²","El Morro las Colonias, Boca del Río, Veracruz Llave","3","3","/detalle/41032-73-a94593985639-e5dc-194dc6a-8939-7cf1"
"Casa en Venta en Boca Del Rio","$ 4,350,000","215 m²","Boca Del Rio, Boca del Río, Veracruz Llave","3","3","/detalle/41032-73-6841d23c16fc-1b3f-18f5c80-9337-7081"
"Casa en Venta en Anton Lizardo","$ 3,850,000","215 m²","Anton Lizardo, Alvarado, Veracruz Llave","3","3","/detalle/41032-73-a63d71b1c276-1c7f-196b896-8daa-77a5"
"Casa en Venta en La Cuchilla","$ 2,900,000","170 m²","La Cuchilla, Boca del Río, Veracruz Llave","3","4","/detalle/41032-73-41bb90ceda8d-2521-195e56c-bf98-75dc"
"Casa en Venta en Alvarado Centro","$ 5,125,000","222 m²","Alvarado Centro, Alvarado, Veracruz Llave","3","3","/detalle/41032-73-c1da2f260b0b-4b79-1959d57-9cb9-7ec9"
"Casa en Venta en Boca Del Rio","$ 3,215,000","106 m²","Boca Del Rio, Boca del Río, Veracruz Llave","2","2","/detalle/41032-73-23d17dd856de-b06-194dd83-a46e-72dc"
"Casa en Venta en Las Lomas","$ 3,675,000","205 m²","Las Lomas, Alvarado, Veracruz Llave","3","3","/detalle/41032-73-cfe717c57d5a-3c6a-194dd80-a31c-76d7"
"Casa en Venta en Ignacio Zaragoza","$ 10,850,000","580 m²","Ignacio Zaragoza, Veracruz, Veracruz Llave","3","4","/detalle/41032-73-746e16f8375e-e9cd-19729ea-b6d8-7c35"
"Casa en Venta en Alvarado Centro","$ 5,035,000","210 m²","Alvarado Centro, Alvarado, Veracruz Llave","3","3","/detalle/41032-73-b02a4ef566d3-dac4-1959d56-b427-733e"
"Casa en Venta en Adalberto Tejeda","$ 2,700,000","151 m²","Adalberto Tejeda, Boca del Río, Veracruz Llave","2","3","/detalle/41032-73-fe46d0cd91c3-37e9-19724b5-bec6-70ba"
"Casa en Venta en Alvarado Centro","$ 4,555,000","222 m²","Alvarado Centro, Alvarado, Veracruz Llave","3","3","/detalle/41032-73-2f0d08bbb3b8-dc95-1968a34-b119-799e"
"Casa en Venta en Lomas de la Rioja","$ 3,630,000","170 m²","Lomas de la Rioja, Alvarado, Veracruz Llave","3","3","/detalle/41032-73-115bb6b4437e-ae4-197f80f-b23d-78c1"
"Casa en Venta en Reforma","$ 4,500,000","181.32 m²","Reforma, Veracruz, Veracruz Llave","3","4","/detalle/41032-73-e662a01d00b2-5c71-1966b51-9b84-7ef6"
"Casa en Venta en Alvarado Centro","$ 56,600,000","No disponible","Alvarado Centro, Alvarado, Veracruz Llave","20","14","/detalle/41032-73-e2022c7977c5-35cd-194deff-99c9-7368"
"Casa en Venta en Puerto México","$ 3,850,000","92 m²","Puerto México, Coatzacoalcos, Veracruz Llave","1","2","/detalle/41032-73-7c4036de5bb0-64e4-2a0df7e5-8e3d-470e"
"Casa en Venta en Guadalupe Victoria","$ 1,750,000","106 m²","Guadalupe Victoria, Coatzacoalcos, Veracruz Llave","1","2","/detalle/41032-73-3cb6cac225a5-ef5e-41f36b4c-a99f-49a1"
"Casa en Venta en Puerto México","$ 1,600,000","92 m²","Puerto México, Coatzacoalcos, Veracruz Llave","1","2","/detalle/41032-73-7782027e1acf-4eaa-d1599360-8638-4e1d"
"Casa en Venta en La Rueda","$ 3,000,000","100 m²","La Rueda, Poza Rica de Hidalgo, Veracruz Llave","4","4","/detalle/41032-73-f38520d67e42-cab4-19713f2-948b-78d2"
"Casa en Fraccionamiento en Venta en Asociación Civil","$ 7,950,000","800 m²","Asociación Civil, Veracruz, Veracruz Llave","4","4","/detalle/41032-73-a2d0055b18c6-baab-194d83e-a27f-7d10"
"Casa en Venta en La Nueva Victoria","$ 7,500,000","250 m²","La Nueva Victoria, San Andrés Tuxtla, Veracruz Llave","3","3","/detalle/41032-73-adb2de546a5b-dc69-19461cd-8a95-7160"
"Casa en Venta en Lomas del Sol","$ 4,100,000","253 m²","Lomas del Sol, Alvarado, Veracruz Llave","4","3","/detalle/41032-73-1fff1ceaf32b-4cd2-fd27d33f-869b-378f"
"Casa en Venta en Alvarado Centro","$ 5,150,000","236 m²","Alvarado Centro, Alvarado, Veracruz Llave","3","3","/detalle/41032-73-a9ce8da7a902-c75d-19785dd-9b39-78d8"
"Casa en Venta en Venustiano Carranza","$ 2,050,000","140 m²","Venustiano Carranza, Boca del Río, Veracruz Llave","2","3","/detalle/41032-73-2a8a8bb5e8d8-bc27-1971e7c-ae9b-7c02"
"Casa en Venta en San Marcos","$ 10,000,000","371 m²","San Marcos, Xico, Veracruz Llave","4","5","/detalle/41032-73-2e5922b88ddb-8af2-6d54ef2e-a068-3943"
"Casa en Venta en Costa de Oro 1a Secc","$ 20,000,000","932 m²","Costa de Oro 1a Secc, Boca del Río, Veracruz Llave","5","5","/detalle/41032-73-3a9de3f4b0ba-f684-197f656-b734-7093"
"Casa en Venta en Laguna Real","$ 3,600,000","300 m²","Laguna Real, Veracruz, Veracruz Llave","4","3","/detalle/41032-73-21451d3ad754-128d-1976658-89e5-7f26"
"Casa en Venta en Boca Del Rio","$ 4,050,000","210 m²","Boca Del Rio, Boca del Río, Veracruz Llave","3","3","/detalle/41032-73-6afc5f880a4a-abae-1966ec5-875d-7275"
"Casa en Venta en Unidad Veracruzana","$ 1,800,000","140 m²","Unidad Veracruzana, Veracruz, Veracruz Llave","2","3","/detalle/41032-73-7e0ffab16a52-75bd-1966984-b1c6-77c4"
"Casa en Venta en Nogales Centro","$ 6,000,000","280 m²","Nogales Centro, Nogales, Veracruz Llave","2","4","/detalle/41032-73-77e753c8598-4603-195f409-9286-7160"
"Casa en Venta en Alvarado Centro","$ 3,699,000","236 m²","Alvarado Centro, Alvarado, Veracruz Llave","3","3","/detalle/41032-73-b9173d80fb4e-d163-193d753-8648-79db"
"Casa en Venta en Lazaro Cardenas","$ 2,800,000","245 m²","Lazaro Cardenas, Boca del Río, Veracruz Llave","3","3","/detalle/41032-73-586493f44da0-3d7b-fc267e22-9b26-39a6"
"Casa en Fraccionamiento en Venta en Puente Nacional","$ 2,200,000","173 m²","Puente Nacional, Puente Nacional, Veracruz Llave","3","3","/detalle/41032-73-354eeeb09ecb-ae63-f89ba10e-b802-3ad7"
"Casa en Fraccionamiento en Venta en Lomas de la Rioja","$ 2,630,000","154 m²","Lomas de la Rioja, Alvarado, Veracruz Llave","3","3","/detalle/41032-73-52104554580f-ad28-f358b21d-bc43-313d"
"Casa en Venta en Floresta","$ 2,650,000","190 m²","Floresta, Veracruz, Veracruz Llave","4","3","/detalle/41032-73-8e5a0e55466f-dc40-86fd8a10-b9ad-3a2c"
"Casa en Venta en Costa de Oro 1a Secc","$ 18,000,000","635 m²","Costa de Oro 1a Secc, Boca del Río, Veracruz Llave","3","3","/detalle/41032-73-1af2b3cf202-eaf1-197e732-9d14-7698"
"Casa en Venta en Floresta","$ 1,890,000","159 m²","Floresta, Veracruz, Veracruz Llave","4","4","/detalle/41032-73-acb552f6f5a3-721f-b5e59f43-ba73-3617"
"Casa en Venta en Boca Del Rio","$ 2,600,000","190 m²","Boca Del Rio, Boca del Río, Veracruz Llave","2","3","/detalle/41032-73-9befe55eee1b-71f2-1974816-8375-7382"
"Casa en Venta en Nueva","$ 1,350,000","82 m²","Nueva, Veracruz, Veracruz Llave","2","3","/detalle/41032-73-40c5f72e4929-7010-19747ce-8375-7382"
"Casa en Venta en El Morro las Colonias","$ 3,100,000","171 m²","El Morro las Colonias, Boca del Río, Veracruz Llave","3","3","/detalle/41032-73-1d09f8759e2d-5128-1971464-8e21-7d13"
"Casa en Venta en Costa de Oro 1a Secc","$ 15,000,000","344 m²","Costa de Oro 1a Secc, Boca del Río, Veracruz Llave","3","3","/detalle/41032-73-e00400954dbc-e79c-1970421-b3a1-8045"
"Casa en Venta en Luis Echeverria Alvarez","$ 3,630,000","222 m²","Luis Echeverria Alvarez, Boca del Río, Veracruz Llave","3","3","/detalle/41032-73-7a05161212e5-457d-1966ed4-875d-7275"
"Quinta / Hacienda en Venta en Amapolas I","$ 8,000,000","500 m²","Amapolas I, Veracruz, Veracruz Llave","3","3","/detalle/41032-73-ca48255a7b8b-9236-1965ac7-b1c5-77c4"
"Casa en Venta en Anton Lizardo","$ 3,250,000","350 m²","Anton Lizardo, Alvarado, Veracruz Llave","5","5","/detalle/41032-73-b6cb58dc57ef-b826-1965aaa-b1c5-77c4"
"Casa en Venta en Hacienda Sotavento","$ 750,000","68 m²","Hacienda Sotavento, Veracruz, Veracruz Llave","1","2","/detalle/41032-73-81f14b291866-7f80-195df55-8133-7e28"
"Casa en Venta en La Nueva Victoria","$ 5,420,000","220 m²","La Nueva Victoria, San Andrés Tuxtla, Veracruz Llave","3","3","/detalle/41032-73-df8eb1a6e678-8d04-194ddb1-a25c-7aef"
"Casa en Venta en La Nueva Victoria","$ 17,500,000","790 m²","La Nueva Victoria, San Andrés Tuxtla, Veracruz Llave","3","3","/detalle/41032-73-e80f9aeec27b-254e-19398f3-ad26-7e24"
"Casa en Venta en Lomas de la Rioja","$ 3,650,000","240 m²","Lomas de la Rioja, Alvarado, Veracruz Llave","3","3","/detalle/41032-73-a1d6d329cd9c-ec09-efc83948-9407-3119"
"Casa en Venta en La Mata 1a Secc","$ 2,289,000","115 m²","La Mata 1a Secc, Coatepec, Veracruz Llave","3","3","/detalle/41032-73-64430905459d-22a8-e89c3ef1-833d-3836"
"Casa en Venta en Agrícola","$ 2,590,000","220 m²","Agrícola, Xalapa, Veracruz Llave","4","3","/detalle/41032-73-bbd4b294bfc2-412a-a54eca7a-b0fb-3a46"
"Casa en Venta en La Mata 1a Secc","$ 2,225,000","152 m²","La Mata 1a Secc, Coatepec, Veracruz Llave","4","3","/detalle/41032-73-1ee099520471-ea09-9fb480d1-b141-3db7"
"Casa en Venta en Progreso Macuiltepetl","$ 1,950,000","290 m²","Progreso Macuiltepetl, Xalapa, Veracruz Llave","2","5","/detalle/41032-73-6dd676b72a74-5b50-7eeab51b-9ebe-3913"
"Casa en Venta en Las Vegas II","$ 3,100,000","250 m²","Las Vegas II, Boca del Río, Veracruz Llave","4","3","/detalle/41032-73-81d18a94db71-f128-8f0b5c1-a07a-38a2"
"Casa en Venta en Casas Tamsa","$ 2,200,000","150 m²","Casas Tamsa, Boca del Río, Veracruz Llave","2","3","/detalle/41032-73-ca7d9b112f3a-3437-197ec00-adca-72d6"
"Casa en Venta en La Rueda","$ 7,000,000","330 m²","La Rueda, Poza Rica de Hidalgo, Veracruz Llave","6","6","/detalle/41032-73-1f504c4d6f69-896-196efe7-8ed8-7942"
"Casa en Venta en Adalberto Tejeda","$ 3,500,000","180 m²","Adalberto Tejeda, Boca del Río, Veracruz Llave","4","3","/detalle/41032-73-56dd314776d1-a8a0-196a7ce-b465-7a2d"
"Casa en Venta en Las Lomas","$ 3,600,000","230 m²","Las Lomas, Alvarado, Veracruz Llave","2","3","/detalle/41032-73-e577bf90d7e2-f24d-1969234-badb-78cc"
"Casa en Venta en Mata de Pita","$ 1,588,000","88 m²","Mata de Pita, Veracruz, Veracruz Llave","2","2","/detalle/41032-73-cf52538b0e4f-7c73-1969205-badb-78cc"
"Casa en Venta en Puente Moreno","$ 670,000","42 m²","Puente Moreno, Medellín, Veracruz Llave","1","2","/detalle/41032-73-c869a824b5ca-eb5b-1964069-91f1-77c1"
"Casa en Venta en Coapexpan","$ 2,600,000","192 m²","Coapexpan, Xalapa, Veracruz Llave","3","3","/detalle/41032-73-1fe71f19d5fb-f6e2-195e4fa-bba8-7386"
"Casa en Venta en El Tejar","$ 1,380,000","191 m²","El Tejar, Medellín, Veracruz Llave","3","3","/detalle/41032-73-cf970a81d902-59e4-19524e4-810f-77c8"
"Casa en Venta en Benito Juárez","$ 690,000","57 m²","Benito Juárez, Benito Juárez, Veracruz Llave","1","2","/detalle/41032-73-5a7fb6e5d807-ab63-1951b17-af13-76b4"
"Casa en Venta en Xana","$ 1,300,000","137 m²","Xana, Veracruz, Veracruz Llave","1","2","/detalle/41032-73-4d83245892dd-d967-194912a-9bcf-7051"
"Casa en Venta en Lomas Del Paraíso","$ 1,480,000","118 m²","Lomas Del Paraíso, Xalapa, Veracruz Llave","1","3","/detalle/41032-73-98cb3e93ef52-72fc-1948581-9e2d-79e4"
"Casa en Fraccionamiento en Venta en Libertad de Expresión","$ 1,650,000","104 m²","Libertad de Expresión, Veracruz, Veracruz Llave","2","3","/detalle/41032-73-9749b799ffb9-635b-1943d49-bc47-78cf"
"Casa en Venta en Lomas de la Rioja","$ 3,000,000","222 m²","Lomas de la Rioja, Alvarado, Veracruz Llave","2","3","/detalle/41032-73-c3941ddfd848-836c-fc57ddf8-971f-3754"
"Casa en Venta en Ricardo Flores Magon","$ 2,990,000","170 m²","Ricardo Flores Magon, Boca del Río, Veracruz Llave","2","3","/detalle/41032-73-a34fbb69927-4c85-52842e3c-99e1-397d"
"Casa en Venta en Playa de Oro","$ 3,100,000","190 m²","Playa de Oro, Boca del Río, Veracruz Llave","3","3","/detalle/41032-73-f6dbcfdaa9d4-261c-144896a5-bd7c-34e1"
"Casa en Venta en Paso Del Toro","$ 4,800,000","255 m²","Paso Del Toro, Xalapa, Veracruz Llave","3","3","/detalle/41032-73-84f029636d1c-96bf-19789f8-9684-77c1"
"Casa en Venta en La Nueva Victoria","$ 3,739,000","255 m²","La Nueva Victoria, San Andrés Tuxtla, Veracruz Llave","3","3","/detalle/41032-73-38c965895e42-9f3c-1971865-8e21-7d13"
"Casa en Venta en Playas de Conchal","$ 10,000,000","520 m²","Playas de Conchal, Alvarado, Veracruz Llave","5","4","/detalle/41032-73-8e824af2ca08-56cf-196b219-a1cf-7a9c"
"Casa en Venta en Siglo Xxi","$ 1,690,000","180 m²","Siglo Xxi, Veracruz, Veracruz Llave","2","3","/detalle/41032-73-b2bc67d748d4-6c65-1966acb-b1c6-77c4"
"Casa en Venta en El Manantial","$ 1,685,000","171 m²","El Manantial, Boca del Río, Veracruz Llave","2","5","/detalle/41032-73-1c7515ec53c-a4e2-195e4e1-bba8-7386"
"Casa en Fraccionamiento en Venta en Paso Del Toro","$ 14,000,000","1,088 m²","Paso Del Toro, Xalapa, Veracruz Llave","5","5","/detalle/41032-73-f29f4eda03ed-fcdf-1950b27-831f-7e1c"
"Casa en Venta en La Nueva Victoria","$ 5,420,000","220 m²","La Nueva Victoria, San Andrés Tuxtla, Veracruz Llave","3","3","/detalle/41032-73-d4d5d8512f0a-7834-194ddaa-a25c-7aef"
"Casa en Venta en El Tejar","$ 398,000","38 m²","El Tejar, Medellín, Veracruz Llave","1","1","/detalle/41032-73-e1ff90f49400-6841-19485e5-9e2d-79e4"
"Casa en Venta en Xana","$ 1,733,000","95 m²","Xana, Veracruz, Veracruz Llave","2","3","/detalle/41032-73-be1fb5b49f4e-b657-1945215-a325-7c03"
"Casa en Venta en Lomas del Sol","$ 4,500,000","265 m²","Lomas del Sol, Alvarado, Veracruz Llave","4","3","/detalle/41032-73-10ec10d4bb58-309d-f917b9be-98c1-3bb6"
"Casa en Venta en Coyol Magisterio","$ 13,500,000","900 m²","Coyol Magisterio, Veracruz, Veracruz Llave","6","6","/detalle/41032-73-ecc46e5c1931-9436-a7a0ce86-af52-3c93"
"Casa en Venta en Playa de Vacas","$ 3,876,000","264 m²","Playa de Vacas, Medellín, Veracruz Llave","4","3","/detalle/41032-73-3bcd9bb433bf-53bb-99f3dc66-b7eb-378c"
"Casa en Venta en Las Vegas II","$ 2,800,000","180 m²","Las Vegas II, Boca del Río, Veracruz Llave","3","3","/detalle/41032-73-1ecda79b4072-80b6-4f8b366f-b3a1-3a78"
"Casa en Venta en Venustiano Carranza","$ 1,700,000","84 m²","Venustiano Carranza, Veracruz, Veracruz Llave","3","3","/detalle/41032-73-ca41276be398-df0d-888f6bd-9b7a-38ee"
"Casa en Venta en Floresta","$ 2,600,000","180 m²","Floresta, Veracruz, Veracruz Llave","3","3","/detalle/41032-73-f565b6312d50-2e19-1977fd5-a81a-7492"
"Casa en Venta en Xana","$ 980,000","225 m²","Xana, Veracruz, Veracruz Llave","3","3","/detalle/41032-73-3d88cddc7a59-201b-195d440-a3e1-7f2f"
"Casa en Venta en La Nueva Victoria","$ 21,000,000","635 m²","La Nueva Victoria, San Andrés Tuxtla, Veracruz Llave","3","3","/detalle/41032-73-e471636549d-d8df-1950b38-8320-7e1c"
"Casa en Venta en Boca Del Rio","$ 5,270,000","300 m²","Boca Del Rio, Boca del Río, Veracruz Llave","4","4","/detalle/41032-73-fe778e9519c6-9043-194d32f-c01a-7d17"
"Casa en Venta en Xana","$ 1,469,000","77 m²","Xana, Veracruz, Veracruz Llave","1","2","/detalle/41032-73-c6762ca298da-289b-194521f-a325-7c03"
"Casa en Venta en Puente Moreno","$ 1,590,000","118 m²","Puente Moreno, Medellín, Veracruz Llave","2","3","/detalle/41032-73-7ab5f8fe3355-b8a9-19451ef-93af-7494"
"Casa en Venta en Ejido Primero de Mayo Sur","$ 3,250,000","198 m²","Ejido Primero de Mayo Sur, Boca del Río, Veracruz Llave","4","4","/detalle/41032-73-44ace5bef1fe-7ee1-1938f5c-81f0-76ac"
"Casa en Venta en Jardines de Virginia","$ 3,800,000","173 m²","Jardines de Virginia, Boca del Río, Veracruz Llave","2","3","/detalle/41032-73-b61d10f7a9e5-38b3-1938e77-82f5-7e27"
"Casa en Venta en Las Vegas II","$ 3,100,000","250 m²","Las Vegas II, Boca del Río, Veracruz Llave","3","3","/detalle/41032-73-8a16338e4c95-6e7b-1963aee-b894-7f37"
"Casa en Venta en Xico","$ 5,500,000","408 m²","Xico, Xico, Veracruz Llave","4","7","/detalle/41032-73-d07f7d56a28f-58f-1955404-a4d8-748c"
"Casa en Venta en Las Vegas II","$ 1,600,000","120 m²","Las Vegas II, Boca del Río, Veracruz Llave","2","3","/detalle/41032-73-4bbb6cdb917d-c9dc-1951b11-af13-76b4"
"Casa en Venta en Veracruz Centro","$ 2,150,000","181 m²","Veracruz Centro, Veracruz, Veracruz Llave","4","3","/detalle/41032-73-c6decb814b6b-5d38-1947605-9837-8041"
"Casa en Venta en Jalapa Enríquez Centro","$ 15,500,000","140 m²","Jalapa Enríquez Centro, Xalapa, Veracruz Llave","5","6","/detalle/41032-73-8d944ad0aae-e668-18f8746-a55b-74f7"
"Casa en Venta en Ixtacuaco","$ 7,000,000","700 m²","Ixtacuaco, Tlapacoyan, Veracruz Llave","8","8","/detalle/41032-73-f336f9b83f2b-63b3-f5d27256-9358-386b"
"Casa en Fraccionamiento en Venta en Alvarado Centro","$ 9,650,000","460 m²","Alvarado Centro, Alvarado, Veracruz Llave","3","3","/detalle/41032-73-12432f389af9-1dc4-a3383949-aebb-396c"
"Casa en Venta en Lomas de la Rioja","$ 3,790,000","252 m²","Lomas de la Rioja, Alvarado, Veracruz Llave","4","4","/detalle/41032-73-6826a49abbe3-c99-8569b48a-a1b0-3bc2"
"Casa en Venta en Villa Rica","$ 2,100,000","140 m²","Villa Rica, Boca del Río, Veracruz Llave","4","3","/detalle/41032-73-131fa730c9f-a90-3b75b03d-917a-3c83"
"Casa en Venta en Alvarado Centro","$ 7,000,000","753 m²","Alvarado Centro, Alvarado, Veracruz Llave","5","4","/detalle/41032-73-6747f6103b83-6598-2e52dbc6-89a2-36da"
"Casa en Venta en El Morro las Colonias","$ 2,050,000","91 m²","El Morro las Colonias, Boca del Río, Veracruz Llave","2","2","/detalle/41032-73-281f9828b992-e9d3-19747b5-8375-7382"
"Casa en Venta en Jardines de Las Ánimas","$ 5,200,000","380 m²","Jardines de Las Ánimas, Xalapa, Veracruz Llave","3","3","/detalle/41032-73-a6dd63722f89-9ff6-196f071-870b-8044"
"Casa en Venta en Playa Linda","$ 1,780,000","238 m²","Playa Linda, Veracruz, Veracruz Llave","2","3","/detalle/41032-73-1611a182a5d3-83e-196934b-badc-78cc"
"Casa en Venta en Mata de Pita","$ 750,000","68 m²","Mata de Pita, Veracruz, Veracruz Llave","1","2","/detalle/41032-73-8b0223e2fd20-be38-1963ff9-a354-7057"
"Casa en Venta en Arboledas","$ 895,000","81 m²","Arboledas, Veracruz, Veracruz Llave","2","3","/detalle/41032-73-faa027c2a377-e60c-195e4ac-a603-75a1"
"Casa en Venta en Costa de Oro 1a Secc","$ 7,000,000","391 m²","Costa de Oro 1a Secc, Boca del Río, Veracruz Llave","3","3","/detalle/41032-73-b01b77503692-aded-195b654-a975-7d14"
"Casa en Venta en Floresta","$ 2,350,000","200 m²","Floresta, Veracruz, Veracruz Llave","2","3","/detalle/41032-73-b6039bcda118-d53d-195b4e7-9cca-7274"
"Casa en Venta en El Morro las Colonias","$ 3,400,000","185 m²","El Morro las Colonias, Boca del Río, Veracruz Llave","2","3","/detalle/41032-73-a0deaa1531c1-ccc4-1950fc9-ad55-75a0"
"Casa en Venta en Villa Rica","$ 2,550,000","145 m²","Villa Rica, Boca del Río, Veracruz Llave","2","3","/detalle/41032-73-ca5688881180-ec0c-1943d93-bc47-78cf"
"Casa en Venta en Pedregal de las Animas","$ 2,800,000","236 m²","Pedregal de las Animas, Xalapa, Veracruz Llave","3","3","/detalle/41032-73-e3b65d438664-896c-c22fa9ba-9c91-3e75"
"Casa en Venta en Adalberto Tejeda","$ 1,790,000","130 m²","Adalberto Tejeda, Boca del Río, Veracruz Llave","2","3","/detalle/41032-73-559e16e86166-e3e7-1938f67-81f0-76ac"
"Casa en Venta en Santa Bárbara","$ 3,000,000","199 m²","Santa Bárbara, Xalapa, Veracruz Llave","2","3","/detalle/41032-73-909ceea196a7-d110-1978a05-9684-77c1"
"Casa en Venta en Las Brisas","$ 985,000","170 m²","Las Brisas, Veracruz, Veracruz Llave","1","3","/detalle/41032-73-4d3741aecd5e-38a7-196d671-abe4-7e1f"
"Casa en Venta en Siglo Xxi","$ 1,400,000","200 m²","Siglo Xxi, Veracruz, Veracruz Llave","2","3","/detalle/41032-73-e95fd1e1403a-5661-196929d-badb-78cc"
"Casa en Venta en Residencial del Bosque","$ 1,120,000","68 m²","Residencial del Bosque, Veracruz, Veracruz Llave","1","2","/detalle/41032-73-5286626d4de2-e9bd-1966e96-875d-7275"
"Casa en Condominio en Venta en Alvarado Centro","$ 2,300,000","145 m²","Alvarado Centro, Alvarado, Veracruz Llave","2","3","/detalle/41032-73-a4a0ffdf5550-f96-1964023-a354-7057"
"Casa en Venta en Costa de Oro 1a Secc","$ 6,500,000","300 m²","Costa de Oro 1a Secc, Boca del Río, Veracruz Llave","4","4","/detalle/41032-73-34cbb3480b8c-1f6c-196220a-b89f-8044"
"Casa en Venta en Tejería","$ 733,950","43 m²","Tejería, Veracruz, Veracruz Llave","1","2","/detalle/41032-73-f72a18a97adf-8efc-195e4a2-a603-75a1"
"Casa en Fraccionamiento en Venta en Anton Lizardo","$ 12,500,000","442 m²","Anton Lizardo, Alvarado, Veracruz Llave","3","3","/detalle/41032-73-788d3922698-dc40-195587a-8683-79e8"
"Casa en Venta en Ejido Primero de Mayo Sur","$ 1,550,000","174 m²","Ejido Primero de Mayo Sur, Boca del Río, Veracruz Llave","5","5","/detalle/41032-73-da0ec339b3a0-7a9b-19485db-9e2d-79e4"
"Casa en Venta en Comapa","$ 1,600,000","144 m²","Comapa, Veracruz Llave","2","3","/detalle/41032-73-2f62d92e1a68-a808-1938ed6-82f6-7e27"
"Casa en Venta en Puente Moreno","$ 1,590,000","118 m²","Puente Moreno, Medellín, Veracruz Llave","2","3","/detalle/41032-73-b517bc68b94-2728-19379a3-934c-76aa"
"Casa en Venta en Vista Alegre","$ 3,100,000","170 m²","Vista Alegre, Boca del Río, Veracruz Llave","3","3","/detalle/41032-73-182f2ade3b42-51e6-1903b85-8d0e-7aca"
"Casa en Venta en Santa Rosa","$ 1,690,000","143 m²","Santa Rosa, Xalapa, Veracruz Llave","3","3","/detalle/41032-73-2e4299fcdc1b-e0da-4fa68056-ad6d-3b3e"
"Casa en Venta en Articulo 123","$ 2,900,000","205 m²","Articulo 123, Veracruz, Veracruz Llave","2","3","/detalle/41032-73-7b5122a77424-78ee-197b871-a425-7146"
"Casa en Venta en Morada del Quetzal","$ 3,200,000","215 m²","Morada del Quetzal, Emiliano Zapata, Veracruz Llave","2","3","/detalle/41032-73-199bfa2d7e2f-cf46-1971e00-ae9b-7c02"
"Casa en Venta en Puente Moreno","$ 1,650,000","180 m²","Puente Moreno, Medellín, Veracruz Llave","2","3","/detalle/41032-73-16b8eeda1343-bba7-19379a6-934c-76aa"
"Casa en Venta en Jose Cardel Centro","$ 1,750,000","163 m²","Jose Cardel Centro, La Antigua, Veracruz Llave","2","4","/detalle/41032-73-8713600e3560-1e7e-196d71d-abe4-7e1f"
"Casa en Venta en Puente Moreno","$ 1,350,000","70 m²","Puente Moreno, Medellín, Veracruz Llave","3","3","/detalle/41032-73-9340a1ef6e64-f5b-1966a96-b1c6-77c4"
"Casa en Venta en Playa Linda","$ 2,660,000","194 m²","Playa Linda, Veracruz, Veracruz Llave","2","3","/detalle/41032-73-c6a1b6da2f4b-4002-1963b6d-b894-7f37"
"Casa en Fraccionamiento en Venta en Puente Moreno","$ 644,100","42 m²","Puente Moreno, Medellín, Veracruz Llave","1","2","/detalle/41032-73-4b4bd292ee97-1651-19530b8-8110-77c8"
"Casa en Venta en San Jose Novillero","$ 2,470,000","148 m²","San Jose Novillero, Boca del Río, Veracruz Llave","2","3","/detalle/41032-73-2495370bb832-a80f-1942e73-b14f-803d"
"Casa en Venta en Los Volcanes","$ 800,000","65 m²","Los Volcanes, Veracruz, Veracruz Llave","1","2","/detalle/41032-73-c47ce2312564-9a4b-193dbe7-8649-79db"
"Casa en Venta en Candido Aguilar","$ 1,600,000","144 m²","Candido Aguilar, Veracruz, Veracruz Llave","2","3","/detalle/41032-73-ff5d82e44f6f-39a0-8ad1f185-a21a-399c"
"Casa en Venta en Playa Linda","$ 2,250,000","200 m²","Playa Linda, Veracruz, Veracruz Llave","2","3","/detalle/41032-73-58fabe59ff78-74da-196dbb1-870b-8044"
"Casa en Venta en Jardines de Virginia","$ 6,200,000","415 m²","Jardines de Virginia, Boca del Río, Veracruz Llave","4","4","/detalle/41032-73-903fe6bf8350-921f-1966f0d-875d-7275"
"Casa en Venta en Veracruz Centro","$ 5,333,000","263 m²","Veracruz Centro, Veracruz, Veracruz Llave","6","6","/detalle/41032-73-f20b2b50d743-dde4-1965fce-b1c5-77c4"
"Casa en Venta en La Nueva Victoria","$ 17,000,000","776 m²","La Nueva Victoria, San Andrés Tuxtla, Veracruz Llave","5","5","/detalle/41032-73-f248d8ae436b-e0a-1955873-8682-79e8"
"Casa en Venta en Los Filtros","$ 850,000","No disponible","Los Filtros, Córdoba, Veracruz Llave","1","1","/detalle/41032-73-3c676d019924-db0d-1953f0f-a540-75a5"
"Casa en Venta en Virginia","$ 3,990,000","282 m²","Virginia, Boca del Río, Veracruz Llave","4","4","/detalle/41032-73-3de4bdc12462-b25d-1949120-9bcf-7051"
"Casa en Venta en San Jose Novillero","$ 3,800,000","168 m²","San Jose Novillero, Boca del Río, Veracruz Llave","3","3","/detalle/41032-73-dd8bb8d1834b-88e-193c354-8af3-704f"
"Casa en Venta en Playas de Conchal","$ 8,150,000","396 m²","Playas de Conchal, Alvarado, Veracruz Llave","3","3","/detalle/41032-73-63a2cefbeeaa-7b5c-7da0b219-aa50-3d3a"
"Casa en Venta en Sumidero","$ 2,900,000","214 m²","Sumidero, Xalapa, Veracruz Llave","3","3","/detalle/41032-73-2a69c80b05f7-c9da-195b053-bd09-7496"
"Casa en Venta en Los Torrentes","$ 720,000","54 m²","Los Torrentes, Veracruz, Veracruz Llave","1","2","/detalle/41032-73-38270b2a89db-b502-19530ac-8110-77c8"
"Casa en Venta en Arboledas","$ 1,300,000","90 m²","Arboledas, Veracruz, Veracruz Llave","2","2","/detalle/41032-73-bee477cec848-101e-19524d8-810f-77c8"
"Casa en Venta en Villa Rica","$ 1,550,000","100 m²","Villa Rica, Boca del Río, Veracruz Llave","1","2","/detalle/41032-73-bb2b7d5c448f-2925-193eba0-bdf3-704f"
"Casa en Venta en Ignacio Zaragoza","$ 5,950,000","479 m²","Ignacio Zaragoza, Misantla, Veracruz Llave","3","3","/detalle/41032-73-8c0b6cbe9641-a07d-1939807-ad26-7e24"
"Casa en Venta en Veracruz Centro","$ 2,900,000","220 m²","Veracruz Centro, Veracruz, Veracruz Llave","3","3","/detalle/41032-73-d10f8e568afa-1266-194f6a3-b4f2-7c03"
"Casa en Venta en Las Vigas de Ramirez","$ 2,500,000","150 m²","Las Vigas de Ramirez, Las Vigas de Ramírez, Veracruz Llave","2","2","/detalle/41032-73-f9f7f8da8286-50ea-18fcf5f-9ece-7a92"
"Casa en Venta en Veracruz Centro","$ 850,000","140 m²","Veracruz Centro, Veracruz, Veracruz Llave","1","2","/detalle/41032-73-a980d531c455-8270-1974c2c-8375-7382"
"Casa en Venta en Nogales Centro","$ 2,990,000","170 m²","Nogales Centro, Nogales, Veracruz Llave","2","2","/detalle/41032-73-ebd55874de89-eee5-19596c0-9f8d-759d"
"Casa en Venta en Ejido Primero de Mayo Norte","$ 2,990,000","174 m²","Ejido Primero de Mayo Norte, Boca del Río, Veracruz Llave","3","3","/detalle/41032-73-bd1f20831901-cbc3-18f8220-bc94-7afe"
"Casa en Venta en El Tejar","$ 398,000","38 m²","El Tejar, Medellín, Veracruz Llave","No disponible","No disponible","/detalle/41032-73-4361b9c988e0-14a4-19530b2-8110-77c8"
"Casa en Venta en Costa de Oro 1a Secc","$ 13,500,000","554 m²","Costa de Oro 1a Secc, Boca del Río, Veracruz Llave","4","3","/detalle/41032-73-ba590259c205-377f-196de84-b350-7ac8"
"Casa en Venta en Jardines de Tuxpan","$ 6,900,000","290 m²","Jardines de Tuxpan, Tuxpan, Veracruz Llave","2","3","/detalle/41032-73-131940351d72-1fa6-1971d49-b466-7aeb"
"Casa en Venta en Jalapa Enríquez Centro","$ 14,000,000","413 m²","Jalapa Enríquez Centro, Xalapa, Veracruz Llave","4","4","/detalle/41032-73-2e3fb6159095-5abb-d8624441-99b3-3c9f"
"Casa en Venta en Tuxpan de Rodriguez Cano Centro","$ 1,400,000","132 m²","Tuxpan de Rodriguez Cano Centro, Tuxpan, Veracruz Llave","1","2","/detalle/41032-73-f69845f6d06c-6105-d25329fe-9b2f-45da"
"Casa en Venta en Tecolutla","$ 11,350,000","629 m²","Tecolutla, Tecolutla, Veracruz Llave","7","7","/detalle/41032-73-2ebdaf2e8bf3-2738-aa67fe39-9299-4794"
"Casa en Venta en Coatepec Centro","$ 2,900,000","235 m²","Coatepec Centro, Coatepec, Veracruz Llave","3","3","/detalle/41032-73-35ecdf6779e6-e8b4-1967af2-b268-7f31"
"Casa en Venta en Los Cedros","$ 1,750,000","140 m²","Los Cedros, Xalapa, Veracruz Llave","2","3","/detalle/41032-73-e59900ca25a-4e39-1919fb6-be71-75a5"
"Casa en Venta en Emiliano Zapata","$ 1,850,000","220 m²","Emiliano Zapata, Xalapa, Veracruz Llave","3","3","/detalle/41032-73-3ec3a8b25034-c72a-1919ff5-be71-75a5"
"Casa en Venta en Campo de Tiro","$ 1,250,000","125 m²","Campo de Tiro, Xalapa, Veracruz Llave","1","2","/detalle/41032-73-393335fd195e-efb-1912eea-89c5-79db"
"Casa en Venta en Mártires de Chicago","$ 4,000,000","310 m²","Mártires de Chicago, Xalapa, Veracruz Llave","3","4","/detalle/41032-73-e56286c661c0-8d3e-196ef05-a029-7aeb"
"Casa en Venta en El Mirador","$ 2,350,000","88 m²","El Mirador, Xalapa, Veracruz Llave","2","4","/detalle/41032-73-51e5d281f3c5-9ede-1958d91-b3b9-7c04"
"Casa en Fraccionamiento en Venta en Felipe Carrillo Puerto","$ 2,560,000","210 m²","Felipe Carrillo Puerto, Xalapa, Veracruz Llave","3","3","/detalle/41032-73-ab894ecc1bd7-40eb-7089976d-a2e6-4a19"
"Casa en Venta en Pacho Viejo","$ 1,300,000","105 m²","Pacho Viejo, Coatepec, Veracruz Llave","2","2","/detalle/41032-73-e4992dfdb99-47c7-1926ef7-8141-79e2"
"Casa en Venta en Casa Blanca","$ 2,000,000","180 m²","Casa Blanca, Xalapa, Veracruz Llave","2","3","/detalle/41032-73-5356250675e2-cb09-1923539-aa62-7f37"
"Casa en Venta en 21 de Marzo","$ 1,450,000","130 m²","21 de Marzo, Xalapa, Veracruz Llave","2","3","/detalle/41032-73-930d3e2c2975-2b39-bbf0c874-aca6-49b4"
"Casa en Venta en Jardines de Tuxpan","$ 10,000,000","350 m²","Jardines de Tuxpan, Tuxpan, Veracruz Llave","3","3","/detalle/41032-73-b11e6265dc5b-896f-1913ab2-bed8-7b79"
"Casa en Venta en Tuxpan de Rodriguez Cano Centro","$ 8,000,000","510 m²","Tuxpan de Rodriguez Cano Centro, Tuxpan, Veracruz Llave","7","6","/detalle/41032-73-1e41f2a74994-cac9-1913aa6-8283-7c9f"
"Casa en Venta en Cruz Naranjos","$ 1,200,000","86 m²","Cruz Naranjos, Tuxpan, Veracruz Llave","1","2","/detalle/41032-73-2e68fc0b4434-f41b-197c45e-b0bc-7bb5"
"Casa en Venta en Nueva Italia","$ 3,400,000","240 m²","Nueva Italia, Tuxpan, Veracruz Llave","3","3","/detalle/41032-73-c2873c01ff8-a03-1913abb-ae4e-70fe"
"Casa en Venta en Jardines de Tuxpan","$ 4,500,000","266 m²","Jardines de Tuxpan, Tuxpan, Veracruz Llave","4","5","/detalle/41032-73-508c778f5a24-97a-19637ea-9165-77d0"
"Casa en Venta en Jardines de Tuxpan","$ 6,250,000","340 m²","Jardines de Tuxpan, Tuxpan, Veracruz Llave","3","4","/detalle/41032-73-76f479373690-3496-19426d9-ba3f-7ee1"
"Casa en Venta en Jardines de Tuxpan","$ 12,000,000","365 m²","Jardines de Tuxpan, Tuxpan, Veracruz Llave","4","4","/detalle/41032-73-c5f8ad568f00-53b0-1913aae-8dc8-7ab2"
"Casa en Venta en La Calzada","$ 3,300,000","250 m²","La Calzada, Tuxpan, Veracruz Llave","2","4","/detalle/41032-73-8a7a2ce968fc-2680-1913aa6-b28f-78d9"
"Casa en Venta en Del Valle","$ 2,300,000","133 m²","Del Valle, Tuxpan, Veracruz Llave","1","3","/detalle/41032-73-74daf130521b-d789-1965bdc-9447-7cc3"
"Casa en Venta en Tenechaco Infonavit","$ 2,500,000","240 m²","Tenechaco Infonavit, Tuxpan, Veracruz Llave","3","3","/detalle/41032-73-97f82f13b5ef-a0d9-1915998-904f-7526"
"Casa en Venta en Isla de Juana Moza","$ 23,500,000","400 m²","Isla de Juana Moza, Tuxpan, Veracruz Llave","3","3","/detalle/41032-73-a886f29ecd2c-fe8e-1913aa6-80fb-77f2"
"Casa en Venta en Tuxpan de Rodriguez Cano Centro","$ 18,000,000","350 m²","Tuxpan de Rodriguez Cano Centro, Tuxpan, Veracruz Llave","3","3","/detalle/41032-73-c62a9149358c-25d0-19618e8-ab7b-798f"
"Casa en Venta en Benito Juárez","$ 3,000,000","300 m²","Benito Juárez, Tuxpan, Veracruz Llave","2","3","/detalle/41032-73-d2e9b6f980d7-5e80-19426b1-83d6-736a"
"Casa en Venta en Enrique Rodriguez Cano","$ 3,800,000","270 m²","Enrique Rodriguez Cano, Tuxpan, Veracruz Llave","3","4","/detalle/41032-73-6b78d4318b01-50e1-1913aba-97a1-7186"
"Casa en Venta en Tuxpan de Rodriguez Cano Centro","$ 10,000,000","600 m²","Tuxpan de Rodriguez Cano Centro, Tuxpan, Veracruz Llave","2","3","/detalle/41032-73-6833b05de6f-1fd8-1913aaf-a6a1-76c3"
"Casa en Venta en Jardines de Tuxpan","$ 8,500,000","No disponible","Jardines de Tuxpan, Tuxpan, Veracruz Llave","5","5","/detalle/41032-73-8bed0f1ef344-71a7-196dcb1-8eda-7a81"
"Casa en Venta en Tuxpan de Rodriguez Cano Centro","$ 3,800,000","266 m²","Tuxpan de Rodriguez Cano Centro, Tuxpan, Veracruz Llave","3","3","/detalle/41032-73-49c5ce51b083-ef54-19583a2-bbbf-7c77"
"Casa en Venta en Santiago de La Peña","$ 1,950,000","362 m²","Santiago de La Peña, Tuxpan, Veracruz Llave","2","3","/detalle/41032-73-cd04272d4cc8-ee0-19426b3-bf08-7e2c"
"Casa en Venta en La Calzada","$ 3,500,000","300 m²","La Calzada, Tuxpan, Veracruz Llave","3","5","/detalle/41032-73-458369150acd-9960-19426a7-b272-7abf"
"Casa en Venta en Jardines de Tuxpan","$ 8,800,000","384 m²","Jardines de Tuxpan, Tuxpan, Veracruz Llave","3","4","/detalle/41032-73-ed23b00d0091-4eed-19424d2-ab35-7779"
"Casa en Venta en Del Valle","$ 4,000,000","230 m²","Del Valle, Tuxpan, Veracruz Llave","2","3","/detalle/41032-73-bd5681768ea1-1dec-192602e-8998-7936"
"Casa en Venta en Esfuerzo","$ 1,400,000","91 m²","Esfuerzo, Tuxpan, Veracruz Llave","1","1","/detalle/41032-73-fa3f159473d1-116-19208b0-b039-7e81"
"Casa en Venta en La Victoria","$ 12,000,000","No disponible","La Victoria, Tuxpan, Veracruz Llave","No disponible","No disponible","/detalle/41032-73-e7684b1cfd50-737e-1913aa7-bce4-717d"
"Casa en Venta en Manuel Avila Camacho","$ 8,000,000","523 m²","Manuel Avila Camacho, Poza Rica de Hidalgo, Veracruz Llave","6","4","/detalle/41032-73-33988c408d06-bd8c-1913ac4-a0e2-7414"
"Casa en Venta en Chalahuite","$ 12,000,000","No disponible","Chalahuite, Tuxpan, Veracruz Llave","No disponible","No disponible","/detalle/41032-73-ca2c4f716d03-d406-1913abc-9dee-7115"
"Casa en Venta en Tepetzintla","$ 22,000,000","850 m²","Tepetzintla, Veracruz Llave","No disponible","No disponible","/detalle/41032-73-c3e4d054a562-b0fd-1913abb-8a49-70f1"
"Casa en Venta en Jardines de Tuxpan","$ 5,500,000","207 m²","Jardines de Tuxpan, Tuxpan, Veracruz Llave","2","3","/detalle/41032-73-c9705147febb-96a5-194265a-b313-76df"
"Casa en Venta en Los Pinos","$ 1,450,000","95 m²","Los Pinos, Tuxpan, Veracruz Llave","2","3","/detalle/41032-73-b30fae77d9d6-839c-1914f56-b10e-71a1"
"Casa en Venta en Los Pinos","$ 1,310,000","87 m²","Los Pinos, Tuxpan, Veracruz Llave","2","3","/detalle/41032-73-9e0b672549ea-baac-1914f56-c01b-7dbc"
"Casa en Venta en Tierra Blanca Centro","$ 6,500,000","155 m²","Tierra Blanca Centro, Tierra Blanca, Veracruz Llave","3","3","/detalle/41032-73-fb19bde59257-f90a-191bb7a-bb94-79c5"
"Casa en Venta en Jardines de Tuxpan","$ 4,500,000","No disponible","Jardines de Tuxpan, Tuxpan, Veracruz Llave","3","3","/detalle/41032-73-10d2dfcbfa-3c8e-1973446-9fe1-7f89"
"Casa en Venta en Maria de La Piedad","$ 5,300,000","300 m²","Maria de La Piedad, Coatzacoalcos, Veracruz Llave","2","2","/detalle/41032-73-c2533c54672f-31a6-194df1e-ac5e-72b6"
"Casa en Venta en Majahual","$ 4,100,000","No disponible","Majahual, Tamiahua, Veracruz Llave","No disponible","No disponible","/detalle/41032-73-8a9f36f3e07c-bb5f-1913aba-9c50-7b12"
"Casa en Venta en Heroico Temapache de Gutiérrez Zamora","$ 4,800,000","No disponible","Heroico Temapache de Gutiérrez Zamora, Temapache, Veracruz Llave","No disponible","No disponible","/detalle/41032-73-18673d04cbeb-57f8-1913ab0-86d6-73d2"
"Casa en Venta en Tuxpan de Rodriguez Cano Centro","$ 5,500,000","195 m²","Tuxpan de Rodriguez Cano Centro, Tuxpan, Veracruz Llave","2","3","/detalle/41032-73-88fdec2d9e2c-9538-1913abc-b136-7e41"
"Casa en Venta en El Retiro","$ 800,000","75 m²","El Retiro, Tuxpan, Veracruz Llave","1","1","/detalle/41032-73-173c5fbf0961-9eb1-19613dd-bdc2-73f6"
"Casa en Venta en Petrolera","$ 6,000,000","No disponible","Petrolera, Coatzacoalcos, Veracruz Llave","4","3","/detalle/41032-73-c094f9b59b8e-c0f-194df26-a32e-781a"
"Casa en Venta en Paraíso Coatzacoalcos","$ 3,950,000","299 m²","Paraíso Coatzacoalcos, Coatzacoalcos, Veracruz Llave","4","3","/detalle/41032-73-700251e2ca5d-6033-194debe-84d7-78e1"
"Casa en Venta en Países Bajos","$ 24,750,000","No disponible","Países Bajos, Tuxpan, Veracruz Llave","No disponible","No disponible","/detalle/41032-73-4b3eab57bdab-24bb-1913aa9-b1dc-7146"
"Casa en Venta en Petrolera","$ 3,100,000","255 m²","Petrolera, Coatzacoalcos, Veracruz Llave","2","3","/detalle/41032-73-e70b20837ffb-7962-197afc5-8d6f-74f5"
"Casa en Venta en Maria de La Piedad","$ 8,000,000","500 m²","Maria de La Piedad, Coatzacoalcos, Veracruz Llave","4","4","/detalle/41032-73-16f1412d8f78-8c83-19453d4-8cd4-7811"
"Casa en Venta en Tuxpan de Rodriguez Cano Centro","$ 1,100,000","No disponible","Tuxpan de Rodriguez Cano Centro, Tuxpan, Veracruz Llave","1","3","/detalle/41032-73-8781e819d27f-2bc8-1975d60-b615-736b"
"Casa en Venta en Maria de La Piedad","$ 4,050,000","281 m²","Maria de La Piedad, Coatzacoalcos, Veracruz Llave","2","3","/detalle/41032-73-ec824843afd7-bde2-194f89c-a7ef-70b9"
"Casa en Venta en Majahual","$ 12,000,000","No disponible","Majahual, Tamiahua, Veracruz Llave","No disponible","No disponible","/detalle/41032-73-3c75a0e7d9d4-abd2-1913aaf-8961-7cb2"
"Casa en Venta en Azteca","$ 3,700,000","523 m²","Azteca, Tuxpan, Veracruz Llave","No disponible","No disponible","/detalle/41032-73-777f6fd675d0-1ae4-1913aa5-b607-7d0c"
"Casa en Venta en Petrolera","$ 3,000,000","211 m²","Petrolera, Coatzacoalcos, Veracruz Llave","2","3","/detalle/41032-73-cd86c3c8513f-c5fd-194deea-b92c-75b2"
"Casa en Venta en Unión y Progreso","$ 2,200,000","90 m²","Unión y Progreso, Camerino Z. Mendoza, Veracruz Llave","1","2","/detalle/41032-73-161dfc7018c1-36ef-1959764-9b12-7c04"
"Casa en Venta en Orizaba Centro","$ 2,300,000","127 m²","Orizaba Centro, Orizaba, Veracruz Llave","1","3","/detalle/41032-73-dbd4127fc1f1-6e2e-194dd8f-bbab-7270"
"Casa en Venta en Petrolera","$ 2,150,000","206 m²","Petrolera, Coatzacoalcos, Veracruz Llave","2","3","/detalle/41032-73-3747e348538-66af-19453d5-9381-76e7"
"Casa en Venta en La Luz Francisco I Madero","$ 1,450,000","90 m²","La Luz Francisco I Madero, Córdoba, Veracruz Llave","1","2","/detalle/41032-73-83bec688b653-e9c8-193db18-a319-737e"
"Casa en Venta en Villas de las Animas","$ 1,650,000","115 m²","Villas de las Animas, Fortín, Veracruz Llave","3","3","/detalle/41032-73-344919dfc75-b3a7-191ee27-995a-7d0f"
"Casa en Venta en Independencia","$ 1,215,000","75 m²","Independencia, Córdoba, Veracruz Llave","1","2","/detalle/41032-73-1a6131602a4d-f2eb-195da1a-a5e1-7163"
"Casa en Venta en Coatzacoalcos Centro","$ 2,350,000","150 m²","Coatzacoalcos Centro, Coatzacoalcos, Veracruz Llave","2","3","/detalle/41032-73-4b3f76992684-ba54-194d482-bafc-7ddc"
"Casa en Venta en Las Flores","$ 1,320,000","80 m²","Las Flores, Fortín, Veracruz Llave","1","2","/detalle/41032-73-ceae12c0ee61-648e-194bd50-aa22-79e7"
"Casa en Venta en Fortín de las Flores Centro","$ 1,250,000","84 m²","Fortín de las Flores Centro, Fortín, Veracruz Llave","1","2","/detalle/41032-73-d333095c7f1d-c229-194dd54-bbab-7270"
"Casa en Venta en Playa de Oro","$ 3,000,000","No disponible","Playa de Oro, Coatzacoalcos, Veracruz Llave","3","3","/detalle/41032-73-71d15f14d63a-16f6-19453de-8b33-7627"
"Casa en Venta en Los Encinos","$ 1,680,000","140 m²","Los Encinos, Fortín, Veracruz Llave","2","3","/detalle/41032-73-46d5d34e94bc-5340-193b1d0-9aa5-7f2f"
"Casa en Venta en Lourdes","$ 3,500,000","210 m²","Lourdes, Orizaba, Veracruz Llave","2","3","/detalle/41032-73-4a6e7d2c63a5-4af5-1966932-8b49-7e24"
"Casa en Venta en Córdoba Centro","$ 9,000,000","244 m²","Córdoba Centro, Córdoba, Veracruz Llave","5","7","/detalle/41032-73-e207e70dcd9-d371-196642b-83ee-7bfa"
"Casa en Venta en Nueva Lucha","$ 1,680,000","140 m²","Nueva Lucha, Camerino Z. Mendoza, Veracruz Llave","1","3","/detalle/41032-73-269755d54ba0-809b-195ba09-afeb-715a"
"Casa en Venta en Puerto Esmeralda","$ 1,800,000","120 m²","Puerto Esmeralda, Coatzacoalcos, Veracruz Llave","2","2","/detalle/41032-73-d879cb0ab6d2-2267-19453e4-8f6e-76ec"
"Casa en Venta en Puerto México","$ 1,850,000","No disponible","Puerto México, Coatzacoalcos, Veracruz Llave","2","3","/detalle/41032-73-bacf021226cd-7fbd-19453e0-b41a-7b97"
"Casa en Venta en Ojo de Agua","$ 3,990,000","192 m²","Ojo de Agua, Orizaba, Veracruz Llave","2","3","/detalle/41032-73-2cfac42e2c19-5160-1944725-ab09-7af1"
"Casa en Venta en Amatlan de los Reyes","$ 760,000","80 m²","Amatlan de los Reyes, Amatlán de los Reyes, Veracruz Llave","1","2","/detalle/41032-73-ae35fa0b685f-8e9-195629e-8fee-7e1e"
"Quinta / Hacienda en Venta en Santa Leticia","$ 5,000,000","200 m²","Santa Leticia, Córdoba, Veracruz Llave","1","1","/detalle/41032-73-1ff7091b8203-f35f-193e073-8da7-737a"
"Casa en Venta en Las Flores","$ 2,500,000","140 m²","Las Flores, Fortín, Veracruz Llave","3","3","/detalle/41032-73-3839d6bcd675-d90d-192018d-b46d-7384"
"Casa en Venta en Las Flores","$ 980,000","74 m²","Las Flores, Fortín, Veracruz Llave","1","3","/detalle/41032-73-87cf9b2a9a15-a4ae-192c562-9e8f-75a2"
"Villa en Venta en Xico","$ 5,100,000","249 m²","Xico, Xico, Veracruz Llave","5","5","/detalle/41032-73-9d93186b592f-625f-196801f-9dec-7e1b"
"Casa en Venta en Medias Lomas","$ 48,500,000","2,000 m²","Medias Lomas, Poza Rica de Hidalgo, Veracruz Llave","10","5","/detalle/41032-73-72d875bfc5c9-b783-19592a0-8ef8-7b44"
"Casa en Venta en Alvarado Centro","$ 5,980,000","290 m²","Alvarado Centro, Alvarado, Veracruz Llave","4","4","/detalle/41032-73-9330f760fd5e-2223-d2066970-8d6a-4a38"
"Casa en Venta en Playas de Conchal","$ 8,500,000","450 m²","Playas de Conchal, Alvarado, Veracruz Llave","6","4","/detalle/41032-73-1e17c4cd2128-b678-c8637fa2-87a3-41e9"
"Casa en Venta en Playa Linda","$ 2,250,000","202 m²","Playa Linda, Veracruz, Veracruz Llave","3","3","/detalle/41032-73-b2d4c4f4db9e-c9ee-194ec78-a5f3-78cf"
"Casa en Venta en Colinas de Santa Fe","$ 1,200,000","115 m²","Colinas de Santa Fe, Veracruz, Veracruz Llave","2","4","/detalle/41032-73-cddc48eee114-585d-8e9e98e6-af6b-4987"
"Casa en Fraccionamiento en Venta en Lomas de la Rioja","$ 3,390,000","256 m²","Lomas de la Rioja, Alvarado, Veracruz Llave","3","3","/detalle/41032-73-b46d2c583a0a-c538-195ac41-aadf-803d"
"Casa en Fraccionamiento en Venta en Lomas de la Rioja","$ 3,650,000","250 m²","Lomas de la Rioja, Alvarado, Veracruz Llave","2","3","/detalle/41032-73-aec001c17ade-9952-195ac39-aadf-803d"
"Casa en Venta en Vista Alegre","$ 3,000,000","203 m²","Vista Alegre, Boca del Río, Veracruz Llave","2","4","/detalle/41032-73-d9c6e4c75ae6-17e0-f8cf0674-9503-3ff8"
"Casa en Venta en Lomas del Sol","$ 5,650,000","250 m²","Lomas del Sol, Alvarado, Veracruz Llave","4","3","/detalle/41032-73-1097e97f9ade-78be-fff2a2dc-8865-3218"
"Casa en Fraccionamiento en Venta en Los Pinos","$ 1,250,000","No disponible","Los Pinos, Veracruz, Veracruz Llave","3","4","/detalle/41032-73-a17242d84efc-e7f0-190c857-81b7-7b83"
"Casa en Venta en Quintas Al Andalus","$ 2,260,000","136 m²","Quintas Al Andalus, Boca del Río, Veracruz Llave","2","3","/detalle/41032-73-98188ade8213-48f8-4878e643-b470-3296"
"Casa en Condominio en Venta en Ricardo Flores Magon","$ 2,350,000","140 m²","Ricardo Flores Magon, Boca del Río, Veracruz Llave","2","3","/detalle/41032-73-8fc30ea2c6b0-3e4-194b08c-a101-7e26"
"Casa en Venta en Alvarado Centro","$ 4,750,000","250 m²","Alvarado Centro, Alvarado, Veracruz Llave","3","3","/detalle/41032-73-4cbc5d1b3fd4-e793-1941a81-85a2-77b7"
"Casa en Venta en Floresta","$ 1,980,000","113 m²","Floresta, Veracruz, Veracruz Llave","2","3","/detalle/41032-73-ef0204e4e86c-9850-194149a-94a3-704c"
"Casa en Venta en Ricardo Flores Magon","$ 1,950,000","247 m²","Ricardo Flores Magon, Veracruz, Veracruz Llave","2","4","/detalle/41032-73-7252a5e77245-76aa-196cc8f-a20a-75f5"
"Casa en Venta en Ciudad de Veracruz","$ 3,390,000","236 m²","Ciudad de Veracruz, Veracruz, Veracruz Llave","3","3","/detalle/41032-73-45fb53077369-1567-191bb28-8ca1-770e"
"Casa en Venta en Villa Rica","$ 2,550,000","No disponible","Villa Rica, Boca del Río, Veracruz Llave","2","3","/detalle/41032-73-6794635c9a40-622d-190d313-8ec9-7062"
"Casa en Fraccionamiento en Venta en Mata de Pita","$ 1,151,000","32,000 m²","Mata de Pita, Veracruz, Veracruz Llave","2","2","/detalle/41032-73-68bfc0a1e1ec-361b-190f020-938c-75e0"
"Casa en Venta en Villa Rica","$ 2,650,000","No disponible","Villa Rica, Boca del Río, Veracruz Llave","2","3","/detalle/41032-73-58e0085ba247-a3f8-190d359-8114-7174"
"Casa en Venta en Quintas Al Andalus","$ 2,470,000","142 m²","Quintas Al Andalus, Boca del Río, Veracruz Llave","2","3","/detalle/41032-73-54e1fd16874f-6073-7c21aa24-9412-3fd2"
"Casa en Venta en Jardines de La Soledad","$ 690,000","40 m²","Jardines de La Soledad, Soledad de Doblado, Veracruz Llave","1","2","/detalle/41032-73-eb5628810edf-b395-1946b5e-bca6-7d11"
"Casa en Venta en Medellin de Bravo","$ 470,000","62 m²","Medellin de Bravo, Medellín, Veracruz Llave","1","2","/detalle/41032-73-65ab2551d54d-e099-197674f-843c-708e"
"Casa en Venta en Manlio Fabio Altamirano","$ 615,000","No disponible","Manlio Fabio Altamirano, Manlio Fabio Altamirano, Veracruz Llave","1","2","/detalle/41032-73-27c45a8f5ea9-3ed6-194dcc9-8c3a-715d"
"Casa en Venta en Reforma","$ 3,750,000","No disponible","Reforma, Veracruz, Veracruz Llave","2","3","/detalle/41032-73-a3e534174e45-d7a4-190d324-a899-7d80"
"Casa en Venta en Palma Real","$ 990,000","118 m²","Palma Real, Veracruz, Veracruz Llave","2","3","/detalle/41032-73-7a2e351b4aef-66dc-1955f20-b2e6-7f5e"
"Casa en Venta en Camino Real","$ 21,000,000","635 m²","Camino Real, Boca del Río, Veracruz Llave","7","5","/detalle/41032-73-83d28fef644-89d4-1950759-a735-7d47"
"Casa en Venta en Puente Moreno","$ 2,800,000","336 m²","Puente Moreno, Medellín, Veracruz Llave","3","4","/detalle/41032-73-10f66c47ae84-9ece-1907e1e-83de-78e5"
"Casa en Venta en Alvarado Centro","$ 7,280,000","293 m²","Alvarado Centro, Alvarado, Veracruz Llave","No disponible","4","/detalle/41032-73-bd9182eeaa03-439-1957b62-b48c-7417"
"Casa en Venta en Quintas Al Andalus","$ 3,500,000","185 m²","Quintas Al Andalus, Boca del Río, Veracruz Llave","2","3","/detalle/41032-73-4dc30ae5d609-4a94-190a4e4-aab8-7bfa"
"Casa en Venta en Playas de Conchal","$ 4,500,000","212 m²","Playas de Conchal, Alvarado, Veracruz Llave","3","3","/detalle/41032-73-3062b95c6634-ca72-197e84e-8ed1-7e9b"
"Casa en Venta en Lázaro Cárdenas","$ 6,300,000","475 m²","Lázaro Cárdenas, Poza Rica de Hidalgo, Veracruz Llave","2","3","/detalle/41032-73-49a343930a37-10f2-f5c14209-84b7-425f"
"Casa en Venta en Pedregal de las Animas","$ 4,200,000","No disponible","Pedregal de las Animas, Xalapa, Veracruz Llave","3","3","/detalle/41032-73-d5bee0fdec99-ea7b-192017d-bc5e-70ec"
"Casa en Venta en Casa Blanca","$ 1,250,000","No disponible","Casa Blanca, Xalapa, Veracruz Llave","1","3","/detalle/41032-73-a71b46460bc4-ac92-670ae619-baae-1fdb"
"Casa en Venta en Coatepec Centro","$ 2,600,000","328 m²","Coatepec Centro, Coatepec, Veracruz Llave","1","3","/detalle/41032-73-f390bdb5151c-c5f5-8a52e849-b10d-1237"
"Casa en Venta en Campo Viejo","$ 2,350,000","No disponible","Campo Viejo, Coatepec, Veracruz Llave","3","3","/detalle/41032-73-61b31dc96454-61e6-13914039-a9fe-1237"
"Casa en Venta en Mártires de Chicago","$ 3,200,000","No disponible","Mártires de Chicago, Xalapa, Veracruz Llave","3","3","/detalle/41032-73-430a316071de-66a7-191f3b5-a7ee-7405"
"Casa en Venta en Lomas Del Paraíso","$ 485,000","303 m²","Lomas Del Paraíso, Xalapa, Veracruz Llave","2","5","/detalle/41032-73-e0be04e3e71-5663-197c2d5-ae57-7348"
"Casa en Venta en Jalapa Enríquez Centro","$ 485,000","450 m²","Jalapa Enríquez Centro, Xalapa, Veracruz Llave","2","4","/detalle/41032-73-b79ce96ee981-7cbe-197b397-a303-71b5"
"Casa en Venta en Siglo Xxi","$ 2,000,000","103 m²","Siglo Xxi, Veracruz, Veracruz Llave","2","3","/detalle/41032-73-4f480f424f5f-dda3-c7726edc-8391-3b5c"
"Casa en Venta en Jardines de Virginia","$ 5,600,000","300 m²","Jardines de Virginia, Boca del Río, Veracruz Llave","5","4","/detalle/41032-73-3dd2aa1862a8-8000-8faea002-bbda-3fb4"
"Casa en Venta en Indeco Animas","$ 5,800,000","459 m²","Indeco Animas, Xalapa, Veracruz Llave","4","6","/detalle/41032-73-99fa1267052e-46c2-c01c50cb-9271-4987"
"Casa en Venta en Ricardo Flores Magon","$ 10,000,000","No disponible","Ricardo Flores Magon, Veracruz, Veracruz Llave","2","4","/detalle/41032-73-5c5e919ca44f-fdf2-19625d6-82af-7f31"
"Casa en Venta en Sonora","$ 2,300,000","233 m²","Sonora, Soledad de Doblado, Veracruz Llave","3","5","/detalle/41032-73-6d6dd7544cab-acac-194df7c-9e6c-750e"
"Casa en Fraccionamiento en Venta en Villas Del Alvarado","$ 2,990,000","130 m²","Villas Del Alvarado, Alvarado, Veracruz Llave","No disponible","3","/detalle/41032-73-fa33865d2f78-ef79-d002b877-8664-30de"
"Casa en Venta en Adolfo Ruiz Cortines","$ 5,500,000","290 m²","Adolfo Ruiz Cortines, Veracruz, Veracruz Llave","1","3","/detalle/41032-73-e1dcfe39270e-6cab-19e00095-95f0-3a91"
"Casa en Venta en Veracruz Centro","$ 1,660,000","250 m²","Veracruz Centro, Veracruz, Veracruz Llave","6","7","/detalle/41032-73-b059d25c60d5-78b6-194df5b-ae55-7ea7"
"Casa en Venta en Alvarado Centro","$ 4,730,000","300 m²","Alvarado Centro, Alvarado, Veracruz Llave","3","4","/detalle/41032-73-59d0b01a87cc-252c-194dcb3-858f-73c6"
"Casa en Venta en Villas Del Alvarado","$ 8,300,000","450 m²","Villas Del Alvarado, Alvarado, Veracruz Llave","No disponible","3","/detalle/41032-73-54457dabd09f-16aa-f2392d77-a0cb-3cc3"
"Casa en Venta en Infonavit las Brisas","$ 1,850,000","130 m²","Infonavit las Brisas, Veracruz, Veracruz Llave","3","4","/detalle/41032-73-27a09e791534-a373-90ed5163-bab0-34c2"
"Casa en Venta en San Jose Novillero","$ 4,540,000","227 m²","San Jose Novillero, Boca del Río, Veracruz Llave","4","3","/detalle/41032-73-1a1a0e7b5de9-7dc8-194dd71-b359-765f"
"Casa en Venta en Reforma","$ 3,000,000","230 m²","Reforma, Veracruz, Veracruz Llave","2","3","/detalle/41032-73-3a025efc6d42-1265-195ce61-999e-79de"
"Casa en Venta en Las Palmas","$ 5,200,000","299 m²","Las Palmas, Medellín, Veracruz Llave","2","3","/detalle/41032-73-2ee8f5705648-877f-194df0b-b5d9-77ea"
"Casa en Venta en Vista Alegre","$ 1,500,000","95 m²","Vista Alegre, Boca del Río, Veracruz Llave","1","3","/detalle/41032-73-44a5c2929d84-f438-195ce73-999e-79de"
"Casa en Venta en Paso Del Toro","$ 1,650,000","78 m²","Paso Del Toro, Medellín, Veracruz Llave","2","2","/detalle/41032-73-e29d8ea89417-4af4-194df76-8385-7082"
"Casa en Venta en Boca Del Rio Centro","$ 36,800,000","1,050 m²","Boca Del Rio Centro, Boca del Río, Veracruz Llave","4","4","/detalle/41032-73-14be33837f0-e7d1-194ddae-9237-797c"
"Casa en Venta en Luis Echeverria Alvarez","$ 2,395,000","137 m²","Luis Echeverria Alvarez, Boca del Río, Veracruz Llave","2","3","/detalle/41032-73-548b1a6f730d-4c90-191fe5e-9f19-7ead"
"Casa en Venta en Villa Rica","$ 975,000","135 m²","Villa Rica, Veracruz, Veracruz Llave","2","4","/detalle/41032-73-eeba6a3ee642-e23c-1fab5c44-8476-3bc9"
"Casa en Venta en Vega de Alatorre","$ 2,780,000","188 m²","Vega de Alatorre, Vega de Alatorre, Veracruz Llave","2","1","/detalle/41032-73-28e71185f7c7-a537-194dd57-a9b7-734b"
"Casa en Venta en Laguna Real","$ 1,100,000","63 m²","Laguna Real, Veracruz, Veracruz Llave","1","2","/detalle/41032-73-6f220f16e8aa-36fa-196a935-b64c-7b96"
"Casa en Fraccionamiento en Venta en Medellin de Bravo","$ 898,100","No disponible","Medellin de Bravo, Medellín, Veracruz Llave","1","2","/detalle/41032-73-7096cd4a4887-f5e9-48a85643-9546-35f7"
"Casa en Venta en Venustiano Carranza","$ 1,400,000","145 m²","Venustiano Carranza, Misantla, Veracruz Llave","4","5","/detalle/41032-73-92b9d58a0f24-9579-f4145dde-9675-397e"
"Casa en Fraccionamiento en Venta en Predio 1","$ 1,614,000","95 m²","Predio 1, Veracruz, Veracruz Llave","2","3","/detalle/41032-73-db7c682017d5-4cb1-1392dbae-98bd-3117"
"Casa en Venta en Veracruz Centro","$ 1,100,000","131 m²","Veracruz Centro, Veracruz, Veracruz Llave","3","3","/detalle/41032-73-9eee5ac19e01-4916-6f0117fa-9dc3-39c1"
"Casa en Venta en Medellin de Bravo","$ 1,030,300","65 m²","Medellin de Bravo, Medellín, Veracruz Llave","1","2","/detalle/41032-73-28d06a5ab485-aa4-140495ea-a64d-4d0a"
"Casa en Venta en Playa Vicente Centro","$ 1,200,000","106 m²","Playa Vicente Centro, Playa Vicente, Veracruz Llave","3","3","/detalle/41032-73-cb3a730fb809-666d-197b3a7-819a-7401"
"Casa en Venta en El Jobo","$ 1,850,000","111 m²","El Jobo, Veracruz, Veracruz Llave","2","2","/detalle/41032-73-9188367f8f58-fcd1-1967e2d-aaed-7383"
"Casa en Venta en Las Lomas","$ 2,390,000","150 m²","Las Lomas, Alvarado, Veracruz Llave","3","3","/detalle/41032-73-355a062fa562-524e-f8135c48-86cb-4b3d"
"Casa en Fraccionamiento en Venta en Alvarado Centro","$ 6,015,000","256 m²","Alvarado Centro, Alvarado, Veracruz Llave","No disponible","3","/detalle/41032-73-66b1a5e2af17-8469-ec7a2625-a6f3-3151"
"Casa en Venta en El Morro las Colonias","$ 17,820,000","568 m²","El Morro las Colonias, Boca del Río, Veracruz Llave","6","4","/detalle/41032-73-ae8d37edc33-d542-3510d2da-a302-3ad0"
"Casa en Venta en Alvarado Centro","$ 13,150,000","494 m²","Alvarado Centro, Alvarado, Veracruz Llave","5","3","/detalle/41032-73-3c28ea606d34-1961-1971f70-a26b-759c"
"Casa en Venta en Boca Del Rio","$ 3,950,000","208 m²","Boca Del Rio, Boca del Río, Veracruz Llave","3","3","/detalle/41032-73-98691310598b-1910-fb1fef54-8543-4dc9"
"Casa en Fraccionamiento en Venta en Alvarado Centro","$ 13,500,000","660 m²","Alvarado Centro, Alvarado, Veracruz Llave","No disponible","4","/detalle/41032-73-b1ccade6806f-56ae-7975b72c-b56b-35ff"
"Casa en Venta en Floresta","$ 2,300,000","190 m²","Floresta, Veracruz, Veracruz Llave","2","3","/detalle/41032-73-b29c6bf09f8b-c07f-6532e2f4-a4bb-4de2"
"Casa en Venta en Boca Del Rio","$ 3,850,000","223 m²","Boca Del Rio, Boca del Río, Veracruz Llave","3","3","/detalle/41032-73-34da9ac6cd82-3886-194df4d-b156-7491"
"Casa en Venta en Club de Golf Villa Rica","$ 6,970,000","286 m²","Club de Golf Villa Rica, Alvarado, Veracruz Llave","4","4","/detalle/41032-73-8c6fa7007d44-71b6-1942de3-9d6e-737a"
"Casa en Venta en Costa de Oro 1a Secc","$ 26,000,000","605 m²","Costa de Oro 1a Secc, Boca del Río, Veracruz Llave","3","3","/detalle/41032-73-93cf88906f6c-e0bf-1942652-bd9a-7f13"
"Casa en Venta en Boca Del Rio","$ 4,299,000","210 m²","Boca Del Rio, Boca del Río, Veracruz Llave","4","4","/detalle/41032-73-ee83736e4f07-4f5e-194df4e-b7d7-758f"
"Casa en Venta en Costa de Oro 1a Secc","$ 18,507,000","745 m²","Costa de Oro 1a Secc, Boca del Río, Veracruz Llave","3","3","/detalle/41032-73-d1f546f8936c-7a8b-19138ec-bec0-7278"
"Casa en Venta en Las Lomas","$ 7,900,000","490 m²","Las Lomas, Alvarado, Veracruz Llave","3","3","/detalle/41032-73-1137c746256b-8b6-ccfa6039-813b-386f"
"Casa en Venta en El Estero","$ 11,500,000","800 m²","El Estero, Boca del Río, Veracruz Llave","No disponible","4","/detalle/41032-73-3d62abc2d71f-cfeb-bcdbf713-9c97-38b6"
"Casa en Venta en Playas de Conchal","$ 11,950,000","445 m²","Playas de Conchal, Alvarado, Veracruz Llave","5","4","/detalle/41032-73-a4972af058b9-5b64-9a6c296f-ba2c-430f"
"Casa en Venta en Alvarado Centro","$ 3,700,000","213 m²","Alvarado Centro, Alvarado, Veracruz Llave","3","3","/detalle/41032-73-d4efbbf038e2-d7c6-197f7fe-ba4f-7431"
"Casa en Venta en San Jose Novillero","$ 145,000,000","1,080 m²","San Jose Novillero, Boca del Río, Veracruz Llave","6","5","/detalle/41032-73-ae30db0d9f75-5f6f-194dec1-93a3-72bf"
"Casa en Fraccionamiento en Venta en Rincon Del Conchal","$ 10,990,000","758 m²","Rincon Del Conchal, Alvarado, Veracruz Llave","No disponible","6","/detalle/41032-73-75ccbfa44faf-7fe3-1998598f-88e6-3d53"
"Casa en Venta en Reforma","$ 4,750,000","323 m²","Reforma, Veracruz, Veracruz Llave","2","3","/detalle/41032-73-8a380f5d2314-cd1b-197c45c-a6c7-779f"
"Casa en Venta en Ixhuatlán de Madero","$ 4,100,000","213 m²","Ixhuatlán de Madero, Veracruz Llave","3","3","/detalle/41032-73-84cad2cc28fe-4089-195672d-9dbc-78cf"
"Casa en Venta en Club de Golf Villa Rica","$ 4,750,000","250 m²","Club de Golf Villa Rica, Alvarado, Veracruz Llave","3","3","/detalle/41032-73-2a9948723d3-5326-194dd71-bfd5-7d99"
"Casa en Venta en Lomas del Sol","$ 4,500,000","253 m²","Lomas del Sol, Alvarado, Veracruz Llave","3","3","/detalle/41032-73-27fd3b034e43-9d3c-f4f26c69-a707-4c75"
"Casa en Venta en Reforma","$ 6,200,000","540 m²","Reforma, Veracruz, Veracruz Llave","4","4","/detalle/41032-73-6f7493855981-9445-a897ceea-b08b-49c8"
"Casa en Fraccionamiento en Venta en Playas de Conchal","$ 11,100,000","650 m²","Playas de Conchal, Alvarado, Veracruz Llave","5","4","/detalle/41032-73-333644755f9e-2ec8-9240765d-8f6a-3193"
"Casa en Venta en Ignacio Zaragoza","$ 16,000,000","604 m²","Ignacio Zaragoza, Veracruz, Veracruz Llave","1","No disponible","/detalle/41032-73-b18ea4072ddf-2803-72dfad62-a777-3379"
"Casa en Venta en La Nueva Victoria","$ 6,108,858","313 m²","La Nueva Victoria, San Andrés Tuxtla, Veracruz Llave","3","3","/detalle/41032-73-9177eaf7cd95-cba-1954454-9b35-759c"
"Casa en Venta en Club de Golf Villa Rica","$ 13,500,000","620 m²","Club de Golf Villa Rica, Alvarado, Veracruz Llave","5","5","/detalle/41032-73-3329c28c8c15-cdfa-19637d0-bc5b-7458"
"Casa en Venta en Boca Del Rio","$ 3,965,000","217 m²","Boca Del Rio, Boca del Río, Veracruz Llave","3","3","/detalle/41032-73-26840c6322e2-eeb1-194dda0-9028-795b"
"Casa en Venta en El Morro las Colonias","$ 3,400,000","200 m²","El Morro las Colonias, Boca del Río, Veracruz Llave","2","3","/detalle/41032-73-44ecd6ec0117-fed-194dd4f-809b-7933"
"Casa en Venta en Asociación Civil","$ 1,750,000","223 m²","Asociación Civil, Veracruz, Veracruz Llave","4","4","/detalle/41032-73-aa4993164be0-ba01-313d3446-9222-319e"
"Casa en Venta en Alvarado Centro","$ 7,800,000","335 m²","Alvarado Centro, Alvarado, Veracruz Llave","3","4","/detalle/41032-73-bfe93e13d24f-2569-197f80c-ac92-71fe"
"Casa en Venta en Club de Golf Villa Rica","$ 14,000,000","500 m²","Club de Golf Villa Rica, Alvarado, Veracruz Llave","3","4","/detalle/41032-73-811bb8abe35a-bf04-196ec24-aa1d-75ff"
"Casa en Venta en Las Palmas","$ 5,950,000","330 m²","Las Palmas, Medellín, Veracruz Llave","3","3","/detalle/41032-73-785b75f1ca2d-68ce-19472b3-8bc6-74cc"
"Casa en Venta en Ricardo Flores Magon","$ 3,800,000","296.88 m²","Ricardo Flores Magon, Veracruz, Veracruz Llave","1","4","/detalle/41032-73-af31a2e350c7-8be5-197b2dc-a5a5-71ff"
"Casa en Venta en Club de Golf Villa Rica","$ 11,000,000","389 m²","Club de Golf Villa Rica, Alvarado, Veracruz Llave","2","3","/detalle/41032-73-b42cf7f1fb15-e2f7-19771f7-bf33-7968"
"Casa en Venta en Lomas del Sol","$ 4,090,000","345 m²","Lomas del Sol, Alvarado, Veracruz Llave","3","3","/detalle/41032-73-fd77f3b06077-7104-194df52-9d19-72c6"
"Casa en Venta en Veracruz Centro","$ 3,875,000","625 m²","Veracruz Centro, Veracruz, Veracruz Llave","3","4","/detalle/41032-73-5a965d0e59f9-4cc0-194ded8-a877-7443"
"Casa en Venta en Flores Del Valle","$ 2,520,000","223 m²","Flores Del Valle, Veracruz, Veracruz Llave","2","4","/detalle/41032-73-7e1800758cdf-2c2a-1951f23-8fe2-803b"
"Casa en Venta en El Morro las Colonias","$ 2,000,000","92 m²","El Morro las Colonias, Boca del Río, Veracruz Llave","2","2","/detalle/41032-73-e2bf3e714698-9b68-194dd57-a3d4-754d"
"Casa en Venta en El Morro las Colonias","$ 3,400,000","180 m²","El Morro las Colonias, Boca del Río, Veracruz Llave","2","3","/detalle/41032-73-ce4504fee5d4-38a4-194dc9b-8816-7674"
"Casa en Venta en Alvarado Centro","$ 6,900,000","774 m²","Alvarado Centro, Alvarado, Veracruz Llave","4","4","/detalle/41032-73-6b2b2406067e-e07-d1914637-ae5f-3620"
"Quinta / Hacienda en Venta en Asociación Civil","$ 9,000,000","No disponible","Asociación Civil, Veracruz, Veracruz Llave","No disponible","No disponible","/detalle/41032-73-a57735379dae-9906-1d8f9d94-80c0-3c90"
"Casa en Venta en La Mata 1a Secc","$ 3,300,000","226 m²","La Mata 1a Secc, Coatepec, Veracruz Llave","3","3","/detalle/41032-73-6349a1c4bf37-34a1-197add0-9b42-7568"
"Casa en Venta en Jardines de Virginia","$ 8,300,000","465 m²","Jardines de Virginia, Boca del Río, Veracruz Llave","3","4","/detalle/41032-73-c27bc3ddb59-deb4-1971030-9a49-7711"
"Casa en Venta en Playas de Conchal","$ 6,600,000","363 m²","Playas de Conchal, Alvarado, Veracruz Llave","3","3","/detalle/41032-73-a48e4d9c4112-be3a-194dcab-9309-7927"
"Casa en Venta en Playas de Conchal","$ 10,200,000","550 m²","Playas de Conchal, Alvarado, Veracruz Llave","4","3","/detalle/41032-73-1a1247491f98-da8b-f545ac2e-a013-3769"
"Casa en Venta en Boca Del Rio","$ 3,950,000","193 m²","Boca Del Rio, Boca del Río, Veracruz Llave","3","3","/detalle/41032-73-21ca8065fdc3-867d-19426a4-9844-7e79"
"Casa en Venta en Ignacio Zaragoza","$ 6,500,000","470 m²","Ignacio Zaragoza, Veracruz, Veracruz Llave","3","6","/detalle/41032-73-a56c841f6057-4270-1924674-b8be-7990"
"Casa en Venta en Vista Bella","$ 13,500,000","660 m²","Vista Bella, Alvarado, Veracruz Llave","5","4","/detalle/41032-73-73d37aedd90f-e69e-194dbd5-9fab-74f2"
"Casa en Venta en Boca Del Rio","$ 3,950,000","182 m²","Boca Del Rio, Boca del Río, Veracruz Llave","3","3","/detalle/41032-73-221cd9299439-4633-194db92-b43e-7c2f"
"Casa en Venta en Tlalnelhuayocan","$ 17,000,000","200 m²","Tlalnelhuayocan, Tlalnelhuayocan, Veracruz Llave","No disponible","No disponible","/detalle/41032-73-dcc69a01d363-96de-14a48046-80ba-3683"
"Casa en Venta en Alvarado Centro","$ 8,280,000","500 m²","Alvarado Centro, Alvarado, Veracruz Llave","4","4","/detalle/41032-73-871253ca849a-3628-197f7e9-99ef-7405"
"Casa en Venta en Real Mandinga","$ 3,650,000","282 m²","Real Mandinga, Alvarado, Veracruz Llave","3","4","/detalle/41032-73-fb3006e408e8-407d-910b9805-b4fe-336c"
"Casa en Venta en Laguna Real","$ 2,700,000","200 m²","Laguna Real, Veracruz, Veracruz Llave","3","3","/detalle/41032-73-7917460456ad-40cc-194dfab-b3b9-78fc"
"Casa en Venta en Manantiales","$ 30,000,000","2,500 m²","Manantiales, Xalapa, Veracruz Llave","6","3","/detalle/41032-73-192a6e9ea205-1e06-18f4938-b2bd-78ef"
"Casa en Venta en Paso de Ovejas Centro","$ 8,000,000","No disponible","Paso de Ovejas Centro, Paso de Ovejas, Veracruz Llave","No disponible","No disponible","/detalle/41032-73-4fb0359b819b-360b-194df66-a898-7101"
"Casa en Venta en Emiliano Zapata","$ 16,000,000","720 m²","Emiliano Zapata, Xalapa, Veracruz Llave","5","5","/detalle/41032-73-91e798bbd3c-3aed-196cc66-94b1-76b6"
"Casa en Venta en Ixhuatlancillo","$ 1,300,000","224 m²","Ixhuatlancillo, Veracruz Llave","1","2","/detalle/41032-73-5e9e64f7e686-501f-1978456-95c5-8039"
"Casa en Venta en Ixhuatlancillo","$ 1,500,000","118 m²","Ixhuatlancillo, Veracruz Llave","1","2","/detalle/41032-73-20396fc1d734-9644-1977f01-9c96-77c3"
"Casa en Venta en Aquiles Serdán","$ 1,400,000","169 m²","Aquiles Serdán, Nogales, Veracruz Llave","1","3","/detalle/41032-73-4d2fc8a2bb06-e46b-196b140-aeaa-7275"
"Casa en Fraccionamiento en Venta en San Cayetano","$ 3,600,000","400 m²","San Cayetano, Córdoba, Veracruz Llave","3","3","/detalle/41032-73-9f16ef40c3d9-b24e-1978ea9-c007-7166"
"Casa en Venta en Escamela","$ 2,950,000","No disponible","Escamela, Ixtaczoquitlán, Veracruz Llave","2","3","/detalle/41032-73-628b13e0680c-3d18-1977f3d-9c96-77c3"
"Casa en Venta en Escamela","$ 1,150,000","No disponible","Escamela, Ixtaczoquitlán, Veracruz Llave","1","3","/detalle/41032-73-8a9b7d09d764-9aa9-1976b0d-b1b2-7af4"
"Casa en Venta en Orizaba Centro","$ 1,900,000","175 m²","Orizaba Centro, Orizaba, Veracruz Llave","3","3","/detalle/41032-73-f4c75c8c9916-6154-1978497-95c5-8039"
"Casa en Venta en Orizaba Centro","$ 2,256,000","150 m²","Orizaba Centro, Orizaba, Veracruz Llave","3","3","/detalle/41032-73-433784c562f2-1c14-197481b-9db3-78ce"
"Casa en Venta en Escamela","$ 2,750,000","189 m²","Escamela, Ixtaczoquitlán, Veracruz Llave","1","5","/detalle/41032-73-5b343ebc3040-fa42-196b148-aeaa-7275"
"Casa en Venta en San Cayetano","$ 12,000,000","970 m²","San Cayetano, Córdoba, Veracruz Llave","4","4","/detalle/41032-73-91f9f49bd0dc-c778-1976b16-b1b2-7af4"
"Casa en Venta en Fortín de las Flores Centro","$ 2,480,000","163 m²","Fortín de las Flores Centro, Fortín, Veracruz Llave","1","3","/detalle/41032-73-7df0e2ffde83-5553-1978970-aa3d-76b5"
"Casa en Venta en Escamela","$ 2,500,000","No disponible","Escamela, Ixtaczoquitlán, Veracruz Llave","2","3","/detalle/41032-73-d69d9c06a068-c7eb-197841d-95c4-8039"
"Casa en Venta en Escamela","$ 1,300,000","No disponible","Escamela, Ixtaczoquitlán, Veracruz Llave","1","4","/detalle/41032-73-1bb186f26c44-574e-1978e75-c007-7166"
"Casa en Venta en Orizaba Centro","$ 3,350,000","210 m²","Orizaba Centro, Orizaba, Veracruz Llave","1","3","/detalle/41032-73-9402f99c34b6-adff-19783f6-95c4-8039"
"Casa en Venta en La Tampiquera","$ 2,800,000","182 m²","La Tampiquera, Boca del Río, Veracruz Llave","2","3","/detalle/41032-73-9ef180c83abf-bc1c-191d391-8511-76b5"
"Casa en Venta en Playas de Conchal","$ 7,600,000","345 m²","Playas de Conchal, Alvarado, Veracruz Llave","4","3","/detalle/41032-73-e0269e44a568-e11b-b6b498bf-8158-428b"
"Casa en Venta en San Cayetano","$ 3,200,000","170 m²","San Cayetano, Córdoba, Veracruz Llave","3","3","/detalle/41032-73-e4bfaf7affab-280a-1978490-95c5-8039"
"Casa en Venta en San Cayetano","$ 1,350,000","90 m²","San Cayetano, Córdoba, Veracruz Llave","2","4","/detalle/41032-73-ccaee9848227-7ec3-197841a-95c4-8039"
"Casa en Venta en Fortín de las Flores Centro","$ 1,800,000","126 m²","Fortín de las Flores Centro, Fortín, Veracruz Llave","1","2","/detalle/41032-73-ab1fc5c74c58-24c8-1975c9c-ab9b-7163"
"Casa en Venta en Álvaro Obregón","$ 1,895,000","112 m²","Álvaro Obregón, Río Blanco, Veracruz Llave","1","2","/detalle/41032-73-599e04d9dd9-249c-1975b8b-8aca-737e"
"Casa en Venta en Lomas de la Rioja","$ 3,990,000","240 m²","Lomas de la Rioja, Alvarado, Veracruz Llave","3","3","/detalle/41032-73-974b2da1bd80-7f05-e15b1430-aab3-4e1e"
"Casa en Venta en Ixhuatlán de Madero","$ 3,790,000","182.55 m²","Ixhuatlán de Madero, Veracruz Llave","2","3","/detalle/41032-73-a38cc1271f73-a6fc-97779f39-92fd-1fbf"
"Casa en Venta en San Cayetano","$ 5,900,000","150 m²","San Cayetano, Córdoba, Veracruz Llave","2","No disponible","/detalle/41032-73-618d802c016c-fc4b-1978e93-c007-7166"
"Casa en Fraccionamiento en Venta en El Mirador","$ 2,450,000","No disponible","El Mirador, Xalapa, Veracruz Llave","3","3","/detalle/41032-73-5bd0e6c28ab7-fdab-1978e90-c007-7166"
"Casa en Venta en San Cayetano","$ 1,550,000","142 m²","San Cayetano, Córdoba, Veracruz Llave","2","2","/detalle/41032-73-daff630566c0-f31b-1978421-95c4-8039"
"Casa en Venta en Crom","$ 1,700,000","90 m²","Crom, Orizaba, Veracruz Llave","2","3","/detalle/41032-73-e7969ff79775-de2e-1975cdf-ab9b-7163"
"Casa en Venta en Alvarado Centro","$ 3,720,000","199 m²","Alvarado Centro, Alvarado, Veracruz Llave","3","3","/detalle/41032-73-2076040ac464-aada-196dc6e-b5ff-7a54"
"Casa en Venta en Ignacio Zaragoza","$ 7,300,000","330 m²","Ignacio Zaragoza, Misantla, Veracruz Llave","3","4","/detalle/41032-73-55716a4486f6-6e83-19568c3-8424-7bfe"
"Casa en Venta en La Tampiquera","$ 3,550,000","180 m²","La Tampiquera, Boca del Río, Veracruz Llave","2","3","/detalle/41032-73-bd69dda8427d-bf32-f53d0ba9-8d97-1237"
"Casa en Venta en Rincón Mexicano","$ 1,750,000","172 m²","Rincón Mexicano, Veracruz, Veracruz Llave","1","3","/detalle/41032-73-e2ec8d6701af-ff2b-61b4c31f-8538-4c7d"
"Casa en Venta en Orizaba Centro","$ 3,100,000","140 m²","Orizaba Centro, Orizaba, Veracruz Llave","1","2","/detalle/41032-73-eb6e8ba94a41-a497-1978e64-c006-7166"
"Casa en Venta en Tierra Blanca Centro","$ 1,650,000","13.5 m²","Tierra Blanca Centro, Tierra Blanca, Veracruz Llave","2","3","/detalle/41032-73-ecd38f58c053-5721-1978a05-aa3d-76b5"
"Casa en Venta en Escamela","$ 1,250,000","No disponible","Escamela, Ixtaczoquitlán, Veracruz Llave","1","2","/detalle/41032-73-819e4a1cb41-5bc4-19784a1-95c6-8039"
"Casa en Venta en Álvaro Obregón","$ 1,590,000","60 m²","Álvaro Obregón, Río Blanco, Veracruz Llave","1","2","/detalle/41032-73-6b7750fc5200-1f9b-1977f44-9c96-77c3"
"Casa en Venta en Ixhuatlán de Madero","$ 4,150,000","168 m²","Ixhuatlán de Madero, Veracruz Llave","3","3","/detalle/41032-73-ef4a2ecb091c-f225-196ae91-9229-7c58"
"Casa en Venta en Barrio Nuevo","$ 2,060,000","78 m²","Barrio Nuevo, Orizaba, Veracruz Llave","No disponible","2","/detalle/41032-73-8b6441c5985d-ee61-1978ea2-c007-7166"
"Casa en Venta en Huatusco de Chicuellar Centro","$ 2,300,000","172 m²","Huatusco de Chicuellar Centro, Huatusco, Veracruz Llave","1","2","/detalle/41032-73-c585d185397a-e788-1978415-95c4-8039"
"Casa en Venta en Álvaro Obregón","$ 1,500,000","No disponible","Álvaro Obregón, Río Blanco, Veracruz Llave","1","2","/detalle/41032-73-a4c13b90835e-d34f-1978408-95c4-8039"
"Casa en Venta en San Cayetano","$ 1,350,000","90 m²","San Cayetano, Córdoba, Veracruz Llave","2","4","/detalle/41032-73-52c3342cafc-e395-1977edd-9c96-77c3"
"Casa en Venta en Ixhuatlán de Madero","$ 2,825,000","105 m²","Ixhuatlán de Madero, Veracruz Llave","2","2","/detalle/41032-73-205f1dd75bc1-849b-16dda3de-b69f-4b67"
"Casa en Venta en Orizaba Centro","$ 2,800,000","155 m²","Orizaba Centro, Orizaba, Veracruz Llave","4","4","/detalle/41032-73-ebe4690aef52-90b9-1978493-95c5-8039"
"Casa en Venta en San Cayetano","$ 2,250,000","104 m²","San Cayetano, Córdoba, Veracruz Llave","2","3","/detalle/41032-73-d17f097c07cc-1b9b-1978489-95c5-8039"
"Casa en Venta en El Morro las Colonias","$ 4,200,000","220 m²","El Morro las Colonias, Boca del Río, Veracruz Llave","3","3","/detalle/41032-73-92bbb3beeca7-74f3-19273ac-ade4-769d"
"Casa en Venta en San Cayetano","$ 1,180,000","120 m²","San Cayetano, Córdoba, Veracruz Llave","1","3","/detalle/41032-73-24d44c650d2b-716a-1978942-aa3d-76b5"
"Casa en Venta en Ixhuatlancillo","$ 2,150,000","127 m²","Ixhuatlancillo, Veracruz Llave","2","3","/detalle/41032-73-4cbc0a575161-6c7e-19784ba-95c6-8039"
"Casa en Venta en Fortín de las Flores Centro","$ 3,300,000","No disponible","Fortín de las Flores Centro, Fortín, Veracruz Llave","2","3","/detalle/41032-73-d418e2859a2-8372-1978431-95c5-8039"
"Casa en Venta en Orizaba Centro","$ 4,100,000","230 m²","Orizaba Centro, Orizaba, Veracruz Llave","2","3","/detalle/41032-73-2a0e64752b88-50b-1977f0a-9c96-77c3"
"Casa en Venta en Orizaba Centro","$ 1,270,000","No disponible","Orizaba Centro, Orizaba, Veracruz Llave","1","2","/detalle/41032-73-47b59f5b454b-4486-196b13e-aeaa-7275"
"Casa en Venta en Ixhuatlancillo","$ 2,100,000","265 m²","Ixhuatlancillo, Veracruz Llave","2","4","/detalle/41032-73-b235ef472b31-eba9-196ad38-8583-7f2c"
"Casa en Venta en Ixhuatlán de Madero","$ 2,825,000","108 m²","Ixhuatlán de Madero, Veracruz Llave","2","2","/detalle/41032-73-5fc17ea71a7d-5f23-43ae2872-b1f4-4054"
"Casa en Venta en Orizaba Centro","$ 2,600,000","280 m²","Orizaba Centro, Orizaba, Veracruz Llave","No disponible","4","/detalle/41032-73-f51ce343bcd1-588b-1978a09-aa3d-76b5"
"Casa en Venta en Álvaro Obregón","$ 2,700,000","170 m²","Álvaro Obregón, Río Blanco, Veracruz Llave","3","4","/detalle/41032-73-b700a268eb9b-4745-197847e-95c5-8039"
"Casa en Venta en Orizaba Centro","$ 2,780,000","196 m²","Orizaba Centro, Orizaba, Veracruz Llave","2","3","/detalle/41032-73-b83cc4aece68-90ea-196ad61-8583-7f2c"
"Casa en Venta en Cuichapa","$ 4,670,000","236 m²","Cuichapa, Cuichapa, Veracruz Llave","2","6","/detalle/41032-73-8942c8b76e3f-1a0a-19789cc-aa3d-76b5"
"Casa en Venta en Mariano Escobedo","$ 1,250,000","77 m²","Mariano Escobedo, Mariano Escobedo, Veracruz Llave","1","2","/detalle/41032-73-5d1e65c158cc-85e3-1978961-aa3d-76b5"
"Casa en Venta en Playas de Conchal","$ 5,950,000","253 m²","Playas de Conchal, Alvarado, Veracruz Llave","3","3","/detalle/41032-73-43004b2e78f3-1307-fa39cce9-8bd1-1054"
"Casa en Venta en Ixhuatlán de Madero","$ 2,825,000","105 m²","Ixhuatlán de Madero, Veracruz Llave","2","2","/detalle/41032-73-a1ab2e8be02e-1c89-43eb2c8e-911a-40b6"
"Casa en Venta en Crom","$ 1,700,000","90 m²","Crom, Orizaba, Veracruz Llave","2","3","/detalle/41032-73-4e5ae6f9cf2b-9173-1977f28-9c96-77c3"
"Casa en Venta en Orizaba Centro","$ 1,800,000","No disponible","Orizaba Centro, Orizaba, Veracruz Llave","1","3","/detalle/41032-73-a9c4eaef8c10-5e0f-1976b25-b1b2-7af4"
"Casa en Venta en Álvaro Obregón","$ 1,590,000","134 m²","Álvaro Obregón, Río Blanco, Veracruz Llave","1","2","/detalle/41032-73-7f65d9e65643-1d54-1975c7f-b513-7e1b"
"Casa en Venta en Alvarado Centro","$ 4,990,000","230 m²","Alvarado Centro, Alvarado, Veracruz Llave","3","3","/detalle/41032-73-c75348568a0b-7fd4-191d88f-859a-737d"
"Casa en Venta en Ixhuatlán de Madero","$ 4,349,000","215 m²","Ixhuatlán de Madero, Veracruz Llave","2","3","/detalle/41032-73-1d43e539ca22-7061-ed0883f5-9d4f-4a8e"
"Casa en Venta en Jardines de Virginia","$ 13,900,000","650 m²","Jardines de Virginia, Boca del Río, Veracruz Llave","3","3","/detalle/41032-73-e002ff846e9-df2b-1910530-9792-78d3"
"Casa en Venta en La Nueva Victoria","$ 7,400,000","321 m²","La Nueva Victoria, San Andrés Tuxtla, Veracruz Llave","3","3","/detalle/41032-73-5ec6119028-b0ec-19104ec-9792-78d3"
"Casa en Venta en Aquiles Serdán","$ 2,200,000","510 m²","Aquiles Serdán, Nogales, Veracruz Llave","No disponible","8","/detalle/41032-73-f98949468f47-bcc1-1978a0b-aa3d-76b5"
"Casa en Venta en Tequila","$ 1,520,000","866 m²","Tequila, Veracruz Llave","1","4","/detalle/41032-73-647c7c78f1c3-bcc4-1975c75-b513-7e1b"
"Casa en Venta en Mata de Pita","$ 2,251,000","96 m²","Mata de Pita, Veracruz, Veracruz Llave","2","3","/detalle/41032-73-c9dfeb73285a-43ef-90bd33f0-bde9-3ab0"
"Casa en Fraccionamiento en Venta en Orizaba Centro","$ 4,350,000","216 m²","Orizaba Centro, Orizaba, Veracruz Llave","3","3","/detalle/41032-73-42e80e0f677b-a5b4-1978e84-c007-7166"
"Casa en Venta en Fortín de las Flores Centro","$ 3,300,000","230 m²","Fortín de las Flores Centro, Fortín, Veracruz Llave","4","4","/detalle/41032-73-a6a781af9be2-60e1-1978e45-c006-7166"
"Casa en Venta en San Cayetano","$ 1,550,000","142 m²","San Cayetano, Córdoba, Veracruz Llave","2","3","/detalle/41032-73-46a46fa2bdad-7c32-1978955-aa3d-76b5"
"Casa en Venta en Miguel Hidalgo","$ 2,650,000","150 m²","Miguel Hidalgo, Veracruz, Veracruz Llave","2","3","/detalle/41032-73-2872afacf845-1a40-190ed5f-b239-7f36"
"Casa en Venta en Mata de Pita","$ 1,472,000","80 m²","Mata de Pita, Veracruz, Veracruz Llave","2","3","/detalle/41032-73-815202237774-36b-5f6e93ed-bb0c-3dcc"
"Casa en Fraccionamiento en Venta en Coatepec Centro","$ 2,680,000","175 m²","Coatepec Centro, Coatepec, Veracruz Llave","2","3","/detalle/41032-73-802872543f8d-4dcc-197c469-bd51-75ab"
"Casa en Fraccionamiento en Venta en Paso Del Toro","$ 5,716,000","309 m²","Paso Del Toro, Xalapa, Veracruz Llave","3","4","/detalle/41032-73-3afa299d8db4-28f7-197bf3c-af72-7b6b"
"Casa en Venta en Santa Clara","$ 1,150,000","120 m²","Santa Clara, Córdoba, Veracruz Llave","1","2","/detalle/41032-73-765a8f207d73-741a-1940409-8629-777d"
"Casa en Venta en Alameda","$ 4,000,000","250 m²","Alameda, Córdoba, Veracruz Llave","3","4","/detalle/41032-73-7ec5e60cc1b2-32c2-1fdac32a-a2db-4528"
"Casa en Venta en Banderilla Centro","$ 6,500,000","652 m²","Banderilla Centro, Banderilla, Veracruz Llave","8","5","/detalle/41032-73-aeaf542ff5e-cd42-197eb0e-b605-708f"
"Casa en Venta en Lomas de La Llave","$ 2,150,000","No disponible","Lomas de La Llave, Fortín, Veracruz Llave","2","3","/detalle/41032-73-e24dc5e0676b-fb16-19354af-b8fc-75f7"
"Casa en Venta en Lomas del Tejar","$ 4,800,000","358 m²","Lomas del Tejar, Xalapa, Veracruz Llave","2","3","/detalle/41032-73-e1c3b9e5f3c7-e907-197d3e4-b476-7598"
"Casa en Venta en Centro Sct Veracruz","$ 4,900,000","275 m²","Centro Sct Veracruz, Xalapa, Veracruz Llave","3","3","/detalle/41032-73-292c9d96e0d7-3bfc-197bf3b-b305-7cc2"
"Casa en Venta en Coapexpan","$ 2,990,000","314 m²","Coapexpan, Xalapa, Veracruz Llave","3","4","/detalle/41032-73-670bfd4341e4-383b-197bf33-9062-7ea1"
"Casa en Venta en Coapexpan","$ 13,500,000","823 m²","Coapexpan, Xalapa, Veracruz Llave","5","4","/detalle/41032-73-18f45b570011-1cd3-197f2bd-933e-7b0f"
"Casa en Fraccionamiento en Venta en Dos Ríos","$ 2,200,000","211 m²","Dos Ríos, Emiliano Zapata, Veracruz Llave","2","2","/detalle/41032-73-9a24323a290b-26c-197f2bc-b04d-7bb6"
"Casa en Venta en Margarita Maza de Juárez","$ 1,710,000","82 m²","Margarita Maza de Juárez, Papantla, Veracruz Llave","2","3","/detalle/41032-73-949152cd532f-83eb-197bf3a-85cc-77b9"
"Casa en Fraccionamiento en Venta en Paso Del Toro","$ 6,600,000","350 m²","Paso Del Toro, Xalapa, Veracruz Llave","5","4","/detalle/41032-73-2188e1d4f5db-a9ca-197bf3c-8095-7ed2"
"Casa en Venta en Pedregal de las Animas","$ 3,450,000","220 m²","Pedregal de las Animas, Xalapa, Veracruz Llave","4","3","/detalle/41032-73-5d2a5354b191-24a2-197bf3a-bb9d-7409"
"Casa en Venta en Veracruz","$ 5,400,000","260 m²","Veracruz, Xalapa, Veracruz Llave","2","5","/detalle/41032-73-bd36a5b1c454-e5df-197bf39-acd3-7720"
"Casa en Venta en Las Flores","$ 1,890,000","151 m²","Las Flores, Fortín, Veracruz Llave","3","3","/detalle/41032-73-18a169ffd739-3f15-195bf71-a76e-72a2"
"Casa en Venta en San Nicolás","$ 8,900,000","1,000 m²","San Nicolás, Córdoba, Veracruz Llave","3","6","/detalle/41032-73-59c45d57356e-3974-19370f8-9963-795e"
"Casa en Venta en Veracruz Centro","$ 3,190,000","160 m²","Veracruz Centro, Veracruz, Veracruz Llave","2","4","/detalle/41032-73-33a023a68995-a9fc-7626ea75-8fda-3da4"
"Casa en Venta en Ricardo Flores Magon","$ 9,500,000","357 m²","Ricardo Flores Magon, Boca del Río, Veracruz Llave","5","5","/detalle/41032-73-69fa7f71cac2-3207-197f2ba-8bc1-729e"
"Casa en Fraccionamiento en Venta en Las Palmas","$ 5,990,000","280 m²","Las Palmas, Medellín, Veracruz Llave","5","5","/detalle/41032-73-58c08e37f93a-1b53-197c467-8adc-71d1"
"Casa en Venta en La Pitaya","$ 7,500,000","1,400 m²","La Pitaya, Coatepec, Veracruz Llave","3","3","/detalle/41032-73-fcd770e97a52-cfca-197d8f7-ae12-7a68"
"Casa en Venta en Indeco Animas","$ 3,440,000","218 m²","Indeco Animas, Xalapa, Veracruz Llave","3","3","/detalle/41032-73-407918f15977-f134-197c46a-9508-7650"
"Casa en Venta en Francisco Ferrer Guardia","$ 2,000,000","160 m²","Francisco Ferrer Guardia, Xalapa, Veracruz Llave","2","2","/detalle/41032-73-a97d6483faf2-1f61-197bf3a-8e86-70bf"
"Casa en Fraccionamiento en Venta en Paso Del Toro","$ 6,190,000","330 m²","Paso Del Toro, Xalapa, Veracruz Llave","5","4","/detalle/41032-73-fb24d8a15f88-f767-197bf32-b17b-7ae6"
"Casa en Venta en Pedregal de las Animas","$ 4,100,000","245 m²","Pedregal de las Animas, Xalapa, Veracruz Llave","3","3","/detalle/41032-73-5c922706ff9c-af85-197bf32-8701-739f"
"Casa en Venta en Pedregal de las Animas","$ 3,900,000","220 m²","Pedregal de las Animas, Xalapa, Veracruz Llave","2","3","/detalle/41032-73-fabfe465d1fa-6cef-197f2b9-8af1-78f3"
"Casa en Venta en Villa Verde","$ 2,300,000","140 m²","Villa Verde, Córdoba, Veracruz Llave","2","3","/detalle/41032-73-e998f0d9ded9-9d08-1926dcb-b6cc-783a"
"Casa en Venta en Pedregal de las Animas","$ 3,290,000","150 m²","Pedregal de las Animas, Xalapa, Veracruz Llave","3","3","/detalle/41032-73-9b7b97837652-9831-197f2b9-bb78-75fe"
"Casa en Fraccionamiento en Venta en Morada del Quetzal","$ 2,858,000","220 m²","Morada del Quetzal, Emiliano Zapata, Veracruz Llave","2","3","/detalle/41032-73-7ab17211c036-6bb2-197c468-96ad-77b5"
"Casa en Fraccionamiento en Venta en Paso Del Toro","$ 5,600,000","289 m²","Paso Del Toro, Xalapa, Veracruz Llave","3","3","/detalle/41032-73-613ba4699b08-3f29-197bf3c-a7ff-7cec"
"Casa en Venta en Los Encinos","$ 2,000,000","237 m²","Los Encinos, Xalapa, Veracruz Llave","1","2","/detalle/41032-73-a229c521a6ea-97d8-87bf8948-aaf7-4ca3"
"Casa en Fraccionamiento en Venta en Orizaba Centro","$ 4,200,000","200 m²","Orizaba Centro, Orizaba, Veracruz Llave","2","3","/detalle/41032-73-14b363f8dd69-cbb0-7fe0ed0-8e3e-4c26"
"Casa en Venta en Barra de Chachalacas","$ 3,200,000","210 m²","Barra de Chachalacas, Ursulo Galván, Veracruz Llave","2","3","/detalle/41032-73-118056332d54-71d-197bf3c-8e72-71c2"
"Casa en Fraccionamiento en Venta en Residencial Monte Magno","$ 4,650,000","362 m²","Residencial Monte Magno, Xalapa, Veracruz Llave","3","4","/detalle/41032-73-a91395498058-6560-197bf39-a3c2-7a6e"
"Casa en Venta en Indeco Animas","$ 3,320,000","128 m²","Indeco Animas, Xalapa, Veracruz Llave","2","2","/detalle/41032-73-8550e50b7112-6e84-197c465-b2f9-757e"
"Casa en Venta en Lomas Del Mar","$ 13,200,000","500 m²","Lomas Del Mar, Boca del Río, Veracruz Llave","6","4","/detalle/41032-73-fdbbb23c5aa-3268-197e869-8b9f-7adf"
"Casa en Venta en Playa Dorada","$ 7,150,000","352 m²","Playa Dorada, Alvarado, Veracruz Llave","2","3","/detalle/41032-73-194e8e0679ce-ef28-194db7b-91a5-770b"
"Casa en Venta en San Jose Novillero","$ 2,100,000","126 m²","San Jose Novillero, Boca del Río, Veracruz Llave","3","3","/detalle/41032-73-bb8f98c8077e-9fbc-194248d-bc74-7c7e"
"Casa en Venta en Playas de Conchal","$ 7,300,000","352 m²","Playas de Conchal, Alvarado, Veracruz Llave","3","3","/detalle/41032-73-fe0ebbd96b9a-44be-194dd83-9d5d-7b5a"
"Casa en Venta en Puente Nacional","$ 1,500,000","93 m²","Puente Nacional, Puente Nacional, Veracruz Llave","3","2","/detalle/41032-73-238ebe390315-a50a-1934d1e-972b-791f"
"Casa en Venta en Boca Del Rio","$ 2,850,000","109 m²","Boca Del Rio, Boca del Río, Veracruz Llave","2","2","/detalle/41032-73-c4f91a575cad-9066-194dd7e-b9f1-7af3"
"Casa en Venta en Luis Echeverria Alvarez","$ 2,100,000","134 m²","Luis Echeverria Alvarez, Boca del Río, Veracruz Llave","3","3","/detalle/41032-73-e42fb382b718-a44e-194dd31-8934-76f5"
"Casa en Venta en Alvarado Centro","$ 25,000,000","1,125 m²","Alvarado Centro, Alvarado, Veracruz Llave","3","3","/detalle/41032-73-b8571631ab17-fc00-1942433-bb8d-7189"
"Casa en Venta en Costa de Oro 1a Secc","$ 20,000,000","932 m²","Costa de Oro 1a Secc, Boca del Río, Veracruz Llave","6","5","/detalle/41032-73-189aae5a25cf-8778-197f7ef-82cf-7a96"
"Casa en Venta en San Jose Novillero","$ 3,390,000","140 m²","San Jose Novillero, Boca del Río, Veracruz Llave","2","3","/detalle/41032-73-672df82ab960-c67e-194df42-a7d2-7a04"
"Casa en Venta en Boca Del Rio","$ 4,350,000","226 m²","Boca Del Rio, Boca del Río, Veracruz Llave","3","3","/detalle/41032-73-ce47b2544092-acd2-194def0-91bf-73cc"
"Casa en Venta en Las Vegas II","$ 2,800,000","180 m²","Las Vegas II, Boca del Río, Veracruz Llave","3","3","/detalle/41032-73-a06445173afb-3afd-19426d9-a13f-7794"
"Casa en Venta en San Jose Novillero","$ 2,350,000","190 m²","San Jose Novillero, Boca del Río, Veracruz Llave","3","3","/detalle/41032-73-42841517c703-fecf-194df6c-a4ce-7ad8"
"Casa en Venta en Veracruz Centro","$ 11,990,000","450 m²","Veracruz Centro, Veracruz, Veracruz Llave","4","3","/detalle/41032-73-fde0bc4d97da-27f2-194dd50-a02e-75de"
"Casa en Venta en Tres Pasos","$ 2,890,000","123 m²","Tres Pasos, Emiliano Zapata, Veracruz Llave","2","3","/detalle/41032-73-1722daf43910-c306-197439e-86eb-78cf"
"Casa en Venta en Residencial Monte Magno","$ 5,100,000","320 m²","Residencial Monte Magno, Xalapa, Veracruz Llave","4","3","/detalle/41032-73-8702227e23a-2a06-1956e8e-aa87-7f36"
"Casa en Venta en Campestre el Porvenir","$ 5,600,000","237 m²","Campestre el Porvenir, Emiliano Zapata, Veracruz Llave","4","3","/detalle/41032-73-7cface06c5b1-9053-19665c1-8fc2-76b6"
"Casa en Venta en Pedregal de las Animas","$ 3,920,000","238 m²","Pedregal de las Animas, Xalapa, Veracruz Llave","3","3","/detalle/41032-73-b92c8ebec32-d0c4-196fef3-87a5-76aa"
"Casa en Venta en Moderno","$ 9,850,000","530 m²","Moderno, Veracruz, Veracruz Llave","4","3","/detalle/41032-73-cb61005fadc3-d53e-1960f12-9ba4-72b3"
"Casa en Venta en Geovillas los Pinos","$ 5,400,000","237 m²","Geovillas los Pinos, Veracruz, Veracruz Llave","3","3","/detalle/41032-73-2afe2134180e-2513-194dcb7-8958-7987"
"Casa en Venta en Residencial del Bosque","$ 4,320,000","223 m²","Residencial del Bosque, Veracruz, Veracruz Llave","No disponible","3","/detalle/41032-73-bf07362d3682-20a9-194db8b-bf0e-7e20"
"Casa en Venta en Tres Pasos","$ 5,150,000","453 m²","Tres Pasos, Emiliano Zapata, Veracruz Llave","5","4","/detalle/41032-73-82e657091c6d-1dd8-19665fe-8fc2-76b6"
"Casa en Venta en Pedregal de las Animas","$ 5,150,000","290 m²","Pedregal de las Animas, Xalapa, Veracruz Llave","5","4","/detalle/41032-73-aa2af3f9eaa6-9fbc-1965bed-80b1-7e1f"
"Casa en Venta en Las Trancas","$ 2,550,000","150 m²","Las Trancas, Emiliano Zapata, Veracruz Llave","3","3","/detalle/41032-73-9fc24a591aa1-a12c-1954a5b-b72f-7c07"
"Casa en Venta en Paso Del Toro","$ 5,716,000","309 m²","Paso Del Toro, Xalapa, Veracruz Llave","4","3","/detalle/41032-73-68ba86c3b771-f861-194ae67-95e5-7af1"
"Casa en Venta en Pedregal de las Animas","$ 4,300,000","240 m²","Pedregal de las Animas, Xalapa, Veracruz Llave","4","3","/detalle/41032-73-1be2809bda0a-84e1-19465e6-af3a-7380"
"Casa en Venta en Ignacio Zaragoza","$ 7,300,000","330 m²","Ignacio Zaragoza, Misantla, Veracruz Llave","2","3","/detalle/41032-73-45c41bf24f38-9840-191e0cd-8b5a-7aed"
"Casa en Venta en Pedregal de las Animas","$ 5,950,000","320 m²","Pedregal de las Animas, Xalapa, Veracruz Llave","6","4","/detalle/41032-73-87049cd1377e-61ae-1976043-82a4-7e23"
"Casa en Venta en Pedregal de las Animas","$ 3,620,000","240 m²","Pedregal de las Animas, Xalapa, Veracruz Llave","4","3","/detalle/41032-73-b5b854366b8a-cd7c-196e522-9d7c-7c06"
"Casa en Venta en Fuentes de Las Ánimas","$ 5,290,000","210 m²","Fuentes de Las Ánimas, Xalapa, Veracruz Llave","3","3","/detalle/41032-73-bde9e5dca8c6-5229-195628b-83be-7e24"
"Casa en Venta en Ejido Primero de Mayo Norte","$ 3,700,000","No disponible","Ejido Primero de Mayo Norte, Boca del Río, Veracruz Llave","2","3","/detalle/41032-73-aa5005a1094-2a48-19423fa-bb48-782a"
"Casa en Venta en El Morro las Colonias","$ 2,600,000","130 m²","El Morro las Colonias, Boca del Río, Veracruz Llave","No disponible","No disponible","/detalle/41032-73-34bbc4f424a8-796c-18f5e61-9558-7497"
"Casa en Venta en Fuentes de Las Ánimas","$ 5,500,000","270 m²","Fuentes de Las Ánimas, Xalapa, Veracruz Llave","4","3","/detalle/41032-73-bbf0bca6c856-23b-1971dae-b723-7f31"
"Casa en Venta en Indeco Animas","$ 3,800,000","1 m²","Indeco Animas, Xalapa, Veracruz Llave","4","4","/detalle/41032-73-15eb55594a6b-ce06-196f17c-b704-76b5"
"Casa en Venta en Ánimas Marqueza","$ 4,935,000","301 m²","Ánimas Marqueza, Xalapa, Veracruz Llave","4","4","/detalle/41032-73-2c0845a6c5a7-2a35-196a376-a4ad-759b"
"Casa en Venta en Emiliano Zapata","$ 3,200,000","190 m²","Emiliano Zapata, Emiliano Zapata, Veracruz Llave","3","3","/detalle/41032-73-a1aa4379ea2b-4c3d-1965bd8-80b1-7e1f"
"Casa en Venta en Setse","$ 1,950,000","145 m²","Setse, Coatepec, Veracruz Llave","3","3","/detalle/41032-73-6829c776431a-da91-196fe6a-8f4f-7d12"
"Casa en Venta en Mata de Pita","$ 2,300,000","111 m²","Mata de Pita, Veracruz, Veracruz Llave","2","3","/detalle/41032-73-f7bb9cc7a9d9-c01b-194dfb3-8d88-7de9"
"Casa en Venta en Cerro de Guzmán","$ 8,000,000","No disponible","Cerro de Guzmán, Paso de Ovejas, Veracruz Llave","No disponible","No disponible","/detalle/41032-73-4c65d2c73de6-c6fe-18f5d66-bd4d-7998"
"Casa en Venta en Antorchista Unidad","$ 68,750,000","1,571 m²","Antorchista Unidad, Córdoba, Veracruz Llave","No disponible","No disponible","/detalle/41032-73-13cc04db43b8-1a1b-58d15bcd-b492-39ac"
"Casa en Venta en Pedregal de las Animas","$ 4,100,000","240 m²","Pedregal de las Animas, Xalapa, Veracruz Llave","5","3","/detalle/41032-73-5e411ab30c2f-2d71-1976b46-83d4-7489"
"Casa en Venta en Jalapa Enríquez Centro","$ 2,250,000","88 m²","Jalapa Enríquez Centro, Xalapa, Veracruz Llave","2","3","/detalle/41032-73-c9bc54044d92-ee2b-1972442-9d46-79db"
"Casa en Venta en Jardines de Las Ánimas","$ 4,200,000","280 m²","Jardines de Las Ánimas, Xalapa, Veracruz Llave","5","3","/detalle/41032-73-a61346914e4f-ff3-196e476-9d7c-7c06"
"Casa en Venta en El Morro las Colonias","$ 2,900,000","145 m²","El Morro las Colonias, Boca del Río, Veracruz Llave","No disponible","No disponible","/detalle/41032-73-c10f2b345291-bd2a-18f5dd3-a2bc-7baa"
"Casa en Venta en Lomas del Sol","$ 28,930,000","2893 m²","Lomas del Sol, Alvarado, Veracruz Llave","No disponible","No disponible","/detalle/41032-73-75020c9be92f-8d52-194df81-a7c0-76d9"
"Casa en Venta en Pedregal de las Animas","$ 3,470,000","230 m²","Pedregal de las Animas, Xalapa, Veracruz Llave","4","3","/detalle/41032-73-ad880b61179d-4a45-196e509-9d7c-7c06"
"Casa en Venta en Ánimas Marqueza","$ 5,500,000","350 m²","Ánimas Marqueza, Xalapa, Veracruz Llave","6","4","/detalle/41032-73-b057ce2d4e88-f4e3-1962709-a1b3-77c1"
"Casa en Venta en Las Vegas II","$ 2,700,000","No disponible","Las Vegas II, Boca del Río, Veracruz Llave","3","3","/detalle/41032-73-58183abd497f-1772-194df4f-888f-7be2"
"Casa en Venta en Rubí Ánimas","$ 3,650,000","160 m²","Rubí Ánimas, Xalapa, Veracruz Llave","2","2","/detalle/41032-73-5f5f0d1f43b9-e013-1971d28-8d39-7e1b"
"Casa en Venta en Residencial Monte Magno","$ 4,990,000","300 m²","Residencial Monte Magno, Xalapa, Veracruz Llave","4","3","/detalle/41032-73-915e526471b7-c44c-196f4ac-a517-7c01"
"Casa en Venta en Pedregal de las Animas","$ 3,890,000","240 m²","Pedregal de las Animas, Xalapa, Veracruz Llave","4","3","/detalle/41032-73-bf6aa7587e3d-4e61-196e568-9d7c-7c06"
"Casa en Venta en Residencial Monte Magno","$ 5,250,000","339 m²","Residencial Monte Magno, Xalapa, Veracruz Llave","4","3","/detalle/41032-73-71a2b0759f8b-e34e-194b914-8c2f-715e"
"Casa en Venta en Agrícola","$ 3,890,000","240 m²","Agrícola, Xalapa, Veracruz Llave","5","3","/detalle/41032-73-44e8379afe94-8f31-19717a4-9f77-7aec"
"Casa en Venta en Emiliano Zapata","$ 3,390,000","200 m²","Emiliano Zapata, Emiliano Zapata, Veracruz Llave","4","4","/detalle/41032-73-888eac3ba713-5ac-194de29-b30b-748e"
"Casa en Venta en Fuentes de Las Ánimas","$ 4,800,000","380 m²","Fuentes de Las Ánimas, Xalapa, Veracruz Llave","3","4","/detalle/41032-73-50ddae699b2c-7b6e-1976b2f-83d4-7489"
"Casa en Venta en Pedregal de las Animas","$ 3,870,000","270 m²","Pedregal de las Animas, Xalapa, Veracruz Llave","2","3","/detalle/41032-73-fdc3c20ca674-f8d1-1948f4b-a8b1-726c"
"Casa en Venta en Fuentes de Las Ánimas","$ 6,200,000","410 m²","Fuentes de Las Ánimas, Xalapa, Veracruz Llave","4","4","/detalle/41032-73-d15d14d9ac05-690a-1926307-9355-76b2"
"Casa en Venta en Morada del Quetzal","$ 2,920,000","210 m²","Morada del Quetzal, Emiliano Zapata, Veracruz Llave","2","3","/detalle/41032-73-8848a34680b1-48e1-1b4539c3-85e2-4e03"
"Casa en Venta en Morada del Quetzal","$ 2,990,000","208 m²","Morada del Quetzal, Emiliano Zapata, Veracruz Llave","2","3","/detalle/41032-73-d871390ee43c-b699-e7ac7272-ab64-4cd7"
"Casa en Venta en Rubí Ánimas","$ 7,500,000","532 m²","Rubí Ánimas, Xalapa, Veracruz Llave","4","4","/detalle/41032-73-d822e93ff79d-bfd9-19647c6-9052-7159"
"Casa en Venta en Sostenes Guzmán","$ 9,000,000","616 m²","Sostenes Guzmán, Coatepec, Veracruz Llave","2","2","/detalle/41032-73-53d97b5a742e-8814-196106e-aac7-748e"
"Casa en Venta en Jalapa Enríquez Centro","$ 12,000,000","470 m²","Jalapa Enríquez Centro, Xalapa, Veracruz Llave","7","6","/detalle/41032-73-dbe1b248b326-ff4d-1952f4c-9b10-77c3"
"Casa en Venta en Residencial Monte Magno","$ 3,750,000","271 m²","Residencial Monte Magno, Xalapa, Veracruz Llave","3","4","/detalle/41032-73-3b4e1796700b-8262-1927896-86aa-77c3"
"Casa en Venta en Fuentes de Las Ánimas","$ 3,990,000","263 m²","Fuentes de Las Ánimas, Xalapa, Veracruz Llave","3","3","/detalle/41032-73-d4899ac8483f-67b4-195aa2e-b4a5-7159"
"Casa en Venta en Campestre el Porvenir","$ 3,950,000","262 m²","Campestre el Porvenir, Emiliano Zapata, Veracruz Llave","4","4","/detalle/41032-73-ea21e5ee7b6f-4429-1940981-ab1d-7f32"
"Casa en Venta en Adalberto Tejeda","$ 3,250,000","191 m²","Adalberto Tejeda, Boca del Río, Veracruz Llave","4","4","/detalle/41032-73-16617aa3f9f8-da26-19399c8-b5b2-7f30"
"Casa en Venta en Xico","$ 5,200,000","249 m²","Xico, Xico, Veracruz Llave","4","3","/detalle/41032-73-7662afc4ed3a-1cc1-196b12f-c03a-7e1c"
"Casa en Venta en Mártires de Chicago","$ 3,200,000","200 m²","Mártires de Chicago, Xalapa, Veracruz Llave","2","3","/detalle/41032-73-cb8bbd30696e-e1b1-19485f4-91a7-715e"
"Casa en Venta en Nuevo Coapexpan","$ 2,350,000","245 m²","Nuevo Coapexpan, Xalapa, Veracruz Llave","2","3","/detalle/41032-73-d2af6ca802fd-cfaf-193b1e4-aed0-803e"
"Casa en Venta en Las Cumbres","$ 5,700,000","240 m²","Las Cumbres, Xalapa, Veracruz Llave","3","3","/detalle/41032-73-3db56cc03378-c5d9-b902f91a-a0ca-46f3"
"Casa en Venta en El Mirador","$ 3,750,000","284 m²","El Mirador, Xalapa, Veracruz Llave","3","3","/detalle/41032-73-98c89f486b45-c1e6-848bc617-975c-4213"
"Casa en Fraccionamiento en Venta en Indeco Animas","$ 6,500,000","380 m²","Indeco Animas, Xalapa, Veracruz Llave","4","3","/detalle/41032-73-974e44ff09d2-cd8-b45c937-9b60-30ed"
"Casa en Venta en Fortín de las Flores Centro","$ 1,850,000","127 m²","Fortín de las Flores Centro, Fortín, Veracruz Llave","2","3","/detalle/41032-73-5e1663b32020-d937-196ebc5-b6fc-7f32"
"Casa en Venta en 2 Lomas","$ 1,100,000","67 m²","2 Lomas, Veracruz, Veracruz Llave","1","2","/detalle/41032-73-91584757f489-5f29-194fdbc-9cf0-78d1"
"Casa en Venta en Emiliano Zapata","$ 2,950,000","270 m²","Emiliano Zapata, Xalapa, Veracruz Llave","2","3","/detalle/41032-73-12a155076bc3-fa1f-1949041-a8b2-726c"
"Casa en Venta en El Mirador","$ 15,500,000","740 m²","El Mirador, Xalapa, Veracruz Llave","8","4","/detalle/41032-73-f00f1ff6d74b-469e-1932be9-a85c-7af7"
"Casa en Venta en Morada del Quetzal","$ 2,890,000","208 m²","Morada del Quetzal, Emiliano Zapata, Veracruz Llave","2","3","/detalle/41032-73-b25c9faa8fba-f396-3fca6686-b075-4bfd"
"Casa en Venta en Fortín de las Flores Centro","$ 3,200,000","No disponible","Fortín de las Flores Centro, Fortín, Veracruz Llave","4","4","/detalle/41032-73-b4c7bdc32596-b591-1936bd1-9b15-8041"
"Quinta / Hacienda en Venta en El Chico","$ 13,500,000","480 m²","El Chico, Emiliano Zapata, Veracruz Llave","4","4","/detalle/41032-73-98f688088605-e7-d3a6ba08-a6fd-4bee"
"Casa en Venta en Pastoresa","$ 15,500,000","500 m²","Pastoresa, Xalapa, Veracruz Llave","5","4","/detalle/41032-73-c70033c9965-d242-19788d7-b6cf-79de"
"Casa en Fraccionamiento en Venta en Lomas de La Llave","$ 6,000,000","329 m²","Lomas de La Llave, Fortín, Veracruz Llave","6","4","/detalle/41032-73-816bdbfc0c98-389a-bd73ae19-b258-4c3b"
"Casa en Venta en Nuevo Coapexpan","$ 9,500,000","420 m²","Nuevo Coapexpan, Xalapa, Veracruz Llave","2","3","/detalle/41032-73-c53a09e5660-1a43-1949033-a8b2-726c"
"Casa en Venta en Cuautlalpan","$ 350,000","No disponible","Cuautlalpan, Ixtaczoquitlán, Veracruz Llave","1","2","/detalle/41032-73-2025594c737e-48d0-191307d-8727-7164"
"Casa en Venta en Coatepec Centro","$ 3,200,000","260 m²","Coatepec Centro, Coatepec, Veracruz Llave","4","3","/detalle/41032-73-758b712be61b-50ee-cf8e2380-b01d-4493"
"Casa en Venta en Morada del Quetzal","$ 2,400,000","160 m²","Morada del Quetzal, Emiliano Zapata, Veracruz Llave","2","3","/detalle/41032-73-32462a07342b-5308-2302b052-9fa1-4276"
"Casa en Fraccionamiento en Venta en Las Vegas II","$ 2,700,000","177 m²","Las Vegas II, Boca del Río, Veracruz Llave","3","3","/detalle/41032-73-ea1eb2877f16-7fb4-46b5421c-b07d-4b3b"
"Casa en Venta en Club de Golf Villa Rica","$ 6,290,000","406 m²","Club de Golf Villa Rica, Alvarado, Veracruz Llave","3","4","/detalle/41032-73-5d849bc79139-b23a-2fd271ab-a0cc-4606"
"Casa en Venta en Ignacio Zaragoza","$ 7,750,000","330 m²","Ignacio Zaragoza, Veracruz, Veracruz Llave","4","4","/detalle/41032-73-3201ce1d3a49-2f0d-190efed-8684-78d5"
"Casa en Fraccionamiento en Venta en Ciénega Del Sur","$ 3,990,000","290 m²","Ciénega Del Sur, Alvarado, Veracruz Llave","3","3","/detalle/41032-73-58771d857df6-cd33-8f60486a-ba93-38df"
"Casa en Venta en Las Hortalizas","$ 1,250,000","65 m²","Las Hortalizas, Veracruz, Veracruz Llave","1","2","/detalle/41032-73-b2f89d47335d-d443-8a640dc6-aba5-4f84"
"Casa en Venta en Alvarado Centro","$ 3,190,000","172 m²","Alvarado Centro, Alvarado, Veracruz Llave","2","2","/detalle/41032-73-602e56576145-1dce-220bb186-b78b-4b8c"
"Casa en Venta en El Morro las Colonias","$ 3,400,000","261 m²","El Morro las Colonias, Boca del Río, Veracruz Llave","3","3","/detalle/41032-73-e29ca8eee73-a1c8-ff8622df-89c9-4e91"
"Casa en Fraccionamiento en Venta en Anton Lizardo","$ 2,189,000","90 m²","Anton Lizardo, Alvarado, Veracruz Llave","2","2","/detalle/41032-73-97ccda836aef-684f-eff6be91-bf96-470e"
"Casa en Venta en Lomas del Sol","$ 3,100,000","145 m²","Lomas del Sol, Alvarado, Veracruz Llave","2","2","/detalle/41032-73-bcc0bde650ed-3028-ca93d567-8a78-4fff"
"Casa en Venta en Revolucion","$ 2,350,000","164 m²","Revolucion, Boca del Río, Veracruz Llave","3","3","/detalle/41032-73-428b1c415f9c-cdfb-a883f903-9e1a-4fb2"
"Casa en Venta en Reforma","$ 4,200,000","315 m²","Reforma, Veracruz, Veracruz Llave","4","4","/detalle/41032-73-30a235624f26-fa85-94d7ffe5-a496-4f51"
"Casa en Venta en Lomas del Sol","$ 4,550","212 m²","Lomas del Sol, Alvarado, Veracruz Llave","2","2","/detalle/41032-73-d0112b8c947a-cb94-768e780e-9f29-461e"
"Casa en Venta en Villa Rica","$ 2,450,000","150 m²","Villa Rica, Boca del Río, Veracruz Llave","2","3","/detalle/41032-73-83e6f5b5478f-a916-3274f6b9-a67c-439f"
"Casa en Venta en Las Palmas","$ 15,500,000","500 m²","Las Palmas, Medellín, Veracruz Llave","4","4","/detalle/41032-73-6c0dad32e1b4-aec1-172ce354-8402-43df"
"Casa en Fraccionamiento en Venta en Lomas del Sol","$ 4,450,000","305 m²","Lomas del Sol, Alvarado, Veracruz Llave","5","4","/detalle/41032-73-60f52861ea22-21a0-f544ba02-bf8e-37c4"
"Casa en Venta en Playas de Conchal","$ 6,990,000","611 m²","Playas de Conchal, Alvarado, Veracruz Llave","4","4","/detalle/41032-73-d5199d449938-d6f4-d27dfcfe-aef5-49ca"
"Casa en Venta en Linda Vista","$ 3,490,000","280 m²","Linda Vista, Boca del Río, Veracruz Llave","3","3","/detalle/41032-73-16e8ae040c4a-c980-9eeb87e5-b651-42ff"
"Casa en Fraccionamiento en Venta en Villas Del Alvarado","$ 5,150,000","270 m²","Villas Del Alvarado, Alvarado, Veracruz Llave","4","3","/detalle/41032-73-54892823fee4-d8b-ae81d898-91c4-3312"
"Casa en Fraccionamiento en Venta en El Colorado","$ 3,875,000","232 m²","El Colorado, Coatzacoalcos, Veracruz Llave","3","3","/detalle/41032-73-3a3c1855580a-3765-5a1f6faa-b33d-384a"
"Casa en Venta en Club de Golf Villa Rica","$ 8,200,000","400 m²","Club de Golf Villa Rica, Alvarado, Veracruz Llave","3","4","/detalle/41032-73-c1f13eb9fe7d-ea9d-3bfe277a-9f22-4823"
"Casa en Fraccionamiento en Venta en Club de Golf Villa Rica","$ 13,000,000","461 m²","Club de Golf Villa Rica, Alvarado, Veracruz Llave","3","3","/detalle/41032-73-b1fd126b134b-a88d-19196d7-9785-7d11"
"Casa en Fraccionamiento en Venta en Boca Del Rio Centro","$ 3,975,000","2,111 m²","Boca Del Rio Centro, Boca del Río, Veracruz Llave","3","3","/detalle/41032-73-33b4052878b6-5192-19158cb-bcd4-715d"
"Casa en Fraccionamiento en Venta en El Morro las Colonias","$ 1,890,000","106 m²","El Morro las Colonias, Boca del Río, Veracruz Llave","2","2","/detalle/41032-73-cf9884fb8bf3-540e-1913aa0-84a1-704e"
"Casa en Venta en Villa Rica","$ 2,190,000","113 m²","Villa Rica, Boca del Río, Veracruz Llave","2","3","/detalle/41032-73-7730eb51aff4-6d98-ee8a443e-9e36-48cf"
"Casa en Fraccionamiento en Venta en Jardines de Virginia","$ 5,999,000","415 m²","Jardines de Virginia, Boca del Río, Veracruz Llave","4","3","/detalle/41032-73-c796aa480173-22f9-923114b0-b4fc-41c5"
"Casa en Fraccionamiento en Venta en Playas de Conchal","$ 12,250,000","452 m²","Playas de Conchal, Alvarado, Veracruz Llave","3","4","/detalle/41032-73-b75c6a79a8af-82bd-628a6740-8e1e-49d5"
"Casa en Venta en Paso de Ovejas Centro","$ 3,000,000","374 m²","Paso de Ovejas Centro, Paso de Ovejas, Veracruz Llave","3","2","/detalle/41032-73-52c3f3d42b24-e84b-4220730-8ec4-4b92"
"Casa en Fraccionamiento en Venta en Puente Nacional","$ 4,500,000","253 m²","Puente Nacional, Puente Nacional, Veracruz Llave","3","3","/detalle/41032-73-82d4235ae942-220a-197c8f1-844e-7895"
"Casa en Fraccionamiento en Venta en Las Vegas II","$ 1,890,000","164 m²","Las Vegas II, Boca del Río, Veracruz Llave","4","4","/detalle/41032-73-db231cab4e14-9616-196cbf5-9fc3-76b4"
"Casa en Fraccionamiento en Venta en Flores Del Valle","$ 2,400,000","136 m²","Flores Del Valle, Veracruz, Veracruz Llave","2","3","/detalle/41032-73-b3b07b99d5c3-df96-19567d8-8f37-7d0e"
"Casa en Venta en Rafael Diaz Serdan","$ 1,950,000","249 m²","Rafael Diaz Serdan, Veracruz, Veracruz Llave","4","3","/detalle/41032-73-b2609fdf29df-967b-19682b6-b85f-79e4"
"Casa en Venta en Salinas","$ 5,690,110","90 m²","Salinas, Alvarado, Veracruz Llave","2","1","/detalle/41032-73-55f0edb17f43-caf9-1926e9a-bb9a-7e1d"
"Casa en Fraccionamiento en Venta en Las Palmas","$ 3,390,000","140 m²","Las Palmas, Medellín, Veracruz Llave","3","3","/detalle/41032-73-8ff58f252072-4c29-1976b04-80bb-76ac"
"Casa en Fraccionamiento en Venta en Floresta","$ 3,500,000","300 m²","Floresta, Veracruz, Veracruz Llave","4","3","/detalle/41032-73-c2911bbb258a-5573-1914e0e-b9e9-7165"
"Casa en Venta en Las Lomas","$ 2,720,000","145 m²","Las Lomas, Alvarado, Veracruz Llave","2","3","/detalle/41032-73-a06c6cadadbd-b6d1-ede047da-8a51-41e3"
"Casa en Venta en Veracruz Centro","$ 3,600,000","290 m²","Veracruz Centro, Veracruz, Veracruz Llave","No disponible","9","/detalle/41032-73-f234ef674c75-5d77-196d053-a22b-7162"
"Casa en Fraccionamiento en Venta en Luis Echeverria Alvarez","$ 3,790,000","240 m²","Luis Echeverria Alvarez, Boca del Río, Veracruz Llave","3","3","/detalle/41032-73-610f74574237-d876-1963fc7-9a7d-759e"
"Casa en Fraccionamiento en Venta en Luis Echeverria Alvarez","$ 3,630,000","222 m²","Luis Echeverria Alvarez, Boca del Río, Veracruz Llave","3","3","/detalle/41032-73-585c7df92585-73fb-1963fb3-9a7d-759e"
"Casa en Fraccionamiento en Venta en Adalberto Tejeda","$ 2,700,000","150 m²","Adalberto Tejeda, Nautla, Veracruz Llave","2","3","/detalle/41032-73-8040c2090a30-8200-1961238-91fc-75a4"
"Casa en Fraccionamiento en Venta en Boca Del Rio","$ 5,650,000","230 m²","Boca Del Rio, Boca del Río, Veracruz Llave","5","4","/detalle/41032-73-177a69ce00e2-50c-195259c-a960-803d"
"Casa en Fraccionamiento en Venta en Valente Diaz","$ 1,501,500","93 m²","Valente Diaz, Veracruz, Veracruz Llave","2","3","/detalle/41032-73-f8c90f08404e-5551-3b29bdf3-a375-3499"
"Casa en Fraccionamiento en Venta en Galaxia","$ 7,600,000","340 m²","Galaxia, Boca del Río, Veracruz Llave","4","3","/detalle/41032-73-9f5f66ce6b8b-c5c9-19731dd-b371-7c04"
"Casa en Venta en Lomas Del Mar","$ 1,795,000","130 m²","Lomas Del Mar, Boca del Río, Veracruz Llave","2","3","/detalle/41032-73-ca29faf5c26b-e245-196f457-8caa-7d17"
"Casa en Venta en Veracruz Centro","$ 3,220,000","301 m²","Veracruz Centro, Veracruz, Veracruz Llave","1","6","/detalle/41032-73-fe1737d4d462-5ec6-197c8f1-a35d-77e0"
"Casa en Fraccionamiento en Venta en Las Palmas","$ 15,500,000","580 m²","Las Palmas, Medellín, Veracruz Llave","5","3","/detalle/41032-73-f7ac280579d3-10046-197c8f0-8e2b-749d"
"Casa en Venta en Puente Nacional","$ 3,950,000","220 m²","Puente Nacional, Puente Nacional, Veracruz Llave","4","3","/detalle/41032-73-c6e44dd07b78-4d51-197c8f1-98dc-7423"
"Casa en Fraccionamiento en Venta en Las Bajadas","$ 995,000","71 m²","Las Bajadas, Veracruz, Veracruz Llave","1","2","/detalle/41032-73-d80c828da22-6469-1971d67-bba8-78d4"
"Casa en Fraccionamiento en Venta en Las Bajadas","$ 1,557,000","72 m²","Las Bajadas, Veracruz, Veracruz Llave","1","3","/detalle/41032-73-4fb22768a72d-6777-191b9fa-a5c9-75a8"
"Casa en Fraccionamiento en Venta en Ejido Primero de Mayo Norte","$ 3,125,000","190 m²","Ejido Primero de Mayo Norte, Boca del Río, Veracruz Llave","3","3","/detalle/41032-73-d8ad6d0693d5-73ce-197ce96-9508-755c"
"Casa en Venta en Santa Fe","$ 2,800,000","135 m²","Santa Fe, Xalapa, Veracruz Llave","2","3","/detalle/41032-73-573def5a8ad-e9ea-1971d0b-bba8-78d4"
"Casa en Fraccionamiento en Venta en 2 Lomas","$ 1,250,000","67 m²","2 Lomas, Veracruz, Veracruz Llave","1","2","/detalle/41032-73-1b10afa38b8b-19a3-196df6a-8e10-77c1"
"Casa en Venta en Lomas Del Rio Medio","$ 1,290,000","152 m²","Lomas Del Rio Medio, Veracruz, Veracruz Llave","3","3","/detalle/41032-73-16b185da2fe8-e689-1948faa-9067-7386"
"Casa en Fraccionamiento en Venta en La Matosa","$ 5,500,000","215 m²","La Matosa, Alvarado, Veracruz Llave","4","3","/detalle/41032-73-dccafafb8bcd-186b-ed5f667b-822a-43b8"
"Casa en Fraccionamiento en Venta en Boca Del Rio","$ 3,950,000","230 m²","Boca Del Rio, Boca del Río, Veracruz Llave","2","3","/detalle/41032-73-ed5b4d3b8093-d964-8bc97eec-bf7a-4ed3"
"Casa en Venta en Jalapa Enríquez Centro","$ 2,900,000","156 m²","Jalapa Enríquez Centro, Xalapa, Veracruz Llave","2","2","/detalle/41032-73-38d977639de1-e5da-197e83c-8988-7970"
"Casa en Venta en Jardines de Las Ánimas","$ 5,050,000","280 m²","Jardines de Las Ánimas, Xalapa, Veracruz Llave","4","4","/detalle/41032-73-de0bd74a54c4-6837-197d344-9e3a-7c21"
"Casa en Fraccionamiento en Venta en Playas de Conchal","$ 5,550,000","268 m²","Playas de Conchal, Alvarado, Veracruz Llave","4","3","/detalle/41032-73-76a2a26bd102-6a00-e4e74d53-88b0-4ae8"
"Casa en Venta en Guadalupe Victoria","$ 2,900,000","156 m²","Guadalupe Victoria, Perote, Veracruz Llave","2","2","/detalle/41032-73-bc5a7a2b9237-fe9d-237f71c-beb5-308d"
"Casa en Venta en Veracruz Centro","$ 5,350,000","200 m²","Veracruz Centro, Veracruz, Veracruz Llave","No disponible","No disponible","/detalle/41032-73-e8d09a646acc-f2da-f5bd8ade-a0b2-4953"
"Casa en Fraccionamiento en Venta en Jardines de Virginia","$ 4,500,000","450 m²","Jardines de Virginia, Boca del Río, Veracruz Llave","4","3","/detalle/41032-73-aa436e36eac3-c793-194a9fc-80ce-78cb"
"Casa en Fraccionamiento en Venta en Las Bajadas","$ 2,600,000","111 m²","Las Bajadas, Veracruz, Veracruz Llave","1","2","/detalle/41032-73-3d37b63dc91a-8992-191b99a-a5c9-75a8"
"Casa en Venta en Veracruz Centro","$ 3,220,000","301 m²","Veracruz Centro, Veracruz, Veracruz Llave","1","6","/detalle/41032-73-eafdb5a77640-fe8b-bdf2f5c2-a212-350d"
"Casa en Fraccionamiento en Venta en 2 Lomas","$ 1,500,000","89 m²","2 Lomas, Veracruz, Veracruz Llave","1","2","/detalle/41032-73-f9aaea18323f-f0d3-196d0d4-a22b-7162"
"Casa en Venta en Alvarado Centro","$ 4,980,000","225 m²","Alvarado Centro, Alvarado, Veracruz Llave","3","2","/detalle/41032-73-a56453151796-4b89-197d344-813f-7ada"
"Casa en Venta en Espinal","$ 2,500,000","683 m²","Espinal, Espinal, Veracruz Llave","No disponible","No disponible","/detalle/41032-73-901b1b593e83-c763-f2b5e4ac-bf74-3e5e"
"Casa en Venta en Las Granjas","$ 1,350,000","No disponible","Las Granjas, Ursulo Galván, Veracruz Llave","3","2","/detalle/41032-73-313a67d97c4e-f242-b98b32cd-9472-386f"
"Casa en Venta en Rubí Ánimas","$ 4,290,000","326 m²","Rubí Ánimas, Xalapa, Veracruz Llave","3","3","/detalle/41032-73-83a69323acc-6bb6-196b821-9c3b-722c"
"Casa en Venta en Rubí Ánimas","$ 3,550,000","235 m²","Rubí Ánimas, Xalapa, Veracruz Llave","2","3","/detalle/41032-73-ee6142c56a89-2738-197b966-8fcf-731a"
"Casa en Venta en Ánimas Marqueza","$ 3,750,000","240 m²","Ánimas Marqueza, Xalapa, Veracruz Llave","3","3","/detalle/41032-73-c2da71f91aa6-a6ac-196d1c8-9bf2-7aaa"
"Casa en Venta en Rubí Ánimas","$ 3,300,000","189 m²","Rubí Ánimas, Xalapa, Veracruz Llave","4","3","/detalle/41032-73-c657c281d4e1-8df1-196a8b2-aaae-796b"
"Casa en Venta en Centro Sct Veracruz","$ 4,900,000","275 m²","Centro Sct Veracruz, Xalapa, Veracruz Llave","3","3","/detalle/41032-73-392326a8497d-ec53-196a8b2-b9d9-71d4"
"Casa en Venta en Emiliano Zapata","$ 1,890,000","118 m²","Emiliano Zapata, Xalapa, Veracruz Llave","2","2","/detalle/41032-73-ff0ebe5bb234-193c-196a8b2-bcca-7d31"
"Casa en Venta en La Gachupina","$ 2,850,000","250 m²","La Gachupina, Coatepec, Veracruz Llave","3","3","/detalle/41032-73-f7c91b6df753-7655-1971efc-a221-7781"
"Casa en Venta en Centro Sct Veracruz","$ 5,600,000","289 m²","Centro Sct Veracruz, Xalapa, Veracruz Llave","3","3","/detalle/41032-73-38c136c401d6-5a4e-196a8b2-9a7d-7488"
"Casa en Venta en Centro Sct Veracruz","$ 5,100,000","320 m²","Centro Sct Veracruz, Xalapa, Veracruz Llave","3","3","/detalle/41032-73-21a253c085b7-347-196a8b2-bfe9-786f"
"Casa en Fraccionamiento en Venta en Asociación Civil","$ 9,700,000","447 m²","Asociación Civil, Veracruz, Veracruz Llave","4","3","/detalle/41032-73-79cd94ada6fb-eb20-f02ed79a-99b9-398e"
"Casa en Venta en Nueva Era","$ 2,200,000","288 m²","Nueva Era, Boca del Río, Veracruz Llave","4","4","/detalle/41032-73-759c2c14db30-1250-112a7165-be24-4fd3"
"Casa en Venta en Jardines de Las Ánimas","$ 3,700,000","250 m²","Jardines de Las Ánimas, Xalapa, Veracruz Llave","4","3","/detalle/41032-73-292867a97c27-5df-196a8b3-ae49-7a25"
"Casa en Venta en Residencial Monte Magno","$ 4,850,000","370 m²","Residencial Monte Magno, Xalapa, Veracruz Llave","5","4","/detalle/41032-73-fceb3592da8e-e501-196a8b2-820b-741b"
"Casa en Venta en Lomas del Tejar","$ 4,500,000","315 m²","Lomas del Tejar, Xalapa, Veracruz Llave","3","3","/detalle/41032-73-e71f963570b1-b03b-196a8b2-af8b-77f0"
"Casa en Venta en Agrícola","$ 3,380,000","190 m²","Agrícola, Xalapa, Veracruz Llave","2","3","/detalle/41032-73-73d845734ac-6096-196a8b2-877d-728b"
"Casa en Venta en San Pablo Coapan","$ 4,950,000","170 m²","San Pablo Coapan, Naolinco, Veracruz Llave","2","1","/detalle/41032-73-f49819bda97b-35a3-196a8b2-b324-7722"
"Casa en Venta en Jardines de Las Ánimas","$ 4,200,000","260 m²","Jardines de Las Ánimas, Xalapa, Veracruz Llave","3","3","/detalle/41032-73-fd4dd561bb29-200b-196fd8e-a3e6-7ddf"
"Casa en Fraccionamiento en Venta en El Conchal","$ 12,000,000","450 m²","El Conchal, Alvarado, Veracruz Llave","4","3","/detalle/41032-73-5bae052c1c13-a943-a6cb2fbb-9e75-4aa8"
"Casa en Venta en Las Palmas","$ 1,265,000","62 m²","Las Palmas, Veracruz, Veracruz Llave","1","2","/detalle/41032-73-845f272939a5-57e0-196fecb-b453-7af3"
"Casa en Venta en Jalapa Enríquez Centro","$ 2,600,000","192 m²","Jalapa Enríquez Centro, Xalapa, Veracruz Llave","3","5","/detalle/41032-73-e0a8c57052f0-d67e-196a8b2-adf5-7b4f"
"Casa en Venta en Arboledas","$ 1,200,000","76 m²","Arboledas, Veracruz, Veracruz Llave","2","2","/detalle/41032-73-efa07fcc5b1e-40ab-195bac4-a58f-76b1"
"Casa en Venta en Floresta","$ 3,500,000","259 m²","Floresta, Veracruz, Veracruz Llave","3","4","/detalle/41032-73-9191faee8efb-b7b-1947116-9318-7e1a"
"Casa en Venta en Jardines de Virginia","$ 9,400,000","336 m²","Jardines de Virginia, Boca del Río, Veracruz Llave","5","4","/detalle/41032-73-319c3d94623-901e-192a14c-ae5b-7494"
"Casa en Venta en El Coyol","$ 1,700,000","90 m²","El Coyol, Veracruz, Veracruz Llave","2","3","/detalle/41032-73-1d6574cac1eb-e019-1914202-b9c0-7afb"
"Casa en Venta en La Nueva Victoria","$ 11,700,000","332 m²","La Nueva Victoria, San Andrés Tuxtla, Veracruz Llave","4","4","/detalle/41032-73-23f185c87b35-d006-cfa81ae0-8578-4f3f"
"Casa en Venta en Las Palmas","$ 5,500,000","300 m²","Las Palmas, Medellín, Veracruz Llave","2","2","/detalle/41032-73-b30608fc4953-da8-53299804-b526-501f"
"Casa en Venta en Fernando Lopez Arias","$ 2,450,000","201 m²","Fernando Lopez Arias, Veracruz, Veracruz Llave","2","3","/detalle/41032-73-7b4557ff11cd-4965-196d4a4-9af1-7f80"
"Casa en Venta en Coapexpan","$ 8,350,000","390 m²","Coapexpan, Xalapa, Veracruz Llave","4","4","/detalle/41032-73-8596c04fa665-da17-196a8b1-ac78-73c6"
"Casa en Venta en El Estero","$ 14,500,000","442 m²","El Estero, Boca del Río, Veracruz Llave","6","3","/detalle/41032-73-dd013ec81775-9179-19529f0-b646-7270"
"Casa en Venta en Jardines de Virginia","$ 5,850,000","332 m²","Jardines de Virginia, Boca del Río, Veracruz Llave","3","3","/detalle/41032-73-ab7aa62d1693-6e0d-1912ea6-9b2c-7159"
"Casa en Venta en Ciudad de Veracruz","$ 1,500,000","124 m²","Ciudad de Veracruz, Veracruz, Veracruz Llave","2","3","/detalle/41032-73-778c0313f317-62db-197b2fa-9d12-7507"
"Casa en Venta en San Jose Novillero","$ 2,000,000","136 m²","San Jose Novillero, Boca del Río, Veracruz Llave","2","3","/detalle/41032-73-f1d38956e7c8-bcdb-190a875-a8cc-77be"
"Casa en Venta en Palma Real","$ 1,350,000","106 m²","Palma Real, Veracruz, Veracruz Llave","3","4","/detalle/41032-73-ee1bfb650c60-11a5-1949549-be83-7342"
"Casa en Venta en Del Bosque","$ 2,950,000","209 m²","Del Bosque, José Azueta, Veracruz Llave","3","3","/detalle/41032-73-91005637b25e-f53b-193d173-be2a-7f2b"
"Casa en Fraccionamiento en Venta en Las Palmas","$ 5,200","292 m²","Las Palmas, Medellín, Veracruz Llave","3","3","/detalle/41032-73-e01da20df30e-163c-191e25c-a952-7055"
"Casa en Venta en Chalchihuecan","$ 1,150,000","220 m²","Chalchihuecan, Veracruz, Veracruz Llave","1","No disponible","/detalle/41032-73-48725609de51-a0f5-9dddc5a1-b4c0-3d2e"
"Casa en Fraccionamiento en Venta en Villas Del Alvarado","$ 16,500,000","620 m²","Villas Del Alvarado, Alvarado, Veracruz Llave","2","3","/detalle/41032-73-30bb607fc749-3811-94b4681f-9341-3e96"
"Casa en Venta en Playas de Conchal","$ 29,000,000","730 m²","Playas de Conchal, Alvarado, Veracruz Llave","4","4","/detalle/41032-73-67d75cc8f9ad-1249-197e62a-a707-77c7"
"Casa en Venta en Ejido Primero de Mayo Norte","$ 3,125,000","190 m²","Ejido Primero de Mayo Norte, Boca del Río, Veracruz Llave","3","3","/detalle/41032-73-d8eb11df8f3e-a438-197b2e1-a592-7753"
"Casa en Venta en Las Brisas","$ 1,350,000","164 m²","Las Brisas, Veracruz, Veracruz Llave","1","3","/detalle/41032-73-f7168967a87f-6b93-196f97b-bac0-7492"
"Casa en Venta en Mata de Pita","$ 1,405,000","105 m²","Mata de Pita, Veracruz, Veracruz Llave","2","3","/detalle/41032-73-ec7f8ef51038-4ce9-195e606-a333-76ae"
"Casa en Venta en El Colorado","$ 3,500,000","270 m²","El Colorado, Coatzacoalcos, Veracruz Llave","No disponible","4","/detalle/41032-73-5a9427f5e6a9-c336-b6131d42-92f6-381b"
"Quinta / Hacienda en Venta en Floresta","$ 8,000,000","2,266 m²","Floresta, Veracruz, Veracruz Llave","3","2","/detalle/41032-73-130b4d6ead9a-2c46-69cc88ee-b3f8-475e"
"Casa en Venta en Benito Juárez","$ 4,775,000","300 m²","Benito Juárez, Xalapa, Veracruz Llave","3","5","/detalle/41032-73-51f52467f87-c35d-197e836-8c06-7cb3"
"Casa en Venta en Rubí Ánimas","$ 4,290,000","280 m²","Rubí Ánimas, Xalapa, Veracruz Llave","4","3","/detalle/41032-73-e5ee5fe059d7-3adc-1979061-b428-73ca"
"Casa en Venta en La Tampiquera","$ 2,500,000","150 m²","La Tampiquera, Boca del Río, Veracruz Llave","2","3","/detalle/41032-73-76bead060aa8-6841-19789e6-965e-704e"
"Casa en Venta en Rubí Ánimas","$ 5,050,000","313 m²","Rubí Ánimas, Xalapa, Veracruz Llave","4","4","/detalle/41032-73-a6ca160f085a-e378-1964172-a720-79fb"
"Casa en Venta en Tres Pasos","$ 5,150,000","453 m²","Tres Pasos, Emiliano Zapata, Veracruz Llave","5","5","/detalle/41032-73-cb03e5b37c99-153b-1963783-823f-77cd"
"Casa en Venta en Puente Nacional","$ 2,980,000","300 m²","Puente Nacional, Puente Nacional, Veracruz Llave","3","3","/detalle/41032-73-c00e73343292-3d0b-194722e-943f-7902"
"Casa en Venta en Centro Sct Veracruz","$ 4,850,000","350 m²","Centro Sct Veracruz, Xalapa, Veracruz Llave","5","4","/detalle/41032-73-6ccf2c38f4f-1ac7-194722e-862f-76ba"
"Casa en Venta en Nogales Centro","$ 6,500","50 m²","Nogales Centro, Nogales, Veracruz Llave","1","1","/detalle/41032-73-f16de32786d9-b98d-759b3999-a171-40ff"
"Casa en Venta en La Nueva Victoria","$ 6,500,000","No disponible","La Nueva Victoria, San Andrés Tuxtla, Veracruz Llave","3","3","/detalle/41032-73-72a8e433fe6d-1af5-47c78a67-a5b9-4b3f"
"Casa en Venta en Campestre","$ 2,380,000","145 m²","Campestre, Xalapa, Veracruz Llave","3","4","/detalle/41032-73-ecee33d3e1e8-bd43-196adea-8ad8-7334"
"Casa en Venta en El Mirador","$ 3,250,000","242 m²","El Mirador, Coatepec, Veracruz Llave","4","4","/detalle/41032-73-b1aba714b3df-4743-1979061-8bd4-7381"
"Casa en Venta en Rubí Ánimas","$ 5,400,000","340 m²","Rubí Ánimas, Xalapa, Veracruz Llave","4","4","/detalle/41032-73-cef4f7014f7b-abb-1974d43-ab70-7dd7"
"Casa en Venta en Coapexpan","$ 13,500,000","800 m²","Coapexpan, Xalapa, Veracruz Llave","7","5","/detalle/41032-73-70c459d23666-8fcd-19733aa-9c15-7381"
"Casa en Venta en Jardines de Las Ánimas","$ 5,150,000","260 m²","Jardines de Las Ánimas, Xalapa, Veracruz Llave","2","3","/detalle/41032-73-885e78105024-e9c0-19733a9-ac11-781a"
"Casa en Venta en Jardines de Las Ánimas","$ 2,550,000","130 m²","Jardines de Las Ánimas, Xalapa, Veracruz Llave","2","2","/detalle/41032-73-87fdae86ce02-ca74-197e836-a397-717e"
"Casa en Venta en Centro Sct Veracruz","$ 2,900,000","200 m²","Centro Sct Veracruz, Xalapa, Veracruz Llave","2","3","/detalle/41032-73-68a504f52bc5-6a26-19733aa-ba17-7bf0"
"Quinta / Hacienda en Venta en Jilotepec","$ 10,000,000","850 m²","Jilotepec, Jilotepec, Veracruz Llave","No disponible","No disponible","/detalle/41032-73-b3d9700ba2b9-eb64-1964172-978c-7c65"
"Casa en Venta en Tres Pasos","$ 3,390,000","262 m²","Tres Pasos, Emiliano Zapata, Veracruz Llave","2","3","/detalle/41032-73-1d18cb1b54bb-2808-194722e-9799-7388"
"Casa en Venta en Otilpan","$ 4,500,000","160 m²","Otilpan, Tlalnelhuayocan, Veracruz Llave","3","3","/detalle/41032-73-84ab3bae0214-5a71-19733aa-abfd-70c1"
"Casa en Venta en Rafael Lucio","$ 2,400,000","213 m²","Rafael Lucio, Xalapa, Veracruz Llave","2","3","/detalle/41032-73-963bb2f78119-310a-19733aa-aaa3-7eab"
"Casa en Venta en Emiliano Zapata","$ 6,500,000","450 m²","Emiliano Zapata, Xalapa, Veracruz Llave","3","3","/detalle/41032-73-21fd6b53929e-219d-19733aa-a616-7219"
"Casa en Venta en Playa de Oro","$ 13,000","No disponible","Playa de Oro, Boca del Río, Veracruz Llave","1","2","/detalle/41032-73-10e419806342-97aa-19731a7-8fb4-7af5"
"Casa en Venta en Floresta","$ 3,300,000","245 m²","Floresta, Veracruz, Veracruz Llave","3","3","/detalle/41032-73-333da3f3c44f-ac0b-193dd5a-823c-78a1"
"Casa en Venta en Jardines de Las Ánimas","$ 7,500,000","530 m²","Jardines de Las Ánimas, Xalapa, Veracruz Llave","5","4","/detalle/41032-73-aca2dfd8d65-c879-197ed25-bf53-7d7e"
"Casa en Venta en 22 de Septiembre","$ 3,600,000","270 m²","22 de Septiembre, Coatepec, Veracruz Llave","3","3","/detalle/41032-73-3b2cf46443f2-e1e1-19733a9-8647-711a"
"Casa en Venta en La Orduña","$ 1,895,000","105 m²","La Orduña, Coatepec, Veracruz Llave","2","2","/detalle/41032-73-5f11c808372d-c67e-195b66f-a067-7ddf"
"Casa en Venta en Coatepec Centro","$ 8,400,000","328 m²","Coatepec Centro, Coatepec, Veracruz Llave","3","3","/detalle/41032-73-185f19af3d5a-81ad-196b2e6-bee4-712f"
"Casa en Venta en Jardines de Las Ánimas","$ 5,078,000","330 m²","Jardines de Las Ánimas, Xalapa, Veracruz Llave","4","4","/detalle/41032-73-887c1809f154-7339-1961379-ae3d-7174"
"Casa en Venta en Otilpan","$ 2,850,000","No disponible","Otilpan, Tlalnelhuayocan, Veracruz Llave","2","4","/detalle/41032-73-422a39e3439-68ce-1958d93-87ef-7141"
"Casa en Venta en Tres Pasos","$ 5,150,000","453 m²","Tres Pasos, Emiliano Zapata, Veracruz Llave","5","5","/detalle/41032-73-1510772cbe6f-d741-197e836-a9d9-7872"
"Casa en Venta en Lomas Verdes","$ 2,100,000","145 m²","Lomas Verdes, Xalapa, Veracruz Llave","3","3","/detalle/41032-73-96a49a37fc11-8a78-197c405-8e3c-7f71"
"Casa en Venta en Paso Del Toro","$ 4,300,000","294 m²","Paso Del Toro, Xalapa, Veracruz Llave","3","3","/detalle/41032-73-5a08eb2478e6-e693-1974d42-a057-7773"
"Casa en Venta en Coapexpan","$ 8,375,000","730 m²","Coapexpan, Xalapa, Veracruz Llave","4","4","/detalle/41032-73-62cdb9640f0a-9d5a-19733aa-a835-7183"
"Casa en Venta en Campo Viejo","$ 2,540,000","174 m²","Campo Viejo, Coatepec, Veracruz Llave","3","3","/detalle/41032-73-af25fc42da-42b2-1960723-90c8-75a0"
"Casa en Venta en Coapexpan","$ 7,500,000","500 m²","Coapexpan, Xalapa, Veracruz Llave","6","5","/detalle/41032-73-a0ff4b41f559-a41c-1958d93-bc75-7f51"
"Casa en Venta en Aguacatal","$ 2,200,000","150 m²","Aguacatal, Xalapa, Veracruz Llave","3","3","/detalle/41032-73-1a4710c1f6c8-c0ae-194102f-8586-7f54"
"Casa en Venta en Xana","$ 1,733,000","95 m²","Xana, Veracruz, Veracruz Llave","2","3","/detalle/41032-73-86cf48b06e4-3170-193335b-a565-73cc"
"Casa en Venta en Casas Tamsa","$ 3,700,000","220 m²","Casas Tamsa, Boca del Río, Veracruz Llave","3","3","/detalle/41032-73-e1db05f286d4-7d3a-193dd5e-a08b-7888"
"Casa en Venta en Centro Sct Veracruz","$ 4,200,000","260 m²","Centro Sct Veracruz, Xalapa, Veracruz Llave","3","3","/detalle/41032-73-69a3ab9945ce-e6d9-1979060-ab1c-7246"
"Casa en Venta en Campo Viejo","$ 2,000,000","110 m²","Campo Viejo, Coatepec, Veracruz Llave","2","2","/detalle/41032-73-3022629976d8-4c8c-19733aa-bad1-725c"
"Casa en Venta en Coapexpan","$ 2,770,000","560 m²","Coapexpan, Xalapa, Veracruz Llave","2","4","/detalle/41032-73-e6675862679-afee-196b2e6-bf4a-7505"
"Casa en Venta en La Orduña","$ 4,500,000","240 m²","La Orduña, Coatepec, Veracruz Llave","4","3","/detalle/41032-73-12e3c55a4750-c5ca-196adea-837f-7e63"
"Casa en Condominio en Venta en Veracruz","$ 1,000,000","No disponible","Veracruz, Xalapa, Veracruz Llave","4","8","/detalle/41032-73-4b99d94e5d05-d0ec-197e836-8947-7ef2"
"Casa en Venta en Campo Viejo","$ 2,420,000","180 m²","Campo Viejo, Coatepec, Veracruz Llave","3","3","/detalle/41032-73-fb4f8185f565-cebf-195b66f-9a16-7dfa"
"Casa en Venta en Banderilla Centro","$ 3,500,000","No disponible","Banderilla Centro, Banderilla, Veracruz Llave","2","3","/detalle/41032-73-ae865398f6dd-d8bb-196b2e6-8d51-7932"
"Casa en Venta en Benito Juárez","$ 2,830,000","157 m²","Benito Juárez, Xalapa, Veracruz Llave","2","3","/detalle/41032-73-327d4f88516e-ec25-197e836-bba3-7554"
"Casa en Venta en Obrero Campesina","$ 3,000,000","273 m²","Obrero Campesina, Xalapa, Veracruz Llave","No disponible","No disponible","/detalle/41032-73-20f200e9a781-2d5b-1979061-ab59-73e6"
"Casa en Venta en Jalapa Enríquez Centro","$ 8,400,000","396 m²","Jalapa Enríquez Centro, Xalapa, Veracruz Llave","No disponible","4","/detalle/41032-73-28cf5fb12935-363-1974d43-b6ee-7717"
"Casa en Venta en Linda Vista","$ 2,650,000","172 m²","Linda Vista, Boca del Río, Veracruz Llave","2","3","/detalle/41032-73-3ce91046e2a2-6083-1971a71-b663-7e50"
"Casa en Venta en Tampico Alto Centro","$ 7,150,000","449 m²","Tampico Alto Centro, Tampico Alto, Veracruz Llave","5","4","/detalle/41032-73-267c71367ec1-7976-19426d0-87b2-70d5"
"Casa en Venta en Pedregal de las Animas","$ 4,600,000","245 m²","Pedregal de las Animas, Xalapa, Veracruz Llave","3","3","/detalle/41032-73-c3abfa30e628-8f6c-1945ffb-afc7-7b69"
"Casa en Venta en Campestre","$ 10,134,000","655 m²","Campestre, Tlapacoyan, Veracruz Llave","2","5","/detalle/41032-73-244c8f375f7a-1d46-1910e43-af0c-744a"
"Casa en Venta en Playas de Conchal","$ 6,850,000","330 m²","Playas de Conchal, Alvarado, Veracruz Llave","4","3","/detalle/41032-73-7be1f9eae62b-b076-1954aea-9308-72e8"
"Casa en Fraccionamiento en Venta en Chalma","$ 980,000","78 m²","Chalma, Chalma, Veracruz Llave","1","2","/detalle/41032-73-2958dcacd09f-a220-ba64c0aa-b7f1-34fd"
"Casa en Venta en 22 de Septiembre","$ 2,100,000","178 m²","22 de Septiembre, Coatepec, Veracruz Llave","2","3","/detalle/41032-73-38514da84f19-8e8a-196b2dd-9c3d-785f"
"Casa en Fraccionamiento en Venta en Chalma","$ 750,000","67 m²","Chalma, Veracruz Llave","1","2","/detalle/41032-73-c82fe5015c5f-a78f-32e99db3-b150-3763"
"Casa en Venta en Coatepec Centro","$ 2,250,000","127 m²","Coatepec Centro, Coatepec, Veracruz Llave","3","3","/detalle/41032-73-9584d018602e-5999-1950752-828a-76bf"
"Casa en Fraccionamiento en Venta en Chalma","$ 1,250,000","94 m²","Chalma, Veracruz Llave","2","3","/detalle/41032-73-1b70e5dda645-cb20-de8891ed-ae3b-3eba"
"Casa en Fraccionamiento en Venta en Chalma","$ 1,450,000","111 m²","Chalma, Veracruz Llave","3","4","/detalle/41032-73-a9fefbe96ddc-37ab-85165337-8b4c-3273"
"Casa en Venta en Ciudad Cuauhtémoc","$ 6,700,000","600 m²","Ciudad Cuauhtémoc, Pueblo Viejo, Veracruz Llave","4","5","/detalle/41032-73-c3a1d780e031-f9bd-19569e7-b277-78db"
"Casa en Venta en Puente Moreno","$ 800,300","63 m²","Puente Moreno, Medellín, Veracruz Llave","1","2","/detalle/41032-73-4de6724d807b-f612-195299e-8bd8-7aed"
"Casa en Venta en Emiliano Zapata","$ 16,500,000","37,751 m²","Emiliano Zapata, Xalapa, Veracruz Llave","1","4","/detalle/41032-73-b822b0288ee7-64d9-196adf3-aee1-72e2"
"Casa en Venta en Colinas de Santa Fe","$ 749,000","60 m²","Colinas de Santa Fe, Veracruz, Veracruz Llave","1","2","/detalle/41032-73-ea795923c8e5-cad2-195912a-ae2d-7386"
"Casa en Venta en Valente Diaz","$ 1,501,500","95 m²","Valente Diaz, Veracruz, Veracruz Llave","3","3","/detalle/41032-73-a358f7ab9e8d-51b8-195055f-b7c9-74a8"
"Casa en Venta en Mexico","$ 750,000","60 m²","Mexico, Veracruz, Veracruz Llave","1","2","/detalle/41032-73-9f474cd9ebfd-4a39-195003a-b85a-73ee"
"Casa en Venta en Mata de Pita","$ 1,614,000","77 m²","Mata de Pita, Veracruz, Veracruz Llave","2","3","/detalle/41032-73-93930064f6e5-9ffd-196413f-af07-7e1a"
"Casa en Venta en Mata de Pita","$ 1,891,000","95 m²","Mata de Pita, Veracruz, Veracruz Llave","2","3","/detalle/41032-73-815d11e1f3d6-ce23-19640ff-af07-7e1a"
"Casa en Venta en Valente Diaz","$ 1,081,500","82 m²","Valente Diaz, Veracruz, Veracruz Llave","3","3","/detalle/41032-73-57334b4040e5-90e5-195f3ac-80c6-7388"
"Casa en Venta en Reserva Tarimoya I","$ 3,000,000","278 m²","Reserva Tarimoya I, Veracruz, Veracruz Llave","3","4","/detalle/41032-73-38b12509e414-9f2f-195cf79-b783-7e28"
"Casa en Venta en Paso de La Milpa","$ 1,300,000","120 m²","Paso de La Milpa, Actopan, Veracruz Llave","2","3","/detalle/41032-73-3a88b326d5dd-22d8-195003a-97da-7135"
"Casa en Venta en Alvarado Centro","$ 13,200,000","500 m²","Alvarado Centro, Alvarado, Veracruz Llave","6","4","/detalle/41032-73-5c34f27fcdb6-4bb1-1975be7-aa00-7d17"
"Casa en Venta en Adolfo Lopez Mateos","$ 2,450,000","201 m²","Adolfo Lopez Mateos, Veracruz, Veracruz Llave","2","3","/detalle/41032-73-4d6a0fbf18d9-581f-196d54f-a629-76aa"
"Casa en Venta en Lomas Del Mar","$ 3,900,000","180 m²","Lomas Del Mar, Boca del Río, Veracruz Llave","4","3","/detalle/41032-73-f312da55942f-ec63-196d012-b901-76c8"
"Casa en Venta en Álvaro Obregón","$ 2,495,000","130 m²","Álvaro Obregón, Río Blanco, Veracruz Llave","2","3","/detalle/41032-73-813b183b3d06-ff62-1962681-8182-748a"
"Casa en Venta en Orizaba Centro","$ 2,950,000","294 m²","Orizaba Centro, Orizaba, Veracruz Llave","2","3","/detalle/41032-73-7faf60ab007a-97cb-196267a-8182-748a"
"Casa en Venta en La Nueva Victoria","$ 17,000,000","776 m²","La Nueva Victoria, San Andrés Tuxtla, Veracruz Llave","6","4","/detalle/41032-73-6e7f197c045e-dce4-1961bd4-b50c-7e28"
"Casa en Venta en Floresta","$ 3,500,000","259 m²","Floresta, Veracruz, Veracruz Llave","3","4","/detalle/41032-73-6a47b76ec300-cd23-1960381-a6d2-77c3"
"Casa en Venta en Aquiles Serdán","$ 3,000,000","240 m²","Aquiles Serdán, Nogales, Veracruz Llave","3","3","/detalle/41032-73-5a9606ba32cd-989-1960314-a6d2-77c3"
"Casa en Venta en Playa Linda","$ 1,850,000","100 m²","Playa Linda, Veracruz, Veracruz Llave","1","4","/detalle/41032-73-c85c114bd10d-48aa-194e67a-a062-7d71"
"Casa en Venta en Valente Diaz","$ 1,099,000","120 m²","Valente Diaz, Veracruz, Veracruz Llave","2","2","/detalle/41032-73-ab5349213401-ee70-1938d6f-af83-7218"
"Casa en Venta en Las Palmas","$ 1,265,000","62 m²","Las Palmas, Veracruz, Veracruz Llave","1","2","/detalle/41032-73-9037ad6baf86-5546-196fee2-b31f-726f"
"Casa en Venta en Barrio Nuevo","$ 4,150,000","138 m²","Barrio Nuevo, Orizaba, Veracruz Llave","2","3","/detalle/41032-73-354c5b10844e-7c0f-196e9c2-a7e5-7e25"
"Casa en Venta en Ixhuatlán de Madero","$ 4,125,000","188 m²","Ixhuatlán de Madero, Veracruz Llave","4","3","/detalle/41032-73-5d521ad19d94-5f2-196ac3b-82c1-7383"
"Casa en Venta en Villa Verde","$ 2,200,000","170 m²","Villa Verde, Córdoba, Veracruz Llave","3","4","/detalle/41032-73-731696d2500c-8e6a-1962660-8182-748a"
"Casa en Venta en Los Torrentes","$ 720,000","51 m²","Los Torrentes, Veracruz, Veracruz Llave","1","2","/detalle/41032-73-509a8c88785a-8bde-1953eb2-b8c7-79e5"
"Casa en Venta en Quintas Al Andalus","$ 1,880,000","130 m²","Quintas Al Andalus, Boca del Río, Veracruz Llave","2","4","/detalle/41032-73-9e910d2293de-b823-cc0471bf-bab9-36d8"
"Casa en Venta en Las Brisas","$ 1,350,000","164 m²","Las Brisas, Veracruz, Veracruz Llave","3","4","/detalle/41032-73-c46f855b5244-1f53-196f937-8b8c-803d"
"Casa en Venta en Valente Diaz","$ 1,008,000","73 m²","Valente Diaz, Veracruz, Veracruz Llave","1","3","/detalle/41032-73-4da9d72b5c02-63d9-195f31d-80c6-7388"
"Casa en Fraccionamiento en Venta en Playas de Conchal","$ 6,235,000","292 m²","Playas de Conchal, Alvarado, Veracruz Llave","5","5","/detalle/41032-73-1f4e01552b7e-960c-ee67ad02-87a0-4cd2"
"Casa en Venta en Laguna Real","$ 980,000","65 m²","Laguna Real, Veracruz, Veracruz Llave","1","2","/detalle/41032-73-2b8d250c3526-cf65-19758cf-a3c0-7160"
"Casa en Venta en Puente Moreno","$ 898,100","63 m²","Puente Moreno, Medellín, Veracruz Llave","1","2","/detalle/41032-73-5d483882470f-c975-19636d3-a96f-726b"
"Casa en Venta en Dorado Real","$ 1,150,000","90 m²","Dorado Real, Veracruz, Veracruz Llave","1","3","/detalle/41032-73-958cbc5a8447-87d0-190745c-998d-7a7a"
"Casa en Venta en Las Palmas","$ 4,200,000","210 m²","Las Palmas, Medellín, Veracruz Llave","2","3","/detalle/41032-73-1e9b7ec9eb44-7b62-197fab7-a2c6-73e9"
"Casa en Venta en Orizaba Centro","$ 4,400,000","300 m²","Orizaba Centro, Orizaba, Veracruz Llave","3","3","/detalle/41032-73-5009323bb896-3424-1960309-a6d2-77c3"
"Casa en Venta en Valente Diaz","$ 733,950","43 m²","Valente Diaz, Veracruz, Veracruz Llave","1","2","/detalle/41032-73-a7d69bb8f277-48a3-195ed37-a87b-7af2"
"Casa en Venta en Los Torrentes","$ 599,800","44 m²","Los Torrentes, Veracruz, Veracruz Llave","1","2","/detalle/41032-73-ef7c20e6b88a-9dd9-19548fa-99b2-7d0f"
"Casa en Venta en Fortín de las Flores Centro","$ 2,989,000","203 m²","Fortín de las Flores Centro, Fortín, Veracruz Llave","2","3","/detalle/41032-73-657e8db0a789-d0b5-1962646-8182-748a"
"Casa en Venta en Ixhuatlán de Madero","$ 4,490,000","268 m²","Ixhuatlán de Madero, Veracruz Llave","No disponible","3","/detalle/41032-73-a97370ac550f-7acb-1961793-96aa-7d15"
"Casa en Venta en Rincon Del Conchal","$ 7,117,411","267 m²","Rincon Del Conchal, Alvarado, Veracruz Llave","4","3","/detalle/41032-73-574ba00eae2c-fe21-19604ba-a6d3-77c3"
"Casa en Venta en Costa de Oro 1a Secc","$ 5,990,000","240 m²","Costa de Oro 1a Secc, Boca del Río, Veracruz Llave","3","3","/detalle/41032-73-33f50149f20b-18ec-197faae-98dc-72ad"
"Casa en Venta en Las Palmas","$ 6,800,000","350 m²","Las Palmas, Medellín, Veracruz Llave","4","4","/detalle/41032-73-693eb938eb11-4cc3-197c210-abab-7634"
"Casa en Venta en Ciudad de Veracruz","$ 1,500,000","91 m²","Ciudad de Veracruz, Veracruz, Veracruz Llave","2","3","/detalle/41032-73-99b927acffec-5490-197f08e-9c3e-7f11"
"Casa en Venta en La Tampiquera","$ 2,500,000","150 m²","La Tampiquera, Boca del Río, Veracruz Llave","2","3","/detalle/41032-73-9871ea196f92-9ad1-19789f8-a374-715d"
"Casa en Venta en Camino Real","$ 4,500,000","302 m²","Camino Real, Boca del Río, Veracruz Llave","4","4","/detalle/41032-73-a9b0e45b69fd-6dfa-1937de3-93fc-78d3"
"Casa en Venta en Texcochapan de Abajo","$ 3,700,000","385 m²","Texcochapan de Abajo, Santiago Tuxtla, Veracruz Llave","4","6","/detalle/41032-73-9971d8b9bb8b-296f-196883b-9a97-7160"
"Casa en Venta en Ixhuatlán de Madero","$ 4,490,000","No disponible","Ixhuatlán de Madero, Veracruz Llave","3","3","/detalle/41032-73-a1b96be51505-20ce-196175e-96aa-7d15"
"Casa en Venta en Orizaba Centro","$ 3,500,000","188 m²","Orizaba Centro, Orizaba, Veracruz Llave","2","3","/detalle/41032-73-e9760c000154-af34-f0fde324-a482-3813"
"Casa en Venta en Rosa Maria","$ 1,470,000","135 m²","Rosa Maria, Tuxpan, Veracruz Llave","2","5","/detalle/41032-73-280c6520422d-e195-1970032-9e50-70ff"
"Casa en Venta en Real del Bosque","$ 4,800,000","10 m²","Real del Bosque, Xalapa, Veracruz Llave","2","3","/detalle/41032-73-c97a61aa2289-daf-47468177-a572-30ea"
"Casa en Venta en El Haya","$ 2,700,000","114 m²","El Haya, Xico, Veracruz Llave","2","2","/detalle/41032-73-a6b021a5d769-e867-195d9ec-a608-7774"
"Casa en Venta en Gutiérrez Zamora Centro","$ 3,049,900","224 m²","Gutiérrez Zamora Centro, Gutiérrez Zamora, Veracruz Llave","2","2","/detalle/41032-73-841ee34ea75d-83a1-195bb07-a549-7605"
"Casa en Venta en Ejido Primero de Mayo Norte","$ 3,200,000","247 m²","Ejido Primero de Mayo Norte, Boca del Río, Veracruz Llave","2","3","/detalle/41032-73-39052360c2ad-d268-33bfa704-8165-3fca"
"Casa en Venta en Mata de Pita","$ 1,750,000","101 m²","Mata de Pita, Veracruz, Veracruz Llave","2","3","/detalle/41032-73-e9becdc7ae59-10018-19684d4-ac38-731c"
"Casa en Venta en Costa Verde","$ 3,800,000","290 m²","Costa Verde, Boca del Río, Veracruz Llave","3","3","/detalle/41032-73-74e67da5667e-be26-197f7cd-ba70-7545"
"Casa en Venta en La Tampiquera","$ 2,850,000","182 m²","La Tampiquera, Boca del Río, Veracruz Llave","2","3","/detalle/41032-73-6382d7cf2e6c-4800-ff8b3fc0-85c6-3d9f"
"Casa en Venta en San Jose Novillero","$ 2,650,000","142 m²","San Jose Novillero, Boca del Río, Veracruz Llave","2","3","/detalle/41032-73-8d4fc8b771f7-53b9-25810d3-9aaa-39a7"
"Casa en Venta en Reforma","$ 6,500,000","330 m²","Reforma, Veracruz, Veracruz Llave","3","2","/detalle/41032-73-8651a44ada56-44bf-1978b5d-a9e7-7ef2"
"Casa en Venta en Julio Tejeda","$ 2,950,000","454.68 m²","Julio Tejeda, Veracruz, Veracruz Llave","2","3","/detalle/41032-73-ca5df01e5dba-651-197889b-9c8e-793c"
"Casa en Venta en Floresta","$ 2,100,000","160 m²","Floresta, Veracruz, Veracruz Llave","6","6","/detalle/41032-73-f6d61c5fa0e3-aca9-3b46bb12-b7d0-367d"
"Casa en Venta en Jardines de Virginia","$ 5,300,000","300 m²","Jardines de Virginia, Boca del Río, Veracruz Llave","4","3","/detalle/41032-73-f3dcdc773e1c-5f40-11bfeab1-8118-390f"
"Casa en Venta en Ricardo Flores Magon","$ 6,490,000","297 m²","Ricardo Flores Magon, Veracruz, Veracruz Llave","5","8","/detalle/41032-73-6bfb3aca9830-23e2-520b984-b6a8-3dfa"
"Casa en Venta en Veracruz Centro","$ 3,500,000","420 m²","Veracruz Centro, Veracruz, Veracruz Llave","2","3","/detalle/41032-73-ce888ee6372e-ab9d-196f134-bead-72ca"
"Casa en Venta en Floresta 80","$ 2,150,000","150 m²","Floresta 80, Veracruz, Veracruz Llave","2","3","/detalle/41032-73-8a68d1187069-c277-19325d4-a0fa-7d62"
"Casa en Venta en 2 Bocas","$ 9,000,000","4,972 m²","2 Bocas, Medellín, Veracruz Llave","1","3","/detalle/41032-73-a2a8e5b28cf3-91fa-83138678-c021-3bec"
"Casa en Venta en Veracruz Centro","$ 2,200,000","142.19 m²","Veracruz Centro, Veracruz, Veracruz Llave","2","2","/detalle/41032-73-c5486fd5ae89-7893-657af4c0-9c71-346f"
"Casa en Venta en Ignacio Zaragoza","$ 8,350,000","613 m²","Ignacio Zaragoza, Veracruz, Veracruz Llave","3","3","/detalle/41032-73-b20217dae444-f60f-25176980-869e-3aeb"
"Casa en Venta en Puente Moreno","$ 1,350,000","180 m²","Puente Moreno, Medellín, Veracruz Llave","1","2","/detalle/41032-73-1813f6acd968-7365-1965b5c-9515-7143"
"Casa en Venta en Las Vegas II","$ 15,000,000","600 m²","Las Vegas II, Boca del Río, Veracruz Llave","4","4","/detalle/41032-73-66b2fb81a6ed-e1ae-1939f0d-ab5c-7a41"
"Casa en Venta en Veracruz Centro","$ 4,600,000","228 m²","Veracruz Centro, Veracruz, Veracruz Llave","2","3","/detalle/41032-73-f53fad1d47c6-8dfd-875e3297-99ee-3399"
"Casa en Venta en Ricardo Flores Magon","$ 3,500,000","420 m²","Ricardo Flores Magon, Veracruz, Veracruz Llave","2","3","/detalle/41032-73-90c628a47ef0-bd7-196f19c-beb7-7f67"
"Casa en Venta en Agustin Acosta Lagunes","$ 1,950,000","No disponible","Agustin Acosta Lagunes, Veracruz, Veracruz Llave","3","3","/detalle/41032-73-38defb8204fe-d2ff-193e6f8-9efe-70d6"
"Casa en Venta en Reforma","$ 4,630,000","440 m²","Reforma, Veracruz, Veracruz Llave","5","4","/detalle/41032-73-e991f72ee93a-2ba8-18f1d50-82d1-7bd2"
"Casa en Venta en Ignacio Zaragoza","$ 7,500,000","400 m²","Ignacio Zaragoza, Veracruz, Veracruz Llave","2","4","/detalle/41032-73-5952df47cb6d-b38d-cea67fa4-85f9-31af"
"Casa en Venta en Playas de Conchal","$ 8,500,000","450 m²","Playas de Conchal, Alvarado, Veracruz Llave","5","4","/detalle/41032-73-1258595d6cb6-dd1b-b4326208-a968-3fea"
"Casa en Venta en Reforma","$ 3,100,000","214 m²","Reforma, Veracruz, Veracruz Llave","2","3","/detalle/41032-73-dbf86a324456-f505-784d356-ba28-479f"
"Casa en Venta en Ignacio Zaragoza","$ 8,850,000","306 m²","Ignacio Zaragoza, Veracruz, Veracruz Llave","2","2","/detalle/41032-73-3134b9f8dbca-9d44-197f251-bdb3-7ae1"
"Casa en Venta en El Morro las Colonias","$ 3,400,000","159 m²","El Morro las Colonias, Boca del Río, Veracruz Llave","2","3","/detalle/41032-73-3a950fce2328-7f35-1913501-9c1a-7a60"
"Casa en Venta en El Tejar","$ 763,680","636.40 m²","El Tejar, Medellín, Veracruz Llave","No disponible","No disponible","/detalle/41032-73-5aa5cfb8a377-c7d8-8d38a70a-a1ea-4008"
"Casa en Condominio en Venta en San Marcos de Leon","$ 1,490,000","128 m²","San Marcos de Leon, Coatepec, Veracruz Llave","3","4","/detalle/41032-73-24c5a53f06e1-41c9-2c68d255-8419-39cf"
"Casa en Venta en Floresta","$ 1,950,000","160 m²","Floresta, Veracruz, Veracruz Llave","2","2","/detalle/41032-73-2d3fb6dcc703-fedc-197889a-9efb-7bd4"
"Casa en Venta en Ignacio Zaragoza","$ 5,390,000","228 m²","Ignacio Zaragoza, Veracruz, Veracruz Llave","2","3","/detalle/41032-73-990e848422e6-ce05-1975cc5-bc5c-77c9"
"Casa en Venta en Lomas Del Rio Medio","$ 1,185,000","144 m²","Lomas Del Rio Medio, Veracruz, Veracruz Llave","2","3","/detalle/41032-73-f8cbd5cf6394-1efa-1951c93-8bd8-77d7"
"Casa en Venta en Costa de Oro 1a Secc","$ 17,750,000","650 m²","Costa de Oro 1a Secc, Boca del Río, Veracruz Llave","4","4","/detalle/41032-73-885af5f4ea1e-5ccf-1946812-83ad-75d0"
"Casa en Venta en Ixhuatlán de Madero","$ 3,215,000","106 m²","Ixhuatlán de Madero, Veracruz Llave","3","3","/detalle/41032-73-39aca11ffafb-188c-1917a60-a093-77a0"
"Casa en Venta en Hípico","$ 2,750,000","175 m²","Hípico, Boca del Río, Veracruz Llave","2","4","/detalle/41032-73-6223711e71b6-72e8-190c8ed-a598-71c4"
"Casa en Venta en La Tampiquera","$ 3,400,000","192 m²","La Tampiquera, Boca del Río, Veracruz Llave","2","3","/detalle/41032-73-2eb213d0eade-b1af-9066a37a-b682-376b"
"Casa en Venta en Costa de Oro 1a Secc","$ 16,600,000","441 m²","Costa de Oro 1a Secc, Boca del Río, Veracruz Llave","3","3","/detalle/41032-73-795c00bbc8b6-a86c-197d85d-b55a-72b6"
"Casa en Venta en Santa Fe","$ 2,200,000","511.45 m²","Santa Fe, Veracruz, Veracruz Llave","No disponible","No disponible","/detalle/41032-73-285e07c0ea8e-7c51-fd06f7e8-8a75-37f3"
"Casa en Venta en Veracruz Centro","$ 3,999,999","420 m²","Veracruz Centro, Veracruz, Veracruz Llave","2","3","/detalle/41032-73-2e9705a51055-e131-196f163-ac61-7198"
"Casa en Venta en Laguna Real","$ 1,600,000","140 m²","Laguna Real, Veracruz, Veracruz Llave","2","2","/detalle/41032-73-a39dde47fc71-4374-196ca00-b675-7a17"
"Casa en Venta en La Antigua Veracruz","$ 18,690,000","12,164 m²","La Antigua Veracruz, La Antigua, Veracruz Llave","3","3","/detalle/41032-73-35568453978f-ba48-194d14f-bf48-7092"
"Casa en Condominio en Venta en Obrera","$ 1,650,000","125 m²","Obrera, Boca del Río, Veracruz Llave","2","2","/detalle/41032-73-8bd4cf510776-aea0-1929c3e-a8eb-76ae"
"Casa en Venta en Jardines de Virginia","$ 3,590,000","275 m²","Jardines de Virginia, Boca del Río, Veracruz Llave","2","3","/detalle/41032-73-60462f450644-f43f-1928e51-890b-70d0"
"Casa en Venta en Floresta","$ 3,200,000","246 m²","Floresta, Veracruz, Veracruz Llave","2","3","/detalle/41032-73-83675ebb9ed1-bbba-197ce03-a99e-7882"
"Casa en Venta en Boca Del Rio Centro","$ 5,600,000","250 m²","Boca Del Rio Centro, Boca del Río, Veracruz Llave","4","4","/detalle/41032-73-edc43229891f-d549-1973611-83e3-7385"
"Casa en Venta en Buenavista Infonavit","$ 1,185,000","85 m²","Buenavista Infonavit, Veracruz, Veracruz Llave","1","3","/detalle/41032-73-a47a61107e61-975b-d643e279-8f0c-358e"
"Casa en Venta en Tecolutla","$ 3,000,000","200 m²","Tecolutla, Tecolutla, Veracruz Llave","3","4","/detalle/41032-73-185d521a3936-d3ab-2fde2c94-a946-3216"
"Casa en Venta en Veracruz Centro","$ 3,500,000","450 m²","Veracruz Centro, Veracruz, Veracruz Llave","No disponible","4","/detalle/41032-73-8cc2adcfcbed-8b4b-e4283e1-aabf-3552"
"Casa en Venta en Unidad Veracruzana","$ 1,750,000","170 m²","Unidad Veracruzana, Veracruz, Veracruz Llave","1","1","/detalle/41032-73-5e5870999198-2ff5-191bd70-9b21-79d2"
"Casa en Venta en Petrolera (Heriberto)","$ 4,650,000","337 m²","Petrolera (Heriberto), Boca del Río, Veracruz Llave","2","3","/detalle/41032-73-71aeef8dfabd-ddfd-dba4f891-972d-3dbe"
"Casa en Venta en Los Faros","$ 8,500,000","No disponible","Los Faros, Veracruz, Veracruz Llave","5","6","/detalle/41032-73-a39b121992c1-527-45a9f876-ab3d-480b"
"Casa en Venta en Puente Moreno","$ 1,950,000","180 m²","Puente Moreno, Medellín, Veracruz Llave","3","3","/detalle/41032-73-95e323c91f70-b21-194ba44-be7d-7c2f"
"Casa en Venta en Benito Juárez","$ 3,100,000","295 m²","Benito Juárez, Xalapa, Veracruz Llave","3","3","/detalle/41032-73-d406fc80d047-7768-a92838e9-9d6a-4c31"
"Casa en Venta en Geovillas los Pinos","$ 830,000","No disponible","Geovillas los Pinos, Veracruz, Veracruz Llave","2","4","/detalle/41032-73-d4038bd8f236-8093-192246f-a6be-7983"
"Casa en Venta en Geovillas Del Puerto","$ 750,000","45 m²","Geovillas Del Puerto, Veracruz, Veracruz Llave","1","2","/detalle/41032-73-f77a8c64dd80-8477-192a137-93d2-7c02"
"Casa en Fraccionamiento en Venta en Geovillas Del Puerto","$ 840,000","45 m²","Geovillas Del Puerto, Veracruz, Veracruz Llave","1","2","/detalle/41032-73-b88d3a3b646d-781-1929cd5-a5ac-77be"
"Casa en Venta en Ricardo Flores Magon","$ 6,950,000","540 m²","Ricardo Flores Magon, Veracruz, Veracruz Llave","5","5","/detalle/41032-73-c390ad684b75-ff73-196612a-a6c4-7340"
"Casa en Venta en Amatitlán","$ 155,000,000","000,000 m²","Amatitlán, Veracruz Llave","No disponible","No disponible","/detalle/41032-73-7e3cb30470fb-2ae2-194c237-a9be-7f20"
"Casa en Venta en Ferrocarrilera","$ 2,200,000","No disponible","Ferrocarrilera, Xalapa, Veracruz Llave","4","4","/detalle/41032-73-ccad4e1fd88b-4356-1976b2e-8fd7-79b8"
"Casa en Venta en Morada del Quetzal","$ 2,650,000","105 m²","Morada del Quetzal, Emiliano Zapata, Veracruz Llave","2","3","/detalle/41032-73-cf4b5f71cb7b-a521-39151ffa-b08c-408e"
"Casa en Fraccionamiento en Venta en Maria Esther","$ 6,500,000","No disponible","Maria Esther, Xalapa, Veracruz Llave","2","3","/detalle/41032-73-6016d83132e8-56d1-19466f7-8aa9-7274"
"Casa en Venta en Siglo Xxi","$ 795,000","No disponible","Siglo Xxi, Veracruz, Veracruz Llave","No disponible","2","/detalle/41032-73-baf7e66a6d22-1c50-8589f491-a3af-41f9"
"Casa en Fraccionamiento en Venta en Paso Del Toro","$ 8,500,000","350 m²","Paso Del Toro, Xalapa, Veracruz Llave","3","3","/detalle/41032-73-a0fcd68f2b57-22ae-1920c46-9c1b-757d"
"Casa en Venta en Los Ángeles","$ 1,450,000","114 m²","Los Ángeles, Xalapa, Veracruz Llave","3","6","/detalle/41032-73-9552af04b47e-63cb-196a3d4-9ff4-759d"
"Casa en Venta en La Tampiquera","$ 7,100,000","454 m²","La Tampiquera, Boca del Río, Veracruz Llave","4","5","/detalle/41032-73-cd81cb68ee45-a78b-194df08-ace1-7dc8"
"Casa en Venta en Jardines de Virginia","$ 3,200,000","290 m²","Jardines de Virginia, Boca del Río, Veracruz Llave","3","5","/detalle/41032-73-5fdc16e9aaf7-ba32-18f5daa-863d-7b96"
"Casa en Venta en Emiliano Zapata","$ 3,100,000","200 m²","Emiliano Zapata, Emiliano Zapata, Veracruz Llave","2","3","/detalle/41032-73-f100bb6b1347-786a-d49aaef5-9ab2-49d8"
"Casa en Venta en Obrero Campesina","$ 15,000,000","941 m²","Obrero Campesina, Xalapa, Veracruz Llave","2","2","/detalle/41032-73-684bb8ec2166-7df4-2da4a6ee-afdd-4b34"
"Casa en Venta en Paso Del Toro","$ 6,600,000","200 m²","Paso Del Toro, Xalapa, Veracruz Llave","4","4","/detalle/41032-73-f5d56c37ce10-43f8-196066b-99e7-78d2"
"Casa en Venta en Coatepec Centro","$ 26,000,000","2,500 m²","Coatepec Centro, Coatepec, Veracruz Llave","3","3","/detalle/41032-73-1ad370fe4e09-59cd-195d0f0-a81b-7c06"
"Casa en Fraccionamiento en Venta en Coapexpan","$ 13,000,000","2,500 m²","Coapexpan, Xalapa, Veracruz Llave","6","5","/detalle/41032-73-7cbe10f8906-7efa-90631df9-8445-1237"
"Casa en Venta en Moderno","$ 5,900,000","306 m²","Moderno, Veracruz, Veracruz Llave","4","3","/detalle/41032-73-426a2c3ec1a7-ff70-191e49a-b2e9-7b86"
"Casa en Fraccionamiento en Venta en Pedregal de las Animas","$ 3,200,000","No disponible","Pedregal de las Animas, Xalapa, Veracruz Llave","2","3","/detalle/41032-73-af38408c4db2-9301-d5afa1a3-8f0c-4298"
"Casa en Venta en Jardines de Las Ánimas","$ 4,500,000","600 m²","Jardines de Las Ánimas, Xalapa, Veracruz Llave","4","3","/detalle/41032-73-976d2d3fea18-2abb-4f865dcb-8490-35b3"
"Casa en Venta en Coapexpan","$ 13,500,000","2,426 m²","Coapexpan, Xalapa, Veracruz Llave","5","4","/detalle/41032-73-333bb16eb913-9e86-46cd7357-bd0a-43e8"
"Casa en Venta en Obrero Campesina","$ 3,200,000","326 m²","Obrero Campesina, Xalapa, Veracruz Llave","1","1","/detalle/41032-73-19e4caedc78f-fee8-197a388-8fbf-7836"
"Casa en Venta en Tejería","$ 903,000","62 m²","Tejería, Veracruz, Veracruz Llave","1","2","/detalle/41032-73-21935e36ddfd-ae3f-1966e8b-a8f7-7c58"
"Casa en Venta en Fuentes de Las Ánimas","$ 3,780,000","280 m²","Fuentes de Las Ánimas, Xalapa, Veracruz Llave","4","4","/detalle/41032-73-dc7d167d5283-42fc-196268b-b3e7-7d58"
"Casa en Fraccionamiento en Venta en Fuentes de Las Ánimas","$ 14,659,000","No disponible","Fuentes de Las Ánimas, Xalapa, Veracruz Llave","No disponible","4","/detalle/41032-73-f0ed032189d3-9afa-fcdce850-9dbe-46b1"
"Casa en Venta en Playas de Conchal","$ 8,600,000","524 m²","Playas de Conchal, Alvarado, Veracruz Llave","3","4","/detalle/41032-73-1c18455118e3-784f-c156fdbb-8d2f-3ecf"
"Casa en Venta en El Mirador","$ 5,950,000","450 m²","El Mirador, Xalapa, Veracruz Llave","3","4","/detalle/41032-73-bba876f241c6-906b-8b67b966-bbd1-4af7"
"Casa en Condominio en Venta en Playas de Conchal","$ 3,400,000","20 m²","Playas de Conchal, Alvarado, Veracruz Llave","2","2","/detalle/41032-73-c074f0ba51b9-1092-37dbb6d1-80c4-3e4b"
"Casa en Venta en Centro Sct Veracruz","$ 3,750,000","260 m²","Centro Sct Veracruz, Xalapa, Veracruz Llave","3","3","/detalle/41032-73-9f3ba9f11a90-150c-18f11880-8c00-3867"
"Casa en Venta en Colinas de San Jorge","$ 1,081,500","82 m²","Colinas de San Jorge, Veracruz, Veracruz Llave","3","3","/detalle/41032-73-12f9539a9851-6f8-195f8fe-af8c-74ef"
"Casa en Venta en Vega de Alatorre","$ 2,095,000","151 m²","Vega de Alatorre, Vega de Alatorre, Veracruz Llave","2","2","/detalle/41032-73-8b3a571afa64-89f0-1947672-bbbb-797a"
"Casa en Venta en San Jose Novillero","$ 2,470,000","142 m²","San Jose Novillero, Boca del Río, Veracruz Llave","3","3","/detalle/41032-73-16c134dfd04d-57f6-1920761-990e-73fe"
"Casa en Venta en Obrero Campesina","$ 7,000,000","432 m²","Obrero Campesina, Xalapa, Veracruz Llave","3","3","/detalle/41032-73-291a476282d1-69ea-5c5532b9-acdc-4eaa"
"Casa en Venta en El Grande","$ 2,800,000","190 m²","El Grande, Coatepec, Veracruz Llave","3","4","/detalle/41032-73-388857d56a7-ec8d-1920749-9412-7e71"
"Casa en Venta en Indeco Animas","$ 3,320,000","215 m²","Indeco Animas, Xalapa, Veracruz Llave","2","3","/detalle/41032-73-cad7475faffd-2a8f-1920748-8f66-70cb"
"Casa en Fraccionamiento en Venta en Mariano Escobedo","$ 3,100,000","No disponible","Mariano Escobedo, Coatepec, Veracruz Llave","2","3","/detalle/41032-73-f8a027e9d9f2-3923-97a084a0-8833-4a3b"
"Casa en Venta en Alvarado Centro","$ 9,850,000","452 m²","Alvarado Centro, Alvarado, Veracruz Llave","4","3","/detalle/41032-73-11a79cde638c-94ec-71a2322d-93b7-31cb"
"Casa en Venta en Sayula de Alemán","$ 7,200,000","506 m²","Sayula de Alemán, Sayula de Alemán, Veracruz Llave","7","7","/detalle/41032-73-8f914989d739-3346-194df7a-9f57-7f35"
"Casa en Venta en Indeco Animas","$ 3,320,000","213 m²","Indeco Animas, Xalapa, Veracruz Llave","2","3","/detalle/41032-73-5862397a9be0-8d7b-1920749-aae6-77ce"
"Casa en Venta en Indeco Animas","$ 3,440,000","218 m²","Indeco Animas, Xalapa, Veracruz Llave","4","4","/detalle/41032-73-776ba5373081-2593-1910f8a-a13c-7c01"
"Quinta / Hacienda en Venta en El Tejar","$ 5,000,000","235 m²","El Tejar, Medellín, Veracruz Llave","1","2","/detalle/41032-73-eb0e57bcae2a-9f0e-d847501c-8f77-32b1"
"Casa en Venta en Emiliano Zapata","$ 1,440,000","185 m²","Emiliano Zapata, Emiliano Zapata, Veracruz Llave","2","3","/detalle/41032-73-d4560563937-b24f-77c3e676-a2f1-38c7"
"Casa en Venta en Dorado Real","$ 1,008,000","72 m²","Dorado Real, Veracruz, Veracruz Llave","1","3","/detalle/41032-73-39b08942dfb8-ecfd-195f8fd-a77a-706a"
"Casa en Venta en Mariano Escobedo","$ 2,800,000","221 m²","Mariano Escobedo, Coatepec, Veracruz Llave","2","4","/detalle/41032-73-151af94b2519-3f23-196febe-a55e-7812"
"Casa en Venta en Costa de Oro 1a Secc","$ 743,000","374 m²","Costa de Oro 1a Secc, Boca del Río, Veracruz Llave","3","4","/detalle/41032-73-81716ca57fb3-6430-196f4fe-ab5d-7d10"
"Casa en Venta en Agustin Lara","$ 2,375,000","184 m²","Agustin Lara, Poza Rica de Hidalgo, Veracruz Llave","2","3","/detalle/41032-73-247e02ac0962-c709-195f8d3-bd49-7524"
"Casa en Venta en Federal","$ 17,500,000","2,900 m²","Federal, Xalapa, Veracruz Llave","5","4","/detalle/41032-73-359b97ca083c-76f7-195caf7-adff-7276"
"Casa en Venta en Xana","$ 1,250,000","93 m²","Xana, Veracruz, Veracruz Llave","1","3","/detalle/41032-73-c7d77c8178e-f15a-1920be4-8b4e-787b"
"Casa en Venta en La Concepción","$ 2,980,000","1,100 m²","La Concepción, Jilotepec, Veracruz Llave","2","2","/detalle/41032-73-65f42e4921d7-8098-b7847580-b35d-404f"
"Casa en Venta en La Estanzuela","$ 2,300,000","247 m²","La Estanzuela, Emiliano Zapata, Veracruz Llave","2","4","/detalle/41032-73-e062f2c2002e-ea75-1964558-8f9a-7cb4"
"Casa en Venta en Obrero Campesina","$ 5,950,000","No disponible","Obrero Campesina, Xalapa, Veracruz Llave","6","4","/detalle/41032-73-8a31ad66c094-c5f5-195a0cd-921e-7160"
"Casa en Venta en Maria de La Piedad","$ 630,000","360 m²","Maria de La Piedad, Coatzacoalcos, Veracruz Llave","1","3","/detalle/41032-73-e20993caac31-3b37-19519ff-a57d-7162"
"Casa en Venta en Cristobal Colon","$ 1,450,000","129 m²","Cristobal Colon, Veracruz, Veracruz Llave","1","2","/detalle/41032-73-faaf8731d91d-9737-2c768f9e-bf29-45c0"
"Casa en Venta en Emiliano Zapata","$ 1,580,000","85 m²","Emiliano Zapata, Emiliano Zapata, Veracruz Llave","1","2","/detalle/41032-73-31b92d8405e6-bf15-197b823-8b25-7b43"
"Casa en Venta en Ixhuacán de los Reyes","$ 5,500,000","393 m²","Ixhuacán de los Reyes, Veracruz Llave","2","3","/detalle/41032-73-8da4fe9e6276-8de8-190f09f-9eb8-732b"
"Casa en Venta en Pescadores","$ 4,200,000","360 m²","Pescadores, Boca del Río, Veracruz Llave","4","4","/detalle/41032-73-4e2e7229ce20-dc51-d344d73-9c23-3eec"
"Casa en Venta en Pedregal de las Animas","$ 4,100,000","No disponible","Pedregal de las Animas, Xalapa, Veracruz Llave","3","3","/detalle/41032-73-50ee4596bd83-6dec-1968ebb-95a0-7a82"
"Casa en Venta en Rebombeo de Las Ánimas","$ 3,440,000","215 m²","Rebombeo de Las Ánimas, Xalapa, Veracruz Llave","3","3","/detalle/41032-73-dd65c079e42a-a785-1920749-98cc-78f1"
"Casa en Venta en 10 de Mayo","$ 1,680,000","102 m²","10 de Mayo, Coatepec, Veracruz Llave","2","2","/detalle/41032-73-6761ed2c79e3-e5a-194768a-9b61-7acf"
"Casa en Venta en Geovillas los Pinos","$ 950,000","75 m²","Geovillas los Pinos, Veracruz, Veracruz Llave","2","3","/detalle/41032-73-46c36ea9ed88-d947-36effcf4-9635-4a5d"
"Casa en Venta en Cerritos","$ 257,245","90 m²","Cerritos, Orizaba, Veracruz Llave","1","2","/detalle/41032-73-77b70b63faec-604a-1974717-a8ee-7f2f"
"Casa en Venta en Los Faros","$ 8,100,000","600 m²","Los Faros, Veracruz, Veracruz Llave","3","7","/detalle/41032-73-31b6e136882b-66cd-1966442-b409-7ad5"
"Casa en Venta en Valente Diaz","$ 1,113,000","70 m²","Valente Diaz, Veracruz, Veracruz Llave","1","2","/detalle/41032-73-f984b61903f0-3d5a-195f8e6-bbce-73ce"
"Casa en Venta en El Coyol 2","$ 1,095,000","60 m²","El Coyol 2, Veracruz, Veracruz Llave","1","2","/detalle/41032-73-f1302812e6a6-165c-197c798-b5e6-7f85"
"Casa en Venta en Residencial Monte Magno","$ 670,000","270 m²","Residencial Monte Magno, Xalapa, Veracruz Llave","3","4","/detalle/41032-73-5e09f508f090-d4e4-196f415-ab5d-7d10"
"Casa en Venta en Lomas Del Sumidero","$ 1,680,000","82 m²","Lomas Del Sumidero, Xalapa, Veracruz Llave","2","3","/detalle/41032-73-c7d494beaa60-42c8-195fd42-ba0d-7b54"
"Casa en Fraccionamiento en Venta en Palotal","$ 1,200,000","68 m²","Palotal, Córdoba, Veracruz Llave","2","4","/detalle/41032-73-821782344a9d-8a6b-fefae6d5-a874-39de"
"Casa en Venta en Costa de Oro 1a Secc","$ 633,000","350 m²","Costa de Oro 1a Secc, Boca del Río, Veracruz Llave","3","4","/detalle/41032-73-7e96b883300f-52db-196f4e9-ab5d-7d10"
"Casa en Venta en Veracruz Centro","$ 900,000","No disponible","Veracruz Centro, Veracruz, Veracruz Llave","1","2","/detalle/41032-73-1b2bf3192d5e-7747-ba3bd2e4-822c-417d"
"Casa en Venta en Fuentes de Las Ánimas","$ 7,900,000","320 m²","Fuentes de Las Ánimas, Xalapa, Veracruz Llave","4","4","/detalle/41032-73-18136fa21495-cc1-8fff74cd-ba21-33a8"
"Casa en Venta en 6 de Enero","$ 4,500,000","1,100 m²","6 de Enero, San Andrés Tuxtla, Veracruz Llave","3","5","/detalle/41032-73-29d4099cf5f5-b9b9-97ede9ec-b8f1-4fae"
"Casa en Venta en Obrero Campesina","$ 11,100,000","714 m²","Obrero Campesina, Xalapa, Veracruz Llave","5","5","/detalle/41032-73-d2531a592ee6-1814-194df65-85b4-7932"
"Casa en Venta en Coatepec Centro","$ 2,800,000","221 m²","Coatepec Centro, Coatepec, Veracruz Llave","2","4","/detalle/41032-73-d61ed28e3248-6116-1968a47-952d-79ab"
"Casa en Venta en Santa Rosa","$ 2,696,900","133 m²","Santa Rosa, Xalapa, Veracruz Llave","2","3","/detalle/41032-73-6cb38514e922-f4d9-1962867-b54a-7c58"
"Casa en Venta en Sostenes Guzmán","$ 2,900,000","235 m²","Sostenes Guzmán, Coatepec, Veracruz Llave","3","3","/detalle/41032-73-76d7dd067964-afee-1958dff-b68f-7edb"
"Casa en Venta en Ejidal","$ 3,500,000","256 m²","Ejidal, Martínez de la Torre, Veracruz Llave","3","4","/detalle/41032-73-e2fb4bca8549-f447-194dbc0-b1e1-7d2b"
"Casa en Venta en Tuzamapan","$ 1,200,000","100 m²","Tuzamapan, Coatepec, Veracruz Llave","1","2","/detalle/41032-73-47d29bea3343-89ac-191307e-a5bd-73a3"
"Casa en Venta en Jalapa Enríquez Centro","$ 7,800,000","590 m²","Jalapa Enríquez Centro, Xalapa, Veracruz Llave","5","5","/detalle/41032-73-1cf3055dc16d-250f-19637dd-8423-7674"
"Casa en Venta en Indeco Animas","$ 3,320,000","213 m²","Indeco Animas, Xalapa, Veracruz Llave","2","3","/detalle/41032-73-e7c9289f2eab-e52f-194dece-b69d-7910"
"Casa en Venta en Coatepec Centro","$ 9,494,000","298 m²","Coatepec Centro, Coatepec, Veracruz Llave","4","4","/detalle/41032-73-643fd8fdaa25-75ce-194dd90-89fe-79c7"
"Casa en Venta en Plan de La Cruz","$ 6,000,000","450 m²","Plan de La Cruz, Coatepec, Veracruz Llave","3","3","/detalle/41032-73-94e7a099b77-f1b-194dc59-b8c0-7b5b"
"Casa en Venta en Rubí Ánimas","$ 2,850,000","328 m²","Rubí Ánimas, Xalapa, Veracruz Llave","4","4","/detalle/41032-73-9bcddde99ff5-24bf-194dbb6-adcf-7f59"
"Casa en Venta en Casitas","$ 4,250,000","80 m²","Casitas, Tecolutla, Veracruz Llave","2","3","/detalle/41032-73-ceb9e94e5e6a-7698-19426d3-a389-7e70"
"Casa en Venta en Pedregal de las Animas","$ 4,500,000","320 m²","Pedregal de las Animas, Xalapa, Veracruz Llave","3","3","/detalle/41032-73-5872178d03ea-f05-96b68633-84b3-3aa2"
"Casa en Venta en Jalapa Enríquez Centro","$ 2,250,000","147 m²","Jalapa Enríquez Centro, Xalapa, Veracruz Llave","3","3","/detalle/41032-73-27afb81f3ecf-61e6-638cde37-9324-3a2f"
"Casa en Venta en Lomas Del Rio Medio","$ 575,000","96 m²","Lomas Del Rio Medio, Veracruz, Veracruz Llave","1","3","/detalle/41032-73-7d88c5dc5e70-2f9e-2a3d738-ae5a-31c5"
"Casa en Venta en Los Ángeles","$ 3,750,000","237 m²","Los Ángeles, Xalapa, Veracruz Llave","2","3","/detalle/41032-73-47d062bebce5-d633-197c470-9969-7b17"
"Casa en Venta en Miguel Hidalgo y Costilla","$ 1,650,000","253 m²","Miguel Hidalgo y Costilla, Xalapa, Veracruz Llave","3","4","/detalle/41032-73-6b706b2c93d8-193d-196d783-8a06-71f9"
"Casa en Venta en Los Ángeles","$ 6,000,000","500 m²","Los Ángeles, Xalapa, Veracruz Llave","5","5","/detalle/41032-73-e94024c6e48a-6d97-195efbc-b595-775c"
"Casa en Venta en José Vasconcelos","$ 870,000","121 m²","José Vasconcelos, Xalapa, Veracruz Llave","2","3","/detalle/41032-73-74c7235cda62-cca5-194df9c-b491-71ac"
"Casa en Venta en Los Ángeles","$ 1,000,000","104 m²","Los Ángeles, Xalapa, Veracruz Llave","5","4","/detalle/41032-73-c8c681bf9e2a-5f2-194dc57-946d-717f"
"Casa en Venta en Unidad Del Bosque Pensiones","$ 2,500,000","115 m²","Unidad Del Bosque Pensiones, Xalapa, Veracruz Llave","3","3","/detalle/41032-73-203b30a99f0c-35f3-19424f6-a506-7567"
"Casa en Venta en Jalapa Enríquez Centro","$ 3,400,000","250 m²","Jalapa Enríquez Centro, Xalapa, Veracruz Llave","2","2","/detalle/41032-73-214004ac4b09-dcfe-18f354d-82ca-7a31"
"Casa en Venta en Caminos","$ 5,250,000","270 m²","Caminos, Xalapa, Veracruz Llave","1","3","/detalle/41032-73-b1469d727064-61ee-c01e6a2b-9bc7-38e8"
"Casa en Venta en Caminos","$ 1,650,000","100 m²","Caminos, Xalapa, Veracruz Llave","1","2","/detalle/41032-73-ca8af3e125f6-12e-1959837-8e96-7b46"
"Casa en Venta en Jacarandas","$ 3,980,000","320 m²","Jacarandas, Xalapa, Veracruz Llave","4","4","/detalle/41032-73-a3f5a940fee5-97d5-1959326-82d6-73b7"
"Casa en Venta en Higueras","$ 1,100,000","100 m²","Higueras, Xalapa, Veracruz Llave","2","3","/detalle/41032-73-f16049d864ac-d4cf-194dedb-ac12-74fb"
"Casa en Venta en El Castillo","$ 3,856,000","358 m²","El Castillo, Xalapa, Veracruz Llave","3","3","/detalle/41032-73-a9214d3be993-52c0-194dcbb-a90d-7c78"
"Casa en Venta en Banderilla Centro","$ 3,100,000","281 m²","Banderilla Centro, Banderilla, Veracruz Llave","3","4","/detalle/41032-73-1cb7e8f5e89b-e706-194dcaf-b078-7520"
"Casa en Venta en El Mirador","$ 4,499,000","417 m²","El Mirador, Xalapa, Veracruz Llave","4","4","/detalle/41032-73-f6e1f9f0abc7-10cc-194dc66-991b-736b"
"Casa en Venta en Lencero","$ 1,195,000","88 m²","Lencero, Emiliano Zapata, Veracruz Llave","2","3","/detalle/41032-73-342b5d49ac03-2bc0-196a405-8cfc-7ed8"
"Casa en Venta en Santa Rosa","$ 2,397,000","125 m²","Santa Rosa, Xalapa, Veracruz Llave","2","3","/detalle/41032-73-bb9597edc85d-eba3-196286b-96d2-7d70"
"Casa en Venta en El Grande","$ 1,950,000","129 m²","El Grande, Coatepec, Veracruz Llave","3","3","/detalle/41032-73-8e2f775b8095-4915-195db33-acbc-75f5"
"Casa en Venta en Jalapa Enríquez Centro","$ 1,350,000","105 m²","Jalapa Enríquez Centro, Xalapa, Veracruz Llave","2","2","/detalle/41032-73-327cc06a685f-c0eb-194df62-ad9e-7bf3"
"Casa en Venta en Xana","$ 1,220,000","88 m²","Xana, Veracruz, Veracruz Llave","2","3","/detalle/41032-73-6f16f38f722a-b7db-194df5e-84c2-7c8f"
"Casa en Venta en Banderilla Centro","$ 9,100,000","438 m²","Banderilla Centro, Banderilla, Veracruz Llave","4","4","/detalle/41032-73-c4ee39cc5a70-acf9-194dd57-b32a-70c7"
"Casa en Venta en Indeco Animas","$ 3,320,000","215 m²","Indeco Animas, Xalapa, Veracruz Llave","2","3","/detalle/41032-73-20828832ae96-2433-194dd4d-b0ae-797c"
"Casa en Venta en La Orduña","$ 3,900,000","220 m²","La Orduña, Coatepec, Veracruz Llave","2","3","/detalle/41032-73-a42e62984331-434d-194dcc1-8622-757f"
"Casa en Venta en Los Ángeles","$ 1,843,000","250 m²","Los Ángeles, Xalapa, Veracruz Llave","3","3","/detalle/41032-73-bdbc08fbad87-bb1d-194dbe5-b90c-7dfb"
"Casa en Venta en Modelo","$ 7,500,000","270 m²","Modelo, Xalapa, Veracruz Llave","3","No disponible","/detalle/41032-73-23c224eb96fc-197a-19426c9-8c7d-7850"
"Casa en Venta en Jalapa Enríquez Centro","$ 1,250,000","105 m²","Jalapa Enríquez Centro, Xalapa, Veracruz Llave","2","2","/detalle/41032-73-b6327bc7fc8f-d9f5-1927f16-a651-793a"
"Casa en Venta en Tlalnelhuayocan","$ 1,500,000","112 m²","Tlalnelhuayocan, Tlalnelhuayocan, Veracruz Llave","1","2","/detalle/41032-73-44dcb5a84c48-9a57-195501e-867a-7458"
"Casa en Venta en Sumidero","$ 1,690,000","82 m²","Sumidero, Xalapa, Veracruz Llave","2","3","/detalle/41032-73-7ee3804d5aae-df55-194defb-a5f2-7717"
"Casa en Venta en El Olmo","$ 3,500,000","298 m²","El Olmo, Xalapa, Veracruz Llave","3","4","/detalle/41032-73-42baf4ae80a1-4b1f-194dcbb-b4cc-7824"
"Casa en Venta en Revolución","$ 1,500,000","120 m²","Revolución, Xalapa, Veracruz Llave","1","1","/detalle/41032-73-38a48b90ce82-17ba-194264a-a617-70e2"
"Casa en Venta en Los Ángeles","$ 7,600,000","505 m²","Los Ángeles, Xalapa, Veracruz Llave","2","4","/detalle/41032-73-f3e953e18f53-54f4-f71a0534-818c-3433"
"Casa en Venta en Jardines de Las Ánimas","$ 16,500,000","874 m²","Jardines de Las Ánimas, Xalapa, Veracruz Llave","4","5","/detalle/41032-73-3340d84725c8-12ee-197c987-b7e9-7cfb"
"Casa en Venta en Santa Rosa","$ 2,350,000","109 m²","Santa Rosa, Xalapa, Veracruz Llave","2","3","/detalle/41032-73-cc9e9a07b30d-2cc2-196286e-9c1f-736c"
"Casa en Venta en Pastoresa","$ 3,980,000","316 m²","Pastoresa, Xalapa, Veracruz Llave","4","4","/detalle/41032-73-41320bb8a488-f0a1-1958dea-9a3a-72ec"
"Casa en Venta en Valente Diaz","$ 540,000","202 m²","Valente Diaz, Veracruz, Veracruz Llave","2","3","/detalle/41032-73-7e3822281c10-d65c-1953a46-bc3d-76b0"
"Casa en Venta en Indeco Animas","$ 3,440,000","218 m²","Indeco Animas, Xalapa, Veracruz Llave","3","3","/detalle/41032-73-3723ebf6249e-514b-194ded2-a233-76a5"
"Casa en Venta en Los Ángeles","$ 3,300,000","220 m²","Los Ángeles, Xalapa, Veracruz Llave","3","3","/detalle/41032-73-70426f07ec2b-f6ec-194ddb6-bafb-743f"
"Casa en Venta en Jardines de Virginia","$ 600,000","250 m²","Jardines de Virginia, Boca del Río, Veracruz Llave","2","3","/detalle/41032-73-224d3ee79332-1520-19456a1-868f-803d"
"Casa en Venta en Lázaro Cárdenas","$ 2,400,000","210 m²","Lázaro Cárdenas, Xalapa, Veracruz Llave","2","3","/detalle/41032-73-382b746dbb0a-7371-19426aa-a970-796d"
"Casa en Venta en Emiliano Zapata","$ 5,400,000","No disponible","Emiliano Zapata, Xalapa, Veracruz Llave","3","3","/detalle/41032-73-74c715538604-9e47-754922a3-83d0-35df"
"Casa en Venta en Centro Sct Veracruz","$ 6,950,000","432 m²","Centro Sct Veracruz, Xalapa, Veracruz Llave","7","4","/detalle/41032-73-fc2fe0102607-dfaf-19424be-8b29-7cee"
"Casa en Venta en Jardines de Las Ánimas","$ 9,000,000","730 m²","Jardines de Las Ánimas, Xalapa, Veracruz Llave","4","2","/detalle/41032-73-fbafcd716c65-94cd-fa0aad4b-a72b-34a6"
"Casa en Venta en Playa de Chachalacas","$ 2,100,000","110 m²","Playa de Chachalacas, Ursulo Galván, Veracruz Llave","5","5","/detalle/41032-73-4cd7c2530ed6-74dc-197239e-9877-7057"
"Casa en Venta en Boca Del Rio","$ 630,000","160 m²","Boca Del Rio, Boca del Río, Veracruz Llave","2","3","/detalle/41032-73-f7b9aeea915f-1c4-194f6c5-a0c3-7af3"
"Casa en Venta en Unidad Jardín","$ 2,300,000","180 m²","Unidad Jardín, Xalapa, Veracruz Llave","2","3","/detalle/41032-73-7f7e415f4347-64f-194dc63-8882-7641"
"Casa en Venta en Casa Blanca","$ 1,300,000","95 m²","Casa Blanca, Xalapa, Veracruz Llave","No disponible","3","/detalle/41032-73-f4ccdd457dfd-4fab-194dc46-8355-7c5c"
"Casa en Venta en Lázaro Cárdenas","$ 4,200,000","440 m²","Lázaro Cárdenas, Xalapa, Veracruz Llave","3","4","/detalle/41032-73-58d4222b1a94-bf3a-1942454-b14c-7596"
"Casa en Venta en Xana","$ 1,600,000","106 m²","Xana, Veracruz, Veracruz Llave","3","3","/detalle/41032-73-d7bb02817db2-e5-193b41a-be5a-770b"
"Casa en Venta en Maver","$ 1,500,000","180 m²","Maver, Xalapa, Veracruz Llave","2","3","/detalle/41032-73-3a4d084ad50f-be45-197ced0-9f38-7149"
"Casa en Venta en Jalapa Enríquez Centro","$ 12,307,000","533 m²","Jalapa Enríquez Centro, Xalapa, Veracruz Llave","2","3","/detalle/41032-73-74898bb05484-39ad-195b9b3-a3f7-7423"
"Casa en Venta en El Mirador","$ 1,700,000","No disponible","El Mirador, Xalapa, Veracruz Llave","4","4","/detalle/41032-73-660b9b031ee0-7312-194df2f-a28e-7561"
"Casa en Venta en El Grande","$ 2,800,000","146 m²","El Grande, Coatepec, Veracruz Llave","3","3","/detalle/41032-73-d11aac97c836-3b68-194dc29-87e0-72c1"
"Casa en Venta en Coatepec Centro","$ 2,300,000","194 m²","Coatepec Centro, Coatepec, Veracruz Llave","3","3","/detalle/41032-73-5fd89b1472b7-f229-1942a8c-9d8a-781f"
"Casa en Venta en Jalapa Enríquez Centro","$ 1,200,000","82 m²","Jalapa Enríquez Centro, Xalapa, Veracruz Llave","1","3","/detalle/41032-73-5f61b957b981-2460-1939a59-a748-712b"
"Casa en Venta en Banderilla Centro","$ 5,300,000","400 m²","Banderilla Centro, Banderilla, Veracruz Llave","2","3","/detalle/41032-73-b38c5c045c81-9c19-f775ee7c-b642-3997"
"Casa en Venta en Xana","$ 1,891,000","97 m²","Xana, Veracruz, Veracruz Llave","2","3","/detalle/41032-73-1b90f55753bf-8dd4-d99bbac4-9bd5-363c"
"Casa en Venta en Jalapa Enríquez Centro","$ 2,775,000","235 m²","Jalapa Enríquez Centro, Xalapa, Veracruz Llave","4","5","/detalle/41032-73-3f8af234eff5-87ca-1977c4b-8a1d-7d82"
"Casa en Venta en Veracruz Centro","$ 2,379,300","96 m²","Veracruz Centro, Veracruz, Veracruz Llave","2","2","/detalle/41032-73-60b26a97df62-8769-194df2c-aac0-7bf8"
"Casa en Venta en Emiliano Zapata","$ 8,600,000","No disponible","Emiliano Zapata, Xalapa, Veracruz Llave","4","4","/detalle/41032-73-4ed7a321df96-51cb-194dbab-b84a-72d5"
"Casa en Venta en Francisco Ferrer Guardia","$ 510,000","585 m²","Francisco Ferrer Guardia, Orizaba, Veracruz Llave","3","4","/detalle/41032-73-8a5b459b09f9-7c1e-194d2d4-893d-77bf"
"Casa en Venta en Miradores Del Mar","$ 3,200,000","No disponible","Miradores Del Mar, Emiliano Zapata, Veracruz Llave","2","3","/detalle/41032-73-1fd9ab77cb3c-1110-1942673-b10b-7cf9"
"Casa en Venta en Emiliano Zapata","$ 3,200,000","158 m²","Emiliano Zapata, Emiliano Zapata, Veracruz Llave","2","4","/detalle/41032-73-32ee869fccf1-5d4c-1907702-ae89-752e"
"Casa en Venta en Xico","$ 2,800,000","425 m²","Xico, Xico, Veracruz Llave","3","3","/detalle/41032-73-ff7d42b753c4-c169-7fbc7d59-b579-402f"
"Casa en Venta en Unidad Del Bosque Pensiones","$ 2,500,000","229 m²","Unidad Del Bosque Pensiones, Xalapa, Veracruz Llave","1","3","/detalle/41032-73-b0aa27635168-aed6-194df3b-ad37-7aa8"
"Casa en Venta en El Mirador","$ 2,830,000","160 m²","El Mirador, Xalapa, Veracruz Llave","2","3","/detalle/41032-73-2c960dfccc99-2fec-194ddac-a9bc-7b4e"
"Casa en Venta en Banderilla Centro","$ 1,750,000","No disponible","Banderilla Centro, Banderilla, Veracruz Llave","2","4","/detalle/41032-73-4b898f50a165-6773-19424db-8ac7-7f72"
"Casa en Venta en Jose Cardel","$ 2,300,009","280 m²","Jose Cardel, Xalapa, Veracruz Llave","1","2","/detalle/41032-73-7f1c2171f75a-abe3-19424a5-b32c-7ea9"
"Casa en Venta en Benito Juárez","$ 15,000,000","1,676 m²","Benito Juárez, Xalapa, Veracruz Llave","2","No disponible","/detalle/41032-73-28f31cd7d3a9-3b92-192c775-bc17-7924"
"Casa en Venta en Francisco Ferrer Guardia","$ 6,500,000","642 m²","Francisco Ferrer Guardia, Xalapa, Veracruz Llave","1","No disponible","/detalle/41032-73-f3da4ec4e13c-1c69-192c76b-b7e2-77cf"
"Casa en Venta en La Tampiquera","$ 530,000","240 m²","La Tampiquera, Boca del Río, Veracruz Llave","3","4","/detalle/41032-73-da7e0f6a6462-618b-194f183-a13b-7166"
"Casa en Venta en Ignacio Zaragoza","$ 610,000","260 m²","Ignacio Zaragoza, Veracruz, Veracruz Llave","2","4","/detalle/41032-73-4e8b9bcb775a-b5df-194fb72-9aa1-8041"
"Casa en Venta en Reforma","$ 600,000","250 m²","Reforma, Veracruz, Veracruz Llave","2","3","/detalle/41032-73-55fcd840d367-ef4b-193464e-b11e-7054"
"Casa en Venta en Acueducto Animas","$ 5,791,758","458 m²","Acueducto Animas, Xalapa, Veracruz Llave","3","3","/detalle/41032-73-1e778ec3193f-6497-1977e88-97ae-7446"
"Casa en Venta en Residencial Monte Magno","$ 430,000","380 m²","Residencial Monte Magno, Xalapa, Veracruz Llave","3","4","/detalle/41032-73-9b26031d0115-524-196029e-b58f-79e6"
"Casa en Venta en Anáhuac","$ 550,000","360 m²","Anáhuac, Xalapa, Veracruz Llave","3","4","/detalle/41032-73-df45dfa36a42-d59-1935051-b11e-7054"
"Casa en Venta en Mariano Escobedo","$ 380,000","160 m²","Mariano Escobedo, Veracruz Llave","2","3","/detalle/41032-73-af47f147bab7-6f61-19206db-a42d-7f29"
"Casa en Venta en Costa de Oro 1a Secc","$ 650,000","260 m²","Costa de Oro 1a Secc, Boca del Río, Veracruz Llave","3","4","/detalle/41032-73-6d8541fd8093-186f-19365b1-b11f-7054"
"Casa en Venta en Residencial Monte Magno","$ 490,000","260 m²","Residencial Monte Magno, Xalapa, Veracruz Llave","2","3","/detalle/41032-73-8033815f1020-a0e8-1939e35-bfa3-7af4"
"Casa en Venta en Fuentes de Las Ánimas","$ 580,000","260 m²","Fuentes de Las Ánimas, Xalapa, Veracruz Llave","2","3","/detalle/41032-73-72198267c648-97cf-1936ab6-b11f-7054"
"Casa en Fraccionamiento en Venta en El Colorado","$ 2,850,000","228 m²","El Colorado, Coatzacoalcos, Veracruz Llave","4","3","/detalle/41032-73-9c9a5c0e4096-131-c0a4f131-86e6-39ea"
"Casa en Venta en Ejido Primero de Mayo Sur","$ 3,500,000","250 m²","Ejido Primero de Mayo Sur, Boca del Río, Veracruz Llave","3","3","/detalle/41032-73-f44875246c44-310-19525a8-b63c-7406"
"Casa en Fraccionamiento en Venta en El Colorado","$ 3,950,000","315 m²","El Colorado, Coatzacoalcos, Veracruz Llave","4","3","/detalle/41032-73-a75208f78ad9-fd11-abfebfdc-a940-3afc"
"Casa en Venta en El Colorado","$ 3,750,000","251 m²","El Colorado, Coatzacoalcos, Veracruz Llave","3","3","/detalle/41032-73-d009cb6463d2-934-6c607341-aa41-3b38"
"Casa en Venta en El Colorado","$ 5,155,000","279 m²","El Colorado, Coatzacoalcos, Veracruz Llave","4","3","/detalle/41032-73-16f89a8ea5d6-e4ff-60173665-8eeb-39bc"
"Casa en Venta en Adolfo Lopez Mateos","$ 2,700,000","No disponible","Adolfo Lopez Mateos, Veracruz, Veracruz Llave","2","2","/detalle/41032-73-3b39ff14f3c8-3cf0-1970a51-b482-7a3b"
"Casa en Fraccionamiento en Venta en Boca Del Rio Centro","$ 2,995,000","200 m²","Boca Del Rio Centro, Boca del Río, Veracruz Llave","3","3","/detalle/41032-73-5f193ac02db5-4a7-f5301696-bd29-36d7"
"Casa en Fraccionamiento en Venta en Ricardo Flores Magon","$ 1,650,000","150 m²","Ricardo Flores Magon, Boca del Río, Veracruz Llave","2","4","/detalle/41032-73-b4a345c719cc-16b8-8810ae72-92d3-30ab"
"Casa en Venta en El Olmo","$ 3,600,000","252 m²","El Olmo, Xalapa, Veracruz Llave","4","3","/detalle/41032-73-46c294596c48-d81e-222606e3-b2c3-3960"
"Casa en Venta en Las Vegas II","$ 1,350,000","120 m²","Las Vegas II, Boca del Río, Veracruz Llave","1","2","/detalle/41032-73-534094432147-6b2d-194419a-9a1b-79e0"
"Casa en Venta en Lomas del Sol","$ 4,500,000","265 m²","Lomas del Sol, Alvarado, Veracruz Llave","4","3","/detalle/41032-73-1ff95321a8f4-cff7-f10c2daa-af7d-37af"
"Casa en Venta en Ricardo Flores Magon","$ 2,990,000","190 m²","Ricardo Flores Magon, Veracruz, Veracruz Llave","3","3","/detalle/41032-73-7a25a6a316ce-736f-cd932982-b8ce-317e"
"Casa en Venta en Primero de Mayo","$ 2,900,000","264 m²","Primero de Mayo, Veracruz, Veracruz Llave","3","4","/detalle/41032-73-102e07948bbb-518d-bd2309f7-96c0-3739"
"Casa en Venta en Emiliano Zapata","$ 3,100,000","209 m²","Emiliano Zapata, Emiliano Zapata, Veracruz Llave","3","3","/detalle/41032-73-aaa292f78896-8986-a8ea893f-98d6-3ae5"
"Casa en Venta en Costa de Oro 1a Secc","$ 5,740,000","285 m²","Costa de Oro 1a Secc, Boca del Río, Veracruz Llave","5","3","/detalle/41032-73-a179d695277-437c-8dbac13c-b5f1-3fc4"
"Casa en Fraccionamiento en Venta en Ciénega Del Sur","$ 4,850,000","246 m²","Ciénega Del Sur, Alvarado, Veracruz Llave","4","3","/detalle/41032-73-bf78df020216-9324-8a3fc223-a4a7-3bae"
"Casa en Fraccionamiento en Venta en Las Lomas","$ 4,200,000","265 m²","Las Lomas, Alvarado, Veracruz Llave","5","3","/detalle/41032-73-1dafdc85d537-78e1-dcc4fe50-993f-3b21"
"Casa en Venta en El Grande","$ 4,700,000","265 m²","El Grande, Coatepec, Veracruz Llave","4","3","/detalle/41032-73-14be81ca6cfc-1c9f-d9d7fbeb-8184-335a"
"Casa en Fraccionamiento en Venta en El Colorado","$ 4,500,000","302 m²","El Colorado, Coatzacoalcos, Veracruz Llave","7","4","/detalle/41032-73-8d949c475b77-adfd-86c360c4-ba75-3c25"
"Casa en Venta en Formando Hogar","$ 620,000","57 m²","Formando Hogar, Veracruz, Veracruz Llave","2","2","/detalle/41032-73-58525d894755-d41a-7a1da620-9cda-3154"
"Casa en Venta en Chalchihuecan","$ 629,000","57 m²","Chalchihuecan, Veracruz, Veracruz Llave","2","2","/detalle/41032-73-ba203bcb93bf-6cdb-3071c331-a864-3108"
"Casa en Venta en Lomas de la Rioja","$ 3,190,000","245 m²","Lomas de la Rioja, Alvarado, Veracruz Llave","4","3","/detalle/41032-73-8dd9fdae87ed-71d7-f5213488-afbc-3df5"
"Casa en Fraccionamiento en Venta en Chalchihuecan","$ 861,000","75 m²","Chalchihuecan, Veracruz, Veracruz Llave","2","2","/detalle/41032-73-bc53b7a78ca2-378d-aeca6c4f-9a11-3a04"
"Casa en Venta en El Colorado","$ 4,150,000","270 m²","El Colorado, Coatzacoalcos, Veracruz Llave","4","3","/detalle/41032-73-5ed65d2a514-9d27-a35062f9-834a-3837"
"Casa en Fraccionamiento en Venta en Ciénega Del Sur","$ 5,500,000","360 m²","Ciénega Del Sur, Alvarado, Veracruz Llave","5","3","/detalle/41032-73-4cd0afd8e51a-b72d-8205da20-8476-3e7b"
"Casa en Fraccionamiento en Venta en El Colorado","$ 2,870,000","230 m²","El Colorado, Coatzacoalcos, Veracruz Llave","3","3","/detalle/41032-73-9f3bc629cb49-10b1-57a55a5a-8c7d-36f8"
"Casa en Venta en El Olmo","$ 3,450,000","235 m²","El Olmo, Xalapa, Veracruz Llave","4","3","/detalle/41032-73-321d00d832f8-5c1-572d719c-a5b0-3951"
"Casa en Fraccionamiento en Venta en Mata de Pita","$ 1,390,000","130 m²","Mata de Pita, Veracruz, Veracruz Llave","2","2","/detalle/41032-73-791659865b2b-d1c2-365b5480-ab40-480c"
"Casa en Venta en San Jose Novillero","$ 2,280,000","130 m²","San Jose Novillero, Boca del Río, Veracruz Llave","1","3","/detalle/41032-73-e79c97ea92b7-8ec2-197882e-99b8-732b"
"Casa en Condominio en Venta en Agrícola","$ 38,000,000","737 m²","Agrícola, Xalapa, Veracruz Llave","6","5","/detalle/41032-73-cd9a2266e1-8e48-192c173-a14a-7684"
"Casa en Venta en Veracruz Centro","$ 5,190,000","440 m²","Veracruz Centro, Veracruz, Veracruz Llave","4","4","/detalle/41032-73-9a31f874cc03-728a-ede24fdb-8175-3405"
"Casa en Venta en Ciénega Del Sur","$ 8,300,000","430 m²","Ciénega Del Sur, Alvarado, Veracruz Llave","5","4","/detalle/41032-73-f0552e122b8e-aa45-e3289656-80ba-3e79"
"Casa en Fraccionamiento en Venta en El Grande","$ 2,700,000","155 m²","El Grande, Coatepec, Veracruz Llave","4","3","/detalle/41032-73-d3d39af6c76c-7a7f-c39dedbd-a749-3cae"
"Casa en Venta en Veracruz Centro","$ 3,750,000","301 m²","Veracruz Centro, Veracruz, Veracruz Llave","3","5","/detalle/41032-73-3ce7b553f447-d232-b7ded0a7-96ca-3a10"
"Casa en Venta en Condado Valle Dorado","$ 980,000","140 m²","Condado Valle Dorado, Veracruz, Veracruz Llave","2","4","/detalle/41032-73-8ab441fedb7b-9a44-aa9f4b83-8b99-343e"
"Casa en Fraccionamiento en Venta en El Colorado","$ 4,150,000","270 m²","El Colorado, Coatzacoalcos, Veracruz Llave","4","3","/detalle/41032-73-6f867b56f9c6-8dfe-a2674f53-b39f-3b21"
"Casa en Fraccionamiento en Venta en Fernando Gutierrez Barrios","$ 2,100,000","120 m²","Fernando Gutierrez Barrios, Boca del Río, Veracruz Llave","4","3","/detalle/41032-73-b963fb20660b-fac2-9a477409-a3ef-3e9b"
"Casa en Fraccionamiento en Venta en Villas Del Alvarado","$ 2,900,000","208 m²","Villas Del Alvarado, Alvarado, Veracruz Llave","3","3","/detalle/41032-73-4b12e3aa2aa8-4434-91624c82-833a-3b0c"
"Casa en Fraccionamiento en Venta en El Colorado","$ 2,980,000","300 m²","El Colorado, Coatzacoalcos, Veracruz Llave","4","3","/detalle/41032-73-8bf93090ebc-bb58-8024c6b4-9aa2-3701"
"Casa en Fraccionamiento en Venta en El Colorado","$ 3,170,000","240 m²","El Colorado, Coatzacoalcos, Veracruz Llave","4","3","/detalle/41032-73-82726ad1cbab-ce7a-524fba23-a7e5-31b9"
"Casa en Venta en Jardines de Virginia","$ 4,999,000","160 m²","Jardines de Virginia, Boca del Río, Veracruz Llave","3","4","/detalle/41032-73-29caad93886d-568-30a3f6a9-ba0b-3e82"
"Casa en Fraccionamiento en Venta en La Pochota","$ 1,643,000","110 m²","La Pochota, Veracruz, Veracruz Llave","3","3","/detalle/41032-73-a2b3ebe4d19d-ff91-fc3a3a09-a653-3366"
"Casa en Fraccionamiento en Venta en El Colorado","$ 2,890,000","228 m²","El Colorado, Coatzacoalcos, Veracruz Llave","5","3","/detalle/41032-73-cc455517aba7-3327-da02bdee-9594-3a37"
"Casa en Venta en El Grande","$ 3,700,000","260 m²","El Grande, Coatepec, Veracruz Llave","5","4","/detalle/41032-73-e323ff0ef64e-bf7-dc9984cd-ac62-30f7"
"Casa en Fraccionamiento en Venta en El Colorado","$ 4,500,000","380 m²","El Colorado, Coatzacoalcos, Veracruz Llave","5","3","/detalle/41032-73-289df2951241-3dd3-aad2f4f1-945e-39fb"
"Casa en Fraccionamiento en Venta en El Colorado","$ 3,900,000","278 m²","El Colorado, Coatzacoalcos, Veracruz Llave","4","3","/detalle/41032-73-d1c0cf2f35e0-fb2c-77e2fc95-a442-3758"
"Casa en Venta en Amapolas I","$ 1,600","117 m²","Amapolas I, Veracruz, Veracruz Llave","3","3","/detalle/41032-73-ee4924610c0f-3234-60af8849-8d1f-3548"
"Casa en Fraccionamiento en Venta en El Colorado","$ 3,650,000","255 m²","El Colorado, Coatzacoalcos, Veracruz Llave","5","4","/detalle/41032-73-3b10f67eefe5-8baf-4846c471-80a5-3e90"
"Casa en Venta en Valente Diaz","$ 780,000","55 m²","Valente Diaz, Veracruz, Veracruz Llave","1","2","/detalle/41032-73-4ddbb154050f-4648-196aabd-b375-76a7"
"Casa en Venta en El Coyol","$ 1,370,000","120 m²","El Coyol, Veracruz, Veracruz Llave","1","2","/detalle/41032-73-ef48477c5328-ef6-1944137-9430-71a4"
"Casa en Venta en El Morro las Colonias","$ 2,100,000","141 m²","El Morro las Colonias, Boca del Río, Veracruz Llave","2","3","/detalle/41032-73-70ebf0419b34-a9a-f3d30c38-aadd-3d0f"
"Casa en Fraccionamiento en Venta en Playa de Oro","$ 2,150,000","134 m²","Playa de Oro, Boca del Río, Veracruz Llave","2","2","/detalle/41032-73-631a85e6feb7-41e0-ec93a660-a8df-3a66"
"Casa en Fraccionamiento en Venta en Jardines de Virginia","$ 3,480,000","200 m²","Jardines de Virginia, Boca del Río, Veracruz Llave","4","3","/detalle/41032-73-310e35907d85-c828-de6d959d-93aa-333a"
"Casa en Venta en Articulo 123","$ 1,999,000","10 m²","Articulo 123, Veracruz, Veracruz Llave","4","4","/detalle/41032-73-86754c4f473-8be9-d65a4127-a992-32a3"
"Casa en Venta en El Colorado","$ 4,400,000","319 m²","El Colorado, Coatzacoalcos, Veracruz Llave","5","3","/detalle/41032-73-9d70cebf320d-e798-5ec134f6-991b-3cff"
"Casa en Venta en Buenavista Infonavit","$ 650,000","81 m²","Buenavista Infonavit, Veracruz, Veracruz Llave","1","2","/detalle/41032-73-58c767ff14cb-db22-4d797f9f-9fb7-3a22"
"Casa en Venta en Chapultepec","$ 2,100,000","140 m²","Chapultepec, Veracruz, Veracruz Llave","3","3","/detalle/41032-73-9e14b79902e8-2241-c3ffdf1b-ae11-3da7"
"Casa en Venta en Ignacio Zaragoza","$ 1,850,000","190 m²","Ignacio Zaragoza, Veracruz, Veracruz Llave","3","3","/detalle/41032-73-ff899c08fe51-d350-9bb0f9cd-b730-3eb4"
"Casa en Venta en Ignacio Zaragoza","$ 3,400,000","200 m²","Ignacio Zaragoza, Veracruz, Veracruz Llave","2","3","/detalle/41032-73-94dfb8ff8f9a-b640-6dc2e729-a5c9-3ff5"
"Casa en Venta en Adalberto Tejeda","$ 2,200,000","320 m²","Adalberto Tejeda, Boca del Río, Veracruz Llave","3","2","/detalle/41032-73-c6e5558dd3ff-8bbf-5a93059a-87ae-3e9a"
"Casa en Fraccionamiento en Venta en Maver","$ 1,530,000","105 m²","Maver, Xalapa, Veracruz Llave","3","3","/detalle/41032-73-27fdeb306c8-361c-273e960d-8e23-3c5f"
"Casa en Venta en Fernando Gutierrez Barrios","$ 2,350,000","91 m²","Fernando Gutierrez Barrios, Boca del Río, Veracruz Llave","2","2","/detalle/41032-73-fab517afa9e7-45ee-a9dc753-8b97-36d6"
"Casa en Venta en Fuentes de Coatepec","$ 1,880,000","135 m²","Fuentes de Coatepec, Coatepec, Veracruz Llave","3","3","/detalle/41032-73-6b540c3c9c6c-34a9-1913f27-ac15-7057"
"Casa en Fraccionamiento en Venta en El Grande","$ 4,650,000","320 m²","El Grande, Coatepec, Veracruz Llave","3","4","/detalle/41032-73-1ef318ea82fc-630c-f4984316-b8c6-3914"
"Casa en Venta en Adalberto Tejeda","$ 1,850,000","188 m²","Adalberto Tejeda, Boca del Río, Veracruz Llave","3","3","/detalle/41032-73-189bb2d0e5d-8178-c139ef99-af93-310f"
"Casa en Fraccionamiento en Venta en El Colorado","$ 3,875,000","229 m²","El Colorado, Coatzacoalcos, Veracruz Llave","4","3","/detalle/41032-73-78ca179f140f-5eec-88f260a0-91b9-31e1"
"Casa en Venta en Reforma","$ 3,700,000","211 m²","Reforma, Veracruz, Veracruz Llave","3","2","/detalle/41032-73-58142badda57-d542-86793b1e-a70f-3494"
"Casa en Venta en El Morro las Colonias","$ 19,500,000","550 m²","El Morro las Colonias, Boca del Río, Veracruz Llave","5","4","/detalle/41032-73-d8d7c67d2a7-f1da-30242268-b445-3823"
"Casa en Fraccionamiento en Venta en Floresta","$ 2,390,000","240 m²","Floresta, Veracruz, Veracruz Llave","3","4","/detalle/41032-73-720a0e5cd80e-5c40-19689bd-8eee-715d"
"Casa en Venta en Piletas","$ 1,650,000","10 m²","Piletas, Rafael Lucio, Veracruz Llave","1","1","/detalle/41032-73-d4f13f8e1aba-70c8-19551b3-a371-7ebd"
"Casa en Fraccionamiento en Venta en Villas Del Alvarado","$ 9,850,000","535 m²","Villas Del Alvarado, Alvarado, Veracruz Llave","6","4","/detalle/41032-73-46e32947aa0b-9d08-fb68f911-af23-3d0f"
"Casa en Fraccionamiento en Venta en El Colorado","$ 3,875,000","229 m²","El Colorado, Coatzacoalcos, Veracruz Llave","4","3","/detalle/41032-73-d8f6ef4ddd10-3692-f8fe9daa-8e4f-3391"
"Casa en Venta en Lazaro Cardenas","$ 3,900,000","245 m²","Lazaro Cardenas, Boca del Río, Veracruz Llave","5","3","/detalle/41032-73-4af3af19be53-b7b9-f5141ba0-aa33-3a50"
"Casa en Venta en Ciénega Del Sur","$ 5,000,000","362 m²","Ciénega Del Sur, Alvarado, Veracruz Llave","4","3","/detalle/41032-73-f1d29a51a02c-429-b85f8797-9d4f-324c"
"Casa en Venta en Fernando Gutierrez Barrios","$ 2,150,000","140 m²","Fernando Gutierrez Barrios, Boca del Río, Veracruz Llave","2","3","/detalle/41032-73-75d9c1e11acb-10038-b1fd34b3-8853-3939"
"Casa en Fraccionamiento en Venta en Jardines de Virginia","$ 3,498,000","226 m²","Jardines de Virginia, Boca del Río, Veracruz Llave","4","4","/detalle/41032-73-6ac3f08fdf22-fb79-8903c401-9278-4265"
"Casa en Fraccionamiento en Venta en El Morro las Colonias","$ 1,655,000","126 m²","El Morro las Colonias, Boca del Río, Veracruz Llave","3","3","/detalle/41032-73-2d7a0487749e-c44f-a6d7bb6-b423-3a82"
"Casa en Venta en Residencial Monte Magno","$ 320,000","240 m²","Residencial Monte Magno, Xalapa, Veracruz Llave","2","3","/detalle/41032-73-153dd437965b-a3fe-196a913-bbef-75a7"
"Casa en Venta en Ricardo Flores Magon","$ 1,690,000","126 m²","Ricardo Flores Magon, Boca del Río, Veracruz Llave","3","3","/detalle/41032-73-58a4a70efe76-4afb-e49f843c-9d2b-355e"
"Casa en Venta en Reforma","$ 2,875,000","190 m²","Reforma, Veracruz, Veracruz Llave","4","3","/detalle/41032-73-7ffb3fb19f84-8bf5-d7af75c0-bfbd-3e3b"
"Casa en Venta en Adalberto Tejeda","$ 2,280,000","160 m²","Adalberto Tejeda, Boca del Río, Veracruz Llave","3","3","/detalle/41032-73-24fc21e40e15-8d9e-21033d39-88ba-3fe2"
"Casa en Venta en Chivería Infonavit","$ 1,800,000","155 m²","Chivería Infonavit, Veracruz, Veracruz Llave","2","4","/detalle/41032-73-346da50e9241-36be-1922e53-a053-7099"
"Casa en Fraccionamiento en Venta en Lomas de la Rioja","$ 2,690,000","217 m²","Lomas de la Rioja, Alvarado, Veracruz Llave","4","3","/detalle/41032-73-94b91c785404-151c-faec5bbe-b9b8-3ff1"
"Casa en Venta en El Morro las Colonias","$ 2,100,000","141 m²","El Morro las Colonias, Boca del Río, Veracruz Llave","3","3","/detalle/41032-73-8e87b0db327c-1f77-f29925f2-bf54-3e6e"
"Casa en Fraccionamiento en Venta en El Grande","$ 3,500,000","220 m²","El Grande, Coatepec, Veracruz Llave","5","3","/detalle/41032-73-cbd42cf70b2-1f6d-e9424894-82ec-3495"
"Casa en Venta en Ignacio Zaragoza","$ 3,200,000","204 m²","Ignacio Zaragoza, Veracruz, Veracruz Llave","4","4","/detalle/41032-73-8f1f6ea320a6-6da1-7b259f80-b539-3e2a"
"Casa en Fraccionamiento en Venta en El Colorado","$ 14,950,000","596 m²","El Colorado, Coatzacoalcos, Veracruz Llave","5","4","/detalle/41032-73-c94bd90aeee8-c865-6c4e446d-9236-32c8"
"Casa en Venta en Revolucion","$ 2,825,000","235 m²","Revolucion, Boca del Río, Veracruz Llave","4","3","/detalle/41032-73-611e984bac4e-a967-1abfbe52-ad54-37b6"
"Casa en Fraccionamiento en Venta en Lomas de la Rioja","$ 2,900,000","209 m²","Lomas de la Rioja, Alvarado, Veracruz Llave","4","3","/detalle/41032-73-52cf301170ef-8a73-fd7ec206-8b3f-36ef"
"Casa en Venta en Ricardo Flores Magon","$ 3,800,000","220 m²","Ricardo Flores Magon, Boca del Río, Veracruz Llave","4","3","/detalle/41032-73-e0edc1a67a64-fe2-ea91e54c-a941-3168"
"Casa en Venta en Floresta","$ 2,590,000","233 m²","Floresta, Veracruz, Veracruz Llave","3","3","/detalle/41032-73-488d6905f8b3-8aa3-d656f2c7-8aaa-381c"
"Casa en Venta en Jalcomulco","$ 6,400,000","438 m²","Jalcomulco, Jalcomulco, Veracruz Llave","3","3","/detalle/41032-73-6882988daaed-747-d39e56a1-b89e-337a"
"Casa en Venta en Ricardo Flores Magon","$ 3,750,000","280 m²","Ricardo Flores Magon, Boca del Río, Veracruz Llave","5","4","/detalle/41032-73-a396f38bf0eb-84f-ba9f5477-831b-3fba"
"Casa en Fraccionamiento en Venta en Vista Alegre","$ 1,650,000","150 m²","Vista Alegre, Boca del Río, Veracruz Llave","2","3","/detalle/41032-73-ec0e184633c2-8642-8ea821c1-b1d2-3e86"
"Casa en Venta en Fernando Gutierrez Barrios","$ 2,500,000","200 m²","Fernando Gutierrez Barrios, Boca del Río, Veracruz Llave","3","3","/detalle/41032-73-81dfffc4a120-3959-448fb755-868b-364f"
"Casa en Fraccionamiento en Venta en Villas Del Alvarado","$ 5,600,000","300 m²","Villas Del Alvarado, Alvarado, Veracruz Llave","5","3","/detalle/41032-73-f23e6515458c-c45e-39b5e82d-b1b8-3fb8"
"Casa en Venta en Reserva Tarimoya I","$ 1,400,000","130 m²","Reserva Tarimoya I, Veracruz, Veracruz Llave","1","2","/detalle/41032-73-138c026d208b-40ea-197f45f-ac35-74a9"
"Casa en Fraccionamiento en Venta en Ciénega Del Sur","$ 4,850,000","265 m²","Ciénega Del Sur, Alvarado, Veracruz Llave","4","3","/detalle/41032-73-ec19b23d699d-4783-46f4f348-98ab-3e5a"
"Casa en Fraccionamiento en Venta en Ricardo Flores Magon","$ 1,820,000","112 m²","Ricardo Flores Magon, Boca del Río, Veracruz Llave","3","3","/detalle/41032-73-e279f021a8d-70fa-1ba2936d-bb08-3a2b"
"Casa en Venta en La Nueva Victoria","$ 7,500,000","321 m²","La Nueva Victoria, San Andrés Tuxtla, Veracruz Llave","No disponible","3","/detalle/41032-73-3e7a8729bd50-4b53-fe45333-ac08-4fb0"
"Casa en Fraccionamiento en Venta en Ricardo Flores Magon","$ 2,770,000","177 m²","Ricardo Flores Magon, Boca del Río, Veracruz Llave","3","3","/detalle/41032-73-97b584670ea5-30f9-74a077e7-a327-30d9"
"Casa en Condominio en Venta en Playa de La Libertad","$ 2,200,000","No disponible","Playa de La Libertad, Alvarado, Veracruz Llave","2","3","/detalle/41032-73-99be36d201-866c-56e6375a-9e88-31c1"
"Casa en Venta en Fuentes de Las Ánimas","$ 6,500,000","10 m²","Fuentes de Las Ánimas, Xalapa, Veracruz Llave","4","4","/detalle/41032-73-839a3c500e32-d89-1771d9f1-8690-3f37"
"Casa en Venta en Chivería Infonavit","$ 2,950,000","155 m²","Chivería Infonavit, Veracruz, Veracruz Llave","2","4","/detalle/41032-73-277dc7283a75-894a-1929a79-b382-73db"
"Casa en Venta en Mata Redonda","$ 1,600,000","10 m²","Mata Redonda, Tierra Blanca, Veracruz Llave","2","4","/detalle/41032-73-25e794be3b86-8bc-67c9a784-b330-3b02"
"Casa en Venta en Los Pinos","$ 2,350,000","300 m²","Los Pinos, Veracruz, Veracruz Llave","3","5","/detalle/41032-73-865dd76322e9-5479-18fd8f1-b7f9-75a8"
"Casa en Fraccionamiento en Venta en Tulipanes de Las Ánimas","$ 16,000,000","1,200 m²","Tulipanes de Las Ánimas, Xalapa, Veracruz Llave","No disponible","No disponible","/detalle/41032-73-37737396d8fa-7550-154a8df-843e-4db4"
"Casa en Venta en La Nueva Victoria","$ 6,100,000","200 m²","La Nueva Victoria, San Andrés Tuxtla, Veracruz Llave","No disponible","3","/detalle/41032-73-877e6e84f2bc-f904-33e60c9d-bf97-48ce"
"Casa en Venta en Lomas Del Rio Medio","$ 1,400,000","10 m²","Lomas Del Rio Medio, Veracruz, Veracruz Llave","3","3","/detalle/41032-73-5e78ff662187-b01a-edb7e00d-bb89-3a33"
"Casa en Venta en Lomas del Tejar","$ 689,000","362 m²","Lomas del Tejar, Xalapa, Veracruz Llave","3","5","/detalle/41032-73-e1b75551e50b-1552-19733f5-85ff-7161"
"Casa en Venta en Coatzacoalcos Centro","$ 424,000","208 m²","Coatzacoalcos Centro, Coatzacoalcos, Veracruz Llave","2","3","/detalle/41032-73-d86159beb774-b40e-19733ea-85ff-7161"
"Casa en Venta en Residencial Monte Magno","$ 430,000","380 m²","Residencial Monte Magno, Xalapa, Veracruz Llave","2","4","/detalle/41032-73-f75af91f308f-84b6-191a4be-9b4e-7d0d"
"Casa en Venta en El Conchal","$ 6,800,000","381 m²","El Conchal, Alvarado, Veracruz Llave","No disponible","4","/detalle/41032-73-4ea93323878-be3f-b3ef3d43-b42a-4f3c"
"Casa en Venta en Jardines de Virginia","$ 2,950,000","129 m²","Jardines de Virginia, Boca del Río, Veracruz Llave","1","3","/detalle/41032-73-edbcf3b2a453-81a-1966a9f-a4eb-7bff"
"Casa en Venta en Morada del Quetzal","$ 2,850,000","212 m²","Morada del Quetzal, Emiliano Zapata, Veracruz Llave","2","3","/detalle/41032-73-f7a18175ef15-8990-5506b29b-ae65-3a76"
"Casa en Venta en Costa de Oro 1a Secc","$ 750,000","700 m²","Costa de Oro 1a Secc, Boca del Río, Veracruz Llave","3","4","/detalle/41032-73-2e52d6a4f5e8-e96-1924ed4-88e2-77bd"
"Casa en Venta en Bellavista","$ 4,200,000","217 m²","Bellavista, Xalapa, Veracruz Llave","4","4","/detalle/41032-73-d7d56fcfe0-e12b-197eadc-95bd-770b"
"Casa en Venta en Indeco Animas","$ 550,000","260 m²","Indeco Animas, Xalapa, Veracruz Llave","3","4","/detalle/41032-73-5612da590a77-d4ea-191a4cf-8ae7-7490"
"Casa en Venta en Emiliano Zapata","$ 2,850,000","212 m²","Emiliano Zapata, Emiliano Zapata, Veracruz Llave","2","3","/detalle/41032-73-bb436593ae51-5b69-d9a2c0b5-a8dd-3a1c"
"Casa en Venta en Nuevo Coapexpan","$ 1,800,000","200 m²","Nuevo Coapexpan, Xalapa, Veracruz Llave","2","3","/detalle/41032-73-a70a46b0194b-2831-607effe8-b75c-3207"
"Casa en Venta en Cañada de Las Ánimas","$ 4,200,000","370 m²","Cañada de Las Ánimas, Xalapa, Veracruz Llave","3","4","/detalle/41032-73-7476676d74ba-3370-55d45320-8c76-3eaf"
"Casa en Venta en Fuentes de Las Ánimas","$ 3,685,000","223 m²","Fuentes de Las Ánimas, Xalapa, Veracruz Llave","3","3","/detalle/41032-73-39dfc1454cfb-4746-194d42d-a4e6-78d9"
"Casa en Venta en Jardines de Las Ánimas","$ 4,300,000","354 m²","Jardines de Las Ánimas, Xalapa, Veracruz Llave","3","5","/detalle/41032-73-e1c87deddac1-7a81-bc9b386c-8be6-30ed"
"Casa en Venta en Tulipanes de Las Ánimas","$ 17,500,000","1,087 m²","Tulipanes de Las Ánimas, Xalapa, Veracruz Llave","4","4","/detalle/41032-73-36ea68a6067-96c9-9ee1ba4c-bc9b-3f48"
"Casa en Venta en Fuentes de Las Ánimas","$ 6,700,000","598 m²","Fuentes de Las Ánimas, Xalapa, Veracruz Llave","5","4","/detalle/41032-73-f4e8579d741d-e23f-3c71761a-a143-38a1"
"Casa en Venta en Coatepec Centro","$ 2,100,000","No disponible","Coatepec Centro, Coatepec, Veracruz Llave","2","2","/detalle/41032-73-6e492d5f49b6-b019-1ea70354-8dcc-36d1"
"Casa en Venta en Las Trancas","$ 3,700,000","200 m²","Las Trancas, Emiliano Zapata, Veracruz Llave","3","3","/detalle/41032-73-91ad6f305eb3-efa7-7d6a159d-8dfb-3cf1"
"Casa en Venta en Puente Nacional","$ 2,300,000","155 m²","Puente Nacional, Puente Nacional, Veracruz Llave","2","3","/detalle/41032-73-4666604d2633-f6ed-462e950-b8bc-399d"
"Casa en Venta en Del Moral","$ 2,100,000","150 m²","Del Moral, Xalapa, Veracruz Llave","1","3","/detalle/41032-73-5254064e4bc7-dbb6-197ac86-aac2-7942"
"Casa en Venta en Indeco Animas","$ 3,320,000","215 m²","Indeco Animas, Xalapa, Veracruz Llave","2","3","/detalle/41032-73-44477053d36-2f4-197a78a-97c8-710f"
"Casa en Venta en Sipeh Animas","$ 3,700,000","310 m²","Sipeh Animas, Xalapa, Veracruz Llave","4","4","/detalle/41032-73-50c266c0a000-5cd-b3bf57ef-a579-3b11"
"Casa en Venta en Coatepec Centro","$ 6,500,000","450 m²","Coatepec Centro, Coatepec, Veracruz Llave","3","3","/detalle/41032-73-60cc89ba808e-ecc4-86d9c7c2-bf79-3c46"
"Casa en Venta en Federal","$ 3,000,000","257 m²","Federal, Xalapa, Veracruz Llave","2","3","/detalle/41032-73-b1a109be38b1-7b29-c81e4ea1-be6e-3fd5"
"Casa en Venta en Morada del Quetzal","$ 2,750,000","212 m²","Morada del Quetzal, Emiliano Zapata, Veracruz Llave","3","4","/detalle/41032-73-41a42f5ea72d-63af-bcf683f5-877f-3d3d"
"Casa en Venta en Bugambilias","$ 2,400,000","196 m²","Bugambilias, Emiliano Zapata, Veracruz Llave","2","3","/detalle/41032-73-b03d0cc3f286-e5a7-1917548-a720-7216"
"Casa en Venta en Modelo","$ 2,700,000","258 m²","Modelo, Xalapa, Veracruz Llave","3","4","/detalle/41032-73-ba00cd6b48a7-9bd5-61c55ce8-9357-3a2d"
"Casa en Venta en Esfuerzo de los Hermanos Del Trabajo","$ 500,000","210 m²","Esfuerzo de los Hermanos Del Trabajo, Coatzacoalcos, Veracruz Llave","2","3","/detalle/41032-73-21f924fe7b17-7c40-19501a7-8765-7cc6"
"Casa en Fraccionamiento en Venta en Mata de Pita","$ 1,850,000","93 m²","Mata de Pita, Veracruz, Veracruz Llave","2","3","/detalle/41032-73-816e10cc3e4f-a07b-192afc9-aaa3-76b6"
"Casa en Fraccionamiento en Venta en Alvarado Centro","$ 1,980,000","135 m²","Alvarado Centro, Alvarado, Veracruz Llave","3","3","/detalle/41032-73-345d505c8ea-bcc4-8b2c0990-ab57-3065"
"Casa en Venta en Huilango 3000","$ 893,000","115 m²","Huilango 3000, Córdoba, Veracruz Llave","2","3","/detalle/41032-73-e538eb2b6e69-6e7-194fe6a-9a8d-75e2"
"Casa en Venta en Linda Vista","$ 2,950,000","209 m²","Linda Vista, Boca del Río, Veracruz Llave","3","3","/detalle/41032-73-7932ded51df4-f02b-190eaef-ad8c-7d14"
"Casa en Fraccionamiento en Venta en Chapultepec","$ 2,200,000","300 m²","Chapultepec, Veracruz, Veracruz Llave","2","4","/detalle/41032-73-cfa1d4d18bb4-746b-7bd3e435-bc05-44cd"
"Casa en Venta en Tlalixcoyan","$ 1,209,100","105 m²","Tlalixcoyan, Tlalixcoyan, Veracruz Llave","1","3","/detalle/41032-73-f6d0f9f5b4df-222-193d286-a9db-7676"
"Casa en Venta en Medellin de Bravo","$ 2,061,360","1,173 m²","Medellin de Bravo, Medellín, Veracruz Llave","2","3","/detalle/41032-73-f4a1a5702ef2-3769-19288c3-8ad5-7b36"
"Casa en Venta en Coatzacoalcos Centro","$ 1,600,000","293 m²","Coatzacoalcos Centro, Coatzacoalcos, Veracruz Llave","2","3","/detalle/41032-73-5d11092c4031-b8d3-1917324-8e19-71c3"
"Casa en Fraccionamiento en Venta en Costa Verde","$ 1,900,000","142 m²","Costa Verde, Boca del Río, Veracruz Llave","3","4","/detalle/41032-73-ac95d299213f-2d58-f8f60a8c-9e9e-3cd4"
"Casa en Fraccionamiento en Venta en Alvarado Centro","$ 1,680,000","106 m²","Alvarado Centro, Alvarado, Veracruz Llave","2","2","/detalle/41032-73-59e689c5c75-5796-80aee5dc-871d-3fd2"
"Casa en Venta en Centro","$ 932,995","412 m²","Centro, Camerino Z. Mendoza, Veracruz Llave","2","3","/detalle/41032-73-28a6f760d05a-3e80-19429f8-98fa-7bae"
"Casa en Condominio en Venta en Geovillas Del Puerto","$ 750,000","71 m²","Geovillas Del Puerto, Veracruz, Veracruz Llave","1","2","/detalle/41032-73-d6bc7572f40b-9af3-7558b48a-97e2-422e"
"Casa en Venta en Veracruz","$ 627,095","120 m²","Veracruz, Perote, Veracruz Llave","3","3","/detalle/41032-73-4a0bb967ea22-dcc9-19448d9-bf40-7bd8"
"Casa en Venta en Ciudad Olmeca","$ 509,800","41 m²","Ciudad Olmeca, Coatzacoalcos, Veracruz Llave","1","2","/detalle/41032-73-aeb1ddb7d47b-a4c4-19344c0-c002-72a2"
"Casa en Venta en Tlalixcoyan","$ 1,181,000","105 m²","Tlalixcoyan, Tlalixcoyan, Veracruz Llave","1","2","/detalle/41032-73-49c60b7cd2fc-9407-192c402-bfc4-78ee"
"Casa en Venta en Medellin de Bravo","$ 1,317,500","89 m²","Medellin de Bravo, Medellín, Veracruz Llave","1","2","/detalle/41032-73-6a501ecdf81-d84d-19238ea-b518-7d32"
"Casa en Fraccionamiento en Venta en Laguna Real","$ 900,000","100 m²","Laguna Real, Veracruz, Veracruz Llave","1","2","/detalle/41032-73-d74f353d79b-65e7-b9a7f3e3-8dbd-3679"
"Casa en Venta en Guadalupe Victoria","$ 2,863,000","336 m²","Guadalupe Victoria, Coatzacoalcos, Veracruz Llave","2","4","/detalle/41032-73-83ba9302066-f271-194274a-9f9e-7577"
"Casa en Condominio en Venta en Camino Real","$ 65,796,473","No disponible","Camino Real, Boca del Río, Veracruz Llave","1","2","/detalle/41032-73-d1b69e340ad9-ec0d-1917310-9e6a-75c8"
"Casa en Fraccionamiento en Venta en Infonavit las Brisas","$ 730,000","80 m²","Infonavit las Brisas, Veracruz, Veracruz Llave","1","2","/detalle/41032-73-b187d3435269-163-ad0142d6-8cee-33e7"
"Casa en Venta en Tajin","$ 412,965","200 m²","Tajin, Papantla, Veracruz Llave","2","3","/detalle/41032-73-f0afa48ee80e-d926-194d3e7-a4e5-7ad2"
"Casa en Venta en Salvador Diaz Mirón","$ 3,398,400","430 m²","Salvador Diaz Mirón, Xalapa, Veracruz Llave","2","3","/detalle/41032-73-7a34b0ed6b36-6473-19448d9-b549-7d6c"
"Casa en Venta en Maria de La Piedad","$ 1,600,000","400 m²","Maria de La Piedad, Coatzacoalcos, Veracruz Llave","1","2","/detalle/41032-73-dbb9015b61fa-42a3-1926f45-88c3-7c7a"
"Casa en Condominio en Venta en Punta Del Mar","$ 1,208,000","297 m²","Punta Del Mar, Coatzacoalcos, Veracruz Llave","1","2","/detalle/41032-73-34ac4b1f90e9-aa9-1917352-a6ea-7f5b"
"Casa en Venta en Jose Cardel Centro","$ 2,454,000","181 m²","Jose Cardel Centro, La Antigua, Veracruz Llave","2","4","/detalle/41032-73-1a62ac7e422-c6a3-19172f5-84a8-7d7d"
"Casa en Venta en Cuauhtemoc","$ 610,000","325 m²","Cuauhtemoc, Minatitlán, Veracruz Llave","2","4","/detalle/41032-73-9d3f0e37db7d-bf33-19627ea-837c-756a"
"Casa en Venta en San Silverio","$ 876,700","83 m²","San Silverio, Coatzacoalcos, Veracruz Llave","2","3","/detalle/41032-73-60d21f212cb5-19bd-1962292-9ce9-7eb0"
"Casa en Venta en Jardines de Mocambo","$ 630,000","No disponible","Jardines de Mocambo, Boca del Río, Veracruz Llave","2","4","/detalle/41032-73-5ab0fd7542b2-c225-19512c6-899b-7753"
"Casa en Venta en Arroyo Del Maíz","$ 2,500,000","165 m²","Arroyo Del Maíz, Poza Rica de Hidalgo, Veracruz Llave","2","2","/detalle/41032-73-525ff10d9fd-b1db-192cbc5-a4b4-7904"
"Casa en Fraccionamiento en Venta en Ciudad de Veracruz","$ 950,000","89 m²","Ciudad de Veracruz, Veracruz, Veracruz Llave","1","2","/detalle/41032-73-74b70dd796b5-b990-1928186-97e2-7d0f"
"Casa en Venta en Venustiano Carranza","$ 397,200","136 m²","Venustiano Carranza, Boca del Río, Veracruz Llave","1","2","/detalle/41032-73-652b11991aa7-6c9f-1923b9a-8388-7cad"
"Casa en Venta en Residencial Monte Magno","$ 3,399,000","231 m²","Residencial Monte Magno, Xalapa, Veracruz Llave","3","3","/detalle/41032-73-d8c8feee5314-d7ee-19172f9-a294-7d1a"
"Casa en Venta en Jardines de Virginia","$ 4,600,000","254 m²","Jardines de Virginia, Boca del Río, Veracruz Llave","4","3","/detalle/41032-73-20ce9d54170b-d2c5-16dd121e-af61-3a69"
"Casa en Venta en Faja de Oro","$ 428,260","90 m²","Faja de Oro, Coatzintla, Veracruz Llave","2","3","/detalle/41032-73-f4e68e8323fb-284-1917341-80ea-7247"
"Casa en Fraccionamiento en Venta en Xana","$ 1,050,000","90 m²","Xana, Veracruz, Veracruz Llave","1","3","/detalle/41032-73-22a739389af4-1190-e9b03ba8-a5ef-47a0"
"Casa en Fraccionamiento en Venta en Mata de Pita","$ 1,400,000","85 m²","Mata de Pita, Veracruz, Veracruz Llave","2","3","/detalle/41032-73-d41f16d3453a-e57d-d85d4a5e-b1c3-4185"
"Casa en Fraccionamiento en Venta en Infonavit las Brisas","$ 650,000","78 m²","Infonavit las Brisas, Veracruz, Veracruz Llave","1","2","/detalle/41032-73-1e6e9db369a8-9207-51a1c820-9c74-3d27"
"Casa en Venta en Boca Del Rio Centro","$ 1,652,000","153 m²","Boca Del Rio Centro, Boca del Río, Veracruz Llave","2","3","/detalle/41032-73-f57af7854844-33da-1945321-a9b7-7cb4"
"Casa en Venta en Lopez Arias","$ 1,070,650","110 m²","Lopez Arias, Nogales, Veracruz Llave","3","2","/detalle/41032-73-2ec322b061ec-3d22-19448da-a96c-743a"
"Casa en Venta en Perote","$ 1,009,470","110 m²","Perote, Perote, Veracruz Llave","2","2","/detalle/41032-73-f8cbceacba29-eed3-19448d9-8bb4-7ae3"
"Casa en Venta en El Jardín","$ 443,555","95 m²","El Jardín, Santiago Tuxtla, Veracruz Llave","1","3","/detalle/41032-73-f397746a0dc7-6846-19431d2-859b-782d"
"Casa en Venta en Jose Cardel Centro","$ 2,454,000","181 m²","Jose Cardel Centro, La Antigua, Veracruz Llave","1","2","/detalle/41032-73-9efe696352fb-8cbc-19238ea-9112-7843"
"Casa en Fraccionamiento en Venta en Las Vegas II","$ 2,100,000","195 m²","Las Vegas II, Boca del Río, Veracruz Llave","4","3","/detalle/41032-73-886a9effd02b-f2b2-a6314b00-84f8-39c7"
"Casa en Fraccionamiento en Venta en Geovillas Del Puerto","$ 970,000","84 m²","Geovillas Del Puerto, Veracruz, Veracruz Llave","1","4","/detalle/41032-73-747463934ca0-9884-25dc036c-8ecb-48fe"
"Casa en Fraccionamiento en Venta en Reforma","$ 5,200,000","292 m²","Reforma, Veracruz, Veracruz Llave","3","4","/detalle/41032-73-881951b36ca3-8422-1961b55-87bb-77bf"
"Casa en Venta en Las Vegas II","$ 1,190,000","105 m²","Las Vegas II, Boca del Río, Veracruz Llave","1","2","/detalle/41032-73-3a48f2eaf180-5b-1939998-bb43-7168"
"Casa en Fraccionamiento en Venta en Geovillas Del Puerto","$ 1,800,000","130 m²","Geovillas Del Puerto, Veracruz, Veracruz Llave","2","3","/detalle/41032-73-608b921eb260-44dd-1919b1c-b29a-7e20"
"Casa en Fraccionamiento en Venta en Lomas del Sol","$ 3,850,000","210 m²","Lomas del Sol, Alvarado, Veracruz Llave","4","3","/detalle/41032-73-36a1e6373f27-634d-f751043f-8517-3a0b"
"Casa en Fraccionamiento en Venta en Lomas de Rio Medio III","$ 640,000","85 m²","Lomas de Rio Medio III, Veracruz, Veracruz Llave","1","2","/detalle/41032-73-b23b0c6288f-b563-51930b2c-a881-32b1"
"Casa en Venta en Veracruz Centro","$ 2,800,000","145 m²","Veracruz Centro, Veracruz, Veracruz Llave","3","4","/detalle/41032-73-d0cf9d296333-2227-433e48df-8d26-3b8e"
"Casa en Venta en Reforma","$ 1,256,950","280 m²","Reforma, Veracruz, Veracruz Llave","3","3","/detalle/41032-73-7aec99aef9d-a83f-197f7be-aeec-7efb"
"Casa en Venta en Las Palmas","$ 535,325","120 m²","Las Palmas, Coatzacoalcos, Veracruz Llave","1","3","/detalle/41032-73-a11803d1c63e-965e-197e29f-88a3-72e3"
"Casa en Venta en Playón Sur","$ 698,600","176 m²","Playón Sur, Minatitlán, Veracruz Llave","2","3","/detalle/41032-73-1b3f23045255-e13-1923b9a-a722-7efd"
"Casa en Venta en Cosoleacaque Centro","$ 1,606,890","108 m²","Cosoleacaque Centro, Cosoleacaque, Veracruz Llave","2","2","/detalle/41032-73-50e57de186f0-ca82-1917344-9da2-717e"
"Casa en Venta en Coatzacoalcos Centro","$ 1,376,550","130 m²","Coatzacoalcos Centro, Coatzacoalcos, Veracruz Llave","2","3","/detalle/41032-73-1dbaddc0f5da-a6be-19172f9-870b-78c1"
"Casa en Fraccionamiento en Venta en Laguna Real","$ 1,200,000","95 m²","Laguna Real, Veracruz, Veracruz Llave","2","3","/detalle/41032-73-4539934a4d4c-4582-691be8dc-8973-3d27"
"Casa en Venta en Tejeda","$ 2,858,000","930 m²","Tejeda, José Azueta, Veracruz Llave","3","3","/detalle/41032-73-17dbe5e8fbac-6306-194c1ef-bd96-7226"
"Casa en Venta en Santa Rosa","$ 1,689,000","262 m²","Santa Rosa, Coatzacoalcos, Veracruz Llave","3","3","/detalle/41032-73-8e061627eec3-a187-19641be-8422-72ba"
"Casa en Venta en Las Vegas II","$ 5,500,000","638 m²","Las Vegas II, Boca del Río, Veracruz Llave","2","4","/detalle/41032-73-d8acda5d9781-8daf-1936662-a033-72a9"
"Casa en Venta en Fuentes de Las Ánimas","$ 4,400,000","400 m²","Fuentes de Las Ánimas, Xalapa, Veracruz Llave","3","3","/detalle/41032-73-895b9393d220-2b1d-1957211-a292-76d7"
"Casa en Venta en Teresa Morales Delgado","$ 4,571,000","437 m²","Teresa Morales Delgado, Coatzacoalcos, Veracruz Llave","2","3","/detalle/41032-73-87c341732b70-2cb9-197fb30-8268-7168"
"Casa en Venta en Arboledas de San Ramon","$ 492,500","65 m²","Arboledas de San Ramon, Medellín, Veracruz Llave","1","1","/detalle/41032-73-1a726602df79-5b81-197fb48-b578-74cf"
"Casa en Venta en Jalapa Enríquez Centro","$ 490,000","180 m²","Jalapa Enríquez Centro, Xalapa, Veracruz Llave","2","3","/detalle/41032-73-aec377706373-a887-197fb2c-b97c-75d1"
"Casa en Venta en Anáhuac","$ 1,465,000","200 m²","Anáhuac, Xalapa, Veracruz Llave","2","4","/detalle/41032-73-7fe08eb4697a-8b6a-197d177-878d-7334"
"Casa en Venta en Venustiano Carranza","$ 1,505,700","95 m²","Venustiano Carranza, Boca del Río, Veracruz Llave","1","2","/detalle/41032-73-80efa0ada2f4-be92-197ec5e-9ec8-7652"
"Casa en Venta en Puerto México","$ 424,000","390 m²","Puerto México, Coatzacoalcos, Veracruz Llave","2","3","/detalle/41032-73-7848efb79c68-d9b1-197232d-8381-76a9"
"Casa en Venta en Lomas del Tejar","$ 689,000","560 m²","Lomas del Tejar, Xalapa, Veracruz Llave","3","5","/detalle/41032-73-84692d86db1a-c7a0-1972333-8381-76a9"
"Casa en Fraccionamiento en Venta en Playas de Conchal","$ 676,000","No disponible","Playas de Conchal, Alvarado, Veracruz Llave","1","3","/detalle/41032-73-70e10379e29c-96a7-19722b4-9551-7492"
"Casa en Venta en Jardines de Las Ánimas","$ 850,900","150 m²","Jardines de Las Ánimas, Xalapa, Veracruz Llave","2","3","/detalle/41032-73-e37108b59ab2-789b-1964057-8329-75a4"
"Casa en Venta en Las Lomas","$ 1,800,000","200 m²","Las Lomas, Alvarado, Veracruz Llave","2","3","/detalle/41032-73-8db4e5868c34-b1a7-1958c04-a5e2-8047"
"Casa en Venta en Residencial Monte Magno","$ 670,000","195 m²","Residencial Monte Magno, Xalapa, Veracruz Llave","3","4","/detalle/41032-73-58a30aa73748-e77c-1950111-981a-704e"
"Casa en Fraccionamiento en Venta en Costa de Oro 1a Secc","$ 942,000","290 m²","Costa de Oro 1a Secc, Boca del Río, Veracruz Llave","3","4","/detalle/41032-73-9571afaef255-e021-1978430-b1d1-748b"
"Casa en Venta en El Morro las Colonias","$ 1,780,100","276 m²","El Morro las Colonias, Boca del Río, Veracruz Llave","2","2","/detalle/41032-73-9f38133bbb11-8f17-196020d-b304-7493"
"Casa en Venta en Costa de Oro 1a Secc","$ 845,000","275 m²","Costa de Oro 1a Secc, Boca del Río, Veracruz Llave","2","4","/detalle/41032-73-230f92ddb5f2-f7be-195202e-8f3d-8046"
"Casa en Venta en Costa de Oro 1a Secc","$ 730,000","700 m²","Costa de Oro 1a Secc, Boca del Río, Veracruz Llave","3","4","/detalle/41032-73-bf92a027e145-733c-1959c12-994b-7d10"
"Casa en Venta en Costa de Oro 1a Secc","$ 855,000","520 m²","Costa de Oro 1a Secc, Boca del Río, Veracruz Llave","5","6","/detalle/41032-73-1ccb138ee0bc-a999-192df5c-b8bf-76ac"
"Casa en Venta en Costa de Oro 1a Secc","$ 785,000","No disponible","Costa de Oro 1a Secc, Boca del Río, Veracruz Llave","3","4","/detalle/41032-73-4e3f40cdee49-7350-197adbe-9ff7-7234"
"Casa en Venta en La Tampiquera","$ 700,000","340 m²","La Tampiquera, Boca del Río, Veracruz Llave","4","5","/detalle/41032-73-9f9172b0414f-787a-1935a3a-8afe-78cb"
"Casa en Venta en Costa de Oro 1a Secc","$ 735,000","420 m²","Costa de Oro 1a Secc, Boca del Río, Veracruz Llave","3","4","/detalle/41032-73-10acf8a7eaf1-2a5a-195edb4-b3b7-7384"
"Casa en Fraccionamiento en Venta en Quintas Al Andalus","$ 567,000","108 m²","Quintas Al Andalus, Boca del Río, Veracruz Llave","2","3","/detalle/41032-73-f6dc489c6c66-6a53-190c662-bc5c-7c03"
"Casa en Venta en Costa de Oro 1a Secc","$ 795,000","780 m²","Costa de Oro 1a Secc, Boca del Río, Veracruz Llave","4","5","/detalle/41032-73-9bf90d99f6c-2c2b-197add0-bfd0-7074"
"Casa en Venta en Costa de Oro 1a Secc","$ 740,000","290 m²","Costa de Oro 1a Secc, Boca del Río, Veracruz Llave","2","4","/detalle/41032-73-2777d464f518-c71-1951a2a-a57e-7162"
"Casa en Venta en Costa de Oro 1a Secc","$ 797,000","540 m²","Costa de Oro 1a Secc, Boca del Río, Veracruz Llave","4","4","/detalle/41032-73-6ec8aed9765a-fd6c-196d21f-b560-79e3"
"Casa en Venta en Costa de Oro 1a Secc","$ 700,000","376 m²","Costa de Oro 1a Secc, Boca del Río, Veracruz Llave","2","3","/detalle/41032-73-449d7d2b3d23-662e-19502ab-bf98-7d0b"
"Casa en Venta en Costa de Oro 1a Secc","$ 1,200,000","820 m²","Costa de Oro 1a Secc, Boca del Río, Veracruz Llave","5","6","/detalle/41032-73-4f842a266c6b-a246-197c339-882b-7405"
"Casa en Venta en Costa de Oro 1a Secc","$ 650,000","370 m²","Costa de Oro 1a Secc, Boca del Río, Veracruz Llave","2","4","/detalle/41032-73-5e3250dea535-4699-1972289-8dea-7056"
"Casa en Venta en Las Lomas","$ 1,554,820","120 m²","Las Lomas, Alvarado, Veracruz Llave","2","3","/detalle/41032-73-bf3f129b88c7-b3fe-193f074-a4c1-77c0"
"Casa en Venta en Costa de Oro 1a Secc","$ 766,000","376 m²","Costa de Oro 1a Secc, Boca del Río, Veracruz Llave","3","6","/detalle/41032-73-ccd0afe4dc73-8c7-1971e0d-8a94-78c9"
"Casa en Venta en Jardines de Virginia","$ 1,231,440","320 m²","Jardines de Virginia, Boca del Río, Veracruz Llave","2","4","/detalle/41032-73-a8c789bf2a1-f0ca-194620e-b1be-7e21"
"Casa en Venta en Costa de Oro 1a Secc","$ 610,000","310 m²","Costa de Oro 1a Secc, Boca del Río, Veracruz Llave","3","4","/detalle/41032-73-ceab424423d9-24b4-192b5e5-9b19-77c5"
"Casa en Venta en Costa de Oro 1a Secc","$ 759,000","440 m²","Costa de Oro 1a Secc, Boca del Río, Veracruz Llave","3","5","/detalle/41032-73-d3ccf19175a2-6ef9-1971e19-8a94-78c9"
"Casa en Venta en Costa de Oro 1a Secc","$ 735,000","308 m²","Costa de Oro 1a Secc, Boca del Río, Veracruz Llave","3","4","/detalle/41032-73-27d22f3dc27-3a12-194056f-b214-78d8"
"Casa en Venta en Costa de Oro 1a Secc","$ 667,000","410 m²","Costa de Oro 1a Secc, Boca del Río, Veracruz Llave","3","4","/detalle/41032-73-1895685f4b47-14c-190dccb-87b8-77bb"
"Casa en Venta en Virginia","$ 4,445,000","439 m²","Virginia, Boca del Río, Veracruz Llave","2","3","/detalle/41032-73-20f14087f6f0-214e-197a366-978f-76b6"
"Casa en Venta en Costa de Oro 1a Secc","$ 640,000","340 m²","Costa de Oro 1a Secc, Boca del Río, Veracruz Llave","2","5","/detalle/41032-73-bdc2faae5e45-54fc-1978454-a294-78d3"
"Casa en Venta en Costa de Oro 1a Secc","$ 766,000","80 m²","Costa de Oro 1a Secc, Boca del Río, Veracruz Llave","3","4","/detalle/41032-73-4b8c3cefe885-e51d-1971d87-a19d-77bd"
"Casa en Venta en Costa de Oro 1a Secc","$ 850,000","640 m²","Costa de Oro 1a Secc, Boca del Río, Veracruz Llave","4","5","/detalle/41032-73-beacf63ac4a5-b818-194e306-bece-7492"
"Casa en Venta en Las Lomas","$ 2,148,250","250 m²","Las Lomas, Alvarado, Veracruz Llave","3","3","/detalle/41032-73-d581e298aba9-8711-1912950-9015-7af7"
"Casa en Venta en Costa de Oro 1a Secc","$ 800,000","509 m²","Costa de Oro 1a Secc, Boca del Río, Veracruz Llave","3","5","/detalle/41032-73-306132025a43-ef6d-19355e4-b7a6-737b"
"Casa en Venta en Costa de Oro 1a Secc","$ 750,000","418 m²","Costa de Oro 1a Secc, Boca del Río, Veracruz Llave","4","4","/detalle/41032-73-4b615779df13-e6bb-19737ec-b249-7ae9"
"Casa en Venta en Banus","$ 511,000","155 m²","Banus, Alvarado, Veracruz Llave","2","3","/detalle/41032-73-8cdd3e0b6df1-b95e-1972338-8381-76a9"
"Casa en Venta en Costa de Oro 1a Secc","$ 540,000","580 m²","Costa de Oro 1a Secc, Boca del Río, Veracruz Llave","3","4","/detalle/41032-73-4997f037e99f-e83d-193ad85-82da-77c1"
"Casa en Venta en Paraíso Coatzacoalcos","$ 700,000","230 m²","Paraíso Coatzacoalcos, Coatzacoalcos, Veracruz Llave","1","4","/detalle/41032-73-31a4bf908192-fcd6-1946c22-b007-737a"
"Casa en Venta en Costa de Oro 1a Secc","$ 745,000","224 m²","Costa de Oro 1a Secc, Boca del Río, Veracruz Llave","2","3","/detalle/41032-73-ce156a950515-e775-196ccbc-93b2-79e2"
"Casa en Venta en Costa de Oro 1a Secc","$ 1,153,000","150 m²","Costa de Oro 1a Secc, Boca del Río, Veracruz Llave","2","3","/detalle/41032-73-db5348429411-67be-191de18-a82b-76b0"
"Casa en Venta en Costa de Oro 1a Secc","$ 650,000","440 m²","Costa de Oro 1a Secc, Boca del Río, Veracruz Llave","2","4","/detalle/41032-73-293c1c5faaaa-c2a4-195d3db-a6e7-7f33"
"Casa en Venta en Costa de Oro 1a Secc","$ 2,632,000","440 m²","Costa de Oro 1a Secc, Boca del Río, Veracruz Llave","4","4","/detalle/41032-73-f4a8b7b5fdd6-9a7c-195df3d-af4e-7050"
"Casa en Fraccionamiento en Venta en Alvarado Centro","$ 4,166,575","80 m²","Alvarado Centro, Alvarado, Veracruz Llave","1","2","/detalle/41032-73-ee0219631f89-4427-196b798-91e8-79da"
"Casa en Fraccionamiento en Venta en San Jose Novillero","$ 1,491,994","160 m²","San Jose Novillero, Boca del Río, Veracruz Llave","2","3","/detalle/41032-73-7769d88ec52-b0bf-193989c-a06d-759c"
"Casa en Venta en Las Lomas","$ 1,456,300","180 m²","Las Lomas, Alvarado, Veracruz Llave","2","3","/detalle/41032-73-49b6822c8ef4-1ca8-2fc99b05-9c03-427c"
"Casa en Venta en Lomas del Sol","$ 2,280,953","200 m²","Lomas del Sol, Alvarado, Veracruz Llave","2","3","/detalle/41032-73-e50ff8f0bb77-9a7b-197a9ee-bba6-715a"
"Casa en Venta en La Nueva Victoria","$ 2,747,000","500 m²","La Nueva Victoria, San Andrés Tuxtla, Veracruz Llave","2","5","/detalle/41032-73-e341bc51a177-b89b-195fe39-9fda-8047"
"Casa en Venta en Jardines de Virginia","$ 980,000","No disponible","Jardines de Virginia, Boca del Río, Veracruz Llave","1","2","/detalle/41032-73-a672a373136b-cf04-1924f37-a926-7ba0"
"Casa en Venta en Jardines de Virginia","$ 1,350,000","200 m²","Jardines de Virginia, Boca del Río, Veracruz Llave","1","4","/detalle/41032-73-d1f7af76f0ec-2284-1960316-982b-803e"
"Casa en Venta en Costa de Oro 1a Secc","$ 980,000","820 m²","Costa de Oro 1a Secc, Boca del Río, Veracruz Llave","4","5","/detalle/41032-73-d64478d11e32-85a7-1976593-a913-759c"
"Casa en Venta en Costa de Oro 1a Secc","$ 667,000","300 m²","Costa de Oro 1a Secc, Boca del Río, Veracruz Llave","2","4","/detalle/41032-73-369fd6ecf0cd-e1c2-196f9be-8e09-7f2f"
"Casa en Venta en El Morro las Colonias","$ 895,000","185 m²","El Morro las Colonias, Boca del Río, Veracruz Llave","2","3","/detalle/41032-73-72985f6e9c65-69ec-19713d4-a221-7af0"
"Casa en Venta en Costa de Oro 1a Secc","$ 760,000","298 m²","Costa de Oro 1a Secc, Boca del Río, Veracruz Llave","3","5","/detalle/41032-73-46f059694fd9-de45-1975833-bf80-7168"
"Casa en Venta en Costa de Oro 1a Secc","$ 1,073,000","378 m²","Costa de Oro 1a Secc, Boca del Río, Veracruz Llave","2","4","/detalle/41032-73-a9fa628feb64-bbee-1954ef8-b3ad-7aed"
"Casa en Venta en Costa de Oro 1a Secc","$ 690,000","320 m²","Costa de Oro 1a Secc, Boca del Río, Veracruz Llave","2","3","/detalle/41032-73-f1413c9f9f79-2c0a-1976b60-b7b0-715b"
"Casa en Venta en Costa de Oro 1a Secc","$ 690,000","320 m²","Costa de Oro 1a Secc, Boca del Río, Veracruz Llave","2","3","/detalle/41032-73-19731cdf793e-770e-1976630-aa7b-76b2"
"Casa en Venta en La Tampiquera","$ 790,000","370 m²","La Tampiquera, Boca del Río, Veracruz Llave","3","4","/detalle/41032-73-2475378f5ab3-7e51-1976634-aa7b-76b2"
"Casa en Fraccionamiento en Venta en Las Palmas","$ 2,199,247","459 m²","Las Palmas, Medellín, Veracruz Llave","3","4","/detalle/41032-73-e36560b4ee85-70fd-195ff46-8e3a-75a1"
"Casa en Venta en Costa de Oro 1a Secc","$ 990,000","270 m²","Costa de Oro 1a Secc, Boca del Río, Veracruz Llave","2","4","/detalle/41032-73-f027c0bb903-b4a5-195b623-aabd-76ab"
"Casa en Venta en Francisco Ferrer Guardia","$ 1,396,000","170 m²","Francisco Ferrer Guardia, Xalapa, Veracruz Llave","1","3","/detalle/41032-73-6fe86c5ecca6-72c0-1959b50-8388-7275"
"Casa en Fraccionamiento en Venta en Anton Lizardo","$ 2,600,000","150 m²","Anton Lizardo, Alvarado, Veracruz Llave","2","3","/detalle/41032-73-7f8d9ffeffa4-7a48-1961200-91fc-75a4"
"Casa en Venta en Costa de Oro 1a Secc","$ 2,337,500","2,100 m²","Costa de Oro 1a Secc, Boca del Río, Veracruz Llave","6","5","/detalle/41032-73-a20d35a03836-c986-196a268-8a62-7a93"
"Casa en Venta en La Tampiquera","$ 715,000","300 m²","La Tampiquera, Boca del Río, Veracruz Llave","3","4","/detalle/41032-73-b041c99f4b36-5b9f-196a27e-a0ca-7278"
"Casa en Venta en Costa de Oro 1a Secc","$ 648,000","264 m²","Costa de Oro 1a Secc, Boca del Río, Veracruz Llave","1","3","/detalle/41032-73-6959791fa016-83f0-1978f97-a19e-8044"
"Casa en Venta en Costa de Oro 1a Secc","$ 2,617,000","291 m²","Costa de Oro 1a Secc, Boca del Río, Veracruz Llave","3","5","/detalle/41032-73-d68740ee7c9c-441a-1970e19-8b14-79e4"
"Casa en Venta en La Nueva Victoria","$ 600,000","270 m²","La Nueva Victoria, San Andrés Tuxtla, Veracruz Llave","3","4","/detalle/41032-73-9c63848b0af9-b3f5-194e2b7-a2e8-76aa"
"Casa en Venta en Costa de Oro 1a Secc","$ 749,000","228 m²","Costa de Oro 1a Secc, Boca del Río, Veracruz Llave","3","4","/detalle/41032-73-a162d27b6cff-eedc-193b746-b9e6-7aee"
"Casa en Venta en Costa de Oro 1a Secc","$ 750,000","300 m²","Costa de Oro 1a Secc, Boca del Río, Veracruz Llave","1","4","/detalle/41032-73-b169f7ba2ece-16e2-194b94b-93e3-7f36"
"Casa en Venta en Costa de Oro 1a Secc","$ 650,000","650 m²","Costa de Oro 1a Secc, Boca del Río, Veracruz Llave","4","5","/detalle/41032-73-596fcd09fd3d-5f89-195d43a-97d3-7f29"
"Casa en Venta en Costa de Oro 1a Secc","$ 4,620,000","250 m²","Costa de Oro 1a Secc, Boca del Río, Veracruz Llave","1","3","/detalle/41032-73-be88c24cbf95-420f-1978fbe-a771-79e3"
"Casa en Venta en Fuentes de Las Ánimas","$ 743,000","No disponible","Fuentes de Las Ánimas, Xalapa, Veracruz Llave","2","3","/detalle/41032-73-2cc7d203a49d-8eb8-1951538-afdf-79de"
"Casa en Venta en Costa de Oro 1a Secc","$ 990,000","400 m²","Costa de Oro 1a Secc, Boca del Río, Veracruz Llave","2","4","/detalle/41032-73-82f7f27fd318-79c4-191f202-8396-7e1e"
"Casa en Fraccionamiento en Venta en San Jose","$ 2,420,000","185 m²","San Jose, Boca del Río, Veracruz Llave","2","3","/detalle/41032-73-cfeb6f0b1181-dfcb-197e677-aac3-7074"
"Casa en Venta en Costa de Oro 1a Secc","$ 690,000","340 m²","Costa de Oro 1a Secc, Boca del Río, Veracruz Llave","2","3","/detalle/41032-73-ea2e9e531958-ee3e-1931d91-9f6e-75a0"
"Casa en Venta en Costa de Oro 1a Secc","$ 710,000","320 m²","Costa de Oro 1a Secc, Boca del Río, Veracruz Llave","3","3","/detalle/41032-73-35171f482317-187a-1931e24-9311-77c4"
"Casa en Venta en Costa de Oro 1a Secc","$ 695,000","260 m²","Costa de Oro 1a Secc, Boca del Río, Veracruz Llave","2","3","/detalle/41032-73-f39d7ac75a4e-f687-1931da2-9f6e-75a0"
"Casa en Venta en Costa de Oro 1a Secc","$ 719,000","220 m²","Costa de Oro 1a Secc, Boca del Río, Veracruz Llave","2","3","/detalle/41032-73-8a6e4dcb8b6a-3ab2-19321f6-8845-737f"
"Casa en Venta en Costa de Oro 1a Secc","$ 800,000","410 m²","Costa de Oro 1a Secc, Boca del Río, Veracruz Llave","2","4","/detalle/41032-73-5451bd351f40-ccf0-1971dfa-9fe0-7388"
"Casa en Venta en Costa de Oro 1a Secc","$ 685,000","170 m²","Costa de Oro 1a Secc, Boca del Río, Veracruz Llave","2","3","/detalle/41032-73-43d1afd7b689-715f-1931e38-b0e1-8048"
"Casa en Fraccionamiento en Venta en Alvarado Centro","$ 2,280,953","250 m²","Alvarado Centro, Alvarado, Veracruz Llave","2","3","/detalle/41032-73-4bb302898a15-e8b3-197ae37-afdc-7823"
"Casa en Venta en Costa de Oro 1a Secc","$ 800,000","410 m²","Costa de Oro 1a Secc, Boca del Río, Veracruz Llave","3","4","/detalle/41032-73-b81a8b4df68e-c3b3-197804f-b02b-78d5"
"Casa en Venta en El Morro las Colonias","$ 690,500","110 m²","El Morro las Colonias, Boca del Río, Veracruz Llave","3","4","/detalle/41032-73-694d596b3f74-c2c-197371c-9978-8042"
"Casa en Venta en La Nueva Victoria","$ 667,000","No disponible","La Nueva Victoria, San Andrés Tuxtla, Veracruz Llave","3","4","/detalle/41032-73-523ded5779ed-c915-191dd79-a20f-726c"
"Casa en Fraccionamiento en Venta en Lomas del Sol","$ 2,420,000","200 m²","Lomas del Sol, Alvarado, Veracruz Llave","1","3","/detalle/41032-73-acae0a05519f-29ce-197c894-8f6d-7735"
"Casa en Venta en Costa de Oro 1a Secc","$ 680,000","427 m²","Costa de Oro 1a Secc, Boca del Río, Veracruz Llave","4","5","/detalle/41032-73-cca9723e7a19-a1da-19578d7-bca3-7599"
"Casa en Venta en Costa de Oro 1a Secc","$ 700,000","380 m²","Costa de Oro 1a Secc, Boca del Río, Veracruz Llave","3","4","/detalle/41032-73-41ae53c4d2d1-fb49-197184d-88be-704e"
"Casa en Venta en Costa de Oro 1a Secc","$ 2,747,000","500 m²","Costa de Oro 1a Secc, Boca del Río, Veracruz Llave","2","5","/detalle/41032-73-43bca83d3492-1738-195fd6b-940d-7f2e"
"Casa en Venta en Costa de Oro 1a Secc","$ 5,500,000","567 m²","Costa de Oro 1a Secc, Boca del Río, Veracruz Llave","3","4","/detalle/41032-73-7eee3a0417eb-2e32-1952684-b15a-7d13"
"Casa en Venta en Costa de Oro 1a Secc","$ 600,000","400 m²","Costa de Oro 1a Secc, Boca del Río, Veracruz Llave","3","5","/detalle/41032-73-260f957c87e1-cd70-1951f76-a2ae-7af5"
"Casa en Venta en Costa de Oro 1a Secc","$ 760,000","278 m²","Costa de Oro 1a Secc, Boca del Río, Veracruz Llave","2","3","/detalle/41032-73-619956f978cd-7e82-195876e-a306-78cc"
"Casa en Venta en Costa de Oro 1a Secc","$ 680,000","320 m²","Costa de Oro 1a Secc, Boca del Río, Veracruz Llave","4","5","/detalle/41032-73-265f563fe105-5be-19569ab-a992-7e22"
"Casa en Venta en Costa de Oro 1a Secc","$ 648,000","No disponible","Costa de Oro 1a Secc, Boca del Río, Veracruz Llave","4","4","/detalle/41032-73-9848bd222f40-205b-196d000-90db-78ca"
"Casa en Venta en Costa de Oro 1a Secc","$ 648,000","390 m²","Costa de Oro 1a Secc, Boca del Río, Veracruz Llave","4","4","/detalle/41032-73-ad004d91e635-5b13-196ef0c-bdb8-7159"
"Casa en Venta en Costa de Oro 1a Secc","$ 590,000","310 m²","Costa de Oro 1a Secc, Boca del Río, Veracruz Llave","3","4","/detalle/41032-73-50aef716a696-62fe-1950109-981a-704e"
"Casa en Venta en Costa de Oro 1a Secc","$ 766,000","No disponible","Costa de Oro 1a Secc, Boca del Río, Veracruz Llave","3","4","/detalle/41032-73-e1f547b88651-829e-1930d10-a130-76b3"
"Casa en Venta en Costa de Oro 1a Secc","$ 855,000","520 m²","Costa de Oro 1a Secc, Boca del Río, Veracruz Llave","5","5","/detalle/41032-73-d60ac2c6a45c-7513-4686a0a9-a1c0-4aa4"
"Casa en Venta en Costa de Oro 1a Secc","$ 590,000","360 m²","Costa de Oro 1a Secc, Boca del Río, Veracruz Llave","4","4","/detalle/41032-73-ee18d1cf63b5-eb57-b8b9cedf-a6a3-4752"
"Casa en Venta en Anáhuac","$ 850,900","220 m²","Anáhuac, Xalapa, Veracruz Llave","2","3","/detalle/41032-73-c2542a03051-f7c5-1962218-a572-78cc"
"Casa en Venta en Costa de Oro 1a Secc","$ 645,000","304 m²","Costa de Oro 1a Secc, Boca del Río, Veracruz Llave","4","4","/detalle/41032-73-be25bb78cfb3-f28c-196b762-b1a9-7386"
"Casa en Venta en Costa de Oro 1a Secc","$ 942,000","290 m²","Costa de Oro 1a Secc, Boca del Río, Veracruz Llave","3","4","/detalle/41032-73-d4ae99748a5f-6a88-1977aee-b4a9-78d5"
"Casa en Venta en Costa de Oro 1a Secc","$ 680,000","427 m²","Costa de Oro 1a Secc, Boca del Río, Veracruz Llave","4","5","/detalle/41032-73-4fdc1817b866-20cf-1950139-ab7c-803b"
"Casa en Venta en Costa de Oro 1a Secc","$ 720,000","302 m²","Costa de Oro 1a Secc, Boca del Río, Veracruz Llave","4","5","/detalle/41032-73-9468c064c178-4466-196b74f-b1a9-7386"
"Casa en Venta en Costa de Oro 1a Secc","$ 766,000","370 m²","Costa de Oro 1a Secc, Boca del Río, Veracruz Llave","3","6","/detalle/41032-73-b5a06e3e2be2-fb1b-1977c6c-8d72-7bfb"
"Casa en Venta en Costa de Oro 1a Secc","$ 590,000","520 m²","Costa de Oro 1a Secc, Boca del Río, Veracruz Llave","3","4","/detalle/41032-73-92b1b8be322d-bfc-195013d-835f-7e19"
"Casa en Venta en Paraíso Coatzacoalcos","$ 700,000","230 m²","Paraíso Coatzacoalcos, Coatzacoalcos, Veracruz Llave","2","4","/detalle/41032-73-fad3ac4c0a68-49ba-196ff2d-8a59-7495"
"Casa en Venta en Costa de Oro 1a Secc","$ 648,000","390 m²","Costa de Oro 1a Secc, Boca del Río, Veracruz Llave","4","4","/detalle/41032-73-2728c3f48281-6579-194d62f-ad96-803f"
"Casa en Venta en Costa de Oro 1a Secc","$ 640,000","340 m²","Costa de Oro 1a Secc, Boca del Río, Veracruz Llave","2","5","/detalle/41032-73-6d44d448358a-3a4e-1976599-9d1b-7c03"
"Casa en Venta en El Morro las Colonias","$ 4,290,000","220 m²","El Morro las Colonias, Boca del Río, Veracruz Llave","2","3","/detalle/41032-73-6e2554c80e0-b78f-1970f97-9dbd-75a6"
"Casa en Venta en Costa de Oro 1a Secc","$ 766,000","370 m²","Costa de Oro 1a Secc, Boca del Río, Veracruz Llave","3","6","/detalle/41032-73-35468c6871d9-24d1-1978537-a879-7c01"
"Casa en Venta en Costa de Oro 1a Secc","$ 766,000","370 m²","Costa de Oro 1a Secc, Boca del Río, Veracruz Llave","3","6","/detalle/41032-73-72efea9ce5f4-667a-197ad8e-904b-7380"
"Casa en Venta en Costa de Oro 1a Secc","$ 650,000","380 m²","Costa de Oro 1a Secc, Boca del Río, Veracruz Llave","2","4","/detalle/41032-73-783e75705cd6-d5d6-1978f74-8753-803e"
"Casa en Venta en Costa de Oro 1a Secc","$ 680,000","427 m²","Costa de Oro 1a Secc, Boca del Río, Veracruz Llave","4","5","/detalle/41032-73-b54ec238fa8b-c1a6-19591bf-8f20-7c02"
"Casa en Venta en Costa de Oro 1a Secc","$ 660,000","380 m²","Costa de Oro 1a Secc, Boca del Río, Veracruz Llave","4","5","/detalle/41032-73-50805bdf7b80-2521-1953a2e-bf41-7274"
"Casa en Venta en Costa de Oro 1a Secc","$ 650,000","390 m²","Costa de Oro 1a Secc, Boca del Río, Veracruz Llave","3","4","/detalle/41032-73-6568f6d0ad8a-3edd-192df8d-8312-7e20"
"Casa en Venta en Costa de Oro 1a Secc","$ 942,000","290 m²","Costa de Oro 1a Secc, Boca del Río, Veracruz Llave","3","4","/detalle/41032-73-44347fc4d533-b27-197ad93-b60f-77c3"
"Casa en Venta en Costa de Oro 1a Secc","$ 760,000","278 m²","Costa de Oro 1a Secc, Boca del Río, Veracruz Llave","4","5","/detalle/41032-73-286bcd8d9e51-ead3-192df60-b8bf-76ac"
"Casa en Fraccionamiento en Venta en Las Lomas","$ 961,156","194 m²","Las Lomas, Alvarado, Veracruz Llave","3","3","/detalle/41032-73-5725f36c56b9-803a-19278bf-b158-7d12"
"Casa en Venta en Paraíso Coatzacoalcos","$ 700,000","230 m²","Paraíso Coatzacoalcos, Coatzacoalcos, Veracruz Llave","2","4","/detalle/41032-73-37201387ca7-40c-195f39b-bcd4-76b3"
"Casa en Venta en Costa de Oro 1a Secc","$ 890,000","580 m²","Costa de Oro 1a Secc, Boca del Río, Veracruz Llave","4","4","/detalle/41032-73-7a3455e574e9-33c6-192df94-8312-7e20"
"Casa en Venta en Costa de Oro 1a Secc","$ 667,000","325 m²","Costa de Oro 1a Secc, Boca del Río, Veracruz Llave","3","4","/detalle/41032-73-e3ce9014fff8-a8e7-1977a40-aea7-7aec"
"Casa en Venta en Jardines de Virginia","$ 771,000","240 m²","Jardines de Virginia, Boca del Río, Veracruz Llave","3","3","/detalle/41032-73-41619f38ac74-7ffd-195f21b-bcd3-76b3"
"Casa en Venta en Costa de Oro 1a Secc","$ 915,000","308 m²","Costa de Oro 1a Secc, Boca del Río, Veracruz Llave","3","4","/detalle/41032-73-80fc972c5398-56d9-193b74d-bff8-726d"
"Casa en Venta en Costa de Oro 1a Secc","$ 759,000","700 m²","Costa de Oro 1a Secc, Boca del Río, Veracruz Llave","3","5","/detalle/41032-73-dcd702814f0c-e18f-1977a27-aea7-7aec"
"Casa en Venta en Jardines de Mocambo","$ 645,000","440 m²","Jardines de Mocambo, Boca del Río, Veracruz Llave","4","4","/detalle/41032-73-5571241b4d1f-4d25-19760a8-8373-76b8"
"Casa en Venta en Costa de Oro 1a Secc","$ 950,000","390 m²","Costa de Oro 1a Secc, Boca del Río, Veracruz Llave","2","3","/detalle/41032-73-9ca01a2bb85f-9e16-19784a6-b33a-7bff"
"Casa en Venta en Costa de Oro 1a Secc","$ 648,000","360 m²","Costa de Oro 1a Secc, Boca del Río, Veracruz Llave","3","4","/detalle/41032-73-76f73525d73-5634-1951a0c-a57e-7162"
"Casa en Venta en Costa de Oro 1a Secc","$ 720,000","700 m²","Costa de Oro 1a Secc, Boca del Río, Veracruz Llave","3","5","/detalle/41032-73-8c0734bdc1e6-aaa4-197847a-b33a-7bff"
"Casa en Venta en El Morro las Colonias","$ 1,780,100","276 m²","El Morro las Colonias, Boca del Río, Veracruz Llave","No disponible","No disponible","/detalle/41032-73-51673f7fa10e-ff74-1956414-849d-7f35"
"Casa en Venta en Costa de Oro 1a Secc","$ 950,000","490 m²","Costa de Oro 1a Secc, Boca del Río, Veracruz Llave","3","4","/detalle/41032-73-f798cba83f30-b8a2-1951a05-a57d-7162"
"Casa en Venta en El Morro las Colonias","$ 1,780,100","277 m²","El Morro las Colonias, Boca del Río, Veracruz Llave","No disponible","No disponible","/detalle/41032-73-35aa05504646-d56e-1949904-a245-726e"
"Casa en Venta en Arroyo Blanco","$ 1,466,325","No disponible","Arroyo Blanco, Xalapa, Veracruz Llave","No disponible","No disponible","/detalle/41032-73-62f354e74be2-2450-1944dc9-88af-76b7"
"Casa en Venta en Costa de Oro 1a Secc","$ 743,000","374 m²","Costa de Oro 1a Secc, Boca del Río, Veracruz Llave","3","4","/detalle/41032-73-54156e749f23-942-1971861-ae39-7e21"
"Casa en Venta en Costa de Oro 1a Secc","$ 745,000","224 m²","Costa de Oro 1a Secc, Boca del Río, Veracruz Llave","2","3","/detalle/41032-73-6248f1b5e41e-dfc1-196c7d8-9d2d-78d0"
"Casa en Venta en Costa de Oro 1a Secc","$ 640,000","314 m²","Costa de Oro 1a Secc, Boca del Río, Veracruz Llave","2","5","/detalle/41032-73-aeab7bb52492-75fa-197331a-858d-7162"
"Casa en Venta en Medellin de Bravo","$ 2,640,120","272 m²","Medellin de Bravo, Medellín, Veracruz Llave","No disponible","No disponible","/detalle/41032-73-eb8c9a5e5dfb-71bf-194f2fa-a743-76b1"
"Casa en Venta en Costa de Oro 1a Secc","$ 735,000","420 m²","Costa de Oro 1a Secc, Boca del Río, Veracruz Llave","3","4","/detalle/41032-73-2f6e0579a3b5-4904-1956f3e-8594-7d15"
"Casa en Venta en Residencial Monte Magno","$ 690,000","280 m²","Residencial Monte Magno, Xalapa, Veracruz Llave","3","4","/detalle/41032-73-110f6c06517a-d51-1957726-bb69-7e23"
"Casa en Venta en La Tampiquera","$ 1,253,940","268 m²","La Tampiquera, Boca del Río, Veracruz Llave","3","4","/detalle/41032-73-41baa38abd4b-f65e-1916c7f-b08d-7e19"
"Casa en Venta en Boca Del Rio Centro","$ 1,180,510","210 m²","Boca Del Rio Centro, Boca del Río, Veracruz Llave","2","3","/detalle/41032-73-118b8c4c6be1-e7c2-1946220-b1be-7e21"
"Casa en Venta en Costa de Oro 1a Secc","$ 540,000","580 m²","Costa de Oro 1a Secc, Boca del Río, Veracruz Llave","3","4","/detalle/41032-73-6354161d8702-905d-19398e6-8e40-8047"
"Casa en Venta en Costa de Oro 1a Secc","$ 574,000","193 m²","Costa de Oro 1a Secc, Boca del Río, Veracruz Llave","3","5","/detalle/41032-73-1db29915ebe0-bd22-1971d90-bf8b-737b"
"Casa en Venta en Costa de Oro 1a Secc","$ 910,000","270 m²","Costa de Oro 1a Secc, Boca del Río, Veracruz Llave","3","4","/detalle/41032-73-edd7be85a5cd-c2aa-196d131-971b-7e21"
"Casa en Venta en El Morro las Colonias","$ 5,013,000","309 m²","El Morro las Colonias, Boca del Río, Veracruz Llave","2","3","/detalle/41032-73-44e7cd7ec045-c2b2-1948602-99fd-7af5"
"Casa en Venta en Costa de Oro 1a Secc","$ 3,000,000","715 m²","Costa de Oro 1a Secc, Boca del Río, Veracruz Llave","3","5","/detalle/41032-73-49547d809967-c450-1925a19-b233-7386"
"Casa en Venta en Costa de Oro 1a Secc","$ 507,000","248 m²","Costa de Oro 1a Secc, Boca del Río, Veracruz Llave","2","5","/detalle/41032-73-291213e8fe53-ad68-1971d9f-bf8b-737b"
"Casa en Venta en Costa de Oro 1a Secc","$ 650,000","190 m²","Costa de Oro 1a Secc, Boca del Río, Veracruz Llave","3","4","/detalle/41032-73-2c753ed13779-c64d-194e201-b57f-76ad"
"Casa en Venta en Playas de Conchal","$ 3,003,514","445 m²","Playas de Conchal, Alvarado, Veracruz Llave","4","4","/detalle/41032-73-bdd61e1e1d2d-ad80-1973745-af95-704a"
"Casa en Venta en La Tampiquera","$ 560,000","No disponible","La Tampiquera, Boca del Río, Veracruz Llave","3","4","/detalle/41032-73-b07d845c248a-cef6-196c6a9-a7ef-7f4f"
"Casa en Venta en Jardines de Virginia","$ 1,350,700","150 m²","Jardines de Virginia, Boca del Río, Veracruz Llave","2","3","/detalle/41032-73-b2ad6b53cf4b-88d9-197cd88-b645-769e"
"Casa en Venta en Costa de Oro 1a Secc","$ 590,000","420 m²","Costa de Oro 1a Secc, Boca del Río, Veracruz Llave","3","4","/detalle/41032-73-2974700e7911-e792-190e0a2-87b8-77bb"
"Casa en Venta en Virginia","$ 622,000","No disponible","Virginia, Boca del Río, Veracruz Llave","2","3","/detalle/41032-73-aa5f2ec834db-ad30-196bbd2-b250-7f2f"
"Casa en Venta en Costa de Oro 1a Secc","$ 990,000","744 m²","Costa de Oro 1a Secc, Boca del Río, Veracruz Llave","5","6","/detalle/41032-73-8aa455933d8b-dc27-1959b82-8f95-7382"
"Casa en Venta en Costa de Oro 1a Secc","$ 574,000","300 m²","Costa de Oro 1a Secc, Boca del Río, Veracruz Llave","2","3","/detalle/41032-73-54ce808a1b47-16a3-1971d9f-bad3-7d0f"
"Casa en Venta en Costa de Oro 1a Secc","$ 735,000","420 m²","Costa de Oro 1a Secc, Boca del Río, Veracruz Llave","3","4","/detalle/41032-73-45369388c978-c402-195ab45-881c-7166"
"Casa en Venta en Residencial Monte Magno","$ 690,000","280 m²","Residencial Monte Magno, Xalapa, Veracruz Llave","3","4","/detalle/41032-73-b01fff70ed-27a4-195f488-999f-7aeb"
"Casa en Venta en Astilleros de Veracruz","$ 413,000","270 m²","Astilleros de Veracruz, Veracruz, Veracruz Llave","2","3","/detalle/41032-73-9cbbd84db1db-7176-1972344-8381-76a9"
"Casa en Venta en Petrolera","$ 550,000","180 m²","Petrolera, Coatzacoalcos, Veracruz Llave","2","3","/detalle/41032-73-60ac662e5607-d66-195cf0b-af6d-759d"
"Casa en Venta en Costa de Oro 1a Secc","$ 590,000","336 m²","Costa de Oro 1a Secc, Boca del Río, Veracruz Llave","2","4","/detalle/41032-73-1c21ab1a3c6b-a121-1952546-b770-704f"
"Casa en Venta en Costa de Oro 1a Secc","$ 610,000","310 m²","Costa de Oro 1a Secc, Boca del Río, Veracruz Llave","3","4","/detalle/41032-73-e9e7040dac9-eb11-192b5ab-a163-8042"
"Casa en Venta en Costa de Oro 1a Secc","$ 610,000","310 m²","Costa de Oro 1a Secc, Boca del Río, Veracruz Llave","3","4","/detalle/41032-73-56e84dd63c6d-18c8-194d2b0-94d7-7275"
"Casa en Venta en Costa de Oro 1a Secc","$ 660,000","650 m²","Costa de Oro 1a Secc, Boca del Río, Veracruz Llave","4","5","/detalle/41032-73-4a870b2ebe9b-da13-1934af6-9341-737a"
"Casa en Venta en Costa de Oro 1a Secc","$ 780,000","520 m²","Costa de Oro 1a Secc, Boca del Río, Veracruz Llave","4","5","/detalle/41032-73-325e9755bff7-2268-196ccca-9902-78d7"
"Casa en Venta en Costa de Oro 1a Secc","$ 660,000","No disponible","Costa de Oro 1a Secc, Boca del Río, Veracruz Llave","4","5","/detalle/41032-73-ad27562e885a-f8ec-1969275-80d4-715e"
"Casa en Venta en La Tampiquera","$ 550,000","370 m²","La Tampiquera, Boca del Río, Veracruz Llave","3","4","/detalle/41032-73-ae03fc070d23-4eb2-196b679-96d8-74f0"
"Casa en Venta en Costa de Oro 1a Secc","$ 710,000","650 m²","Costa de Oro 1a Secc, Boca del Río, Veracruz Llave","4","5","/detalle/41032-73-d92745ab82ca-685b-195b05a-afd4-7f35"
"Casa en Venta en La Tampiquera","$ 550,000","No disponible","La Tampiquera, Boca del Río, Veracruz Llave","3","4","/detalle/41032-73-d63391691858-a665-19499a6-8b3d-7497"
"Casa en Fraccionamiento en Venta en Alvarado Centro","$ 2,305,000","195 m²","Alvarado Centro, Alvarado, Veracruz Llave","3","3","/detalle/41032-73-5edb1e1d2199-6e6e-1946731-b9ae-7b50"
"Casa en Fraccionamiento en Venta en Alvarado Centro","$ 2,350,000","195 m²","Alvarado Centro, Alvarado, Veracruz Llave","3","3","/detalle/41032-73-1bbbb7af1aaa-d679-1946738-a38e-7417"
"Casa en Venta en Costa de Oro 1a Secc","$ 2,632,000","1,000 m²","Costa de Oro 1a Secc, Boca del Río, Veracruz Llave","5","6","/detalle/41032-73-8d9977e80601-288c-196031b-9be8-77be"
"Casa en Venta en Jalapa Enríquez Centro","$ 2,407,120","336 m²","Jalapa Enríquez Centro, Xalapa, Veracruz Llave","3","4","/detalle/41032-73-b861007a378c-b632-197ebb8-9d2c-7394"
"Casa en Fraccionamiento en Venta en Costa de Oro 1a Secc","$ 2,582,000","300 m²","Costa de Oro 1a Secc, Boca del Río, Veracruz Llave","1","2","/detalle/41032-73-7481746a5205-2ac7-194be92-a5ec-7e20"
"Casa en Venta en Las Lomas","$ 1,456,300","190 m²","Las Lomas, Alvarado, Veracruz Llave","2","3","/detalle/41032-73-a56ec7190d86-94c3-fe9934ba-8c09-411b"
"Casa en Venta en Costa de Oro 1a Secc","$ 990,000","No disponible","Costa de Oro 1a Secc, Boca del Río, Veracruz Llave","4","5","/detalle/41032-73-c793539a4686-e018-1973d0a-afcb-726d"
"Casa en Venta en Costa de Oro 1a Secc","$ 4,620,000","300 m²","Costa de Oro 1a Secc, Boca del Río, Veracruz Llave","2","3","/detalle/41032-73-3cb51dcfa6f1-8c08-197ae32-bdd1-7171"
"Casa en Venta en Villa Rica","$ 1,353,713","150 m²","Villa Rica, Boca del Río, Veracruz Llave","3","4","/detalle/41032-73-c51ef6fd157f-309f-197b0cc-a2ea-7498"
"Casa en Venta en Playas de Conchal","$ 4,200,000","250 m²","Playas de Conchal, Alvarado, Veracruz Llave","3","3","/detalle/41032-73-1ac3037a3682-87ea-d4e54fa4-9879-4c96"
"Casa en Venta en Graciano Sánchez Romo","$ 4,771,050","85 m²","Graciano Sánchez Romo, Boca del Río, Veracruz Llave","2","3","/detalle/41032-73-43ceb27fbdb1-f928-19765dd-aaf9-79df"
"Casa en Venta en Jose Cardel","$ 790,000","165 m²","Jose Cardel, Xalapa, Veracruz Llave","2","3","/detalle/41032-73-9e43d2bb0286-146-196d708-b9f5-7382"
"Casa en Venta en La Nueva Victoria","$ 800,000","380 m²","La Nueva Victoria, San Andrés Tuxtla, Veracruz Llave","3","5","/detalle/41032-73-81e27585794d-68af-196d6f0-b9f5-7382"
"Casa en Venta en La Tampiquera","$ 910,000","350 m²","La Tampiquera, Boca del Río, Veracruz Llave","3","4","/detalle/41032-73-90c3807e1cb4-fe69-196d703-b9f5-7382"
"Casa en Venta en Costa de Oro 1a Secc","$ 850,000","300 m²","Costa de Oro 1a Secc, Boca del Río, Veracruz Llave","4","5","/detalle/41032-73-8ccacef99717-c297-195f3a2-a641-79e4"
"Casa en Venta en La Tampiquera","$ 640,000","230 m²","La Tampiquera, Boca del Río, Veracruz Llave","4","4","/detalle/41032-73-1731ec4f0130-1b35-1923a61-8d65-7bfe"
"Casa en Venta en Jardines de Virginia","$ 622,000","150 m²","Jardines de Virginia, Boca del Río, Veracruz Llave","3","3","/detalle/41032-73-54dcfb4efed4-e976-1929ced-8c01-78cc"
"Casa en Venta en Costa de Oro 1a Secc","$ 730,000","450 m²","Costa de Oro 1a Secc, Boca del Río, Veracruz Llave","3","5","/detalle/41032-73-263ec99a57a-8ad7-1923a31-8d65-7bfe"
"Casa en Venta en Revolucion","$ 770,000","240 m²","Revolucion, Boca del Río, Veracruz Llave","2","3","/detalle/41032-73-99cf340a4321-6c3e-196d4d7-bc3e-79e8"
"Casa en Venta en Costa de Oro 1a Secc","$ 760,000","540 m²","Costa de Oro 1a Secc, Boca del Río, Veracruz Llave","4","4","/detalle/41032-73-75a70dc136f4-6e8f-19718f4-b2dc-7277"
"Casa en Venta en Costa de Oro 1a Secc","$ 1,280,000","740 m²","Costa de Oro 1a Secc, Boca del Río, Veracruz Llave","4","5","/detalle/41032-73-e659e6e8a6e5-ce48-19765f7-a913-759c"
"Casa en Venta en Costa de Oro 1a Secc","$ 760,000","592 m²","Costa de Oro 1a Secc, Boca del Río, Veracruz Llave","4","4","/detalle/41032-73-c0f56abe2d3d-5a46-1976567-a913-759c"
"Casa en Venta en Costa de Oro 1a Secc","$ 990,000","270 m²","Costa de Oro 1a Secc, Boca del Río, Veracruz Llave","2","4","/detalle/41032-73-1176c5b3b4d-8160-19336cb-a641-7053"
"Casa en Venta en Costa de Oro 1a Secc","$ 680,000","427 m²","Costa de Oro 1a Secc, Boca del Río, Veracruz Llave","4","5","/detalle/41032-73-34576c624d71-ebbd-197c876-884a-76d2"
"Casa en Venta en Costa de Oro 1a Secc","$ 730,000","700 m²","Costa de Oro 1a Secc, Boca del Río, Veracruz Llave","3","4","/detalle/41032-73-137d89e84f33-8070-197c879-bf0f-717f"
"Casa en Venta en La Tampiquera","$ 620,000","No disponible","La Tampiquera, Boca del Río, Veracruz Llave","3","4","/detalle/41032-73-5449386abb50-76c8-197207a-af10-76b8"
"Casa en Venta en Costa de Oro 1a Secc","$ 667,000","No disponible","Costa de Oro 1a Secc, Boca del Río, Veracruz Llave","3","4","/detalle/41032-73-2e515cb6704a-d260-1972071-af10-76b8"
"Casa en Venta en Costa de Oro 1a Secc","$ 648,000","264 m²","Costa de Oro 1a Secc, Boca del Río, Veracruz Llave","2","3","/detalle/41032-73-7cfdef33e003-ec7a-196c70a-950d-759d"
"Casa en Venta en Orizaba Centro","$ 3,021,509","300 m²","Orizaba Centro, Orizaba, Veracruz Llave","4","3","/detalle/41032-73-709c7d442fef-ccfc-197e6b9-8149-722f"
"Casa en Venta en Las Palmas","$ 2,685,547","180 m²","Las Palmas, Medellín, Veracruz Llave","5","4","/detalle/41032-73-b9012d8c66f3-9ddf-197d6c4-9af2-73f6"
"Casa en Venta en Sebastián Lerdo de Tejada Indeco","$ 700,000","140 m²","Sebastián Lerdo de Tejada Indeco, Xalapa, Veracruz Llave","2","3","/detalle/41032-73-e2656147a2a3-a0e9-1976b53-b7b0-715b"
"Casa en Venta en La Tampiquera","$ 790,000","370 m²","La Tampiquera, Boca del Río, Veracruz Llave","3","4","/detalle/41032-73-17b58847043-2ba4-1976b6c-b7b1-715b"
"Casa en Venta en Centro","$ 1,238,265","240 m²","Centro, Camerino Z. Mendoza, Veracruz Llave","2","3","/detalle/41032-73-9cb0cc5ff642-24af-197d1d5-9520-74b2"
"Casa en Venta en Unidad Del Bosque Pensiones","$ 3,363,776","160 m²","Unidad Del Bosque Pensiones, Xalapa, Veracruz Llave","No disponible","No disponible","/detalle/41032-73-c30e192be2d8-5c40-197e714-ac9b-73b2"
"Casa en Venta en Costa de Oro 1a Secc","$ 2,747,000","300 m²","Costa de Oro 1a Secc, Boca del Río, Veracruz Llave","2","3","/detalle/41032-73-280f90ea626-4d8d-195fe30-bcbd-7ae9"
"Casa en Venta en Costa de Oro 1a Secc","$ 667,000","No disponible","Costa de Oro 1a Secc, Boca del Río, Veracruz Llave","2","4","/detalle/41032-73-483c1d353bb2-698b-47c2dc82-a74e-4892"
"Casa en Venta en Costa de Oro 1a Secc","$ 730,000","480 m²","Costa de Oro 1a Secc, Boca del Río, Veracruz Llave","3","5","/detalle/41032-73-755ff7e73b2d-fc53-195eeb9-a469-7053"
"Casa en Venta en Costa de Oro 1a Secc","$ 700,000","376 m²","Costa de Oro 1a Secc, Boca del Río, Veracruz Llave","2","3","/detalle/41032-73-ef34ab1af011-52d7-193acf0-9ffd-71f4"
"Casa en Venta en Costa de Oro 1a Secc","$ 590,000","310 m²","Costa de Oro 1a Secc, Boca del Río, Veracruz Llave","3","4","/detalle/41032-73-13d31cdac949-526f-193acf0-b3ad-742b"
"Casa en Venta en Jardines de Virginia","$ 622,000","280 m²","Jardines de Virginia, Boca del Río, Veracruz Llave","3","4","/detalle/41032-73-de5e4849631b-db7b-1955e8e-9c12-7275"
"Casa en Venta en Costa de Oro 1a Secc","$ 640,000","390 m²","Costa de Oro 1a Secc, Boca del Río, Veracruz Llave","5","5","/detalle/41032-73-343ba9fb17be-b45d-19471d3-a4bb-7380"
"Casa en Venta en La Tampiquera","$ 560,000","370 m²","La Tampiquera, Boca del Río, Veracruz Llave","3","4","/detalle/41032-73-1c3baf01fe57-5204-193acf0-a8ba-7150"
"Casa en Venta en Boca Del Rio","$ 750,031","113 m²","Boca Del Rio, Boca del Río, Veracruz Llave","2","2","/detalle/41032-73-a1d5bdea6a66-4204-1926850-84b7-7f29"
"Casa en Venta en Costa de Oro 1a Secc","$ 1,200,000","600 m²","Costa de Oro 1a Secc, Boca del Río, Veracruz Llave","4","4","/detalle/41032-73-70476d282803-561d-1926e10-9cf2-7215"
"Casa en Venta en Costa de Oro 1a Secc","$ 850,000","300 m²","Costa de Oro 1a Secc, Boca del Río, Veracruz Llave","3","4","/detalle/41032-73-93d5a84f3516-225a-1939375-a9af-7bfc"
"Casa en Venta en Virginia","$ 622,000","400 m²","Virginia, Boca del Río, Veracruz Llave","2","3","/detalle/41032-73-8c708cbab07b-3d61-197d1d6-b282-72d7"
"Casa en Venta en Costa de Oro 1a Secc","$ 630,000","No disponible","Costa de Oro 1a Secc, Boca del Río, Veracruz Llave","4","4","/detalle/41032-73-25935143d8a9-fe30-192e940-8162-79da"
"Casa en Venta en Jardines de Virginia","$ 1,350,700","150 m²","Jardines de Virginia, Boca del Río, Veracruz Llave","1","3","/detalle/41032-73-12e02c0f11ba-f0cf-195b4fe-9998-715d"
"Casa en Venta en Costa de Oro 1a Secc","$ 990,000","215 m²","Costa de Oro 1a Secc, Boca del Río, Veracruz Llave","2","4","/detalle/41032-73-975b2ead270f-84df-19428e7-ae3c-7e24"
"Casa en Venta en Costa de Oro 1a Secc","$ 648,000","No disponible","Costa de Oro 1a Secc, Boca del Río, Veracruz Llave","4","4","/detalle/41032-73-4f8119cb3499-8806-1970358-9c3d-77bd"
"Casa en Venta en Graciano Sánchez Romo","$ 675,000","330 m²","Graciano Sánchez Romo, Boca del Río, Veracruz Llave","2","5","/detalle/41032-73-9da6475eb3b5-7e6e-1975679-88ea-8039"
"Casa en Venta en Jardines de Virginia","$ 622,000","400 m²","Jardines de Virginia, Boca del Río, Veracruz Llave","2","3","/detalle/41032-73-e2ecd1f9929f-721f-195251f-90e7-7161"
"Casa en Venta en La Tampiquera","$ 640,000","350 m²","La Tampiquera, Boca del Río, Veracruz Llave","2","4","/detalle/41032-73-9425cc5e40cc-8ab9-1977fb5-b02b-78d5"
"Casa en Venta en Costa de Oro 1a Secc","$ 648,000","390 m²","Costa de Oro 1a Secc, Boca del Río, Veracruz Llave","3","4","/detalle/41032-73-d4df5deb2ecd-40ab-195d9f2-8078-8039"
"Casa en Venta en Jardines de Virginia","$ 680,000","90 m²","Jardines de Virginia, Boca del Río, Veracruz Llave","2","3","/detalle/41032-73-3acaacff39b4-ec3d-1955053-96ea-77c3"
"Casa en Venta en Costa de Oro 1a Secc","$ 640,000","340 m²","Costa de Oro 1a Secc, Boca del Río, Veracruz Llave","2","5","/detalle/41032-73-37b72bc0bbf4-3e69-1977fe7-a972-7271"
"Casa en Venta en Residencial Monte Magno","$ 790,000","250 m²","Residencial Monte Magno, Xalapa, Veracruz Llave","2","3","/detalle/41032-73-4190b2511fe3-e92b-197530e-b884-7d16"
"Casa en Venta en Costa del Sol","$ 1,490,510","150 m²","Costa del Sol, Boca del Río, Veracruz Llave","2","3","/detalle/41032-73-962da7488145-b4f6-192b62c-add6-7e22"
"Casa en Venta en Jardines de Virginia","$ 3,966,603","270 m²","Jardines de Virginia, Boca del Río, Veracruz Llave","2","4","/detalle/41032-73-2467d2080c2-1772-abc8112a-bac9-4a74"
"Casa en Venta en Costa de Oro 1a Secc","$ 690,000","340 m²","Costa de Oro 1a Secc, Boca del Río, Veracruz Llave","2","3","/detalle/41032-73-7c3fa21aa7b3-ef89-1931e2c-9369-803e"
"Casa en Venta en Costa de Oro 1a Secc","$ 4,620,000","360 m²","Costa de Oro 1a Secc, Boca del Río, Veracruz Llave","2","3","/detalle/41032-73-6a3466c9b236-baf0-197c2bb-b5b9-7801"
"Casa en Fraccionamiento en Venta en Boca Del Rio","$ 3,826,100","305 m²","Boca Del Rio, Boca del Río, Veracruz Llave","3","4","/detalle/41032-73-4486c7615076-7426-197d7d3-8955-7077"
"Casa en Venta en Costa de Oro 1a Secc","$ 600,000","310 m²","Costa de Oro 1a Secc, Boca del Río, Veracruz Llave","3","4","/detalle/41032-73-ac165f3c454-c9f5-87a5ce6e-a05b-46e9"
"Casa en Venta en Costa de Oro 1a Secc","$ 650,000","800 m²","Costa de Oro 1a Secc, Boca del Río, Veracruz Llave","3","5","/detalle/41032-73-8cc1de2c7e85-c3bf-19543e7-a610-7aeb"
"Casa en Venta en Jardines de Las Ánimas","$ 1,799,000","360 m²","Jardines de Las Ánimas, Xalapa, Veracruz Llave","2","4","/detalle/41032-73-de6db9dc8980-88d3-195b054-b600-78ca"
"Casa en Venta en Costa de Oro 1a Secc","$ 610,000","310 m²","Costa de Oro 1a Secc, Boca del Río, Veracruz Llave","3","4","/detalle/41032-73-cf8114f0ce44-f7fe-19220c8-8133-7380"
"Casa en Venta en La Tampiquera","$ 560,000","No disponible","La Tampiquera, Boca del Río, Veracruz Llave","3","4","/detalle/41032-73-a23f009e49b4-e672-196d001-90db-78ca"
"Casa en Venta en Costa de Oro 1a Secc","$ 1,090,000","280 m²","Costa de Oro 1a Secc, Boca del Río, Veracruz Llave","4","4","/detalle/41032-73-6b1e43750ccb-f67-197c24b-83ac-74d2"
"Casa en Venta en Costa de Oro 1a Secc","$ 690,000","No disponible","Costa de Oro 1a Secc, Boca del Río, Veracruz Llave","2","3","/detalle/41032-73-2347fea785f2-685e-19581d9-91b7-7af0"
"Casa en Venta en Costa de Oro 1a Secc","$ 648,000","260 m²","Costa de Oro 1a Secc, Boca del Río, Veracruz Llave","3","4","/detalle/41032-73-5dbb5280cfdc-7c32-1951205-8d92-7e1c"
"Casa en Venta en Costa de Oro 1a Secc","$ 730,000","700 m²","Costa de Oro 1a Secc, Boca del Río, Veracruz Llave","3","4","/detalle/41032-73-87e45839e257-b375-19502b7-acac-748d"
"Casa en Venta en Jardines de Virginia","$ 622,000","400 m²","Jardines de Virginia, Boca del Río, Veracruz Llave","2","3","/detalle/41032-73-4d20a891698b-851f-19502ac-9b0c-7159"
"Casa en Venta en Jardines de Mocambo","$ 670,000","No disponible","Jardines de Mocambo, Boca del Río, Veracruz Llave","3","4","/detalle/41032-73-dda8593271aa-a57-19572ca-be77-7bfb"
"Casa en Venta en Costa de Oro 1a Secc","$ 648,000","390 m²","Costa de Oro 1a Secc, Boca del Río, Veracruz Llave","4","4","/detalle/41032-73-55d6482a6bad-29ad-19502b1-9b0c-7159"
"Casa en Venta en Fuentes de Las Ánimas","$ 610,000","250 m²","Fuentes de Las Ánimas, Xalapa, Veracruz Llave","2","4","/detalle/41032-73-9a81791e8bc7-6c97-196a945-9c0f-7af7"
"Casa en Venta en Quintas Al Andalus","$ 936,394","340 m²","Quintas Al Andalus, Boca del Río, Veracruz Llave","2","3","/detalle/41032-73-f71891121f0a-40bc-d1fe35e6-beb0-4d8c"
"Casa en Venta en Costa de Oro 1a Secc","$ 750,000","570 m²","Costa de Oro 1a Secc, Boca del Río, Veracruz Llave","4","6","/detalle/41032-73-b24206f4ddf5-a76d-196b75f-b1a9-7386"
"Casa en Venta en Costa de Oro 1a Secc","$ 650,000","250 m²","Costa de Oro 1a Secc, Boca del Río, Veracruz Llave","3","4","/detalle/41032-73-a528fd7834f5-829b-196b758-b1a9-7386"
"Casa en Venta en La Tampiquera","$ 1,036,950","195 m²","La Tampiquera, Boca del Río, Veracruz Llave","2","3","/detalle/41032-73-846d1d120c79-2b52-414e5fd2-b1c1-48c2"
"Casa en Venta en Costa de Oro 1a Secc","$ 648,000","390 m²","Costa de Oro 1a Secc, Boca del Río, Veracruz Llave","4","4","/detalle/41032-73-9e4ff3379f2a-822e-1950131-b8a9-7c07"
"Casa en Venta en Costa de Oro 1a Secc","$ 730,000","700 m²","Costa de Oro 1a Secc, Boca del Río, Veracruz Llave","3","4","/detalle/41032-73-e87bc1f90275-fcb3-1950128-b41f-7275"
"Casa en Venta en Virginia","$ 622,000","205 m²","Virginia, Boca del Río, Veracruz Llave","2","3","/detalle/41032-73-8894e03061a9-b1e9-196b747-b1a9-7386"
"Casa en Venta en Lomas Del Mar","$ 534,785","No disponible","Lomas Del Mar, Boca del Río, Veracruz Llave","2","4","/detalle/41032-73-83922055b646-9ac0-1975b95-b291-7f2c"
"Casa en Venta en Costa de Oro 1a Secc","$ 648,000","390 m²","Costa de Oro 1a Secc, Boca del Río, Veracruz Llave","4","4","/detalle/41032-73-a55ecff199fe-d671-19508cd-aec5-7497"
"Casa en Venta en La Tampiquera","$ 560,000","370 m²","La Tampiquera, Boca del Río, Veracruz Llave","3","4","/detalle/41032-73-48b22a91bef6-927d-1950175-ad7f-7f2b"
"Casa en Venta en Lomas Del Mar","$ 534,785","100 m²","Lomas Del Mar, Boca del Río, Veracruz Llave","2","4","/detalle/41032-73-254d085626b5-c6b4-1972305-bd76-7e1a"
"Casa en Venta en Jardines de Virginia","$ 622,000","400 m²","Jardines de Virginia, Boca del Río, Veracruz Llave","2","3","/detalle/41032-73-da1842000383-eaf1-1950133-a70d-748c"
"Casa en Venta en Costa de Oro 1a Secc","$ 700,000","646 m²","Costa de Oro 1a Secc, Boca del Río, Veracruz Llave","3","4","/detalle/41032-73-e0516ca0cbe1-7f04-1971a8d-bf06-78cb"
"Casa en Venta en Jose Cardel","$ 660,000","213 m²","Jose Cardel, Xalapa, Veracruz Llave","2","3","/detalle/41032-73-d703ecd2b51e-190d-1930908-8493-7f35"
"Casa en Venta en Obrera","$ 534,785","100 m²","Obrera, Boca del Río, Veracruz Llave","2","4","/detalle/41032-73-1517d45875a5-b617-1978e89-ae76-7e1c"
"Casa en Venta en Ejido Primero de Mayo Sur","$ 1,712,800","177 m²","Ejido Primero de Mayo Sur, Boca del Río, Veracruz Llave","1","3","/detalle/41032-73-f86fd6623d06-12b3-1970f92-9dbc-75a6"
"Casa en Fraccionamiento en Venta en Boca Del Rio","$ 3,826,100","305 m²","Boca Del Rio, Boca del Río, Veracruz Llave","1","3","/detalle/41032-73-2a3c55e364ef-e211-19785b8-8dec-76b8"
"Casa en Venta en Virginia","$ 550,000","260 m²","Virginia, Boca del Río, Veracruz Llave","2","4","/detalle/41032-73-61b2d387a986-a1ba-1976b5f-9ca7-7272"
"Casa en Venta en Sebastián Lerdo de Tejada Indeco","$ 700,000","140 m²","Sebastián Lerdo de Tejada Indeco, Xalapa, Veracruz Llave","2","3","/detalle/41032-73-2eb593e618c3-685a-292fa2ef-8cb5-41a2"
"Casa en Venta en Costa de Oro 1a Secc","$ 890,000","580 m²","Costa de Oro 1a Secc, Boca del Río, Veracruz Llave","4","4","/detalle/41032-73-6b8c83efec95-53ff-19871a9f-b3cb-474a"
"Casa en Venta en Costa de Oro 1a Secc","$ 600,000","440 m²","Costa de Oro 1a Secc, Boca del Río, Veracruz Llave","2","5","/detalle/41032-73-f81338dc7b78-f6c5-1976b66-ac7e-78d5"
"Casa en Venta en Sebastián Lerdo de Tejada Indeco","$ 700,000","140 m²","Sebastián Lerdo de Tejada Indeco, Xalapa, Veracruz Llave","2","3","/detalle/41032-73-2b84fd9206c0-cf21-1913398-8f47-78d4"
"Casa en Venta en Residencial Monte Magno","$ 500,000","270 m²","Residencial Monte Magno, Xalapa, Veracruz Llave","3","4","/detalle/41032-73-2cddad5d7905-b30d-19793b5-ae07-79dd"
"Casa en Venta en Costa de Oro 1a Secc","$ 910,000","950 m²","Costa de Oro 1a Secc, Boca del Río, Veracruz Llave","6","7","/detalle/41032-73-2b1685cb1082-dc8a-192df79-8312-7e20"
"Casa en Venta en Costa de Oro 1a Secc","$ 570,000","270 m²","Costa de Oro 1a Secc, Boca del Río, Veracruz Llave","4","5","/detalle/41032-73-14a776a61121-b220-1958818-ae80-803d"
"Casa en Venta en Costa de Oro 1a Secc","$ 750,000","400 m²","Costa de Oro 1a Secc, Boca del Río, Veracruz Llave","3","4","/detalle/41032-73-fdd842f2e85f-7f8c-192df6a-8311-7e20"
"Casa en Venta en Costa de Oro 1a Secc","$ 710,000","376 m²","Costa de Oro 1a Secc, Boca del Río, Veracruz Llave","4","5","/detalle/41032-73-41f9255ce535-4981-192df66-b8bf-76ac"
"Casa en Venta en Costa de Oro 1a Secc","$ 729,000","776 m²","Costa de Oro 1a Secc, Boca del Río, Veracruz Llave","5","5","/detalle/41032-73-100518b46464-76f4-1975b2c-ba1a-7384"
"Casa en Venta en Costa de Oro 1a Secc","$ 750,000","328 m²","Costa de Oro 1a Secc, Boca del Río, Veracruz Llave","4","5","/detalle/41032-73-3a6a75b3d4fa-9ba6-192df64-b8bf-76ac"
"Casa en Venta en Costa de Oro 1a Secc","$ 990,000","744 m²","Costa de Oro 1a Secc, Boca del Río, Veracruz Llave","5","6","/detalle/41032-73-69197945257f-67f0-194dd52-9484-7055"
"Casa en Venta en Costa de Oro 1a Secc","$ 779,000","500 m²","Costa de Oro 1a Secc, Boca del Río, Veracruz Llave","3","4","/detalle/41032-73-c4cbb2622332-36b4-194dca3-8c29-7d18"
"Casa en Venta en Costa de Oro 1a Secc","$ 527,000","464 m²","Costa de Oro 1a Secc, Boca del Río, Veracruz Llave","2","3","/detalle/41032-73-56654bc3ea17-5f2d-196da6b-876e-7f31"
"Casa en Venta en Costa de Oro 1a Secc","$ 950,000","370 m²","Costa de Oro 1a Secc, Boca del Río, Veracruz Llave","4","5","/detalle/41032-73-f45f2ba129fc-3e7a-197133a-a9c2-759e"
"Casa en Venta en Costa de Oro 1a Secc","$ 660,000","700 m²","Costa de Oro 1a Secc, Boca del Río, Veracruz Llave","3","6","/detalle/41032-73-e94a4524114f-b0db-19259b8-94a9-7e1e"
"Casa en Venta en Mexico","$ 919,800","121 m²","Mexico, Veracruz, Veracruz Llave","No disponible","No disponible","/detalle/41032-73-17e30b22a739-91e9-1956432-884e-77c4"
"Casa en Venta en Costa de Oro 1a Secc","$ 895,000","172 m²","Costa de Oro 1a Secc, Boca del Río, Veracruz Llave","3","4","/detalle/41032-73-dbe953f34f3b-822b-19519fb-a57d-7162"
"Casa en Venta en Mexico","$ 1,625,085","119 m²","Mexico, Veracruz, Veracruz Llave","No disponible","No disponible","/detalle/41032-73-62b4e5e854a3-9851-194b4d3-9488-7f2d"
"Casa en Venta en Ejido Primero de Mayo Sur","$ 1,573,635","177 m²","Ejido Primero de Mayo Sur, Boca del Río, Veracruz Llave","No disponible","No disponible","/detalle/41032-73-a8d6ec9c0992-f9a3-194b40a-b56f-7d0d"
"Casa en Venta en Mexico","$ 1,423,100","171 m²","Mexico, Veracruz, Veracruz Llave","No disponible","No disponible","/detalle/41032-73-b9784d1b86bb-f610-195f822-8ffa-77c5"
"Casa en Venta en Jardines de Virginia","$ 850,000","294 m²","Jardines de Virginia, Boca del Río, Veracruz Llave","2","3","/detalle/41032-73-979087ba80d-f06-1951a15-a57e-7162"
"Casa en Venta en Villa Rica","$ 534,785","100 m²","Villa Rica, Boca del Río, Veracruz Llave","2","4","/detalle/41032-73-618de1257b73-b49f-1975b08-8b3a-8040"
"Casa en Venta en Costa de Oro 1a Secc","$ 942,000","290 m²","Costa de Oro 1a Secc, Boca del Río, Veracruz Llave","3","4","/detalle/41032-73-a6190aa47b57-138f-1975624-b778-76ad"
"Casa en Venta en Modelo","$ 540,000","310 m²","Modelo, Xalapa, Veracruz Llave","2","3","/detalle/41032-73-5a9c3b5579f0-8ec9-19502b6-bf98-7d0b"
"Casa en Venta en Banus","$ 358,851","103 m²","Banus, Alvarado, Veracruz Llave","2","2","/detalle/41032-73-48da880c67a2-598a-19128e6-a88f-7275"
"Casa en Venta en Costa de Oro 1a Secc","$ 648,000","390 m²","Costa de Oro 1a Secc, Boca del Río, Veracruz Llave","4","4","/detalle/41032-73-f195b6d11455-eda7-1967eb9-aa13-77c7"
"Casa en Venta en Costa de Oro 1a Secc","$ 633,000","350 m²","Costa de Oro 1a Secc, Boca del Río, Veracruz Llave","3","4","/detalle/41032-73-840c072734b2-3747-190ccec-b6a5-78cd"
"Casa en Venta en Costa de Oro 1a Secc","$ 829,900","390 m²","Costa de Oro 1a Secc, Boca del Río, Veracruz Llave","2","3","/detalle/41032-73-ea20659af1a0-ef3a-6710e839-9c63-4572"
"Casa en Venta en Costa de Oro 1a Secc","$ 743,000","390 m²","Costa de Oro 1a Secc, Boca del Río, Veracruz Llave","3","4","/detalle/41032-73-4671f4bf7566-e1f8-e0d37dfc-bc98-46a6"
"Casa en Fraccionamiento en Venta en Playa Dorada","$ 2,202,834","200 m²","Playa Dorada, Alvarado, Veracruz Llave","2","4","/detalle/41032-73-a01bc7083e5c-2edc-196da33-91ec-7aef"
"Casa en Venta en Banus","$ 358,851","77 m²","Banus, Alvarado, Veracruz Llave","2","2","/detalle/41032-73-fba66058904c-daff-1943e8a-93ad-79e4"
"Casa en Venta en Costa del Sol","$ 1,490,510","160 m²","Costa del Sol, Boca del Río, Veracruz Llave","2","4","/detalle/41032-73-45719a853207-9340-5c0abfc6-9be2-40d8"
"Casa en Venta en La Nueva Victoria","$ 650,000","270 m²","La Nueva Victoria, San Andrés Tuxtla, Veracruz Llave","3","4","/detalle/41032-73-59b5bde4073e-1e06-195b502-b214-79e4"
"Casa en Venta en Playa de Oro","$ 700,000","376 m²","Playa de Oro, Boca del Río, Veracruz Llave","2","3","/detalle/41032-73-ff77f5fc2ff9-4a76-1951260-820d-704d"
"Casa en Venta en Jardines de Virginia","$ 622,000","260 m²","Jardines de Virginia, Boca del Río, Veracruz Llave","3","4","/detalle/41032-73-b25d82610983-16c6-194e2e2-bece-7492"
"Casa en Venta en Ricardo Flores Magon","$ 3,539,100","220 m²","Ricardo Flores Magon, Veracruz, Veracruz Llave","2","3","/detalle/41032-73-4f6b699d5787-57a9-197a3d8-97bb-76d9"
"Casa en Venta en Virginia","$ 622,000","400 m²","Virginia, Boca del Río, Veracruz Llave","2","3","/detalle/41032-73-4471c6ecc6d7-512a-196c827-a8de-7277"
"Casa en Venta en Costa de Oro 1a Secc","$ 720,000","No disponible","Costa de Oro 1a Secc, Boca del Río, Veracruz Llave","4","5","/detalle/41032-73-b8f3772e6c9e-2116-196bbee-b250-7f2f"
"Casa en Fraccionamiento en Venta en Las Lomas","$ 2,064,729","90 m²","Las Lomas, Alvarado, Veracruz Llave","2","4","/detalle/41032-73-c6a31c7f7cab-a8be-197898b-b520-803f"
"Casa en Venta en Boca Del Rio","$ 1,678,850","240 m²","Boca Del Rio, Boca del Río, Veracruz Llave","2","3","/detalle/41032-73-159a4528c8b-1fe4-191e31a-be5f-7e1f"
"Casa en Venta en Residencial Monte Magno","$ 790,000","250 m²","Residencial Monte Magno, Xalapa, Veracruz Llave","2","3","/detalle/41032-73-e2c37a156404-26c1-195f45c-999e-7aeb"
"Casa en Venta en Jardines de Mocambo","$ 600,000","284 m²","Jardines de Mocambo, Boca del Río, Veracruz Llave","1","4","/detalle/41032-73-303f67381e4a-7686-1971f0e-b033-7af1"
"Casa en Venta en Costa de Oro 1a Secc","$ 730,000","700 m²","Costa de Oro 1a Secc, Boca del Río, Veracruz Llave","3","4","/detalle/41032-73-aa7023830603-8997-19180af-90e1-803b"
"Casa en Venta en Estatuto Juridico","$ 895,000","120 m²","Estatuto Juridico, Boca del Río, Veracruz Llave","2","4","/detalle/41032-73-3d973f0bd83c-eb9c-193f4e0-ab90-7af8"
"Casa en Venta en La Tampiquera","$ 550,000","370 m²","La Tampiquera, Boca del Río, Veracruz Llave","3","4","/detalle/41032-73-8f896b2c670-2a90-1970de6-b16a-7e28"
"Casa en Venta en Costa de Oro 1a Secc","$ 890,000","580 m²","Costa de Oro 1a Secc, Boca del Río, Veracruz Llave","4","4","/detalle/41032-73-123a0c59dfd7-518-196ccbd-9c66-726b"
"Casa en Venta en La Tampiquera","$ 550,000","No disponible","La Tampiquera, Boca del Río, Veracruz Llave","3","4","/detalle/41032-73-930bc5e59744-e315-19494d5-a481-7e25"
"Casa en Venta en La Nueva Victoria","$ 662,000","322 m²","La Nueva Victoria, San Andrés Tuxtla, Veracruz Llave","3","4","/detalle/41032-73-125a79f85e3c-cfaf-192b75d-9d22-8044"
"Casa en Venta en Jardines de Virginia","$ 600,000","345 m²","Jardines de Virginia, Boca del Río, Veracruz Llave","1","3","/detalle/41032-73-7ea18ca0cbcf-b3c4-1f6c3ebe-877c-4a8a"
"Casa en Venta en Jardines de Las Ánimas","$ 525,000","220 m²","Jardines de Las Ánimas, Xalapa, Veracruz Llave","2","3","/detalle/41032-73-17b226a7963c-d196-194f665-bf08-7495"
"Casa en Fraccionamiento en Venta en Alvarado Centro","$ 730,000","180 m²","Alvarado Centro, Alvarado, Veracruz Llave","2","4","/detalle/41032-73-2255b9d21912-12f2-509eea0f-8894-422b"
"Casa en Fraccionamiento en Venta en Las Americas","$ 1,950,000","250 m²","Las Americas, Boca del Río, Veracruz Llave","2","2","/detalle/41032-73-da568e12fa57-7ee1-19466d4-9123-7da1"
"Casa en Fraccionamiento en Venta en Joyas de Mocambo (Granjas los Pinos)","$ 1,950,000","250 m²","Joyas de Mocambo (Granjas los Pinos), Boca del Río, Veracruz Llave","2","2","/detalle/41032-73-3ba5baddca11-2e5a-19466dc-8bc1-7e31"
"Casa en Fraccionamiento en Venta en Alvarado Centro","$ 2,350,000","195 m²","Alvarado Centro, Alvarado, Veracruz Llave","3","3","/detalle/41032-73-f8fdfe714693-62ad-1946729-a99e-7147"
"Casa en Fraccionamiento en Venta en Joyas de Mocambo (Granjas los Pinos)","$ 1,950,000","250 m²","Joyas de Mocambo (Granjas los Pinos), Boca del Río, Veracruz Llave","2","2","/detalle/41032-73-aef40c2a745c-cb58-19466e8-a36f-7ba7"
"Casa en Fraccionamiento en Venta en Alvarado Centro","$ 2,350,000","195 m²","Alvarado Centro, Alvarado, Veracruz Llave","3","3","/detalle/41032-73-d88dfa8405de-2d73-1946716-b712-7210"
"Casa en Venta en Las Americas","$ 1,950,000","250 m²","Las Americas, Boca del Río, Veracruz Llave","2","2","/detalle/41032-73-5d0afe955d0d-9574-19466e3-a3a8-7fbd"
"Casa en Venta en Virginia","$ 818,942","240 m²","Virginia, Boca del Río, Veracruz Llave","2","3","/detalle/41032-73-f7e8c9ef97a1-97c9-196faf7-9b00-7af7"
"Casa en Venta en Ciudad Olmeca","$ 535,887","120 m²","Ciudad Olmeca, Coatzacoalcos, Veracruz Llave","1","3","/detalle/41032-73-d13459882c56-5791-196270b-8eb3-759a"
"Casa en Venta en Ciudad Olmeca","$ 527,000","150 m²","Ciudad Olmeca, Coatzacoalcos, Veracruz Llave","2","3","/detalle/41032-73-412864b3689a-2718-1936f6c-ac43-76b1"
"Casa en Venta en Jalapa Enríquez Centro","$ 5,060,900","262 m²","Jalapa Enríquez Centro, Xalapa, Veracruz Llave","2","3","/detalle/41032-73-fc99316c78f7-f73a-1971829-909b-715b"
"Casa en Venta en La Tampiquera","$ 690,000","350 m²","La Tampiquera, Boca del Río, Veracruz Llave","3","4","/detalle/41032-73-a82d8c835084-6a3c-196f96b-a605-79dc"
"Casa en Venta en Costa de Oro 1a Secc","$ 990,000","380 m²","Costa de Oro 1a Secc, Boca del Río, Veracruz Llave","No disponible","5","/detalle/41032-73-10101168fe8c-b067-19713b7-aada-726d"
"Casa en Venta en Ejido Primero de Mayo Sur","$ 2,511,000","263 m²","Ejido Primero de Mayo Sur, Boca del Río, Veracruz Llave","2","3","/detalle/41032-73-4aefba675dee-70b9-194dd6c-a4b1-7e04"
"Casa en Venta en Jardines de Virginia","$ 1,362,800","150 m²","Jardines de Virginia, Boca del Río, Veracruz Llave","2","3","/detalle/41032-73-f4e05356c1c1-c468-192c56d-8cae-7269"
"Casa en Venta en Quintas Al Andalus","$ 936,394","340 m²","Quintas Al Andalus, Boca del Río, Veracruz Llave","2","3","/detalle/41032-73-6e6abd33ccf1-79c-192bada-81b7-75a8"
"Casa en Venta en Virginia","$ 771,000","240 m²","Virginia, Boca del Río, Veracruz Llave","3","3","/detalle/41032-73-8e4004e6f875-8204-1976b3c-9096-7055"
"Casa en Fraccionamiento en Venta en Lomas de la Rioja","$ 2,995,000","163 m²","Lomas de la Rioja, Alvarado, Veracruz Llave","No disponible","3","/detalle/41032-73-921cefcdc2b5-e335-797fdeab-b32b-34a5"
"Casa en Venta en Costa de Oro 1a Secc","$ 766,000","400 m²","Costa de Oro 1a Secc, Boca del Río, Veracruz Llave","3","4","/detalle/41032-73-966afcdbec86-8638-197f62e-a75c-7573"
"Casa en Venta en Costa de Oro 1a Secc","$ 768,000","No disponible","Costa de Oro 1a Secc, Boca del Río, Veracruz Llave","2","4","/detalle/41032-73-cf4604869baa-55b4-1955d76-88f7-7aea"
"Casa en Venta en Jardines de Virginia","$ 1,350,700","200 m²","Jardines de Virginia, Boca del Río, Veracruz Llave","2","4","/detalle/41032-73-8ab9bc3277cf-152b-194b373-b3e9-77c5"
"Casa en Venta en Costa de Oro 1a Secc","$ 990,000","217 m²","Costa de Oro 1a Secc, Boca del Río, Veracruz Llave","2","4","/detalle/41032-73-1b94516c9e94-41e6-191e89c-a5f4-77bc"
"Casa en Venta en Adolfo Ruiz Cortines","$ 2,900,000","175 m²","Adolfo Ruiz Cortines, Tuxpan, Veracruz Llave","2","3","/detalle/41032-73-95ceedb38c0e-b27-1967ff4-a4d9-76db"
"Casa en Venta en Nueva Italia","$ 4,000,000","205 m²","Nueva Italia, Tuxpan, Veracruz Llave","3","3","/detalle/41032-73-1536dbac7d47-2861-19477d3-a889-768d"
"Casa en Venta en Benito Juárez","$ 1,250,000","220 m²","Benito Juárez, Tuxpan, Veracruz Llave","2","2","/detalle/41032-73-dd327b3a7d2f-1b66-1913abd-be75-72f0"
"Casa en Venta en Alfonso Arroyo","$ 2,100,000","145 m²","Alfonso Arroyo, Tuxpan, Veracruz Llave","2","3","/detalle/41032-73-1787967e800c-df3b-196b895-ad8c-74e6"
"Casa en Venta en Majahual","$ 8,000,000","No disponible","Majahual, Tamiahua, Veracruz Llave","No disponible","No disponible","/detalle/41032-73-a40dda253a50-91f1-1942677-89e1-7e81"
