propiedad_id,clave,titulo,operacion,sector,tipo,mxn_original,mxn_corriente,usd_original,usd_corriente,calle,numero_exterior,numero_interior,postal,longitud,latitud,banos,medios_banos,cuartos,estacionamientos,m2_terreno_,m2_construccion,zona,fecha_inicio,fecha_expiracion,fecha_publica,fecha_modificada,imagenes,descripcion_meta,m2_terreno_meta,uso_suelo_meta,numero_recamaras_meta,forma_terreno_meta,conservacion_meta,agente_nombre,agente_celular,agente_telefono,agente_whatsapp,agente_email,oficina_nombre,tipo_nombre,estado_nombre,ciudad_nombre,colonia_nombre,municipio_nombre
568035,RTV568035-463,Terreno en venta,1,residencial,4,3700000.00,3700000.00,0.00,205555.56,armada de mexico,0,0,95269,-95.9791,19.0578,,,,,,,,2023-04-17,2025-11-01,2023-04-17,2023-10-10,"41fd6d3e61f4c165011a5952708f3311.jpeg,4c232b47e5ca766f9cafca98770a627b.jpeg,28ecf6a639113c2f68551cc66d23c8b8.jpeg,512088f7a78121eb90f7af67ab803fef.jpeg,9c19080a4fce0585d594afb0c2b78af8.jpeg",Terreno en venta en Antón Lizardo con 1.8 HA.  a 5 metros de la escuela Naval.,18000.00,Habitacional,,Regular,,,9933000815,9933000810,9933000815,,RE/MAX CIN,Terreno,Veracruz,Alvarado,Anton Lizardo,Alvarado
571590,RCV571590-463,"Casa en venta en rubi animas, xalapa veracruz",1,residencial,1,4297000.00,4300000.00,0.00,211406.10,Dr. Rafael Moreno Valle No.7,0,0,91193,-96.8777,19.5192,3.5,,5,0,,400.00,,2023-05-23,2025-11-01,2023-05-23,2025-05-05,"2dce736851f962f1dff68e212a7bf34c.jpeg,e86d59e7a0fe62209711b0fc1fa7d1cb.jpeg,470b514750d74479e6ccd7a4b7500830.jpeg,4fd9f64db79618b56386981e88f89819.jpeg,bae80bdad3d659d63fa8ad309bf5c600.jpeg,360516c0ce7819b1b9b038ea73c761f5.jpeg,f1759f89ee376f018014e44b60372b25.jpeg,758982d90ad04b18e7c5aaea5dfbcc57.jpeg,563d09c055099c53fd9c2994163a4cc5.jpeg,f15c7e1b2ff5b539d971955d5e63df22.jpeg,6f93a73f01a81074905ed34e4621ebdb.jpeg,540f1b1b941ec3992642ee5d63f1a544.jpeg,77d91f07ed336143b7340fe7aac52dc7.jpeg,26b02f6e9ed1654f144e63c9deed1567.jpeg,e99bec3e1a38417436db818b5789e35b.jpeg,a9fc45660f381965702c0532acadcfba.jpeg,09f2cc9b8a513f5afc260f018be497a4.jpeg,a7fa31aa700191319168320b1dce12ef.jpeg","<p>Casa espaciosa cerca de las ánimas en una de las zonas más exclusivas de Xalapa. Tiene 200 m2 de terreno y 400 m2 de construcción. Cuenta con 5 recamaras, cocina integral, desayunador, 3 baños completos y 1/2 medio, cuarto de estudio, sala de TV y estacionamiento para 2 autos. Además tiene un excelente entorno urbano, cerca de escuelas, universidades, centros comerciales, de auto servíos, y cines!</p>  ",200.00,Habitacional,,,Excelente,,5535764474,229 269 6629,5535764474,,RE/MAX CIN,Casa,Veracruz,Xalapa-Enríquez,Rubí Ánimas,Xalapa
573035,CTV573035-463,TERRENO EN VENTA,1,comercial,10,2950000.00,2637000.00,0.00,146500.00,Carretera Córdoba-Paso del Macho,0,0,94946,-96.8721,18.8725,,,,,,,,2023-06-07,2025-11-01,2023-06-07,2024-02-23,"857da0740e63a0f8817464d3e0ac8617.jpeg,01912654a01b91c47403a318fcc8e48e.jpeg,ae6245069c9e397d732a67a206773a4a.jpeg,0c3b3e357fd626954309be126cb94a33.jpeg,8a58dbe81f677878154d0107f1bfaf9d.jpeg,81836b8ab6a71b791fc3a27116b08ed7.jpeg","Terreno en venta en el Municipio de Amatlán de los Reyes, Veracruz cerca de Córdoba, recién nombrado Pueblo Mágico, con una superficie de 6,132.57 m2, en $430 pesos el M2,  Tiene una ubicación privilegiada de fácil acceso, con excelente visibilidad para cualquier tipo de negocio o desarrollo que se desee establecer en el lugar. Además, al estar cerca de la autopista, brinda la posibilidad de conectar rápidamente con importantes vías hacia el Puerto de Veracruz y otras áreas circunvecinas como Orizaba y Puebla. El terreno tiene diversas opciones para su uso, como establecer un negocio, taller o desarrollar un proyecto comercial, al estar cerca de grandes empresas como el CEDIS de la Sabritas, agroindustrias como Corporativo Pagasa, Tysagsa, constructoras y trituradoras.",6132.57,Mixto,,Regular,,,9933000815,9933000810,9933000815,,RE/MAX CIN,Terreno - Comercial,Veracruz,Amatlán de los Reyes,San Rafael Rio Seco,Amatlán de los Reyes
574783,CFV574783-463,FINCA COMERCIAL EN VENTA,1,comercial,14,13000000.00,13000000.00,0.00,722222.22,Congregación El Progreso,0,0,91634,-96.5783,19.2602,1,,1,1,,0.00,,2023-06-26,2025-11-01,2023-06-26,2024-03-19,"4c144f328968802bb73ca4ce5ac91900.jpg,378e55e610d8fa76962a12ebe1e73013.jpeg,774715fe031752453c721454d04ba6ce.jpeg,ae15e23c92370dbf4d9039781a4dd69b.jpg,d5612cb7b79f36b3510efa4de148f6ea.jpeg,f905abcef70a6064209ea2fcc8fc1c8e.jpeg,d094c9084e2409ddca132b01a4500309.jpg,26400c177137fe6fe37421da4444fce7.jpeg,23d230e65cf55af165542ba740a2448b.jpg,d7c57ef8e39799c7dde2b4018390e90e.jpeg,f162bc9b9b8d9333a9165ad09e0fe171.jpeg","VOCACIÓN PARA SIEMBRA DE AGUACATE, CAFÉ Y LIMÓN. ESTA ES TU OPORTUNIDAD PARA INVERTIR!  -20 Hectáreas de superficie del predio  -Zona de tierra productiva  -Propiedad privada lista para cambio de  propietario    Características:   -Uso de suelo H3  -Superficie de terreno 193,248 m2  -1150 a 1250 m.s.n.m.  -Agua de captación pluvial a través  de gran aljibe  -Estratégica red eléctrica dentro del  predio  -Importante infraestructura dentro  del predio como casa amplia,  terraza con vistas panorámicas,  estacionamiento, palapa, áreas para  laboratorios y bodegas y caseta de  vigilancia.",193248.00,Habitacional,,,Excelente,,9933000815,9933000810,9933000815,,RE/MAX CIN,Finca/Rancho - Comercial,Veracruz,Emiliano Zapata,El Aguaje,Emiliano Zapata
580800,CEV580800-463,"OFICINAS Y TERRENO EN VENTA EN CORDOBA, VERACRUZ",1,comercial,13,62000000.00,54000000.00,0.00,2654867.26, carretera cordoba - puebla,0,0,94542,-96.9855,18.9024,,,,1,,4122.00,,2023-08-21,2025-11-13,2023-08-21,2025-05-17,"bdbfa23cdc5b765ae4a8265b9156bcbf.jpg,d20230e4fc0de974a2758fc910134656.jpeg,e6811e256550479771580a1125faf7f5.jpg,898b1a5cbbb0e67f93a8d96d03333e40.jpg,f08005dad3ad2a8e05279d78f803557e.jpg,2aea0e8685bd9f5dab638f69ec6f17cc.jpg,39dc26874cad028d83f38a4053ab396e.jpg,f03d9a4300afb015a4b93b3989ba49d3.jpg,9c3af830f4374d5413a6edc86f3cd030.jpg,66e8f670259d4466c4a69e93dd874fb7.jpg,13e1e56ed5c540ff055a28a2e90550b0.jpg,c49e4ea819aefc48a6f927ea2b1450f0.jpg,075ce0b6e07111a09289c53c04c43e95.jpg,1822cae697dfc10219624c5e7633b75d.jpg,a3ee229c88711b70a972caec816f593b.jpg,33a9d31d6a614a46cfdd66af3dbee48f.jpg,02afdd82b0973cd297091ec4de89aace.jpg,554a178d09656a9217465bdb094c6764.jpg,617c939e5e6ff5554c0f81ea0ca10ee3.jpg,dfb7b694feb7b27024c1b2f670f6b276.jpg,bf86f3c5ac3105399b5f049351cae835.jpg,22b99350d834de04cea4c46ded92f1f7.jpg,ba7acf8ee82652853c10a93b31b6803f.jpg,15abed7f606f683dbfd8d43e38c7a54c.jpg,a0adfe212531c11006309bb3e8e450c0.jpg,d648ffc573a97fc4d0a5896bb6c20bd4.jpg","<p><b>Oficinas Corporativas en Venta – Carretera México–Córdoba, Veracruz</b><br />  <b>¡Ubicación estratégica, espacios modernos y alto potencial de inversión!</b></p>    <p>Este impresionante complejo corporativo ofrece <b>4,122 m⊃2; de construcción</b> sobre un terreno de <b>12,277 m⊃2;</b>, con un terreno adicional de <b>15,308 m⊃2;</b>, ideal para expansión o desarrollo logístico.</p>    <p>Ventajas clave:</p>    <p><b>Frente amplio</b> y directo a la <b>autopista México–Córdoba</b>, facilitando el acceso y la visibilidad.</p>    <p><b>Moderna infraestructura</b> diseñada para empresas en crecimiento.</p>    <p>Espacios bien distribuidos que incluyen:</p>    <p>Oficinas privadas</p>    <p>Cubículos ejecutivos</p>    <p>Salas de juntas</p>    <p>Áreas comunes funcionales</p>    <p>Incluye una <b>bodega amplia</b> ideal para almacenamiento y distribución, conectada estratégicamente para agilizar tus operaciones logísticas y optimizar la cadena de suministro.</p>    <p>Servicios completos:</p>    <p>Equipamiento urbano</p>    <p>Todos los servicios disponibles</p>    <p>Listo para operar</p>    <p><b>Oportunidad de inversión</b></p>    <p>Gracias a su <b>excelente ubicación</b> y <b>calidad de instalaciones</b>, esta propiedad es perfecta para arrendamiento corporativo de largo plazo, generando un flujo constante de ingresos.</p>    <p><i>Contáctanos para más información y agenda una visita para conocer todo su potencial.</i></p>  ",27485.29,Comercial,,,Excelente,,9933000815,9933000810,9933000815,,RE/MAX CIN,Edificio - Comercial,Veracruz,Córdoba,El Pueblito,Córdoba
580858,RTV580858-463,LOTE RESIDENCIAL EN VENTA EN EXCLUSIVO FRACCIONAMIENTO EN CORDOBA,1,residencial,4,3743100.00,2600000.00,0.00,144444.44,Fraccionamiento Residencial Shangrila,0,0,94559,-96.9622,18.8986,,,,1,,,,2023-08-22,2025-11-01,2023-08-22,2024-02-23,"37908cefdc36e77083854fa8c0346285.jpg,f75cc2d66d5e6129dcb2946bb2585c67.jpg,4b36e83357aa6923a36c8e9bc4a2893d.jpg,62c804deced52771995ba94272820649.jpg","Lote residencial de 575.87 m2, con frente de 30 m2, ubicado en el prestigioso Residencial fraccionamiento Shangrilá, uno de los más exclusivos de la zona en Cordoba, el residencial ofrece un entorno sereno y lujoso, rodeado de exuberante vegetación y paisajes pintorescos.  Características destacadas:  • Amplio lote para construir la casa de tus sueños.  • Diseña tu propio espacio de vida en armonía con la naturaleza.  • Acceso a modernas comodidades y servicios de alta calidad.  • Seguridad las 24 horas para tu tranquilidad y la de tu familia.  • Cerca de atracciones locales, centros comerciales y opciones de entretenimiento,   Contáctanos para más información.",575.87,Habitacional,,Regular,,,9933000815,9933000810,9933000815,,RE/MAX CIN,Terreno,Veracruz,Córdoba,Shangrila,Córdoba
581181,CTV581181-463,"Terreno de 7.4 Hectáreas en Córdoba, Veracruz ",1,comercial,10,26000000.00,21000000.00,0.00,1166666.67,Congregación del palotal,0,0,94552,-96.959,18.9372,,,,,,,,2023-08-24,2025-11-01,2023-08-24,2024-02-23,"3814f60b9e1154c2314fdc02b869037a.jpg,da453144014aaa319c9077bef9f4f8d6.jpg,0d021be6b0b2a8a3cd5e9944f3ebd443.jpg,3edcc7efe5974bfbad23cc463444ccc8.png,53516fa8934613ca0d2a8960e836cc53.png,55b3e18a0898444c1053da549b090046.png,ef6d1aa06e465923b6a7c0276f245e1d.jpeg","Se vende terreno de 7.4 hectáreas que ofrece un mundo de posibilidades en San Isidro, a orillas de la carretera de la Luz Palotal, en Cordoba, Veracruz, en $300 pesos el M2.  ",74400.00,Comercial,,Regular,,,9933000815,9933000810,9933000815,,RE/MAX CIN,Terreno - Comercial,Veracruz,Córdoba,San Isidro,Córdoba
581552,RCV581552-463,CASA EN VENTA EN BOCA DEL RÍO,1,residencial,2,1915000.00,2160000.00,0.00,106194.69,Cumbres residencial,0,0,94286,-96.1223,19.0894,2.5,,1,0,,113.00,Sur,2023-08-28,2025-09-07,2023-08-28,2025-03-11,"c0106b3ead2a78e87833c560e9b2da71.png,da604fd82398ce2fefb20e40d0e989b1.jpeg,b34ded0ced0e9f9ae9c5bdfd7a31d63c.jpeg,91c48523b25c895115b24774bf0c66aa.jpeg,efeba99ac623b3c97aeccd048652be41.jpeg,d8e91e3665092ca002acfe246ec265ad.jpg,6c9044e661b833d5d52a574ea66a7ee5.png,8a36030fbd5e4f35b00afc93e61b4f60.png,508aec657ac0f0888864f382900a9c84.png,847dae02242704aba32e7d3776667228.png","<p>CASA EN VENTA MODELO ""MONT FUJI"" EN CUMBRES RESIDENCIAL, A 5 MIN DEL CENTRO COMERCIAL EL DORADO Y CERCA DEL ZOCALO DE BOCA DEL RÍO. *PLANTA ALTA: -1 recamara principal (vestidor y baño completo) -2 recamaras (área de closet) -1 baño compartido *PLANTA BAJA: -Sala -Comedor -Cocina -1/2 baño de visitas -Área de servicio -Jardín -Cochera EQUIPADA CON COCINA, COSETS Y CANCELES EN $2,191,150</p>  ",108.00,Habitacional,,,Excelente,,5535764474,229 269 6629,5535764474,,RE/MAX CIN,Casa en Condominio,Veracruz,Boca del RÍo,San José Novillero,Boca del Río
586952,CTV586952-463,TERRENO EN VENTA SOBRE DIAZ MIRÓN EN VERACRUZ,1,comercial,10,3800000.00,3100000.00,0.00,152409.05,Avenida Salvador Diaz Mirón,1326,1326,91700,-96.1353,19.1818,,,,,,,Centro,2023-10-18,2025-11-12,2023-10-18,2025-05-16,"433d44338307a780388fcc637027aa81.jpeg,7a6c1a6bdf94aa8f7813c90343491233.jpeg,c9a5e70e55c9ea509bdf03e2676a26a0.jpeg,646d6b8d18b123e6717364e3d74907ab.jpeg,6c80711e9ef868376b07c413b8a5dcac.jpeg,1e96385034dae208018c158968061c44.jpeg,e14360e1bc8d6b7ffd3918b5c8777824.jpeg,23024ab9e11905e81d5c293524861e82.jpeg,9ac35bb2c5c6623212954572d5f757f3.jpeg",<p>¡TERRENO EN VENTA SOBRE DIAZ MIRÓN EN VERACRUZ! superficie de 242 M2 con estrategica ubicacion y tendencia comercial/mixta/habitacional. Con acceso a todos los servicios y alta circulación vehicular y de transporte publico. OPCION A SUMARSE A PROYECTO DE INVERSION. Con excelente entorno urbano: Escuelas y Universidades Oficinas y centros de trabajo Centros comerciales Estadios Hoteles Restaurantes ADO Parques</p>  ,242.00,Habitacional,,Regular,,,2292479687,2292696629,2292479687,,RE/MAX CIN,Terreno - Comercial,Veracruz,Veracruz,Veracruz Centro,Veracruz
594564,CTV594564-463,TERRENO COMERCIAL EN VENTA EN EL CENTRO DE VERACRUZ,1,comercial,10,3800000.00,3600000.00,0.00,176991.15,Nicolas Bravo,111,0,91700,-96.1441,19.1998,,,,,,,91700,2024-01-11,2025-11-02,2024-01-11,2025-05-06,"2b248120c085cf084ffbcfc4b1a3e244.png,7e19649f2911363f65ae6d586d00f642.jpeg,76b1773271617423dd76fce35ac50b27.png,e2b6fe74a37adc24b3ac9981565e0c4d.png,12304005b1947a3a7197d0c8468e9f26.png",<p>TERRENO COMERCIAL EN VENTA EN EL CENTRO DE VERACRUZ 600 m2</p>  ,600.00,Comercial,,Regular,,,2292479687,2292696629,2292479687,,RE/MAX CIN,Terreno - Comercial,Veracruz,Veracruz,Veracruz Centro,Veracruz
595447,CTV595447-463,VENTA DE TERRENO COMERCIAL EN VERACRUZ,1,comercial,10,18000000.00,21000000.00,0.00,1149916.22,el pando,0,0,91697,-96.2877,19.1953,,,,,,,el yagual,2024-01-19,2025-11-01,2024-01-19,2024-08-17,"b4b4722d292009f2d58b1cf6a96412df.jpeg,8169fc1b4f431408418efcde0c56a990.png,ed0d58d85a2e95dcce553562388444ca.jpeg,a2601c7f26cb38860db3606234b69e03.jpeg,12ce501bade3f64d2b6242407e5b70c2.jpeg","<p>VENTA DE TERRENO COMERCIAL EN VERACRUZ ubicado sobre la carretera Federal 140, Veracruz-Xalapa km 89+600 No. ""El yagual"", ex hacienda de Santa Fe, lote, manzana entre el pando y paso San Juan, y a un costado de la compañía cervecera Veracruz ""Constellation Brans"" y cerca de la Comercializadora e Industrializadora Agropecuaria (CIASA). Cuenta con una superficie total de:76,944.7</p>  ",76944.70,Comercial,,Irregular,,,9933000815,9933000810,9933000815,,RE/MAX CIN,Terreno - Comercial,Veracruz,Veracruz,El Pando,Veracruz
595932,CBV595932-463,BODEGA COMERCIAL EN VENTA,1,comercial,7,128000.00,14500000.00,0.00,793989.77,"Bruno Pagliai,",0,0,91697,-96.2349,19.1626,1,,,,,0.00,,2024-01-24,2025-10-30,2024-01-24,2024-10-31,"2c100b1f964c48e58ab94c532ba17b83.jpeg,88299bcd5779b401f41549a793c6e2dd.jpeg,09770cb943aed61f4bb3df1b5e137398.jpeg,b46231bfe2cf233f5e3a9c3c5592f227.jpeg,bb3856d6435335ff6cda450414cb4ca0.jpeg,2082fd66cadfa3473f14b19e33c93227.jpeg,0c82939c0522f0d8a21b18e250995aca.jpeg,caf567ceb15cf13064bbae545b75f022.jpeg,0ceef4a3e32f286893e7c8adcae8d679.jpeg",<p>BODEGA COMERCIAL EN VENTA CERCA DE TENARIS TAMSA Y LA CERVECERA CONSTELATION BRAND Superficie: 5 mil m2 Cuenta con: Área de oficinas y patio de maniobras. Entorno urbano: Escuelas Oficinas y centros de trabajo Equipos mecanicos Restaurantes centro comercial Cerca de la planta LALA y Vermex</p>  ,5000.00,Comercial,,,Buena,,9932955109,2292696629,9932955109,,RE/MAX CIN,Bodega - Comercial,Veracruz,Veracruz,Bruno Pagliai,Veracruz
598335,RCV598335-463,"CASA EN VENTA EN AGUA DULCE, VERACRUZ",1,residencial,1,1320000.00,1400000.00,0.00,74666.67,18 de Marzo,0,0,96684,-94.1447,18.1429,2,,2,,,97.00,,2024-02-16,2026-01-11,2024-02-16,2025-07-15,"48c92a870c2a62512e8664b5067c7fba.JPG,103dfba80012bca17cc7472aeda6bca2.JPG,5fdcd378623accbc4c8ebf3b65385003.JPG,138844c8d7374a485cc7fc2a5c2d7195.JPG,d56dca0d84c02fa4527135b4af5fa4cf.JPG,fc5d8ca5d75eb075e326e5bf94834865.JPG,e9613a00b03d93f85877de46dc45ec05.JPG","<p><b>Casa en venta en Agua Dulce, Veracruz</b><br />  Ubicada en la colonia 18 de Marzo, en zona no inundable, ideal para quienes buscan tranquilidad y seguridad.<br />  La propiedad cuenta con un terreno de 304 m⊃2; y una construcción de 97 m⊃2;, distribuidos en:</p>    <p>2 recámaras</p>    <p>2 baños completos</p>    <p>Espacios funcionales y cómodos para toda la familia</p>    <p>Excelente opción para invertir y disfrutar de un entorno agradable y bien ubicado.</p>  ",304.00,Habitacional,,,Buena,,5535764474,229 269 6629,5535764474,,RE/MAX CIN,Casa,Veracruz,Agua Dulce,18 de Marzo,Agua Dulce
598645,RCV598645-463,Casa en venta en Fraccionamiento Campestre Plaza de Toros,1,residencial,1,4500000.00,4500000.00,0.00,240256.27,Plaza de Toros Desarrollo Campestre,0,0,94277,-96.1326,19.0073,2.5,,3,,,310.00,,2024-02-20,2026-01-25,2024-02-20,2025-07-29,"26f1656d34183a09c555ef7f575de409.jpeg,9198d76abedea1f1b4d975d8a0937c67.jpeg,5fed7ae2c56a04791ca06e16f09d113a.png,4b87e6e1db2f59d550f5923d9f2e414f.jpeg,66b598add1cded193d83cb733accf58d.jpeg,5919119e308e303757c7e5c6664dea0a.jpeg,c1f8e83cc050b51ee16d94cdff06872d.png","<p>Esta impresionante residencia, ubicada en el exclusivo Fraccionamiento Campestre Plaza de Toros, a tan solo 17 minutos de Boca del Río, ofrece una oportunidad excepcional para aquellos que buscan un estilo de vida de lujo y comodidad. Con un precio de $4,500,000 MXN, esta propiedad cuenta con un terreno de 1,250 metros cuadrados y una impresionante área de construcción de 310 metros cuadrados, La ubicación estratégica de esta casa la sitúa a solo 10 minutos de Plaza El Dorado, brindando conveniencia y acceso a una variedad de servicios y entretenimiento. Además, su proximidad a Boca del Río garantiza un fácil acceso a las playas y atracciones de la zona, La residencia está diseñada para el máximo confort y estilo de vida moderno. Completamente climatizada, ofrece un ambiente acogedor y agradable durante todo el año, Con tres amplias habitaciones y dos baños completos, además de un medio baño, esta casa es ideal para familias o aquellos que buscan espacio y privacidad, La cocina, equipada con una elegante isla central, es el corazón de la casa y ofrece un espacio funcional y atractivo para cocinar y entretener. La estancia de sala comedor, luminosa y espaciosa, es perfecta para reuniones familiares y eventos sociales, Para aquellos que disfrutan del aire libre, la propiedad cuenta con un impresionante canal de nado, perfecto para refrescarse y ejercitarse, además de un amplio jardín y una encantadora terraza donde se puede disfrutar del clima tropical y las vistas panorámicas, Esta casa también ofrece todos los servicios necesarios para una vida cómoda y sin preocupaciones, además, el fraccionamiento cuenta con un lago artificial, añadiendo un toque de serenidad y belleza natural al entorno.</p>  ",1250.00,Habitacional,,,Excelente,,9933000815,9933000810,9933000815,,RE/MAX CIN,Casa,Veracruz,Medellín,Paso Del Toro,Medellín
603718,RDV603718-463,"Departamento en Playa Marina, Boca del rio con vista y acceso al mar",1,residencial,3,6950000.00,6250000.00,0.00,342236.97,Playa Marina,0,0,95264,-96.0869,19.0802,4.5,,4,1,,296.00,,2024-04-09,2025-10-01,2024-04-09,2024-09-12,"d9722bd9700c5026093aa38c0501799d.png,970c8bea0a756393a3e091f075ebeda9.png,f475b791dd4d5111f11fe648127ff497.png,fb609f51419eaca4f9a06d0885825748.png,c338c3eac03bd433e5a0786afd8b8599.png,b060b6e5bb758cd94f633c284b5cbff7.png,c1c73f0162016a6b7288aa1e687334c1.png,a10d98a300a065bb8bb83d7c64b16385.jpg,8763508f4fa72bfd89e18b201fa61c82.jpg,1a80dcddff1ba94537f5b32dedaa2ff9.jpg,c3290baa832898dcc8ce4147a509f8f3.jpg,9700ef9192429f50906cb546344d5096.jpg","<p>Departamento de lujo climatizado con 3 recamaras con baños, terraza con vista al mar, cocina integral con barra, horno, estufa y lavavajillas, recamara principal con walk in closet, cuarto de lavado, cuarto de servicio con baño completo, el lujoso departamento cuenta con acceso a la playa, dentro de un fraccionamiento con 2 casetas de vigilancia las 24 horas, amenidades como gimnasio, alberca, terraza, sala de juntas.</p>  ",0.00,Habitacional,,,Excelente,,5535764474,229 269 6629,5535764474,,RE/MAX CIN,Departamento,Veracruz,Alvarado,Playas del Conchal,Alvarado
609282,RCV609282-463,"CASA EN VENTA EN FRACCIONAMIENTO LAURELES, VERACRUZ",1,residencial,1,1300000.00,1300000.00,0.00,72222.22,Fraccionamiento Laureles,0,0,91777,-96.1614,19.1463,2,,3,,,103.34,,2024-06-04,2025-08-30,2024-06-04,2024-06-04,"19f172156e102f4ebf0078d985dcb9d6.jpeg,9788ef140d5d99884317575ce132a9f8.jpeg,12564eff70305c8aa6e2a966a42cf083.jpeg,7e4d7b49944992e9fba8b06c624c8eee.jpeg,ce5534c7b00e46a96509db7d3e239d1b.jpeg,1d0ba64096c700100f2140ef6c36da43.jpeg,6b2d9c745a8d67f11bd3d952e716d214.jpeg","Casa en venta en fraccionamiento laureles, cuenta con garage techado, sala, comedor, cocina, 2 recamaras en planta alta, 1 recamara en planta baja, 1 baño completo planta alta y 1 baño completo en planta baja, terraza con opción para ampliar construcción a futuro, el fraccionamiento cuenta con caseta de vigilancia y áreas verdes. ",74.25,Habitacional,,,Excelente,,5535764474,229 269 6629,5535764474,,RE/MAX CIN,Casa,Veracruz,Veracruz,Laureles,Veracruz
609874,RCV609874-463,"Casa en venta en Punta tiburon, Riviera Veracruzana",1,residencial,1,5450000.00,4900000.00,0.00,240904.62,Punta Tiburon,0,0,95264,-96.0904,19.0654,3.5,,3,1,,250.00,,2024-06-11,2025-11-27,2024-06-11,2025-05-31,"5e6d50b552dde7dd4760575e63736cd2.jpeg,56bb594263d7ed0e4d54c4e16a0a5c8d.jpeg,184903bde7350de87985744fe54d6a40.jpeg,81cd1b007c87584412c861bac30815ee.jpeg,3a62151110c72878e2f887520377a190.jpeg,dbc9f5859e48cc437f84e2fdf669d6eb.jpeg,47aab7bfa2c5e4a887e8462b21b9e6e6.jpeg,97017ce1bbdce53599b18e555d175266.jpeg,07a5e86555ba7ae40f8851ec0792b371.jpeg,c95990647868a37c9a376578184d1942.jpeg,0b79b84f6ddbd3f99e9e0c0230004849.jpeg,47b9a37996eabd60fa061fb246590af8.jpeg,baf30a489e239a0c55f4b2cf9b073a08.jpeg,cc6103edd4094b8b8a87a9caad9a8126.jpeg,7b51bb5e5232d96c38dd0a1b995e972c.jpeg,9d9cbd56f6850edc5888984d4a62928e.jpeg,f2d8b8a31e9d4e4f6b0407c269c178a4.jpeg,62b31b4b80f0e2071265358cd7923625.jpeg,881020e486aaaa953ab814b3d668be6b.jpeg,a96d257b5bb975f06cde908136138c2b.jpeg","<p><b>¡Casa en venta en Punta Tiburón! </b><br />  <b>Precio:</b> $4,900,000<br />  <b>Construcción:</b> 250 m⊃2;</p>    <p>Descubre esta espectacular residencia ubicada en una de las zonas más exclusivas de la Riviera Veracruzana. Diseñada con acabados de lujo, esta propiedad lo tiene todo para disfrutar de un estilo de vida sofisticado y seguro.</p>    <p><b>3 recámaras</b> – Principal con amplio baño y vestidor<br />  <b>3.5 baños</b> – Espacios modernos y funcionales<br />  <b>Cocina integral</b> – Equipada y con excelente diseño<br />  <b>Garage techado con portón eléctrico</b><br />  <b>Closets en todas las recámaras</b><br />  <b>Doble filtro de seguridad</b> – Vive con total tranquilidad</p>    <p>Perfecta para quienes buscan confort, exclusividad y plusvalía. ¡Agenda tu cita y enamórate de tu nuevo hogar!</p>  ",265.00,Habitacional,,,Excelente,,5535764474,229 269 6629,5535764474,,RE/MAX CIN,Casa,Veracruz,Alvarado,Cormorán,Alvarado
616598,CBV616598-463,VENTA PREDIO COMERCIAL CON BODEGA Y OFICINAS - COATZACOALCOS VERACRUZ,1,comercial,7,16000000.00,16000000.00,0.00,876126.64,"Av. Transístmica 3200, Primero de  Mayo ",0,0,96580,-94.4377,18.1298,1,,,1,,1455.21,,2024-08-16,2025-08-30,2024-08-16,2024-08-17,"0ebcfe0d89617edc73df4fceb0cc58df.jpeg,e83d53ff46e2ad509fccd1d36b17171a.jpeg,885d82f1b02823b217acb58913f32d25.jpeg,77d7d6cbc1d09ebf827c4a77f0bfc652.jpeg,925feb7a3ea069797c4c7c150cb5ea0e.jpeg","<p><b>VENTA DE PREDIO COMERCIAL CON BODEGA Y OFICINAS, EXCELENTE UBICACIÓN, ESTRATÉGICA EN ESQUINA DE AV. PRINCIPAL</b></p>    <p>Opción de renta: $180,000.00 MXN. </p>    <p>La propiedad cuenta con 3 áreas de oficinas, 2 bodegas. </p>    <p>Superficie total: 3,627.063 m2</p>    <p>Superficie construcción: 1,455.21 m2</p>    <p> </p>  ",3627.06,Comercial,,,Excelente,,9933000815,9933000810,9933000815,,RE/MAX CIN,Bodega - Comercial,Veracruz,Coatzacoalcos,Benito Juárez Sur,Coatzacoalcos
618449,RCV618449-463,CASA EN VENTA FRACC. BUGAMBILIAS XALAPA,1,residencial,1,1500000.00,1500000.00,0.00,73746.31,"Bugambilias, Emiliano Zapata.",0,0,91154,-96.9014,19.5657,2,,2,,,71.00,,2024-09-04,2025-10-11,2024-09-04,2025-04-14,"6bfb7a7bfc5f6e3881bc047edf51cce9.jpeg,3195084c12d93be58f7978d123873704.jpg,cad8ac45878d32bc14bd0a89e4d404ec.jpg,1edbc38ec90529617bba88ae08cd961d.jpg,1b76951e56f2801e39becf0c6a3815d7.jpg,1e4cb396a8f89f8ac6e3bf130d9ce299.jpg,d2b639e87b299ff8d756a23accd2c9d2.jpg,6682a7037d5a04f733822b2ba32c4804.jpg,e1a4ff90f4adfc364b8534d0d3db0971.jpg,40f3684bf30fe1dc425ff22ce7260467.jpg,0c6f9fcffe35e2f15eda55dd6a27ee7d.jpg,dedac9511e6a9e34d33d09c5048abfc4.jpg,0baa28dfa8448d94816830245186824a.jpeg,11d531e288fc5f46549e8def30ec3a7b.jpeg,6d9a59e95a4cf9b131fa0ef619cca891.jpeg,3f28ef12035414fc39c47f790abaeb65.jpeg,d6695291bba6dd788e6815aad3b99a25.jpg,9d1cc24148337c5fb9ede0c20bf27ac6.jpeg","<p>CASA EN VENTA EN FRACCIONAMIENTO BUGAMBILAS EN EMILIANO ZAPATA, XALAPA, VERACRUZ.</p>    <p>La propiedad cuenta con 234 m2 de construcción, 2 habitaciones, cuarto de servicio, amplio platio que rodea la propiedad.<br />   </p>  ",168.00,Habitacional,,,Excelente,,9933000815,9933000810,9933000815,,RE/MAX CIN,Casa,Veracruz,Xalapa-Enríquez,Bugambilias del Sumidero,Xalapa
619192,CLR619192-463,LOCALES COMERCIALES EN RENTA EN LAS TRANCAS XALAPA,2,comercial,9,280.00,280.00,0.00,15.33,Dr. Rafael Lucio,0,0,91637,-96.8626,19.5054,1,,,1,,1094.00,,2024-09-11,2025-11-01,2024-09-11,2024-09-11,"54a5ab786e8488017b86f5ef454f27ce.jpeg,b00d1bf5860641dc4b758d0982685ca9.jpeg,c81067cc7783a76224235544de1dfcb7.jpeg,7794c2a3a9b772aba3c35b70ba04aac3.jpeg,cc5a18af589d52c3c4009c0a1e2ef3b8.jpeg,57d3fd494cbf7f7b21a164651fd2207c.jpeg,da1888612c50a3c31bb870625d4dd6b7.jpeg,1907a29f3131981351d0ba1b3c14a086.jpeg,b338d74914871948b745eed2164b6000.jpeg,9b0e4988638518eee10d64ed502e9c77.jpeg,c2626497efcb0b8b7d5eefe750b476fe.jpeg,1b9f3e5f73f0033f4143e7fb4988c944.jpeg,81728987d4f2a969f7b4d3f2bbee32e6.jpeg,567ab1a8c852f16affead34b5088aa0e.jpeg,ea56cfab2b08d845f34dfad135081df7.jpeg,c67a2269044781d4ad6407f68daa688b.jpeg,19b41d82690dc18a1cf8b0b0d1be9536.jpeg,76271fe8648cce19e98dfc3ad3080bf3.jpeg","<p>LOCALES COMERCIALES CON EXCELENTE UBICACIÓN EN DR. RAFAEL LUCIO, LAS TRANCAS XALAPA. </p>    <p>Disponibles para renta desde los 5 m2, ubicados en planta alta, cuenta con una excelente ubicación en zona comercial de la zona. </p>    <p>A 5 min de Paza Xanat, a 2 min de supermercados, tiendas de servicio. </p>    <p>Precio por m2: $280 pesos. </p>  ",0.00,Comercial,,,Excelente,,9932955109,2292696629,9932955109,,RE/MAX CIN,Local - Comercial,Veracruz,Emiliano Zapata,Las Trancas,Emiliano Zapata
626746,RCV626746-463,"CASA EN VENTA EN VILLAS KARINA, BLV MIGUEL ALEMAN, FRENTE AL MAR.",1,residencial,2,4200000.00,3850000.00,0.00,205552.59,"Blvd Miguel Alemán 2467, Camino Real",0,0,94293,-96.1032,19.1114,3,,3,1,,243.00,,2024-12-02,2026-02-16,2024-12-02,2025-08-20,"65855c3d4771aaf739764041b67634b7.jpeg,523af3e1f6ab8b205d7371ae799ef2b1.jpeg,e1b9c6725ad66874ccb2e312b8610dce.jpeg,5e8263f8ad69f67c5170d65207780fcc.jpeg,caf7db3efaa802e03951df194d2bbf53.jpeg,5423437e81ed3065dce05eb9c71248e3.jpeg,4ee2e427ba40723efdd636268dfd56f4.jpeg,d51faab25c4c7fd5cb7ef157738487aa.jpeg,63971ceb0c269c9ddf02b889fda0fe8c.jpeg,2c1ec7dfb266e42263b3bd6470e5e106.jpeg,690883ff3289bb2d9ac6c9681086fb88.jpeg,22a5fc5b09c8cb3c960c1519ace25086.jpeg,fc267266a25f23a17d4c50af02314a7a.jpeg","<p><b>¡Casa en venta frente al mar! – Villas Karina, Boca del Río </b></p>    <p>¡Disfruta de la vida frente a la playa! Esta hermosa casa de <b>2 niveles</b> ubicada sobre el Blvd. Miguel Alemán te ofrece comodidad, seguridad y una vista privilegiada.</p>    <p><b>Características:</b></p>    <p>3 recámaras <br />  3 baños completos <br />  Cocina integral <br />  Patio de servicio <br />  Cochera cubierta con portón eléctrico<br />  Estacionamiento para 1 vehículo<br />  Alberca compartida <br />  Vigilancia de 8 am a 5 pm <br />  ¡Frente al mar!<br />  Propiedad <b>libre de gravamen</b></p>    <p>Ideal para vacacionar, invertir o vivir con estilo junto al mar<br />  <br />  ¡Contactanos al 229 269 6629 para agendar una visita!</p>  ",208.00,Habitacional,,,Excelente,,2291332982,2292696629,2291332982,,RE/MAX CIN,Casa en Condominio,Veracruz,Boca del RÍo,El Morro las Colonias,Boca del Río
627516,RDV627516-463,DEPARTAMENTOS EN MERAKI TULUM ,1,residencial,6,2807000.00,2807000.00,0.00,138003.93,"Manzana 7, La Veleta",0,0,77764,-87.4694,20.2122,2.5,,1,1,,40.00,,2024-12-10,2025-12-01,2024-12-10,2024-12-10,"cc3aa938aec3e7f8c65dc29de7cc2572.png,38ae4f2f95d382ab080e973ddb95ef95.png,4dd8658c9bc3a9f900eaff0268e9b5a9.png,6bb31cd9ed046fbba66b4bf3b3aaa0d0.png,894e3a3466ce717ef6d4c65819804b85.png,272ef617b6695964e36596bc31f80211.png","<p>Ubicado en el corazón de Tulum, en la zona de más alto crecimiento y plusvalía en los últimos años.</p>    <p>Conjunto de 31 departamentos. </p>    <p>1. Studio, desde 43 m2 hasta 86m2.</p>    <p>3. One bedroom, desde 80 m2 hasta 171 m2. </p>    <p>5. Two bedroom, desde 120 m2 hasta 174 m2.</p>  ",40.00,Habitacional,,,Excelente,,9933000815,9933000810,9933000815,,RE/MAX CIN,Desarrollo,Quintana Roo,Tulum,Villas Tulum,Tulum
627521,RDV627521-463,DEPARTAMENTOS EN VENTA EN KAY TULUM ,1,residencial,6,3825000.00,3825000.00,0.00,188053.10,"Av. Kukulkan, La Veleta",0,0,77760,-87.468,20.2137,1,,2,,,86.00,,2024-12-10,2025-11-30,2024-12-10,2024-12-10,"a46d9757a92ea61855cc12c4581a8673.jpg,26c4263a883985d683c9faa01363d3b8.jpg,455ef2a9dba361e9a9848e708971fb8d.jpg,760688c9ef8bb916f089b2483141041a.jpg,80fd9dd1eeb93f0e8039d4abaecc8d7b.jpg,bfb95022b3dd858b90a63a501920dbb9.jpg,a514f09835920c1aee692adbba2a3525.jpg,402e89756c5e06539111439218639309.jpg","<p>Kay Tulum es un proyecto de 11 departamentos en venta.</p>    <p>Ubicado en región 15 de Tulum a 10 minutos de las playas y 5 minutos a pie del centro de Tulum.</p>    <p>Dentro de los departamentos de 2 recámaras, Kay tiene amplios espacios internos priorizándolos  por sobre los espacios al aire libre. Lo que se ve compensado con las amenidades en el roof top.</p>    <p>-Departamentos desde los 98 m2 hasta 110 m2. </p>    <p> </p>  ",0.00,Habitacional,,,Excelente,,9933000815,9933000810,9933000815,,RE/MAX CIN,Desarrollo,Quintana Roo,Tulum,Tulum Centro,Tulum
627558,CTV627558-463,VENTA TERRENO A ORRILLA DE PLAYA EN PAPANTLA VERACRUZ,1,comercial,10,1200000.00,1200000.00,0.00,58997.05,Poza Verde y Tenixtepec ,0,0,93526,-97.1673,20.6444,,,,,,,,2024-12-10,2025-11-12,2024-12-10,2025-05-16,"503c399e634a1932986eb08d76208add.jpeg,714a5133974881603498c14a6fef3ad0.jpeg,235a88bd46ff16341dc62c9c2a5f813e.jpeg,92711a96593a2b446c1f7b5c3064afe1.jpeg,2508f27500b768bdd63cf04d3fb5214f.png","<p>Excelente oportunidad de inversión, terreno en Papantla Veracruz a orilla de playa. </p>    <p>-Superficie total: 1 hectarea. </p>    <p> </p>  ",10000.00,Habitacional,,Irregular,,,9932955109,2292696629,9932955109,,RE/MAX CIN,Terreno - Comercial,Veracruz,Papantla,Puente de Piedra,Papantla
630039,RCV630039-463,CASA EN VENTA COLONIA CAZONEZ POZA RICA ,1,residencial,1,3900000.00,3600000.00,0.00,176991.15,Calle 2 de Enero ,0,0,93230,-97.4488,20.5389,3.5,,4,1,,337.00,,2025-01-15,2025-09-07,2025-01-15,2025-03-11,"e96e9b2f5bffca57c459004bf1a92727.jpeg,916e1f1823b03e106d450955dd72688a.jpeg,9979c79d5c18303c4aa9c0325c8f515d.jpeg,ca7f903a8d8ac28c1d35eb5c3dc3f4be.jpeg,8c2ce7fb017746a36e671c2f27d50e71.jpeg,c4af01ce474f9d6fff1b903b514de2c2.jpeg,860cf5b7780b991ecd234cb762256c69.jpeg,68b3090fbaf0ddc319fc423f37619a23.jpeg,55522f46d520d58c63997eabfb4e39f1.jpeg,4492499533f29df2d7970be077175873.jpeg,a830e5ea0e629dae16ab5d4f89078e9c.jpeg,1b2bd078bee83af06209194dc7451d40.jpeg,3ac0c8fb4e4b6c5edad25b91c1a9dd52.jpeg,cf36fad8cbdd60566d58bb74bde87e85.jpeg,4f185e2586d34e9b8b570f77fe7b1027.jpeg,c48eee1f005d0e7098ffb86bbb700554.jpeg","<p>CASA EN VENTA COLONIA CAZONEZ, POZA RICA VERACRUZ.</p>    <p>Excelente casa amplia recien remodelada, en ubicación privilegiada, la propiedad cuenta con: </p>    <p>-400 m2 de terreno</p>    <p>-337 m2 de construcción</p>    <p>-4 habitaciones</p>    <p>-1 estudio</p>    <p>-3 baños completos y 2 medios baños</p>    <p>-Cocina Integral</p>    <p>-Sala - Comedor</p>    <p>-Garage cubierto 2 autos</p>    <p>-Terraza</p>    <p>-Jardín</p>    <p>-Cisterna</p>  ",400.00,Habitacional,,,Excelente,,7821224287,7821224287,7821224287,,RE/MAX CIN,Casa,Veracruz,Poza Rica de Hidalgo,Cazones,Poza Rica de Hidalgo
632372,IBR632372-463,BODEGAS - INDUSTRIALES EN RENTA,2,industrial,19,297000.00,150.00,0.00,7.37,Boulevard Portuario,0,0,91694,-96.2283,19.2007,1,,,1,,0.00,Industrial,2025-02-10,2025-11-25,2025-02-10,2025-05-29,"038648dcb17a174b4544b55c2cde3a0b.jpeg,25dd30de09c3f93ad300cea770fa81c5.jpeg,49aa617bc42e776bcd0eaa7107887449.jpeg,d172b42800b8c649c53a79df4822294d.jpeg,58ee08132a17958dedd5c89d91f74229.jpeg,269c4f2ee97887200bf6f7ac6b9a5154.jpeg","<p><b>RENTA DE ESPACIOS DE BODEGA – EXCELENTE UBICACIÓN CERCA DE TAMSA</b></p>    <p><b>Ubicación estratégica</b>: A pocos kilómetros de TAMSA, con fácil acceso a vialidades principales, lo que facilita la logística y distribución.</p>    <p><b>Características del inmueble</b>:<br />  <b>Superficie total</b>: Disponibilidad de 15,000 m2; de construcción.<br />  <b>Accesibilidad y operatividad</b>: </p>    <p>-Cortinas de acceso para facilitar la carga y descarga.</p>    <p>-Patio de maniobras amplio, ideal para transporte de carga pesada.</p>    <p>-Andén de carga y descarga para optimizar la logística.</p>    <p>-Rampa de acceso directo a la bodega.<br />  <b>Infraestructura complementaria</b>:</p>    <p>-Área de oficinas para el control administrativo.</p>    <p>-Baños para mayor comodidad del personal.</p>    <p><b>Opción de renta</b>: $150.00 MXN por m2;.</p>    <p>Contáctanos para más información y agenda una visita. ¡Esta es la oportunidad que tu empresa necesita para crecer!</p>  ",0.00,Habitacional,,,Excelente,,9932955109,2292696629,9932955109,,RE/MAX CIN,Bodega - Industrial,Veracruz,Veracruz,Villarín,Veracruz
633456,RCV633456-463,"CASA EN VENTA EN FRACCIONAMIENTO LOMAS DEL SOL, ALVARADO VERACRUZ",1,residencial,1,4600000.00,4600000.00,0.00,226155.36,Circuito Cadiz,29,0,95264,-96.0748,19.067,2.5,,3,1,,244.00,,2025-02-19,2025-10-18,2025-02-19,2025-02-19,"27dc88b090476341f6d722b3bf1580c2.jpeg,8c51a434c6520ef80c09271248546958.jpeg,e02a9e30b9c9883debf4644616ea5430.jpeg,140f79d128ad3ff7a34339be71d2b15d.jpeg,d8db73ed190f9925bd7bf714b03f655b.jpeg,33d67eb72f4118c3b94393e73e96c2da.jpeg,967a5e9427cf67eaf87ab769e31d0c28.jpeg,fc3484b7b219498a2f0b7090f2b9b9f3.jpeg,fbdc6e2e8b8ab2e987300fe325b09809.jpeg,424a0906e969720bbdd5fed389a8197a.jpeg,158497ba86abf1018e4c6cf58e038de9.jpeg,d6181ac71e6c46f23bba6e8ceca9a4a4.jpeg,77fcec0af7bb7584e2ac0630e0fa574f.jpeg,5f423f77ab0d9a432cca88149d93ff56.jpeg,16e3a2a8ede9b20cbe19aa6e69ee129a.jpeg,05773c2c19a6d6de03dc775929d5adca.jpeg,40c5dff06d5289d385b55e5f220441f0.jpeg,2c0982ca6940302f737c21771055b7de.jpeg,8539a3dc4c87469613b27c835ec8d14e.jpeg,6ef51246cc5e4a1ba2bb42f84f290913.jpeg,ddf8286e6fdb67aabb00864879e587cf.jpeg,5f4a334d6ada6129a00390a10388262f.jpeg,dc1a1900d3cf52d36413454ea820b3d7.jpeg,49af39275b6c94ee8fa286671fb07392.jpeg,1804ec32602ab170acf8aebe0057ed8f.jpeg,f51bbd698b56ad24158c2b5a40aa4612.jpeg,05671d1232828ac886bcbfc6bbc1cbd6.jpeg,76f4e280646534bcfd50125775c02e04.jpeg,5b6146e671c476e7ad97da1289740832.jpeg,e908f952cc00484110b602f3b5c24ed4.jpeg,755da45a401d98640cabaf62106d9b92.jpeg","<p><b>HERMOSA CASA EN FRACCIONAMIENTO PRIVADO CON ALBERCA – VENTA Y RENTA</b></p>    <p>Ubicada en un exclusivo fraccionamiento, esta propiedad ofrece <b>comodidad, amplitud y un estilo de vida inigualable</b>. Con <b>163 m⊃2; de terreno y 244 m⊃2; de construcción</b>, cada espacio ha sido diseñado para brindar confort y funcionalidad.</p>    <p><b>Características:</b><br />  <b>3 habitaciones</b> (principal con vestidor)<br />  <b>2.5 baños</b><br />  <b>Cocina integral</b> con acabados modernos<br />  <b>Sala - Comedor</b> amplios y bien iluminados<br />  <b>Terraza y jardín</b> ideales para disfrutar en familia<br />  <b>Garage para 2 autos</b><br />  <b>Aire acondicionado</b> en las áreas principales<br />  <b>Cisterna</b> para mayor abastecimiento de agua<br />  <b>Fraccionamiento con alberca y seguridad 24/7</b></p>    <p><b>OPCIÓN A RENTA:</b> <b>$19,000 MXN</b> (incluye mantenimiento)</p>    <p>¡Agenda tu cita y descubre tu próximo hogar!</p>  ",163.00,Habitacional,,,Excelente,,2291332982,2292696629,2291332982,,RE/MAX CIN,Casa,Veracruz,Alvarado,Lomas del Sol,Alvarado
633460,RCV633460-463,"TERRENO EN VENTA COLONIA CENTRO, BOCA DEL RIO, VERACRYZ",1,residencial,4,1300000.00,1300000.00,0.00,63913.47,ORIZABA,346,0,94290,-96.1011,19.1039,1,,2,,,92.00,,2025-02-19,2025-09-21,2025-02-19,2025-03-25,"72ce75e2fb21ab0532e7bb43376166ae.jpeg,5e999574512d07871ca6a2b6a6a0ecc4.jpeg,a4d05cf713389f1ee0d1bde96076846e.jpeg,4e4bc888bc0bcc9e4abaf651852ed546.jpeg,60a3679b2b75ae00c53061c154f80638.jpeg","<p><b>¡Ubicación Inmejorable! Terreno con Gran Potencial de Inversión</b></p>    <p>¿Buscas una oportunidad única en una de las mejores zonas? Este terreno, ubicado en un punto estratégico, es ideal para desarrollar el proyecto que siempre imaginaste. Aunque la propiedad existente requiere rehabilitación o demolición, su valor real radica en su privilegiada ubicación y el potencial de construcción que ofrece.</p>    <p><b>Ubicación</b>: Colonia Centro, Boca del Río, Veracruz.<br />  <b>Superficie</b>: 120 m2 <br />  <b>Ideal para</b>: Desarrolladores, inversionistas o quienes buscan un espacio exclusivo para construir.</p>    <p>Aprovecha esta oportunidad y contáctanos para más información. ¡No dejes pasar este terreno con alto potencial!</p>  ",120.00,Habitacional,,Regular,Regular,,2291332982,2292696629,2291332982,,RE/MAX CIN,Terreno,Veracruz,Boca del RÍo,Boca del Río Centro,Boca del Río
633804,RCR633804-463,CASA EN RENTA,2,residencial,2,10500.00,8000.00,0.00,421.05,"Fracc. Los Héroes, JUAN SOTO RAMOS",385,68,91725,-96.2065,19.1512,1.5,,2,,,120.00,Fracc. Los Héroes ,2025-02-24,2025-12-17,2025-04-21,2025-06-20,"b5f1c271be05c680ff49284f5d3b4c43.jpeg,19433885c0bedb10f0443205ea198797.jpeg,5ade02e90ff7b296f39f806346dd806e.jpeg,e7d030724c9bd6997cfca78c0f02f571.jpeg,d8a071edcfe9be4f8105df2750d250a4.jpeg,d7f22cee4dc35fc0662bc1c55bee1f42.jpeg,f06234d307114ebfe4f4de544e16ebc0.jpeg,3c9e81ce716a5aeaff94bdfd4d81339a.jpeg,90201a28ccf79137525a6daf023592c2.jpeg,b8df325e3df600b13a25c5e7e2fa123b.jpeg,0e07e315faf60b663fc7bd4093ee0685.jpeg,24bc8a9718127f06bbd802f6f5e3940b.jpeg","<p>Casa en renta en Fraccionamiento Los Héroes, cuenta con 2 recamaras, 1 baños completo y un medio baño, cocina integral, acabados de madera minimalista, la casa cuenta con 3 aires acondicionados tipo inverter, seguridad en todo el fraccionamiento y caseta de vigilancia las 24 hrs, amenidades como alberca y palapa, cerca de la zona industrial y la carretera a Xalapa. Casa ideal para trabajadores que laboren cerca de la zona. </p>    <p> </p>  ",78.00,Habitacional,,,Excelente,,2291746290,2291746290,2291746290,,RE/MAX CIN,Casa en Condominio,Veracruz,Veracruz,Valente Diaz,Veracruz
633931,RCV633931-463,CASA EN VENTA RESIDENCIAL ALIKA ,1,residencial,1,1400000.00,1150000.00,0.00,61398.83,KALIFA 12,0,68,91808,-96.2295,19.2171,1.5,,2,1,,72.00,,2025-02-25,2026-02-16,2025-02-25,2025-08-20,"7219f8f6013492d1d5cc747aa946d11e.jpeg,47262957e91c24157fc948f40953d237.jpeg,feb486993cb940c4a9fc31d383c3fecf.jpeg,ef499979e8fd4ae66977a509bcf75a4a.jpeg,657c479c1858206f47a9a1df5200b16b.jpeg,d52c42c748ef4b7fc93b85e6da9ca234.jpeg,079e1db50178dd26a2a74a293f72c210.jpeg,27688ef01a80d9ff2af91b900ac48bfe.jpeg,eb2f18c736e7f1f32304b05d2c0947af.jpeg,309e6848dd53f148eb84f71bbcbdbbce.jpeg,dff4102630995b56f1038f3388518cba.jpeg,af23ce840eeabec20ec93eb26406f9da.jpeg,d57da014c15723b9f6e1e976c63b2acf.jpeg","<p>CASA EN VENTA EN RESIDENCIAL ALIKA, VERACRUZ. </p>    <p>Descubre esta hermosa casa diseñada para brindarte comodidad y funcionalidad en cada rincón.</p>    <p><b>Características</b>:</p>    <p>2 recámaras</p>    <p>Cocina integral perfecta para los amantes de la cocina</p>    <p>1.5 baños </p>    <p>Climatizada</p>    <p>Garage para 1 auto</p>    <p>Patio trasero </p>    <p>Amueblada</p>    <p>¡¡¡No dejes pasar la oportunidad de conocerla!!!</p>    <p>Contáctanos para más información.</p>  ",72.00,Habitacional,,,Excelente,,2291332982,2292696629,2291332982,,RE/MAX CIN,Casa,Veracruz,Veracruz,Álika,Veracruz
636027,RDV636027-463,DEPARTAMENTOS EN PREVENTA EN TORRE OCEANA EN BOCA DEL RÍO,1,residencial,3,360000000.00,3600000.00,0.00,176991.15,Las Gardenias,0,0,94293,-96.1053,19.1217,4.5,,3,1,,170.00,,2025-03-18,2025-09-14,2025-03-18,2025-03-18,"ca7094d5b389a4a39c1975213e75a8db.jpeg,7807c33423b826801c334d465dc8ec9f.jpeg,86ae7878d2aae7546f92b25e435d744c.jpeg,9e8e57ac1b88e5e7e7cd0548bddb9d61.jpeg,c5c79d076d050335ad8dea357864e59b.jpeg,dc7eb5d6c5fa2a70be6f3858feae159a.jpeg,23cf4506e3782a43b2a871cb30cc0b1c.jpeg,be408183172cefec2e45373a2d4a37b5.jpeg,5c25f1b02b108071547dc6958c256417.jpeg,1fe831bbf0ef217e3eb00e233491539d.jpeg,62d7c90e0de0dd591b1a121f9b072429.jpeg,f88a2d87f07d47a474b84518c214b8c6.jpeg,ffa6a13aabad645c9f1a7896e21e77e8.jpeg,9dfe0c21aea4d9fd3e6b9ce1f25f64f3.jpeg,3a748763c1d403ddc4060997440584e7.jpeg","<p><b>DEPARTAMENTOS EN PRE VENTA EN TORRE OCEANA, BOCA DEL RÍO, VERACRUZ</b></p>    <p>34 Departamentos<br />  De 2 recámaras 85 mts2<br />  De 3 recámaras 170 mts2</p>    <p><b>INCREÍBLE VISTA A LA ISLA DE SACRIFICIOS Y AL PUERTO DE VERACRUZ</b></p>    <p><i>Entrega Próximo Invierno 2025</i></p>    <p>De 2 y 3 recamaras/vestidor/closet<br />  De 2 recámaras 2 baños<br />  De 3 recamaras 4.5 baños<br />  Sala <br />  Comedor <br />  Cocina Integral<br />  Área de Lavado <br />  Estacionamiento 100% techado 1 auto con opción a 2<br />  2 Elevadores<br />  Recepción con guardia de seguridad<br />  Alberca infinita de 20 mts<br />  Área de asadores<br />  Area de asoleaderos<br />  Gimnasio<br />  Salón de usos múltiples climatizado</p>    <p>Desde $3,600,000.00 <br />  Aparta con $150,000.00</p>  ",170.00,Habitacional,,,Excelente,,2292479687,2292696629,2292479687,,RE/MAX CIN,Departamento,Veracruz,Boca del RÍo,Gardenias,Boca del Río
636053,RCV636053-463,CASA EN VENTA EN TEJERIA VERACRUZ,1,residencial,1,2450000.00,2450000.00,0.00,120452.31,Venustiano Carranza 175,0,0,91697,-96.2245,19.1706,3,,4,1,,188.00,,2025-03-18,2025-09-14,2025-03-18,2025-03-18,"058f4cb321a134def62fd301a81750f9.jpeg,264fdf327ef4520a7ade7a7b662cc67c.jpeg,159e1c5ad6ce96679acfdf4bbc8a5137.jpeg,9e624b69b2e50e4ab032d71018db3992.jpeg,b3011dcebb6c1bef6f870a872714954a.jpeg,9e292e26b9206aa7226d4963941d4b7f.jpeg,ad0a06b6b0c9bf681a1c4abe1bb1737f.jpeg,4cdb1d8b5557eb34cf59e2abc2d71a27.jpeg,9bde584534983a863535e35eeee8dc47.jpeg","<p><b>Casa en Venta - Tejería, Veracruz</b><br />  <b>Moderna y Amplia - Lista para habitar</b></p>    <p>Descubre esta hermosa propiedad de <b>2 niveles</b> con <b>acabados modernos</b>, ideal para brindarte el espacio y confort que tu familia merece.</p>    <p><b>Características:</b><br />  Terreno: <b>121 m⊃2;</b><br />  Construcción: <b>188 m⊃2;</b><br />  <b>4 amplias recámaras</b><br />  <b>3 baños completos</b><br />  Sala y comedor con excelente iluminación natural<br />  Cocina integral con acabados de lujo<br />  Patio trasero<br />  Área de lavado<br />  Estacionamiento</p>    <p>Su diseño contemporáneo y sus espacios bien distribuidos hacen de esta casa el lugar perfecto para vivir cómodamente. Ubicada en una zona tranquila de <b>Tejería, Veracruz</b>, con fácil acceso a vialidades principales, escuelas, centros comerciales y todos los servicios.</p>    <p>¡Agenda tu cita y conócela!<br />  Tu nuevo hogar te está esperando. </p>  ",121.00,Habitacional,,,Excelente,,2291332982,2292696629,2291332982,,RE/MAX CIN,Casa,Veracruz,Veracruz,Tejería,Veracruz
636597,IBR636597-463,BODEGA - INDUSTRIAL EN RENTA,2,industrial,19,150.00,150.00,0.00,7.37,Carr. Xalapa Veracruz,0,0,91725,-96.2223,19.1684,1,,,1,,0.00,Tejería,2025-03-22,2025-11-25,2025-03-22,2025-05-29,"ffcba33aa90786e94f39cd81339d520f.jpeg,430c2489fe95e0f3bb276364bb5a98be.jpeg","<p><b>RENTA DE ESPACIOS DE BODEGA – EXCELENTE UBICACIÓN CERCA DE TAMSA</b></p>    <p><b>Ubicación estratégica</b>: A pocos kilómetros de TAMSA, con fácil acceso a vialidades principales, lo que facilita la logística y distribución.</p>    <p><b>Características del inmueble</b>:</p>    <p><br />  <b>- Superficie total</b>:  Disponibilidad de 3,500 m2; de construcción.</p>    <p><br />  <b>- Accesibilidad y operatividad</b>:</p>    <p>• Cortinas de acceso para facilitar la carga y descarga.</p>    <p>• Andén de carga y descarga para optimizar la logística.</p>    <p>• Rampa de acceso directo a la bodega.</p>    <p><br />  <b>- Infraestructura complementaria</b>:</p>    <p>• Área de oficinas para el control administrativo.</p>    <p>• Baños para mayor comodidad del personal.</p>    <p><b>- Opción de renta</b>: $150.00 MXN por m2;.</p>    <p>A continuación el desgloce de espacios disponibles para Renta:</p>    <p><b>~ Bodega 6: </b>Dimensiones de 40 m x 57 m = 2,280 m2</p>    <p><b>~ Bodega 4: </b>Dimensiones de 10 m x 57 m = 570 m2</p>    <p><b>~ Bodega 2:  </b>Dimensiones de 10 m x 57 m = 570 m2</p>    <p>Contáctanos para más información y agenda una visita. ¡Esta es la oportunidad que tu empresa necesita para crecer!</p>    <p>https://youtube.com/shorts/jYLAGrC3Bao?si=gEFMTXNeTyOAcuKh</p>  ",6000.00,Industrial,,,Buena,,9932955109,2292696629,9932955109,,RE/MAX CIN,Bodega - Industrial,Veracruz,Veracruz,Valente Diaz,Veracruz
636601,IBR636601-463,BODEGA - INDUSTRIAL EN RENTA,2,industrial,19,150.00,150.00,0.00,7.37,Blvr. Portuario,0,0,91808,-96.2005,19.2274,1,,,1,,0.00,Zona Portuaría,2025-03-22,2025-09-18,2025-03-22,2025-03-22,"6e566e759a86a74b01c978d6662afbb4.jpeg,befd65e468eebe32fc47221b71374684.jpeg,9cb1102d402a5ee359b121e5d768e604.jpeg,e1e0a2c9ffd77251bad83c4c81b146b1.jpeg","<p><b>RENTA DE ESPACIOS DE BODEGA – EN ZONA INDUSTRIAL PORTUARIA</b></p>    <p><b>Ubicación estratégica</b>: Ubicado sobre la zona industrial portuaria, con fácil acceso a vialidades principales, lo que facilita la logística y distribución.</p>    <p><b>Características del inmueble</b>:</p>    <p><br />  <b>- Superficie total</b>:  Disponibilidad de 3,600 m2; de construcción.</p>    <p><br />  <b>- Accesibilidad y operatividad</b>:</p>    <p>• Cortinas de acceso para facilitar la carga y descarga.</p>    <p>• Andén de carga y descarga para optimizar la logística.</p>    <p>• Rampa de acceso directo a la bodega.</p>    <p>• Amplio patio de maniobras, ideal para transporte de carga pesada.</p>    <p><br />  <b>- Infraestructura complementaria</b>:</p>    <p>• Área de oficinas para el control administrativo.</p>    <p>• Baños para mayor comodidad del personal.</p>    <p><b>- Opción de renta</b>: $150.00 MXN por m2;.</p>    <p>A continuación el desgloce de espacios disponibles para Renta:</p>    <p><b>~ Bodega 4: </b>Dimensiones de 20 m x 60 m = 1,200 m2</p>    <p><b>~ Bodega 5: </b>Dimensiones de 20 m x 60 m = 1,200 m2</p>    <p><b>~ Bodega 6:  </b>Dimensiones de 20 m x 60 m = 1,200 m2</p>    <p>Contáctanos para más información y agenda una visita. ¡Esta es la oportunidad que tu empresa necesita para crecer!</p>  ",6000.00,Industrial,,,Excelente,,9932955109,2292696629,9932955109,,RE/MAX CIN,Bodega - Industrial,Veracruz,Veracruz,Condado Valle Dorado,Veracruz
637036,RCV637036-463,CASA EN VENTA EN COLONIA MARTIRES DE CHICAGO XALAPA,1,residencial,1,5250000.00,5250000.00,0.00,258112.09,Desiderio Pavón,0,0,91040,-96.9077,19.5116,5.5,,4,1,,590.00,Colonia Mártires de Chicago,2025-03-26,2025-10-29,2025-03-26,2025-05-02,"86e815a5e7ba076fff2414872e0958f9.jpg,18014957a5def694468c7d14a8b00d5e.jpeg,5e62c3f9a372328468655bbf42af84e9.png,8ab8bb6ecb057637149a66a13961f62d.jpg,7a83c8f126d857ac45c4f36f3828caf9.png,3c6b0becb6c4a6ac533f1e0ae0417b47.jpg,58586dac2a375838f4ede5217b475f0d.png,8a19a7e08b851c8b4026f1587e74a8b7.jpg,08014a6cb399b63ee9a3bddfbd1e22c0.jpg,f94bf12649f1cfb3c817989b77ff7cd8.png,be76272949f1a3e8d175fac9c653e50e.png,ccfa2fb9894470453c9a7f59e463696d.jpg,489da8937b70a81dfc87adb9d6147e86.jpg,d3ba58fc61a2331144ff1b518c3158eb.jpg,a3ee1b7318d13af9aadba821686f33ed.jpg,54eedee762d33b7e1bb2000789ef5f8e.jpg,81cb5ab795c5950156cffee486e04d36.jpg,c28eb6936cda014f5eae2d93e597ddbf.png","<p><b>CASA EN VENTA UBICADA EN COLONIA MARTIRES DE CHICAGO, XALAPA, VERACRUZ.</b></p>    <p>Descubre tú hogar de lujo en esta, ubicada en una muy segura con mucha tranquilidad. Esta propiedad es el sueño hecho realidad para quienes buscan comodidad, seguridad y amplios espacios para disfrutar en familia.</p>    <p>Imagina despertar cada mañana, donde la luz natural inunda cada rincón y al asomarte al balcón veas un jardín hermoso. La recámara principal, un verdadero santuario, cuenta con un lujoso jacuzzi, perfecto para relajarte después de un largo día. Además, por los amplios espacios, cada miembro de la familia tendrá su propio espacio para disfrutar de la privacidad y el confort.</p>    <p>Los amplios jardines son un verdadero oasis, ideales para que tus mascotas corran y jueguen, o para que tú disfrutes de momentos al aire libre con la familia o amistades. Además, cuenta con dos terrazas y dos balcones que ofrecen vistas encantadoras, perfectas para disfrutar de un café por la mañana o una cena bajo las estrellas.</p>    <p>Esta casa es más que un hogar; es un estilo de vida. <br />  •    600 metros cuadrados de terreno;<br />  •    590 de construcción;<br />  •    Sala – comedor;<br />  •    Cocina integral;<br />  •    Amplios jardines y balcones;<br />  •    Recámara principal con jacuzzi;<br />  •    3 recamaras climatizadas, <br />  •    5 y medio baños; <br />  •    Cuarto de servicio; y <br />  •    Acabados de lujo.</p>  ",600.00,Habitacional,,,Excelente,,2281477700,+52 228 147 770,2281477700,,RE/MAX CIN,Casa,Veracruz,Xalapa-Enríquez,Unidad Pomona,Xalapa
639166,RDV639166-463,"VENTA DE LOTES SANTUARIO RESIDENCIAL, PLAYA DE VACA, VERACRUZ",1,residencial,6,171766.96,1171766.96,0.00,57609.00,Carr. Playa de Vacas 334,0,0,94290,-96.1143,19.0983,1,,1,1,,0.00,,2025-04-14,2025-10-11,2025-04-14,2025-04-14,"08baaa773f6fc0a77e6cf4a6ca74ba92.png,3c2678a74d073aabcc71cb0a71f735d1.png,9a56a583b169463e6d8d3485e7317917.png,895f5532e0aa37b2ab45c22d8c2a29c8.png,55fa63a926ae323847a5e8f745598860.png,7d9b852be4c506fd4fae053d0bb45a56.png,05a75edd2592d33c45dbfc3a5d008ef8.png,982b4791bab00534b899407aaad4cae6.png,9e2a9c8ade9f89148208b62e7ea73400.png,12d0762ce20ac94d448edf587ff2fedf.png,c17747be12199c68cea5ab657cf2bab0.png","<p><b><i>¿Qué ofrece Santuario Residencial?</i></b></p>    <p><b>204 lotes unifamiliares</b> y <b>19 multifamiliares</b>, ideales tanto para vivir como para invertir.​</p>    <p><b>Área comercial</b> fuera del fraccionamiento, brindando acceso a servicios sin salir de la comunidad</p>    <p><b>Amenidades destacadas</b>: lago, casa club, piscina, gimnasio, pet park, miradores, pabellones wellness, reserva ecológica y más. ​</p>    <p><b>Ubicación privilegiada</b>: sobre la carretera a Playa de Vacas, cerca de playas, centros comerciales, escuelas y hospitales.</p>    <p>¿Cuándo estará listo?</p>    <p>Se espera que las entregas inicien en el <b>invierno de 2026.</b></p>    <p>¿Cómo obtener más información?</p>    <p>Puedes contactarte al <b>+52 229 269 6629</b> para agendar una cita y conocer más sobre este increíble desarrollo. </p>  ",0.00,Habitacional,,,Excelente,,9933000815,9933000810,9933000815,,RE/MAX CIN,Desarrollo,Veracruz,Boca del RÍo,Río Jamapa,Boca del Río
639994,RCV639994-463,"CASA EN VENTA EN PASEOS KABAH, CANCÚN, QUINTANA ROO",1,residencial,1,1200000.00,1400000.00,0.00,74746.40,Filomeno Mata,0,0,77517,-86.8654,21.18,2,,3,,,200.00,,2025-04-24,2026-02-02,2025-04-24,2025-08-06,"c2b827e17436002db914f2a75b41173b.jpeg,9793a7f4bd54471a8cc7c236cbe0f49e.jpeg,3ae64a6f41b256675e4f9924994e9402.jpeg,7b90b352f116e46767ad54c6c768c8b0.jpeg,5e3d4839295b14a0b4a0e81537b1b32f.jpeg,cfa903692d876ae9962b4676d349e146.jpeg","<p><b>Casa en Venta en Cancún – $1,400,000 MXN</b></p>    <p><b>¡Aprovecha esta gran oportunidad!</b></p>    <p><i>Ubicación:</i> Paseos Kabah, a unos pasos de Av. Kabah, excelente conectividad y servicios cercanos.</p>    <p><b>Características:</b></p>    <p><b>2 niveles</b></p>    <p><b>3 recámaras</b> cómodas</p>    <p><b>Sala de TV</b> ideal para el entretenimiento</p>    <p><b>2 baños</b> completos</p>    <p><b>Cocina equipada</b></p>    <p><b>Cuarto de lavado</b> y <b>bodega</b></p>    <p><b>Amplia terraza</b> para disfrutar en familia</p>    <p><b>Se aceptan créditos Infonavit y FOVISSSTE</b></p>    <p>¡No dejes pasar esta oportunidad de vivir o invertir en una zona con alta demanda!</p>    <p>Contactanos al 229 269 6629 para más información o agendar tu cita.</p>  ",80.00,Habitacional,,,Excelente,,9933000815,9933000810,9933000815,,RE/MAX CIN,Casa,Quintana Roo,Cancún,Supermanzana 222,Benito Juárez
640196,RCV640196-463,CASA EN VENTA EN AV URANO ,1,residencial,1,7400000.00,7400000.00,0.00,363815.14,CALZADA URANO,0,0,94299,-96.1138,19.1507,3,,3,1,,260.00,,2025-04-26,2025-10-23,2025-04-26,2025-04-26,"ddf4b26053041d2f39e5de836b7a45f3.jpeg,8cac9aac419ff60dfade9f8c73014c9e.jpeg,2dc907d3e64bdcc4093a122653c1c849.jpeg,453286b266b647cf44cc4321866db369.jpeg,853ed1924f931718593ec1e38eb0a225.jpeg,aeed982a7c31169e4a6276488dc9e6dd.jpeg,fd35de05e50bd99599c20d5565f6aee5.jpeg,7cec3e02c45fa43c21ad7b6586d43223.jpeg,23e7ee558d078bd162823ab3d6f79e75.jpeg,9d575dd8a58d2004728e30f937de498f.jpeg,40b3eefa3c6093136e263ebd3f63cf38.jpeg,ec211eece6049b6244f768b1c52a26d6.jpeg","<p><b>¡Hermosa casa de un nivel en Jardines de Mocambo!</b></p>    <p>Amplia y funcional casa habitación en una de las mejores zonas de Boca del Río, Veracruz.</p>    <p>Sala y comedor con excelente iluminación<br />  Cocina equipada con barra desayunadora<br />  3 cómodas recámaras<br />  3 baños completos<br />  Patio trasero y cuarto de servicio con baño<br />  Jardín techado con comedor exterior, ideal para reuniones<br />  Estacionamiento techado para 2 autos</p>    <p><b>Ubicación privilegiada:</b> Calzada Urano No. 4, Fracc. Jardines de Mocambo, Boca del Río, Veracruz.</p>    <p>✨ <b>¡Vive con comodidad, estilo y cercanía a todo!</b><br />  ",326.25,Habitacional,,,Excelente,,9933000815,9933000810,9933000815,,RE/MAX CIN,Casa,Veracruz,Boca del RÍo,Jardines de Mocambo,Boca del Río
640339,RTV640339-463,EN VENTA BONITO TERRENO CAMPESTRE EN CANCUN,1,residencial,4,400000.00,400000.00,0.00,19665.68,"LOTE 10, LA MILPA ",0,0,77590,-87.2028,20.9868,,,,1,,,,2025-04-29,2025-11-29,2025-04-29,2025-06-02,"6abad9f65223530a3dca64c52f3947f5.jpeg,3658fe6e4a33c1351cfb8bab5e9832b8.jpeg,86f3808b530a00f492fadd346a8de73e.jpeg,0ef5b778b81cee2f80f59e5f197ff8fb.jpeg,d4a49b8c74166701c925344d0ed32a32.jpeg,64211005873bb250c8ac0df714b161f0.jpeg","<p>SE VENDE BONITO TERRENO CAMPESTRE EN CANCUN<br />  <br />  ✓MIL M2<br />  ✓IDEAL PARA CASA DE DESCANSO<br />  ✓20 M DE FRENTE POR 50 DE FONDO<br />  ✓SE ENCUENTRA EN BREÑA<br />  ✓SE CUENTA CON CESIÓN DE DERECHOS</p>    <p>SE UBICA EN UN FRACCIONAMIENTO PRIVADO Y BARDEADO CON AMENIDADES COMO ALBERCA, ZONA DE HAMACAS, ZONA DE ASADERO, CANCHAS DEPORTIVAS Y JUEGOS INFANTILES</p>    <p>A TAN SOLO 20 MINUTOS DE CANCUN</p>    <p>$400 MIL</p>  ",1000.00,Habitacional,,Regular,,,9933000815,9933000810,9933000815,,RE/MAX CIN,Terreno,Quintana Roo,Puerto Morelos,Leona Vicario,Puerto Morelos
640546,RCV640546-463,"CASA EN VENTA EN FRACCIONAMIENTO LOS OLIVIOS RESIDENCIAL, PLAYA DEL CARMEN",1,residencial,1,2500000.00,2500000.00,0.00,122910.52,CERRADA MANGO,0,0,77725,-87.0607,20.6627,3,,3,,,0.00,,2025-04-30,2025-10-27,2025-04-30,2025-04-30,"0fca9375ae23e7f70e4fddd9d1b29c48.jpeg,cc042d5ac6edc4554debd004948a55bb.jpeg,8c39fa923b47c93e91140d1ce3083161.jpeg,58de5f8acdc75e7a431a0948a119a826.jpeg,4a215d8f00574b3f04ee7a465685a31f.jpeg,1767016cc9da391b29b836234435954d.jpeg,2cc5357fc8dfa9646700c61b1e39b34d.jpeg,2b877bcc244c90f41b88d40892d0ad89.jpeg,fa412a2d02025d55b3b5049edd822faf.jpeg,bccf662e5cf29a8286603a23eec777a5.jpeg,45730dfc0bae9874fddcf69e5b5732bd.jpeg,3b297172c7fe5cea27ff70af5a675792.jpg,cbe2d6172fee717ce0d7f837a825f529.jpg,b69c5c684705aba5ca01720a2fb9cc71.jpg,e260db58b009d9139618c735f2f01b05.jpg","<p><b>¡Tu nuevo hogar te</b><b> espera Fraccionamiento “Los Olivos Residencial”, Playa del Carmen!</b><br />  <br />  Esta hermosa casa ofrece espacios cómodos y funcionales para toda la familia:</p>    <p><b>Planta Baja</b>: Sala-comedor, cocina, recámara, baño completo y escalera.<br />  <b>Planta Alta</b>: Sala de TV, recámara con espacio para vestidor y baño, y otra recámara con baño completo.<br />  <b>Patio de Servicio</b>: Área de lavado y patio.</p>    <p>Además, disfruta de <b>amenidades</b> como amplias áreas verdes, área de juegos para niños y una refrescante alberca.</p>    <p>¡Todo lo que necesitas para vivir cómodo y feliz!</p>    <p>#CasaNueva #HogarDulceHogar #VentaDeCasas #Amenidades #ÁreasVerdes #Alberca #TuNuevoHogar #PlayaDelCarmen</p>  ",0.00,Habitacional,,,Excelente,,9933000815,9933000810,9933000815,,RE/MAX CIN,Casa,Quintana Roo,Playa del Carmen,Playa Oasis,Solidaridad
642155,RCV642155-463,CASA NUEVA EN VENTA FRACCIONAMIENTO LOS ALMENDROS XALAPA VERACRUZ,1,residencial,1,3200000.00,3200000.00,0.00,157325.47,FRACCIONAMIENTO LOS ALMENDROS,0,0,91090,-96.913,19.4997,4.5,,3,1,,237.99,,2025-05-17,2025-11-15,2025-05-17,2025-05-19,"e0bb42e09608982c955a47a93bf4dc32.png,26c03eddf26d657975934daeb28005d1.png,1610e708091193c0f047caaff08b6a40.png,aea8b057291f327006000a352d9f7880.png,6103fefd32271778b4c9f5d16bea1a5a.png,16ae82c0adad4478d30803f7554a17ec.png,4058829058ab62b50861d3395f28a581.png,6378ddcd21eccedc4004e4ccec9d4f9c.png,33ca8261e9a80acb5823749fa12da10f.png,171d3a4abac712faa7ed76e1a0f01739.png,9e3875d1057f7526900d43a02f9d4121.png,30ff30dacd6c403a31ae321f94242cbb.png,2cba4518a4da8b8e93b1e5dc6c696828.png,55653c109a56dedb38a52c24919ab1fe.png,4755a54ecfdf7445588f3f36e2988df7.png,678366887defab5acd0da8f0f29125b5.png,a11414ff741a3abab89073a0e6da84e5.png,45c005c47f63aa4a9f67255cf723efcb.png,f189b591c1838d82cdc17ee5dcff407b.png,c5f32d6ae2d5aae70988a5016f86c7dc.png,6aa78dd35a453bbb6e4f160216ed3c06.png,e4cdc9a3079b65656486bb3a996cfcb4.png,30169d42f9166d86cbb83341443c0b08.png,b7e9624398ad5806c70cff2660509892.png,6ef77c8ef8db43fa0b79c700f1496d2f.png,20ffe641a00402d3cb34d743dc7ae654.png,1021c3841578b7206d3d346b97aa2324.png","<p><b>Casa en Venta en Fraccionamiento Los Almendros, Xalapa, Veracruz</b></p>    <p>Descubre esta <b>amplia y moderna residencia</b> de <b>3 niveles</b>, ubicada en una zona tranquila y con excelente conectividad en Xalapa. Con espacios bien distribuidos y funcionales, esta propiedad es ideal para familias que buscan comodidad, estilo y calidad de vida.</p>    <p>Características:</p>    <p><b>Terreno:</b> 158.64 m⊃2;</p>    <p><b>Construcción:</b> 237.99 m⊃2;</p>    <p><b>Estado general:</b> En buen funcionamiento</p>    <p><b>Recámaras:</b> 3, todas con vestidor</p>    <p><b>Baños:</b> 4.5</p>    <p><b>Cocina integral</b> equipada</p>    <p><b>Jardín privado</b></p>    <p><b>Estacionamiento</b></p>    <p>Construida en <b>3 niveles</b> que brindan amplitud y privacidad</p>    <p>Una excelente opción para quienes desean vivir en un entorno seguro, moderno y bien ubicado.</p>    <p><i>Contáctanos para agendar tu visita y conocerla en persona.</i></p>  ",158.64,Habitacional,,,Excelente,,2281477700,+52 228 147 770,2281477700,,RE/MAX CIN,Casa,Veracruz,Xalapa-Enríquez,Isleta,Xalapa
642794,RDV642794-463,DEPARTAMENTOS EN VENTA EN COYOL VERACRUZ ,1,residencial,6,1250000.00,1250000.00,0.00,61455.26,Virgilio Uribe 765,0,0,91780,-96.1498,19.1584,2,,3,1,,90.00,,2025-05-23,2025-11-23,2025-05-23,2025-05-27,"9fe45584cd7b0aa38cec26eccc647837.jpg,47f4e62157fe3640864d37e09e027999.jpeg,5b1ab82d5a35c86035608263b8ffe6dc.jpg,c3ba7337ca3fa828ef7bace08cc17d8f.jpeg,d1df481f5f3423169cc33e059c0c3a3b.jpeg,300d583c68aed92b8d5df1593b6e9394.jpeg,fab12303147aaa47c5b0c5a9f37c51ce.jpeg,43e53543e3a217990c06bf2a5509c5b5.jpg,33b28085059c159380f96c00cd64bf45.jpeg,c90147c5aa322637c14993c87fe33893.jpeg,fb28c1e34736c2df0b371dc540742cac.jpeg,93389c0b636dcea6dbab546902b47d6a.jpeg,6edaa596a15ae6ce85fb826a70adc762.jpeg,eac7ebb43771c51928c3c0f46bd3513c.jpeg,ca3eb7a1f37247da8e961a0e9262cd0a.jpeg,b1198bcad548330ce0d5a8d5d06a3e85.jpeg,cc3b26b36f7276bea028485f5de6db92.jpeg,1a39f2e9ba73b55bdd3d55688d14b9e5.jpeg,e68ab951f276946e47224fe6fa3085bb.jpg,c0b229d21f970e032915aa14fc0de50c.jpg,5114f8d5b35983318c23fc53139e9061.jpg,5715bb81f5bf501b783741e01c0d4b31.jpg,033ee60095afdbee1ff60f8f32916c38.jpg,b7129ed5878fa545468f626ceadaaf9c.jpg","<p>VIVE EN TRÉBOL II - Comodidad, Diseño y Ubicación Perfecta</p>    <p>Descubre Trébol II, un desarrollo residencial que combina diseño moderno, funcionalidad y una ubicación estratégica en la ciudad de Veracruz. Ubicado en la Colonia El Coyol, a tan solo 15 minutos del Centro Histórico, Trébol II te ofrece la calidad de vida que tú y tu familia merecen.</p>    <p>Características Destacadas:</p>    <p><b>Departamentos de 2 y 3 recámaras</b>:</p>    <p><i>70 m⊃2;</i> con 2 recámaras – Ideal para parejas o familias pequeñas.</p>    <p><i>90 m⊃2;</i> con 3 recámaras – Perfecto para quienes buscan mayor espacio y confort.</p>    <p><b>Sala-comedor amplios</b>, diseñados para brindar comodidad y funcionalidad.</p>    <p><b>Cocina integral</b> equipada para facilitar tus actividades diarias.</p>    <p><b>Recámara principal</b> con clóset y baño completo para tu privacidad.</p>    <p><b>Recámaras secundarias</b> con clóset, pensadas para el bienestar de toda la familia.</p>    <p><b>Cuarto de lavado</b> para tu conveniencia.</p>    <p><b>1 cajón de estacionamiento</b> incluido por departamento.</p>    <p><b>Área de juegos</b>, un espacio recreativo para los más pequeños.</p>    <p>Ubicación Privilegiada:</p>    <p>Virgilio Uribe 765, Col. El Coyol Ivec, 91780 Veracruz, Ver.</p>    <p>Centros comerciales</p>    <p>Escuelas</p>    <p>Áreas recreativas</p>    <p>Precios desde $1,250,000 MXN</p>    <p>Una excelente oportunidad para invertir en tu futuro y el de tu familia. ¡¡CONTACTANOS AL 229 269 6629 PARA AGENDAR UNA CITA!!</p>    <p> </p>  ",90.00,Habitacional,,,Excelente,,9933000815,9933000810,9933000815,,RE/MAX CIN,Desarrollo,Veracruz,Veracruz,El Coyol Ivec,Veracruz
643377,RCV643377-463,CASA EN VENTA EN FRACCIONAMIENTO SOTAVENTO ,1,residencial,1,850000.00,850000.00,0.00,41789.58,Privada Gitana,27,0,91698,-96.1841,19.1251,1.5,,3,1,,78.00,,2025-05-30,2025-11-26,2025-05-30,2025-05-30,"8b46c16bd4ac7e0ae85a802b01f9793f.jpeg,1769adf2520e9bcf4bca4d7ec6348dc2.jpeg,d88d76c19715466faa43c1783ab79e8d.jpeg,116fc46d3866736fcaba4841e0139c9d.jpeg,50fc733beea6c0168550e324f7b5c44f.jpeg,84e1a5f28da0653aff2c998f534df6e7.jpeg,09f0c19b3023deeb97dd3bdf08f6956c.jpeg,452af5b3eb6de82131643159b134370e.jpeg,10759239bed2d85e166cb407bae9c724.jpeg","<p><b>SE VENDE CASA EN FRACCIONAMIENTO SOTAVENTO VERACRUZ.</b></p>    <p><b>Características principales:</b></p>    <p>2 niveles</p>    <p>3 recámaras</p>    <p>1 baño completo y 1 medio baño</p>    <p>Balcón</p>    <p>Jardín</p>    <p>Patio trasero</p>    <p>Área de estacionamiento</p>    <p>Ubicada en calle privada</p>    <p>Esta propiedad ofrece una excelente distribución y espacios funcionales ideales para la vida familiar. Ubicada en una zona tranquila y segura, cercana a comercios, escuelas y vías de acceso principales.</p>    <p><b>¡Agenda tu cita al 229 269 6629 y conoce tu próximo hogar!</b></p>  ",0.00,Habitacional,,,Excelente,,2291125136,2291125136,2291125136,,RE/MAX CIN,Casa,Veracruz,Veracruz,Hacienda Sotavento,Veracruz
643819,CEV643819-463,"Edificio en venta en Ricardo Flores Magón, Veracruz",1,comercial,13,7000000.00,7500000.00,0.00,396196.51,Alacio Perez,421,0,91900,-96.127,19.1871,,,,0,,876.00,,2025-06-04,2025-12-11,2025-06-04,2025-06-14,"51bef8b4701e102c3d5dda761dde8c84.jpeg,632ea90d21015ea56a6c9c0e8e0f0d07.jpg,7d7e9bfe361d0f3e11592fe974b1e526.jpg,b96e643a2aafa4bd0c6dd06b38e0f1e5.jpg,2d9ac3fac121c060e091ef8ea778ffa7.jpg,8b731f7ee57c34a0988c07267acaf920.jpg,71655d9adb6bf63e60fbf2a08f00e993.jpg,7c63b4a27edeeddc260f8a8679503871.jpg,6aa2e33117b7bee040e3af675a7c9c87.jpg,e31658a26543efa777b559cd9bdcc258.jpg,8272e93071cf907f1b29fa6cde3a5863.jpg,81be2323ba01f58343b6b88675a18fc0.jpg,d4ef4fe95ed3c134f8788cb002d59cf6.jpg,ee9dba53f3a9d617e250ac0fbfacdf11.jpg,4650060c5f5a5b8f39484061a6c3cf35.jpg,f8caf1b822e605dfb17a9c9b7ae7f457.jpg,eab2b7689a4cc33ab1cb7bd7b9d24f5c.jpg,632f33ff641bbbdba53ea9e42cb4a3d7.jpg,65460e89f2890f6b7fa9ea208acee108.jpg,90cef5023ffcaa3c3987a31db9f28170.jpg,2b07e8dad7b170671be779e511a20cd4.jpg,ed424222ddf4a785fea61cff66a9a9a4.jpg,b6608d0601a3a21ee88f5d3c9684f7e1.jpg,acb49d5e0062fe62bfe0c620b8376a10.jpg,117701e5cb50fdb7d4d6f0a0939553c8.jpg,36abbddda1a3719e9bcf6aa64ed6d631.jpg,caf1deec0294ab1caf1f2dca0954bcf0.jpeg","<p><b>¡Gran Oportunidad de Inversión en Veracruz!</b> </p>    <p>Ponemos a tu disposición un <b>edificio con escuela construida</b>, ideal para proyectos educativos, centros de salud o zona comercial. Ubicado en una <b>esquina estratégica</b>:<br />  <b>Calle Alacio Pérez esquina Callejón Mártires del Seis de Diciembre</b>,<br />  Colonia Ricardo Flores Magón, <b>Veracruz, Veracruz</b>.</p>    <p><b>Superficie de terreno:</b> 621.13 m⊃2;<br />  <b>Construcción total:</b> 876.02 m⊃2;</p>    <p>Este inmueble ofrece una excelente distribución y estructura sólida, ideal para:</p>    <p><b>Instituciones educativas</b><br />  <b>Consultorios médicos o clínicas</b><br />  <b>Oficinas administrativas o despachos profesionales</b><br />  <b>Comercios, academias o centros de capacitación</b></p>    <p>Su ubicación en esquina proporciona <b>alta visibilidad</b> y fácil acceso para peatones y vehículos, dentro de una <b>zona con gran flujo poblacional y cercanía a servicios esenciales</b>.</p>    <p>¡No dejes pasar esta excelente oportunidad para invertir en un espacio con gran potencial de crecimiento y rentabilidad!</p>    <p>Contáctanos al <b><a href=""tel:229 269 6629"">229 269 6629</a></b> para más información o agendar una visita.</p>  ",621.00,Mixto,,,Excelente,,5535764474,229 269 6629,5535764474,,RE/MAX CIN,Edificio - Comercial,Veracruz,Veracruz,Ricardo Flores Magón,Veracruz
644112,RCV644112-463,CASA EN VENTA EN FRACCIONAMIENTO LA TAMPIQUERA BOCA DEL RIO,1,residencial,1,4150000.00,4050000.00,0.00,216230.65,Santiago Tuxtla,0,0,94290,-96.108,19.112,2.5,,4,1,,274.37,,2025-06-07,2026-01-25,2025-06-07,2025-07-29,"7087d03731e33f8c67a14ce61638c068.jpeg,a41feb19d7c8dfe1ef3381a93b3ce702.jpeg,261b8be135770bfd95911b2a4ed369fd.jpeg,54d03abbb134aa39d745381ff2b94106.jpeg,7dcc1fe3e109dfbf8cd7de7c9f36bc15.jpeg,eb1e0c7f9cbdf0c12af9d4cc1732f871.jpeg,86b64f06622a2b3edbff1440eba5d6a4.jpeg,66d0c0ec0675ab824a8491db4e78bc46.jpeg,25aa4d37bca75409c24b63ab0dd88094.jpeg,726e24de3779f8bf1bf01d57b7047277.jpeg,0bebe566e0b98de65a2251e10ea89250.jpeg,29c1316dc321743de75cac42493ba7a1.jpeg,7536b82d7f58222ece6ebab3772b4db5.jpeg,4c0b8eb389947370d731b121654aef0a.jpeg,372ebd0ab25a701b09ec38d27d7d842b.jpeg,979974590b5b726951259f3e4d9afdc1.jpeg,a2b1f3a2556fe786b6f82121106e3e35.jpeg,7efd43a0e7b59bd4ddd54b54d338c786.jpeg,eb62adc1e5fc06fb169a78a85a61f11b.jpeg,7a46cd1b2fe516471072d5f78b78b352.jpeg,0ad19fdbf42a2e4c38b84392630284a6.jpeg,c4855cd601a00cd752db0f68214a20b0.jpeg,1cb3b00b7ce71012b14c6cef5eac500a.jpeg,928da943096a2f2dd1b292c7bde8cdb0.jpeg,2a061e4792d2f5a599f083df5f8efc6a.jpeg,73460c81b6e3f4d95c722a22a7b110be.jpeg,4ffabccbd7639cfab9d61244c7db6f43.jpeg,f163d7a35730d848eff7b21478a81e3e.jpeg,93eb457be6adcd6a7562a9546f40a874.jpeg,f5bf6bc1fa286864153c1999965bb73d.jpeg,de1892b5e0780910876878aac1eea030.jpeg,a9618898587d2373824ec0338330847c.jpeg,62c61d365803569a3afa02a763855706.jpeg,13893664c3af2215e00f68ba586210ee.jpeg,c648c26b52b0c4a5731c801da4891519.jpeg,8ae1f92bdd46943f91244a39bece4bc1.jpeg,8dfbc7251e4df8ad8649c263df7bcb3e.jpeg,e6954d0ae476f7fda10fdf2d264a6acf.jpeg,7356ea19bdabaa03e3203228321edd12.jpeg,8609f734dba29790d9b84db6b8e5a18f.jpeg,41aa6d286f47bcc231e27c16bae5ba16.jpeg,5ec045da99d45a381d10fce35fb36eb0.jpeg,298dc3617069b887736681d9e545fcfc.jpeg,869754a4bb2eb168e53797acc881cd09.jpeg,be95cea51586cf7b63dc34e2be389da4.jpeg,12036d33cc5cdc52531091eca3b0f739.jpeg,e09df8828a8f768dc1a32444d024e674.jpeg,fbe751c9504a8fb4a7a9f903d2e29a44.jpeg,e639d2e48cb8eb3b5147bb77d0588b85.jpeg","<p><b>Casa en Venta en La Tampiquera – Amplia, Segura y con Excelente Ubicación</b></p>    <p>Descubre esta <b>espaciosa residencia de 274.31 m⊃2; construidos en un terreno de 250 m⊃2;</b>, ubicada en una de las zonas más tranquilas y seguras de <b>La Tampiquera</b>. Ideal para familias que buscan comodidad, funcionalidad y plusvalía.</p>    <p><b>Distribución y Comodidades:</b></p>    <p><b>Planta Baja:</b></p>    <p>Sala – Comedor de gran tamaño</p>    <p>Cocina integral con área de desayunador</p>    <p>Estudio ideal para home office</p>    <p>Medio baño para visitas</p>    <p>Cuarto de lavado independiente</p>    <p>Patio de servicio con escalera de caracol hacia la azotea</p>    <p>Patio posterior para jardín o área social</p>    <p>Terraza al frente</p>    <p>Garaje con portón eléctrico para 2 autos chicos o 1 mediano y 1 chico</p>    <p><b>Planta Alta:</b></p>    <p>4 recámaras (3 equipadas con mini Split)</p>    <p>Sala de TV con acceso a balcón</p>    <p>Recámara principal con baño completo y balcón privado</p>    <p>Baño completo adicional para las otras tres recámaras</p>    <p>Segunda recámara con balcón</p>    <p><b>Equipamiento:</b></p>    <p>Cisterna de 2,000 L y 2 tinacos de 1,100 L (uno exclusivo para el área de lavado)</p>    <p>Sistema de presurización hidráulica</p>    <p>Tanque de gas estacionario</p>    <p>Portón eléctrico</p>    <p><b>Seguridad:</b></p>    <p>Cerca eléctrica perimetral</p>    <p>Sensores de intrusión con alarma en puerta principal y portón</p>    <p>Doble chapa de seguridad en la entrada (mecánica + digital)</p>    <p>Esta propiedad combina amplitud, privacidad y tecnología para brindar una experiencia de vida cómoda y segura, todo a solo minutos de escuelas, centros comerciales, playas y vías principales.</p>    <p> ¡Agenda tu visita hoy mismo y enamórate de tu próximo hogar!</p>    <p> </p>  ",250.00,Habitacional,,,Excelente,,9933000815,9933000810,9933000815,,RE/MAX CIN,Casa,Veracruz,Boca del RÍo,La Tampiquera,Boca del Río
644290,RCV644290-463,CASA EN V¿RENTA EN FRACCIONAMIENTO LA TAMPIQUERA,2,residencial,1,280000.00,16000.00,0.00,861.60,Alvarado 160 B,0,0,94290,-96.1096,19.1099,3.5,,3,1,,154.00,,2025-06-09,2026-02-11,2025-06-09,2025-08-15,"e9aa990426c3939b8ca4581910ec2341.jpeg,6a2d0c1c0c453dcf967a3ca0c2cdf599.jpeg,7240ee045815db0530d4e8cd86adef12.jpeg,73b55c6ac69ef319c9e76dc294febd68.jpeg,da675fe465e8691171265d4d490f9870.jpeg,0065408ba4ecce933220b028c29ca753.jpeg,55fe6e9e75831e17653c284420fab1a5.jpeg,962f32cd4d2da4fa7fc055548b447cdd.jpeg,9d6cd5c984fe9746b39c0a1ca2257041.jpeg,94fe194b63548ea0618682aa987d9661.jpeg,513705ba761cee205f0a63cd5f7120f2.jpeg,79a8045349ca28df44b81e309d9fd720.jpeg,d003cc46612a3285256acc691bc27899.jpeg,dca39e2dfa6925c949733385ceab3972.jpeg,e47b9b8645beb3457365838f57243154.jpeg,fe153ef292a988ea494f1b959eeb09fa.jpeg,dbe047ae6e53be213cb63fcfcd7507f8.jpeg,9e78688815e70dac78f3d9335350030d.jpeg,c667279d2dfc4b0166ec0290e55225e9.jpeg,83d907ca5566db3abfe5bb1eda2e64f7.jpeg,f39b87b14d5343afa047b87d2d76d98b.jpeg",<p><b>CASA EN RENTA EN LA TAMPIQUERA CON VISTA AL MAR</b><br />  <br />  Esta encantadora casa cuenta con:</p>    <p>3 recámaras con baños completos<br />  1 medio baño para visitas<br />  Cocina y comedor<br />  Sala amplia<br />  Patio ideal para reuniones o jardín<br />  Garage para 1 auto con portón eléctrico<br />  Cisterna y tanque de gas estacionario</p>    <p>Ubicada en una de las zonas más tranquilas y cercanas al mar en La Tampiquera. Ideal para vivir o vacacionar.</p>    <p>¡Agenda tu cita y conoce tu próxima casa con vista al mar! </p>  ,98.85,Habitacional,,,Excelente,,5535764474,229 269 6629,5535764474,,RE/MAX CIN,Casa,Veracruz,Boca del RÍo,La Tampiquera,Boca del Río
644828,RDV644828-463,PREVENTA MAREA DEPARTAMENTOS FRENTE AL MAR BOCA DEL RIO,1,residencial,6,2890000.00,2890000.00,0.00,152667.72,Jesus Reyes Heroles ,0,0,94294,-96.1115,19.1677,2,,2,1,,85.00,,2025-06-14,2025-12-11,2025-06-14,2025-06-14,"64c9e3875cdbaaea64306b3db948c58e.jpeg,516fe1270c7604796997b6b2fdbb601e.jpeg,c07bd4250697b35bb018c1b286fd936e.jpeg,a14c956c99ea8d8d444ce002880594ff.jpeg,ed7c14cefbfbdf6d1cacdb27aa6bd7f7.jpeg,e2599628a72d33ff834010705753f9de.jpeg,74556be875bdd73eba246de58f878a59.jpeg,b96ff9c8684e0cc5fead8c9ea69c67d2.jpeg,ef89fc602e8e0dd456b87fca0733e290.jpeg,9cdfa144129556a97f2444ace009e18d.jpeg","<p><b>TORRE MAREA – Vive a pasos del mar</b><br />  Exclusividad, confort y ubicación privilegiada en un solo lugar.</p>    <p>14 Departamentos de 85 m⊃2;<br />  Ubicados a solo unos pasos del Boulevard<br />  Entrega programada: Febrero 2026</p>    <p><b>Distribución inteligente y estilo moderno:</b></p>    <p>2 Recámaras (principal con vestidor y closet)<br />  2 Baños completos<br />  Sala y comedor amplios<br />  Cocina integral equipada<br />  Área de lavado<br />  1 Cajón de estacionamiento<br />  Elevador<br />  Recepción con seguridad privada</p>    <p><b>Amenidades premium:</b></p>    <p>Rooftop con alberca<br />  Bar<br />  Zona de asadores</p>    <p>Desde $2,890,000 MXN<br />  Aparta con solo $150,000</p>    <p>Solicita información sobre planes de pago y beneficios por preventa.<br />  Vive alto, vive cerca del mar. Vive en Torre Marea.</p>  ",0.00,Habitacional,,,Excelente,,2292479687,2292696629,2292479687,,RE/MAX CIN,Desarrollo,Veracruz,Boca del RÍo,Costa Verde,Boca del Río
645483,RCV645483-463,CASA EN VENTA EN RESIDENCIAL MONTE MAGNO RESIDENCIAL XALAPA VERACRUZ,1,residencial,1,6600000.00,6600000.00,0.00,351624.93,DUBLIN,50,0,91193,-96.8629,19.5211,5.5,,5,1,,432.18,,2025-06-20,2025-12-30,2025-06-20,2025-07-03,"a99b97a10c6bab1e5e48eaf20b6920e9.png,2fdd2550dfe1819a9c26f3d7a6160bc5.jpg,36cba4be1a687a457bad891591981037.jpg,29f0ce148b7f6a14c3ab5266bae290d3.png,e6e34a22c6de61eed9e265221e90b61c.png,79039e2508aee1aba8b149a5cae806e8.png,8d0e5034efb7b004a89c7c521ec34cb1.png,9183d35a245362af87411b381afe01ed.png,860ca3992980910841337cfb209ef60e.png,dca8b2f31dc2471563971b404eaadba6.png,755ac27b394d6b5ef8d5ca03380465ed.png,e4c83ad4e6d03d92af9a98c9847149be.png,d7c663c1053cf99a2a6ee1fb69d8c45c.png,f9033678d23ff80ae59cd0c9ad79ea2a.png,f2bea278e037c16537a5cac1d1f6178c.png,7066f423c3136884fe0185561008eb27.png,f5a4e68c70ea96af0a6e91088e3114b2.png,73447222174af3a866126f8b66c9e81f.png,90361476566d7d91cac57eb0dcf490cc.png","<p><b>CASA NUEVA EN VENTA – RESIDENCIAL MONTE MAGNO, XALAPA.</b><br />  <i>Estilo moderno, amplios espacios y acabados de lujo</i></p>    <p>Descubre esta espectacular residencia ubicada en uno de los resdenciales más exclusivos de Xalapa: <b>Monte Magno</b>. Construida sobre un terreno de <b>206.86 m⊃2;</b> y con una impresionante <b>construcción de 432 m⊃2;</b>, esta casa combina diseño contemporáneo, funcionalidad y detalles que enamoran.</p>    <p><b>Distribución y Comodidades:</b></p>    <p>5 amplias recámaras con <b>vestidor</b> cada una<br />  5 baños completos + 2 medios baños<br />  Cocina integral con desayunador<br />  Sala comedor con excelente iluminación natural<br />  Sala de TV<br />  Lavandería y cisterna de 10,000 L<br />  Terraza, <b>2 jardines</b> (incluyendo un hermoso jardín bajo las escaleras)<br />  Área de parrilla y <b>azotea ideal para reuniones</b><br />  Escaleras modernas, con iluminación y diseño elegante<br />  Balcones con vista privilegiada<br />  Garage cubierto</p>    <p>Ubicada en zona segura y con alta plusvalía, esta casa está en <b>excelentes condiciones</b>, lista para estrenar.</p>    <p>¡Haz realidad el hogar que siempre soñaste, agenda una cita al 229 269 6629!</p>  ",206.86,Habitacional,,,Excelente,,2281477700,+52 228 147 770,2281477700,,RE/MAX CIN,Casa,Veracruz,Xalapa-Enríquez,Residencial Monte Magno,Xalapa
646723,RTV646723-463,TERRENO EN VENTA FRACCIONAMIENTO SAN LORENZO XALAPA,1,residencial,4,2975000.00,2975000.00,0.00,158497.60,Calzada del Gavilan ,0,0,91093,-96.8502,19.5053,,,,,,,,2025-07-03,2025-12-30,2025-07-03,2025-07-03,"ad8688314d0a86533706c29862b18e1f.jpg,ef8c94b82661c9f2e80c073517e21154.jpg,44346403f50c4ed16c7fdafd5f962f15.jpg,149f5c226c69674d014b4095f5082674.jpeg,7fd15e5520ebeb7f093a006476a977f7.jpg","<p><b>Terreno en Venta – Fracc. Campestre San Lorenzo, Xalapa</b></p>    <p>¡Construye la casa de tus sueños! Este amplio terreno de <b>1,010 m⊃2;</b>, ubicado en esquina dentro del <b>Fraccionamiento Campestre San Lorenzo</b>, te ofrece la oportunidad perfecta para diseñar y edificar tu hogar ideal, rodeado de tranquilidad y plusvalía.</p>    <p><b>Características:</b></p>    <p>Superficie: 1,010 m⊃2;<br />  Ubicación en esquina<br />  Entorno residencial campestre<br />  Ideal para proyecto arquitectónico a tu medida</p>    <p>Aprovecha esta excelente opción para invertir en uno de los fraccionamientos más agradables de Xalapa.</p>    <p>Contáctanos al 229 269 6629 para más información y agenda tu recorrido.</p>  ",1010.38,Habitacional,,Regular,,,2281477700,+52 228 147 770,2281477700,,RE/MAX CIN,Terreno,Veracruz,Xalapa-Enríquez,Emiliano Zapata,Xalapa
647167,RFV647167-463,"CASA Y TERRENO EN VENTA EN LAS LAJAS, COATEPEC, VERACRUZ",1,residencial,5,3875000.00,3875000.00,0.00,206887.35,Las Lajas Altamirano,0,0,91609,-96.9792,19.4912,2,,2,,,218.00,,2025-07-08,2026-01-25,2025-07-08,2025-07-29,"61181b726e2ed47edb9649e72c9aaec9.png,e5d642eb27f8c2eeb778c735b35bcfe1.png,107c19deb63d710b068cd90381211e49.jpg,5c9ef552bbf1c740f12410197b67ae5b.png,6810c01e2ab2a5fc38af28cf309df695.jpg,b1f0b360ab302744b1e4e4a1483babbe.png,e74160c94407d9f4ba5b5009cad8891c.png,78f87fe360344da4502c164f98d453b7.png,4df027f4d27616231376c3fa2f84e5a3.png,560395d86a49630acc8c809641769c39.png,8791769fcdf7d70d72ae328c16fdc010.png,4f79f92fb621db29b0037f87f2e874dc.png,72662d6d80e27761fc0d04c80e5223c1.png,e605ef00eac5c327be4814f8b5f88d9b.png,156f501ff3bccb59779ea876677e8617.png","<p><b>Casa y Terreno en Venta – Fracción Uno, Las Lajas, Coatepec, Veracruz</b></p>    <p>Descubre esta cómoda <b>casa habitación de una planta</b>, ideal para disfrutar el<b> terreno </b>alrededor de la tranquilidad de la zona y el contacto con la naturaleza.</p>    <p><b>Terreno amplio</b>, ideal para jardín, huerto o futuros proyectos de ampliación.</p>    <p><b>Distribución casa funcional:</b></p>    <p>Amplia <b>sala</b> y <b>comedor</b>, perfectos para convivir en familia.<br />  <b>Cocina</b> práctica y bien iluminada.<br />  <b>Vestíbulo</b> que conecta armoniosamente los espacios.<br />  <b>Cuarto de servicio</b> y <b>patio de servicio</b> para mayor comodidad.<br />  <b>Terraza</b> para relajarse y disfrutar del entorno.<br />  <b>Medio baño</b> para visitas.<br />  <b>Recámara principal</b> con baño completo y vestidor.<br />  Dos <b>recámaras secundarias</b>, cada una con baño completo y vestidor (una de ellas con vestidor independiente).</p>    <p><b>Detalles de construcción:<br />  Techos</b> de concreto y madera.<br />  <b>Muros</b> de tabique rojo.<br />  <b>Pisos</b> de cemento pulido.<br />  <b>Puertas</b> de madera y herrería.<br />  <b>Ventanas</b> de herrería que brindan seguridad.<br />  Instalaciones <b>eléctricas e hidráulicas</b> listas para usarse.</p>    <p><b>Ubicación:</b> Fracción Uno, Las Lajas, Altamirano Carretera 5 Palos, Congregación Cuauhtémoc, Coatepec, Veracruz.<br />  Un lugar rodeado de naturaleza, aire fresco y ambiente campestre, a pocos minutos de Coatepec.</p>    <p>¡Vive la tranquilidad que mereces en un entorno natural! </p>  ",2100.00,Habitacional,,,Excelente,,2281477700,+52 228 147 770,2281477700,,RE/MAX CIN,Finca/Rancho,Veracruz,Coatepec,Cuauhtémoc,Coatepec
647174,CLR647174-463,OFICINAS EN RENTA UBICADAS EN FRACCIONAMIENTO HACIENDAS XALAPA,2,comercial,9,4000.00,4000.00,0.00,214.71,Hacienda Tenextepec,0,0,91200,-96.8503,19.4983,1,,,0,,0.00,,2025-07-08,2026-01-04,2025-07-08,2025-07-08,"f9392271b9b68da9e5ebe485898129c3.jpg,43f4fd28917d7c2ba6ded811200711e0.jpg,52ba3703b0873612594ce2c6e88de0f1.jpg,dd5ab0a3b609a39f931bcc21ad23a14a.jpg,c7609f48a69d24eaba8f3cae85a8bdf1.jpg,0174dde73bd6d4fc7f4adc542dd0e8ed.jpg,581bd88f62d247e9c615251837796221.jpg,4639b1f7f0a2bae1ce6954009ea00ce5.jpg,6bed45a4b86d8b80f1757c03b86cc8d9.jpg","<p><b>¡Oficinas o Locales en Renta!</b></p>    <p>Aprovecha esta excelente oportunidad para tu negocio u oficina en una ubicación estratégica: <b>Hacienda Los Morales No. 71, Fraccionamiento Haciendas, Emiliano Zapata, Veracruz, C.P. 91640</b>.</p>    <p>Espacios funcionales, bien distribuidos y listos para adaptarse a tus necesidades. Perfectos para consultorios, despachos, oficinas administrativas o pequeños comercios.</p>    <p><b>Renta mensual:</b> $4,000.00 MXN (Cuatro mil pesos 00/100 M.N.).</p>    <p> </p>  ",0.00,Habitacional,,,Excelente,,2281477700,+52 228 147 770,2281477700,,RE/MAX CIN,Local - Comercial,Veracruz,Xalapa,La Haciendita,Xalapa
647183,COR647183-463,OFICINA EN RENTA UBICADA EN FRACCIONAMIENTO HACIENDAS XALAPA,2,comercial,8,75.00,75.00,0.00,4.03,Hacienda Tenextepec,0,0,91200,-96.8503,19.4983,1,,,,,88.00,,2025-07-08,2026-01-04,2025-07-08,2025-07-08,"422cdcb59ee9e17e31af481c56d39c33.jpg,4bd79b4e5548853a7d8156aedddd3091.jpg,f3345299707710b00e285cc4d82515b8.jpg,01d718893bdfffe8695c41c67ce16c59.jpg,d1972f37a00288dea4c49c1f7e41aacb.jpg,e1253d2b51594c67d18063e8c7e5f2f0.jpg,df2684326a237b7c4e622e8fd304e832.jpg,115ad15c8d6eb48e1bf14a5bb84a26f6.jpg","<p><b>¡Oficina o Locales en Renta en Planta Alta!</b></p>    <p>Aprovecha esta excelente oportunidad para tu negocio u oficina en una <b>ubicación estratégica</b>: <b>Hacienda Los Morales No. 71, Fraccionamiento Las Haciendas, Emiliano Zapata, Veracruz, C.P. 91640</b>.</p>    <p><b>Características:</b></p>    <p><b>Superficie total disponible:</b> 88 m⊃2;</p>    <p><b>Precio por m⊃2;:</b> $75.00 MXN</p>    <p><b>Renta mensual aproximada:</b> $6,600.00 MXN</p>    <p>Espacios funcionales y bien distribuidos, listos para adaptarse a tus necesidades.</p>    <p>Ideales para consultorios, despachos, oficinas administrativas o pequeños comercios.</p>    <p><b>Extras:</b></p>    <p>Area comun con lavadero </p>    <p>1 baño común</p>    <p>¡Dale a tu proyecto el lugar que merece en una zona de fácil acceso y gran conectividad!</p>    <p><b>Contáctanos para más información y agenda tu cita hoy mismo!</b></p>  ",88.00,Mixto,,,Excelente,,2281477700,+52 228 147 770,2281477700,,RE/MAX CIN,Oficina - Comercial,Veracruz,Xalapa,La Haciendita,Xalapa
647356,RCV647356-463,CASA EN VENTA EN COSTA DE ORO ,1,residencial,1,8554000.00,8100000.00,0.00,432692.31,Mero ,0,0,94299,-96.1025,19.1503,5,,6,1,,500.00,,2025-07-10,2026-01-19,2025-07-10,2025-07-23,"f19894698e33afb41d3d1584c4494b82.png,40ba2fac804888e23440cb2792b9b996.jpeg,783d5df846fabaab48d0c97e0fb6f3f8.jpeg,59627164f65ba11f8b6efd9c11758ff2.jpeg,4e6ca5074ed4887f9f165b856f8a416b.jpeg,da7c222d13b821c670f08527fad90acd.jpeg,88f42c12ed2b0ef35871ca30bf43c3a4.jpeg,d964a8ee8765276335bf7e620632c063.jpeg,5686ce90ca423ab806ea50141e235535.jpg,2c06151583d8484e344bf26b39b18bd3.jpg,0057e80eb7583f42e15ef64ccbf73c40.jpg,31d3363f726f8c57f8348bcdfd0511db.jpg,a914a3fd3a393f2eead4cb8e68babab4.jpg,d117ea83b5b7a6b98b181974f488dd85.jpg,ca50986e3aa52d29879e4deef787e634.jpg,a7f787b33e44d2f7933e34c97de5fc88.jpg,4a6d51dcc96bcf1090eb815b05f7a153.jpg,cdf8d8040a6ef6143cc861545870e851.jpg,ff4e6b41e83ee6e8d2946e82eb3911e5.jpeg,91a072d02212ff7d006caa67375ca916.jpg,37f3e9392c9502293e6bdc1fb1b88f07.jpg,ee852496250ca22ce5a82017b9dc839b.jpg,31531533d03a34fed19260594122cde8.jpg,7f1b3e47f976229f783c6e94bd5396b1.jpg,43d3b1e45d9883387a768642c5542308.jpg,ac0d9623cf9a66f71648111bdcd72d02.jpg,6328e4a6f837164a32ea0c120cdbb66b.jpg,cc453a689194d08c4baeeb3c6fd99598.jpg,2a0e6264b3f5a8eb5f011e0a1a6702cf.jpg,8824cd8eedac0509d07e3aed3fab2c6e.jpg,cacd633d2eb221be1afd5226c31e0b0e.jpg","<p><b>En Venta Residencia Amplia en Costa de Oro – Boca del Río</b><br />  Vive en una de las zonas más exclusivas de Boca del Río, en una casa amplia y funcional, ideal para familias grandes o inversionistas.</p>    <p><b>Terreno:</b> 300 m⊃2; | <b>Construcción:</b> 500 m⊃2;<br />  <b>Dirección:</b> Lote 13, Mz. 14, Calle Mero No. 1113, Sección Primera del Fracc. Costa de Oro, C.P. 94299</p>    <p><b>Distribución:</b><br />  <b>Planta Baja:</b></p>    <p>Recibidor<br />  Sala, comedor y desayunador<br />  Cocina equipada<br />  Estancia familiar<br />  Baño completo<br />  Patio trasero<br />  Cuarto de lavado y bodega<br />  Cochera para 3 autos</p>    <p><b>Entre piso: </b><br />  Estudio</p>    <p><b>Planta Alta:</b></p>    <p>Recámara principal con baño completo<br />  3 recámaras adicionales con 2 baños completos<br />  Cuarto de TV<br />  <b>Loft independiente</b> con recámara y baño completo (ideal para visitas o renta)</p>    <p>Todos los servicios: agua potable, drenaje, energía eléctrica, telefonía, calles pavimentadas, banquetas, señalización, recolección de basura y vigilancia.</p>    <p><b>Ubicación privilegiada:</b> Cercana a escuelas, centros comerciales, bancos, restaurantes y transporte público.</p>    <p><b>Zona segura, conectada y con alta plusvalía.</b><br />  ¡Haz de esta casa tu nuevo hogar agenda una cita al <b>229 269 6629</b>!</p>  ",300.00,Habitacional,,,Excelente,,9933000815,9933000810,9933000815,,RE/MAX CIN,Casa,Veracruz,Boca del RÍo,Costa de Oro,Boca del Río
648171,RCV648171-463,CASA EN VENTA RIO MEDIO II VERACRUZ,1,residencial,1,760000.00,760000.00,0.00,40598.29,FIDEL VELAZQUEZ ,68,0,91809,-96.1974,19.2139,1,,2,,,70.00,,2025-07-18,2026-01-14,2025-07-18,2025-07-18,"ad59c6150adb9edf5258316093412f3a.jpeg,b06acf3782c759ec280edf7aaf9215d7.jpeg,2a56363e54b666fb6fee0ee9faced7d3.jpeg,bae960d834b828c46e556c9d4de30845.jpeg,57471d45a56ff2b7087666038c44c46f.jpeg,107fc11c54f766293af2ac0e967195b5.jpeg,d912d3256b580a812fb1450adb81d0af.jpeg,1fd46f7e1f7162ffb03be71c791ce513.jpeg,3317f2064a3282570040219f33b4324f.jpeg,40929895cf7ff2d35c909272594cd579.jpeg,1b6dea86d40f1a529ae7b19f4ce75225.jpeg,f34c0b1ccb595b6af694d2135bb5128b.jpeg,fc7e93a58272f3dd7fea7a5b7f21178a.jpeg,4b1ec8eed0e705ef0d8e63cafa895e26.jpeg,397bfd73d2313b7e7654931cd88544c6.jpeg,e1a6594dd3ac8ba16066ba59da5d5c0d.jpeg,3c267425630808cb78381d9b1facea59.jpeg,9e2fc2abf2bf2cceb1fc1e5dce2b2019.jpeg,6afe947f1fb127bacc80ef662094109e.jpeg",<p><b>Tu nuevo hogar te espera en Río Medio II!</b><br />  Casa en venta con excelente ubicación en una zona tranquila y con todos los servicios a la mano.</p>    <p>Cuenta con:<br />  <b>2 recámaras</b><br />  <b>1 baño completo</b><br />  <b>70 m⊃2; de construcción</b><br />  <b>81 m⊃2; de terreno</b></p>    <p>Ideal para familias pequeñas o como inversión. ¡Aprovecha esta oportunidad y agenda tu cita hoy mismo!</p>  ,81.00,Habitacional,,,Excelente,,2292479687,2292696629,2292479687,,RE/MAX CIN,Casa,Veracruz,Veracruz,Lomas de Rio Medio II,Veracruz
648366,RDV648366-463,"DEPARTAMENTOS EN VENTA FRENTE AL MAR CONDOMINIO PUNTA RIO, BOCA DEL RIO",1,residencial,3,3340000.00,3340000.00,0.00,178323.55,VIA MUERTA,2184,0,94293,-96.1058,19.1167,4,,5,1,,211.44,,2025-07-21,2026-02-02,2025-07-21,2025-08-06,"fa1ccfa6ee52eaec34556f2b6855416f.jpeg,2462ee5657ce9e2044879895263fdc08.jpeg,0fd1b1ce093581615772f3444b155a48.jpeg,9d3a755ce8a0abdeda47af600a62337c.jpeg,9a6eb15dbfa742e2a5d7c2f18c8f2d2b.jpeg,0737014fac9d9c419304e62ced245526.jpeg,b05fefbaf49e1873acf7a9ea1601ce51.jpeg,d637d8807e9971908d8233adbb25d850.jpeg,dc9ee48179603252148c5b1bd3b37944.jpeg,96b3c55b51172c941d67d00c122e6edb.jpeg,628605aca324784b8fd0d3edf0736059.jpeg,beb7a95160c59632dbf6da4ba3cd5b2a.jpeg,fd6f349a1956c274cdfe6654f99429cf.jpeg,820e2c4414c5face3ffa913c3cc8c1df.jpeg,f6fe8c3a11e78a0a705396e000ae93ae.jpeg,9d5e440fa281c489c738b248d778d5da.jpeg,285743e137ec618ee4fccdcf414cdecb.jpeg,c9da13588dcf87bc6074ad9d17d277f7.jpeg,c50caa16a4bfd6dd79b6464792cdd0f5.jpeg,25ff82cf5ce677ab4536d05956aa7581.jpeg","<p><b>DEPARTAMENTO EN VENTA – PUNTA RÍO, VÍA MUERTA, BOCA DEL RIO</b></p>    <p>¡Ideal para familias grandes o como inversión!<br />  Esta propiedad se conforma de <b>2 departamentos distribuidos en dos niveles</b>:</p>    <p><b>Primer departamento (4to nivel):</b></p>    <p>3 recámaras<br />  2 baños completos<br />  Cocina integral<br />  Sala – comedor</p>    <p><b>Segundo departamento (5to nivel):</b></p>    <p>2 recámaras<br />  2 baños completos<br />  Espacios amplios y funcionales</p>    <p>Se vende <b>semi amueblado</b> y cuenta con <b>amenidades como alberca, palapa y área de parrilla</b>.<br />  Ubicación estratégica, ideal para vivir cómodamente o generar ingresos por renta.</p>    <p><br />  ¡Contactanos al 229 269 6629 para agendar una visita!</p>  ",211.14,Habitacional,,,Excelente,,5535764474,229 269 6629,5535764474,,RE/MAX CIN,Departamento,Veracruz,Boca del RÍo,Playa Hermosa,Boca del Río
648461,CTV648461-463,,1,comercial,10,4000000.00,4000000.00,0.00,213675.21,Av. 5 de Mayo y Arista,0,0,91700,-96.1385,19.1975,,,,,,,,2025-07-22,2026-01-18,2025-07-22,2025-07-22,"7ed50bf68d5b59a3ee92786581638930.jpeg,b5cf3b6964cfa19e8ac47b95e3ca2901.jpeg,61150548e4f0af95298980a8ec06c5cb.jpeg,6973297a1a5db66eb4edeb86f7791e78.jpeg,ca8a951c2d967295c90922ba27188ad1.jpeg,f75f4322ed49584a2ad55ed607e04f16.jpeg,a710291ee41943955ed36bd0e32a0880.jpeg,78e832a6d7d9fe241b871c082f3d1221.jpeg,0b5e1380b58dd04a2c0f759253fc001b.jpeg,3598e496b4df675bb074705e5a8229e9.jpeg,554c703e3cf7558952d8c7517598f39a.jpeg,35e87edb43a073f098450d0768df3cc4.jpeg","<p><b>VENTA DE TERRENOS CON CONSTRUCCIÓN EN EXCELENTE UBICACIÓN – COLONIA CENTRO, VERACRUZ</b> </p>    <p>¡Oportunidad de inversión en una de las zonas más transitadas y comerciales del Puerto de Veracruz!</p>    <p><b>Ubicación:</b></p>    <p><b>Terreno 1: Avenida 5 de Mayo No. 1351</b></p>    <p><b>Terreno 2: Calle Arista No. 37 y 39</b></p>    <p><b>Superficies:</b></p>    <p><b>Terreno en Av. 5 de Mayo:</b> 231 m⊃2;</p>    <p><b>Terreno en Calle Arista:</b> 73.50 m⊃2;</p>    <p><b>Superficie total conjunta:</b> 304.5 m⊃2; aprox.</p>    <p>Excelente opción para desarrollo comercial, edificio habitacional o corporativo.<br />  Ubicados en esquina con alto flujo peatonal y vehicular.<br />  Zona con servicios, transporte y comercios consolidados.</p>    <p>Para más información o agendar una visita, ¡contáctanos al 229 269 6629! </p>  ",231.00,Habitacional,,Regular,,,2292479687,2292696629,2292479687,,RE/MAX CIN,Terreno - Comercial,Veracruz,Veracruz,Veracruz Centro,Veracruz
649030,RCR649030-463,CASA EN RENTA EN COLONIA MARIA ESTHER XALAPA,2,residencial,1,15500.00,13000.00,0.00,698.17,C. Segunda Priv. de Higueras,102,0,91033,-96.9133,19.5338,3,,4,1,,180.00,,2025-07-28,2026-02-05,2025-07-28,2025-08-09,"5989603ff724ed856de7ca53c2c9a2bc.jpg,151df9f28fd30b7534a643779ef8560d.jpg,f258580a7d15dc10090f7076c7b163d2.jpg,7bebc84e2221b0f25b150139cbdc80cf.jpg,3e09d686b3d9fd5ea144877011a2b432.jpg,096c81da29789c872446945ba1471b20.jpg,bff8f3d7bdb83751d2f5deadae74b030.jpg,d40ecda4dec64f4c8e1cbd658199b5ce.jpg,d6da864be0c0c1c6c480d02a7dbfbd6f.jpg,ed134ceb699acf043b35576e25ae2f4d.jpg,bfe78e641d028c79d9f7a64e4d8f066f.jpg,4c8dc017f04779067ae41dd50c9f9710.jpg,d8c2f4a85c64234754671522a7969e7a.jpg,4d06aa1d96b3aa8d5b96b859863d39ed.jpg,f7216e6b7a9bbb7e76fad7fcb4be087a.jpg,af3de77b2509bf8487e8efe1cd75cca9.jpg","<p><b>CASA EN RENTA – COL. MARIA ESTHER, XALAPA</b><br />  <i>Ubicada muy cerca de la Quinta de las Rosas</i></p>    <p><b>$13,000 mensuales</b><br />  <b>Amueblada<br />  ------------------------------<br />  $12,000 mensuales</b><br />  <b>Sin amueblar</b><br />  <i>Ubicada en esquina dentro de privada</i></p>    <p><b>Planta Baja:</b><br />  Cochera<br />  Sala<br />  Comedor<br />  Baño completo<br />  Recámara con clóset<br />  Cocina equipada<br />  Área de lavado<br />  Bodega o cuarto de servicio<br />  Jardín</p>    <p><b>Planta Alta:</b><br />  Área de TV<br />  2 Recámaras con clóset y baño compartido<br />  Recámara principal con clóset y baño propio</p>    <p><i>Cuenta con gas estacionario y cerco eléctrico</i><br />  <i>Excelente ubicación: cerca de avenidas principales, escuelas, oficinas (Congreso del Estado, Juzgados) y centros comerciales</i> </p>    <p>¡Lista para habitar! ¡Comunicate al 229 269 6629 para agendar una visita!</p>  ",180.00,Habitacional,,,Excelente,,2281735546,2281735546,2281735546,,RE/MAX CIN,Casa,Veracruz,Xalapa-Enríquez,Maria Esther,Xalapa
649265,CHV649265-463,"HOTEL EN VENTA AV. ADOLFO LOPEZ MATEOS, CAMPECHE CAMPECHE ",1,comercial,15,22000000.00,22000000.00,0.00,1174586.23,Av. Adolfo Lopez Mateos ,58,0,24040,-90.5399,19.8377,,,,,,2445.00,,2025-07-30,2026-01-26,2025-07-30,2025-07-30,"4bb73af30f4f6508a3dc6e157abaa7f6.jpeg,789635d910e608b21b5e5511e900a41f.jpeg,48a37d5316713c8f30b7ae38fbd8c5e3.jpeg,89462027004fa5c2d30c624a0efaeada.jpeg,7894ef615556040f055448704be8395e.jpeg,ef62fa5e2a42165c9793c766ba314dff.jpeg,96f8f1549202edb09df6cea4b50a4f42.jpeg,b0d528f1d1f18690d3865951dcb16b87.jpeg,581cd7b7a176e774d6c27e3d93c402c5.jpeg,aa9f00bb8991d9c149d8fceca57bebe4.jpeg,cd9c39f3b625c240aa33fd08a15ab588.jpeg","<p><b>EDIFICIO HOTEL EN VENTA/RENTA </b><br />  <i>Av. Adolfo López Mateos #58 y #60, Col. San Román, San Francisco de Campeche, C.P. 24040</i><br />  Características Generales:</p>    <p>Edificio de <b>75 habitaciones</b>, distribuidas en <b>4 niveles</b>, dividido en <b>2 torres</b> (A y B)<br />  <b>Elevador central</b> entre ambas torres<br />  <b>Accesos independientes por escaleras en cada torre<br />  Estacionamiento para 2 autos</b> y rampa de acceso<br />  Superficie ideal para uso habitacional, hotelero, corporativo o de servicios</p>    <p>Distribución por niveles:</p>    <p><b>Primer Nivel:</b></p>    <p><b>Acceso principal por Torre B</b><br />  Estacionamiento techado (2 autos) y rampa<br />  <b>Lobby con recepción<br />  Área de lavandería<br />  Elevador central</b><br />  Torre A: 9 habitaciones, planta de luz, escaleras y salida de emergencia<br />  Torre B: 8 habitaciones</p>    <p><b>Segundo Nivel:</b></p>    <p>Torre A: 10 habitaciones<br />  Torre B: 16 habitaciones</p>    <p><b>Tercer Nivel:</b></p>    <p>Torre A: 10 habitaciones<br />  Torre B: 16 habitaciones</p>    <p><b>Cuarto Nivel:</b></p>    <p>Torre A: 6 habitaciones<br />  Área de restaurante con cocina<br />  2 baños de servicio (damas y caballeros)</p>    <p>Torre B: 4 suites con jacuzzi<br />  Sala de usos múltiples<br />  Área de oficinas con un privado</p>    <p><b>Azotea:</b></p>    <p>Acceso por escalera de caracol desde el pasillo de oficinas<br />  Baño completo<br />  2 bodegas<br />  Área para 3 tinacos y 3 boilers</p>    <p>¡CONTACTANOS PARA AGENDAR UNA VISITA!</p>  ",617.90,Habitacional,,,Buena,,9933000815,9933000810,9933000815,,RE/MAX CIN,Hotel - Comercial,Campeche,San Francisco de Campeche,San Román,Campeche
649272,CHR649272-463,"HOTEL EN RENTA AV LOPEZ MATEOS, CAMPECHE ",2,comercial,15,90000.00,90000.00,0.00,4805.13,Av. Lopez Mateos,58,0,24040,-90.5399,19.8377,,,,1,,2445.00,,2025-07-30,2026-01-26,2025-07-30,2025-07-30,"1112a5fe6bb2e4f9fad4dbe7ed9e0300.jpeg,f66cdcf58f72216aa261a76c8b14f849.jpeg,c00c3b056e8b2866bfb21e1cbb1bc1df.jpeg,558fa8938abe13e343e94540900f5668.jpeg,dd2541e49f4e9a6b5607b505917e24a8.jpeg,b358ee387ed27cee823a9f4fab9e1167.jpeg,817f609703f4962eb1a3a2b2e41d2aca.jpeg,bd7cd126fb656b7b9a7f734d018a3fc6.jpeg,1cacb4776e23fb0b231850f682898bc2.jpeg,cdc3e0252d9730ed5e91a6f1fbf42391.jpeg,091aa74bbc7ef0f4c58a70728ed5d6f4.jpeg","<p><b>EDIFICIO HOTEL EN VENTA/RENTA </b><br />  <i>Av. Adolfo López Mateos #58 y #60, Col. San Román, San Francisco de Campeche, C.P. 24040</i><br />  Características Generales:</p>    <p>Edificio de <b>75 habitaciones</b>, distribuidas en <b>4 niveles</b>, dividido en <b>2 torres</b> (A y B)<br />  <b>Elevador central</b> entre ambas torres<br />  <b>Accesos independientes por escaleras en cada torre<br />  Estacionamiento para 2 autos</b> y rampa de acceso<br />  Superficie ideal para uso habitacional, hotelero, corporativo o de servicios</p>    <p>Distribución por niveles:</p>    <p><b>Primer Nivel:</b></p>    <p><b>Acceso principal por Torre B</b><br />  Estacionamiento techado (2 autos) y rampa<br />  <b>Lobby con recepción<br />  Área de lavandería<br />  Elevador central</b><br />  Torre A: 9 habitaciones, planta de luz, escaleras y salida de emergencia<br />  Torre B: 8 habitaciones</p>    <p><b>Segundo Nivel:</b></p>    <p>Torre A: 10 habitaciones<br />  Torre B: 16 habitaciones</p>    <p><b>Tercer Nivel:</b></p>    <p>Torre A: 10 habitaciones<br />  Torre B: 16 habitaciones</p>    <p><b>Cuarto Nivel:</b></p>    <p>Torre A: 6 habitaciones<br />  Área de restaurante con cocina<br />  2 baños de servicio (damas y caballeros)</p>    <p>Torre B: 4 suites con jacuzzi<br />  Sala de usos múltiples<br />  Área de oficinas con un privado</p>    <p><b>Azotea:</b></p>    <p>Acceso por escalera de caracol desde el pasillo de oficinas<br />  Baño completo<br />  2 bodegas<br />  Área para 3 tinacos y 3 boilers</p>    <p>¡CONTACTANOS PARA AGENDAR UNA VISITA!</p>  ",617.90,Habitacional,,,Excelente,,9933000815,9933000810,9933000815,,RE/MAX CIN,Hotel - Comercial,Campeche,San Francisco de Campeche,San Román,Campeche
650549,RDV650549-463,DESARROLLO EN VENTA,1,residencial,3,1700000.00,1700000.00,0.00,91299.68,Orizaba,0,0,94290,-96.1117,19.1129,2,,2,1,,90.00,Graciano Sánchez,2025-08-12,2026-02-08,2025-08-12,2025-08-12,"fcd5461ef35687e7418c8e1bc964dd5b.jpg,9b394fab65358a9ceb708b29b2b7cf26.jpeg,7b1d6f3e025e54f4be06301358e2f217.jpeg,3291e8ff8ae386313c1d4d70180ec942.jpeg,62695f3626c03bfa92727a97cff31026.jpeg,83de2198242a83b9842dc61e8290f69d.jpeg,06857764e60371bdfa0bb872c5d81f5a.jpeg,b58b4b101810587367f0788bfccca640.jpeg,d74058107ab4f0527594501d14b0785f.jpeg","<p><b>VIVE EN PALMA DEPARTAMENTOS – Comodidad, Diseño y Ubicación Estratégica en Boca del Río</b></p>    <p>Descubre <b>Palma Departamentos</b>, un exclusivo desarrollo residencial que combina diseño moderno, funcionalidad y una ubicación privilegiada en <b>C. Acayucan, Col. Graciano Sánchez, Boca del Río, Veracruz, C.P. 94290</b>. A tan solo 5 minutos de la playa y 7 minutos del Centro Comercial El Dorado, disfruta de un estilo de vida único en una de las zonas con mayor plusvalía de la ciudad.</p>    <p><b>Características Destacadas:</b></p>    <p>Departamentos desde <b>70  m⊃2; hasta 90 m⊃2;</b></p>    <p>Distribución de <b>2 recámaras</b> con clóset</p>    <p>Sala-comedor amplios, diseñados para maximizar el confort</p>    <p>Cocina integral funcional y moderna</p>    <p>Recámara principal con baño completo</p>    <p>Cuarto de lavado independiente</p>    <p><b>1 cajón de estacionamiento incluido</b> (13.5 m⊃2;)</p>    <p>Acabados de alta calidad y excelente iluminación natural</p>    <p><b>Ubicación Privilegiada:</b></p>    <p>5 min de la playa</p>    <p>7 min del Centro Comercial El Dorado</p>    <p>2 min de la Iglesia de La Tampiquera</p>    <p>A dos cuadras de Av. Paseo Boca del Río</p>    <p><b>Precios de Preventa desde $1,700,000 MXN</b></p>    <p>PB Tipo A – 86.95 m⊃2; – $1,900,000</p>    <p>PB Tipo B – 70.75 m⊃2; – $1,700,000</p>    <p>N1 y N2 desde $1,760,000 hasta $1,870,000 según modelo y nivel</p>    <p><b>Entrega en septiembre 2025</b></p>    <p><b>Invierte en tu futuro y vive en una ubicación excepcional.</b></p>  ",0.00,Habitacional,,,Excelente,,9933000815,9933000810,9933000815,,RE/MAX CIN,Departamento,Veracruz,Boca del RÍo,La Tampiquera,Boca del Río
651144,ITV651144-463,TERRENO EN VENTA EN MEDELLIN VERACRUZ,1,industrial,23,11000000.00,11000000.00,0.00,587293.11,CHAMUSCADO,0,0,94275,-96.2334,19.117,,,,,,0.00,,2025-08-18,2026-02-15,2025-08-18,2025-08-19,"0cf7f69b657d128453b5d059460d152b.jpeg,7584bb145c2fbce9c2a7a2de34e0d7a4.png,41f8cce18fc1afe20499f177ca1df77b.jpeg,d2cc4517f2ac330bbbf6a22e3f169b44.jpeg,a3d35103c985d7c290bae71aae598055.jpeg,8d4bc19c80b69ce046b4225888971af2.jpeg,f91cf4c10271ab2c9fbb445736854f08.jpeg,ff5944ce094b5359424b75d1a1fdc86d.jpeg","<p><b>Terreno industrial en venta – 1 hectárea en Medellín de Bravo, Veracruz</b></p>    <p>Gran oportunidad de inversión: terreno de <b>1 hectárea (10,000 m⊃2;)</b><b> con uso de suelo industrial</b>, ubicado en <b>Congregación La Palma, Medellín de Bravo</b>.</p>    <p>Ideal para <b>naves industriales, bodegas, talleres o centros de distribución</b>, gracias a su <b>excelente ubicación y fácil acceso</b>. Terreno plano y listo para desarrollar.</p>    <p>Zona en crecimiento con alta proyección y plusvalía.</p>    <p>No dejes pasar esta oportunidad de adquirir un terreno amplio y versátil para tu próximo proyecto.</p>  ",10000.00,Industrial,,,,,9933000815,9933000810,9933000815,,RE/MAX CIN,Terreno - Industrial,Veracruz,Medellín,Rincón del Copite,Medellín
